unit,time,y,role,group
Financial_Emp,1991-01-01,2.9508196721311557,donor,insulated
Financial_Emp,1991-02-01,1.954397394136809,donor,insulated
Financial_Emp,1991-03-01,1.6129032258064502,donor,insulated
Financial_Emp,1991-04-01,1.6233766233766156,donor,insulated
Financial_Emp,1991-05-01,0.9646302250803762,donor,insulated
Financial_Emp,1991-06-01,0.0,donor,insulated
Financial_Emp,1991-07-01,-0.3144654088050314,donor,insulated
Financial_Emp,1991-08-01,-0.6249999999999978,donor,insulated
Financial_Emp,1991-09-01,-0.943396226415094,donor,insulated
Financial_Emp,1991-10-01,-1.253918495297801,donor,insulated
Financial_Emp,1991-11-01,-0.313479623824453,donor,insulated
Financial_Emp,1991-12-01,0.0,donor,insulated
Financial_Emp,1992-01-01,-1.9108280254777064,donor,insulated
Financial_Emp,1992-02-01,-0.9584664536741228,donor,insulated
Financial_Emp,1992-03-01,-0.952380952380949,donor,insulated
Financial_Emp,1992-04-01,-0.9584664536741228,donor,insulated
Financial_Emp,1992-05-01,-1.273885350318471,donor,insulated
Financial_Emp,1992-06-01,-1.2658227848101222,donor,insulated
Financial_Emp,1992-07-01,-1.577287066246058,donor,insulated
Financial_Emp,1992-08-01,-1.5723270440251569,donor,insulated
Financial_Emp,1992-09-01,-0.6349206349206327,donor,insulated
Financial_Emp,1992-10-01,-0.3174603174603163,donor,insulated
Financial_Emp,1992-11-01,-1.5723270440251569,donor,insulated
Financial_Emp,1992-12-01,-1.2461059190031154,donor,insulated
Financial_Emp,1993-01-01,2.922077922077926,donor,insulated
Financial_Emp,1993-02-01,2.9032258064516148,donor,insulated
Financial_Emp,1993-03-01,2.8846153846153744,donor,insulated
Financial_Emp,1993-04-01,3.8709677419354938,donor,insulated
Financial_Emp,1993-05-01,4.193548387096757,donor,insulated
Financial_Emp,1993-06-01,4.166666666666674,donor,insulated
Financial_Emp,1993-07-01,4.166666666666674,donor,insulated
Financial_Emp,1993-08-01,3.833865814696491,donor,insulated
Financial_Emp,1993-09-01,3.514376996805102,donor,insulated
Financial_Emp,1993-10-01,2.5477707006369643,donor,insulated
Financial_Emp,1993-11-01,3.514376996805102,donor,insulated
Financial_Emp,1993-12-01,2.5236593059936974,donor,insulated
Financial_Emp,1994-01-01,2.5236593059936974,donor,insulated
Financial_Emp,1994-02-01,2.5078369905956244,donor,insulated
Financial_Emp,1994-03-01,1.8691588785046955,donor,insulated
Financial_Emp,1994-04-01,-1.552795031055909,donor,insulated
Financial_Emp,1994-05-01,-2.1671826625386914,donor,insulated
Financial_Emp,1994-06-01,-2.15384615384615,donor,insulated
Financial_Emp,1994-07-01,-2.15384615384615,donor,insulated
Financial_Emp,1994-08-01,-2.15384615384615,donor,insulated
Financial_Emp,1994-09-01,-1.5432098765432056,donor,insulated
Financial_Emp,1994-10-01,-2.484472049689457,donor,insulated
Financial_Emp,1994-11-01,-3.0864197530864224,donor,insulated
Financial_Emp,1994-12-01,-3.384615384615386,donor,insulated
Financial_Emp,1995-01-01,-4.923076923076919,donor,insulated
Financial_Emp,1995-02-01,-5.198776758409796,donor,insulated
Financial_Emp,1995-03-01,-4.892966360856277,donor,insulated
Financial_Emp,1995-04-01,-2.8391167192429068,donor,insulated
Financial_Emp,1995-05-01,-2.531645569620256,donor,insulated
Financial_Emp,1995-06-01,-2.8301886792452824,donor,insulated
Financial_Emp,1995-07-01,-3.773584905660377,donor,insulated
Financial_Emp,1995-08-01,-2.20125786163522,donor,insulated
Financial_Emp,1995-09-01,-2.8213166144200663,donor,insulated
Financial_Emp,1995-10-01,-1.9108280254777064,donor,insulated
Financial_Emp,1995-11-01,-1.5923566878980888,donor,insulated
Financial_Emp,1995-12-01,-1.9108280254777064,donor,insulated
Financial_Emp,1996-01-01,-0.9708737864077666,donor,insulated
Financial_Emp,1996-02-01,-0.3225806451612856,donor,insulated
Financial_Emp,1996-03-01,-0.3215434083601254,donor,insulated
Financial_Emp,1996-04-01,-0.649350649350644,donor,insulated
Financial_Emp,1996-05-01,-0.3246753246753275,donor,insulated
Financial_Emp,1996-06-01,-0.6472491909385147,donor,insulated
Financial_Emp,1996-07-01,0.0,donor,insulated
Financial_Emp,1996-08-01,-1.2861736334405127,donor,insulated
Financial_Emp,1996-09-01,-0.6451612903225823,donor,insulated
Financial_Emp,1996-10-01,-1.9480519480519431,donor,insulated
Financial_Emp,1996-11-01,-1.2944983818770184,donor,insulated
Financial_Emp,1996-12-01,-0.3246753246753275,donor,insulated
Financial_Emp,1997-01-01,-0.6535947712418277,donor,insulated
Financial_Emp,1997-02-01,-0.9708737864077666,donor,insulated
Financial_Emp,1997-03-01,-0.6451612903225823,donor,insulated
Financial_Emp,1997-04-01,-1.3071895424836557,donor,insulated
Financial_Emp,1997-05-01,-1.6286644951140072,donor,insulated
Financial_Emp,1997-06-01,-1.6286644951140072,donor,insulated
Financial_Emp,1997-07-01,-1.6339869281045805,donor,insulated
Financial_Emp,1997-08-01,-1.954397394136809,donor,insulated
Financial_Emp,1997-09-01,-1.9480519480519431,donor,insulated
Financial_Emp,1997-10-01,-1.655629139072845,donor,insulated
Financial_Emp,1997-11-01,-2.2950819672131195,donor,insulated
Financial_Emp,1997-12-01,-1.3029315960912058,donor,insulated
Financial_Emp,1998-01-01,-1.3157894736842146,donor,insulated
Financial_Emp,1998-02-01,-2.614379084967322,donor,insulated
Financial_Emp,1998-03-01,-2.2727272727272707,donor,insulated
Financial_Emp,1998-04-01,-0.6622516556291425,donor,insulated
Financial_Emp,1998-05-01,-0.6622516556291425,donor,insulated
Financial_Emp,1998-06-01,-0.3311258278145712,donor,insulated
Financial_Emp,1998-07-01,0.9966777408637828,donor,insulated
Financial_Emp,1998-08-01,0.9966777408637828,donor,insulated
Financial_Emp,1998-09-01,0.3311258278145601,donor,insulated
Financial_Emp,1998-10-01,1.346801346801341,donor,insulated
Financial_Emp,1998-11-01,1.6778523489932915,donor,insulated
Financial_Emp,1998-12-01,0.660066006600668,donor,insulated
Financial_Emp,1999-01-01,-0.666666666666671,donor,insulated
Financial_Emp,1999-02-01,0.6711409395973256,donor,insulated
Financial_Emp,1999-03-01,-0.3322259136212646,donor,insulated
Financial_Emp,1999-04-01,-0.3333333333333299,donor,insulated
Financial_Emp,1999-05-01,-0.666666666666671,donor,insulated
Financial_Emp,1999-06-01,-0.3322259136212646,donor,insulated
Financial_Emp,1999-07-01,-2.631578947368418,donor,insulated
Financial_Emp,1999-08-01,-2.960526315789469,donor,insulated
Financial_Emp,1999-09-01,-2.970297029702973,donor,insulated
Financial_Emp,1999-10-01,-2.657807308970095,donor,insulated
Financial_Emp,1999-11-01,-3.63036303630363,donor,insulated
Financial_Emp,1999-12-01,-3.278688524590168,donor,insulated
Financial_Emp,2000-01-01,-3.691275167785235,donor,insulated
Financial_Emp,2000-02-01,-3.6666666666666634,donor,insulated
Financial_Emp,2000-03-01,-3.6666666666666634,donor,insulated
Financial_Emp,2000-04-01,-4.013377926421402,donor,insulated
Financial_Emp,2000-05-01,-3.691275167785235,donor,insulated
Financial_Emp,2000-06-01,-3.6666666666666634,donor,insulated
Financial_Emp,2000-07-01,-2.0270270270270285,donor,insulated
Financial_Emp,2000-08-01,-1.6949152542372836,donor,insulated
Financial_Emp,2000-09-01,-2.0408163265306145,donor,insulated
Financial_Emp,2000-10-01,-1.7064846416382284,donor,insulated
Financial_Emp,2000-11-01,-1.7123287671232834,donor,insulated
Financial_Emp,2000-12-01,-1.016949152542368,donor,insulated
Financial_Emp,2001-01-01,-1.0452961672473893,donor,insulated
Financial_Emp,2001-02-01,-1.384083044982698,donor,insulated
Financial_Emp,2001-03-01,-0.692041522491349,donor,insulated
Financial_Emp,2001-04-01,-0.6968641114982632,donor,insulated
Financial_Emp,2001-05-01,-0.6968641114982632,donor,insulated
Financial_Emp,2001-06-01,-1.038062283737029,donor,insulated
Financial_Emp,2001-07-01,-2.0689655172413834,donor,insulated
Financial_Emp,2001-08-01,-2.0689655172413834,donor,insulated
Financial_Emp,2001-09-01,-1.736111111111116,donor,insulated
Financial_Emp,2001-10-01,-3.125,donor,insulated
Financial_Emp,2001-11-01,-2.7874564459930307,donor,insulated
Financial_Emp,2001-12-01,-4.109589041095896,donor,insulated
Financial_Emp,2002-01-01,-3.169014084507038,donor,insulated
Financial_Emp,2002-02-01,-3.157894736842104,donor,insulated
Financial_Emp,2002-03-01,-2.7874564459930307,donor,insulated
Financial_Emp,2002-04-01,-2.8070175438596467,donor,insulated
Financial_Emp,2002-05-01,-2.1052631578947323,donor,insulated
Financial_Emp,2002-06-01,-1.74825174825175,donor,insulated
Financial_Emp,2002-07-01,-1.056338028169013,donor,insulated
Financial_Emp,2002-08-01,-1.056338028169013,donor,insulated
Financial_Emp,2002-09-01,-0.7067137809187329,donor,insulated
Financial_Emp,2002-10-01,1.0752688172043,donor,insulated
Financial_Emp,2002-11-01,1.7921146953405076,donor,insulated
Financial_Emp,2002-12-01,2.499999999999991,donor,insulated
Financial_Emp,2003-01-01,1.818181818181808,donor,insulated
Financial_Emp,2003-02-01,2.1739130434782705,donor,insulated
Financial_Emp,2003-03-01,1.7921146953405076,donor,insulated
Financial_Emp,2003-04-01,2.166064981949467,donor,insulated
Financial_Emp,2003-05-01,2.508960573476693,donor,insulated
Financial_Emp,2003-06-01,2.8469750889679624,donor,insulated
Financial_Emp,2003-07-01,3.2028469750889688,donor,insulated
Financial_Emp,2003-08-01,3.91459074733096,donor,insulated
Financial_Emp,2003-09-01,3.2028469750889688,donor,insulated
Financial_Emp,2003-10-01,2.8368794326241176,donor,insulated
Financial_Emp,2003-11-01,1.760563380281699,donor,insulated
Financial_Emp,2003-12-01,1.7421602787456525,donor,insulated
Financial_Emp,2004-01-01,3.214285714285725,donor,insulated
Financial_Emp,2004-02-01,2.4822695035461084,donor,insulated
Financial_Emp,2004-03-01,2.1126760563380254,donor,insulated
Financial_Emp,2004-04-01,2.826855123674909,donor,insulated
Financial_Emp,2004-05-01,1.74825174825175,donor,insulated
Financial_Emp,2004-06-01,1.384083044982698,donor,insulated
Financial_Emp,2004-07-01,1.0344827586206806,donor,insulated
Financial_Emp,2004-08-01,0.0,donor,insulated
Financial_Emp,2004-09-01,0.3448275862068861,donor,insulated
Financial_Emp,2004-10-01,1.379310344827589,donor,insulated
Financial_Emp,2004-11-01,2.076124567474058,donor,insulated
Financial_Emp,2004-12-01,1.7123287671232834,donor,insulated
Financial_Emp,2005-01-01,0.6920415224913601,donor,insulated
Financial_Emp,2005-02-01,1.730103806228378,donor,insulated
Financial_Emp,2005-03-01,1.379310344827589,donor,insulated
Financial_Emp,2005-04-01,0.6872852233676952,donor,insulated
Financial_Emp,2005-05-01,1.3745704467353903,donor,insulated
Financial_Emp,2005-06-01,1.0238907849829282,donor,insulated
Financial_Emp,2005-07-01,1.7064846416382284,donor,insulated
Financial_Emp,2005-08-01,2.397260273972601,donor,insulated
Financial_Emp,2005-09-01,2.7491408934707806,donor,insulated
Financial_Emp,2005-10-01,1.7006802721088343,donor,insulated
Financial_Emp,2005-11-01,2.033898305084736,donor,insulated
Financial_Emp,2005-12-01,2.020202020202011,donor,insulated
Financial_Emp,2006-01-01,2.7491408934707806,donor,insulated
Financial_Emp,2006-02-01,2.0408163265306145,donor,insulated
Financial_Emp,2006-03-01,3.0612244897959107,donor,insulated
Financial_Emp,2006-04-01,3.412969283276457,donor,insulated
Financial_Emp,2006-05-01,3.050847457627115,donor,insulated
Financial_Emp,2006-06-01,3.378378378378377,donor,insulated
Financial_Emp,2006-07-01,2.348993288590595,donor,insulated
Financial_Emp,2006-08-01,2.341137123745818,donor,insulated
Financial_Emp,2006-09-01,1.6722408026755842,donor,insulated
Financial_Emp,2006-10-01,1.3377926421404671,donor,insulated
Financial_Emp,2006-11-01,1.3289036544850583,donor,insulated
Financial_Emp,2006-12-01,1.320132013201314,donor,insulated
Financial_Emp,2007-01-01,1.3377926421404671,donor,insulated
Financial_Emp,2007-02-01,1.333333333333342,donor,insulated
Financial_Emp,2007-03-01,0.990099009900991,donor,insulated
Financial_Emp,2007-04-01,0.3300330033003229,donor,insulated
Financial_Emp,2007-05-01,0.328947368421062,donor,insulated
Financial_Emp,2007-06-01,0.3267973856209138,donor,insulated
Financial_Emp,2007-07-01,0.6557377049180246,donor,insulated
Financial_Emp,2007-08-01,0.0,donor,insulated
Financial_Emp,2007-09-01,0.0,donor,insulated
Financial_Emp,2007-10-01,0.660066006600668,donor,insulated
Financial_Emp,2007-11-01,-0.3278688524590123,donor,insulated
Financial_Emp,2007-12-01,-0.3257328990228014,donor,insulated
Financial_Emp,2008-01-01,-1.320132013201325,donor,insulated
Financial_Emp,2008-02-01,-0.6578947368421018,donor,insulated
Financial_Emp,2008-03-01,-1.6339869281045805,donor,insulated
Financial_Emp,2008-04-01,-0.6578947368421018,donor,insulated
Financial_Emp,2008-05-01,-0.6557377049180357,donor,insulated
Financial_Emp,2008-06-01,-1.6286644951140072,donor,insulated
Financial_Emp,2008-07-01,-1.954397394136809,donor,insulated
Financial_Emp,2008-08-01,-1.9607843137254943,donor,insulated
Financial_Emp,2008-09-01,-2.3026315789473677,donor,insulated
Financial_Emp,2008-10-01,-4.262295081967215,donor,insulated
Financial_Emp,2008-11-01,-3.289473684210531,donor,insulated
Financial_Emp,2008-12-01,-4.248366013071891,donor,insulated
Financial_Emp,2009-01-01,-5.0167224080267525,donor,insulated
Financial_Emp,2009-02-01,-5.960264900662249,donor,insulated
Financial_Emp,2009-03-01,-5.6478405315614655,donor,insulated
Financial_Emp,2009-04-01,-6.29139072847682,donor,insulated
Financial_Emp,2009-05-01,-6.270627062706269,donor,insulated
Financial_Emp,2009-06-01,-5.960264900662249,donor,insulated
Financial_Emp,2009-07-01,-6.312292358803983,donor,insulated
Financial_Emp,2009-08-01,-6.000000000000005,donor,insulated
Financial_Emp,2009-09-01,-5.387205387205385,donor,insulated
Financial_Emp,2009-10-01,-4.109589041095896,donor,insulated
Financial_Emp,2009-11-01,-4.761904761904767,donor,insulated
Financial_Emp,2009-12-01,-4.0955631399317465,donor,insulated
Financial_Emp,2010-01-01,-2.8169014084507005,donor,insulated
Financial_Emp,2010-02-01,-2.8169014084507005,donor,insulated
Financial_Emp,2010-03-01,-2.464788732394363,donor,insulated
Financial_Emp,2010-04-01,-2.826855123674909,donor,insulated
Financial_Emp,2010-05-01,-3.521126760563376,donor,insulated
Financial_Emp,2010-06-01,-3.521126760563376,donor,insulated
Financial_Emp,2010-07-01,-2.4822695035460973,donor,insulated
Financial_Emp,2010-08-01,-2.4822695035460973,donor,insulated
Financial_Emp,2010-09-01,-2.846975088967973,donor,insulated
Financial_Emp,2010-10-01,-1.7857142857142905,donor,insulated
Financial_Emp,2010-11-01,-2.1428571428571463,donor,insulated
Financial_Emp,2010-12-01,-1.7793594306049876,donor,insulated
Financial_Emp,2011-01-01,-1.811594202898548,donor,insulated
Financial_Emp,2011-02-01,-1.449275362318836,donor,insulated
Financial_Emp,2011-03-01,-1.805054151624552,donor,insulated
Financial_Emp,2011-04-01,-1.0909090909090868,donor,insulated
Financial_Emp,2011-05-01,-0.7299270072992692,donor,insulated
Financial_Emp,2011-06-01,-0.7299270072992692,donor,insulated
Financial_Emp,2011-07-01,-0.363636363636366,donor,insulated
Financial_Emp,2011-08-01,-0.727272727272732,donor,insulated
Financial_Emp,2011-09-01,-0.73260073260073,donor,insulated
Financial_Emp,2011-10-01,-1.0909090909090868,donor,insulated
Financial_Emp,2011-11-01,0.0,donor,insulated
Financial_Emp,2011-12-01,-0.7246376811594235,donor,insulated
Financial_Emp,2012-01-01,-0.3690036900368953,donor,insulated
Financial_Emp,2012-02-01,0.0,donor,insulated
Financial_Emp,2012-03-01,0.0,donor,insulated
Financial_Emp,2012-04-01,0.0,donor,insulated
Financial_Emp,2012-05-01,0.3676470588235281,donor,insulated
Financial_Emp,2012-06-01,1.1029411764705843,donor,insulated
Financial_Emp,2012-07-01,0.364963503649629,donor,insulated
Financial_Emp,2012-08-01,0.73260073260073,donor,insulated
Financial_Emp,2012-09-01,1.4760147601476037,donor,insulated
Financial_Emp,2012-10-01,1.1029411764705843,donor,insulated
Financial_Emp,2012-11-01,0.7299270072992803,donor,insulated
Financial_Emp,2012-12-01,1.094890510948909,donor,insulated
Financial_Emp,2013-01-01,1.4814814814814836,donor,insulated
Financial_Emp,2013-02-01,1.1029411764705843,donor,insulated
Financial_Emp,2013-03-01,1.8382352941176403,donor,insulated
Financial_Emp,2013-04-01,2.2058823529411686,donor,insulated
Financial_Emp,2013-05-01,2.19780219780219,donor,insulated
Financial_Emp,2013-06-01,1.454545454545464,donor,insulated
Financial_Emp,2013-07-01,1.454545454545464,donor,insulated
Financial_Emp,2013-08-01,1.090909090909098,donor,insulated
Financial_Emp,2013-09-01,1.818181818181808,donor,insulated
Financial_Emp,2013-10-01,1.454545454545464,donor,insulated
Financial_Emp,2013-11-01,1.449275362318847,donor,insulated
Financial_Emp,2013-12-01,1.805054151624552,donor,insulated
Financial_Emp,2014-01-01,1.4598540145985384,donor,insulated
Financial_Emp,2014-02-01,1.454545454545464,donor,insulated
Financial_Emp,2014-03-01,1.4440433212996373,donor,insulated
Financial_Emp,2014-04-01,1.0791366906474753,donor,insulated
Financial_Emp,2014-05-01,1.0752688172043,donor,insulated
Financial_Emp,2014-06-01,1.4336917562723928,donor,insulated
Financial_Emp,2014-07-01,2.508960573476693,donor,insulated
Financial_Emp,2014-08-01,2.517985611510798,donor,insulated
Financial_Emp,2014-09-01,1.4285714285714235,donor,insulated
Financial_Emp,2014-10-01,2.1505376344086,donor,insulated
Financial_Emp,2014-11-01,1.7857142857142794,donor,insulated
Financial_Emp,2014-12-01,2.4822695035461084,donor,insulated
Financial_Emp,2015-01-01,2.517985611510798,donor,insulated
Financial_Emp,2015-02-01,2.508960573476693,donor,insulated
Financial_Emp,2015-03-01,2.491103202846978,donor,insulated
Financial_Emp,2015-04-01,2.8469750889679624,donor,insulated
Financial_Emp,2015-05-01,2.4822695035461084,donor,insulated
Financial_Emp,2015-06-01,2.826855123674909,donor,insulated
Financial_Emp,2015-07-01,1.3986013986013957,donor,insulated
Financial_Emp,2015-08-01,1.403508771929829,donor,insulated
Financial_Emp,2015-09-01,1.0563380281690238,donor,insulated
Financial_Emp,2015-10-01,0.7017543859649145,donor,insulated
Financial_Emp,2015-11-01,0.7017543859649145,donor,insulated
Financial_Emp,2015-12-01,0.34602076124568,donor,insulated
Financial_Emp,2016-01-01,1.403508771929829,donor,insulated
Financial_Emp,2016-02-01,1.3986013986013957,donor,insulated
Financial_Emp,2016-03-01,0.694444444444442,donor,insulated
Financial_Emp,2016-04-01,0.6920415224913601,donor,insulated
Financial_Emp,2016-05-01,0.6920415224913601,donor,insulated
Financial_Emp,2016-06-01,0.3436426116838476,donor,insulated
Financial_Emp,2016-07-01,1.724137931034475,donor,insulated
Financial_Emp,2016-08-01,2.422145328719716,donor,insulated
Financial_Emp,2016-09-01,2.4390243902439046,donor,insulated
Financial_Emp,2016-10-01,2.4390243902439046,donor,insulated
Financial_Emp,2016-11-01,2.4390243902439046,donor,insulated
Financial_Emp,2016-12-01,2.0689655172413834,donor,insulated
Financial_Emp,2017-01-01,1.384083044982698,donor,insulated
Financial_Emp,2017-02-01,1.0344827586206806,donor,insulated
Financial_Emp,2017-03-01,1.724137931034475,donor,insulated
Financial_Emp,2017-04-01,0.6872852233676952,donor,insulated
Financial_Emp,2017-05-01,1.0309278350515427,donor,insulated
Financial_Emp,2017-06-01,1.3698630136986356,donor,insulated
Financial_Emp,2017-07-01,0.0,donor,insulated
Financial_Emp,2017-08-01,-0.3378378378378399,donor,insulated
Financial_Emp,2017-09-01,0.0,donor,insulated
Financial_Emp,2017-10-01,0.340136054421758,donor,insulated
Financial_Emp,2017-11-01,0.6802721088435382,donor,insulated
Financial_Emp,2017-12-01,0.6756756756756799,donor,insulated
Financial_Emp,2018-01-01,0.6825938566553003,donor,insulated
Financial_Emp,2018-02-01,0.6825938566553003,donor,insulated
Financial_Emp,2018-03-01,0.6779661016949046,donor,insulated
Financial_Emp,2018-04-01,1.3651877133105783,donor,insulated
Financial_Emp,2018-05-01,0.6802721088435382,donor,insulated
Financial_Emp,2018-06-01,0.3378378378378288,donor,insulated
Financial_Emp,2018-07-01,0.6779661016949046,donor,insulated
Financial_Emp,2018-08-01,0.3389830508474523,donor,insulated
Financial_Emp,2018-09-01,0.340136054421758,donor,insulated
Financial_Emp,2018-10-01,1.016949152542379,donor,insulated
Financial_Emp,2018-11-01,0.6756756756756799,donor,insulated
Financial_Emp,2018-12-01,0.6711409395973256,donor,insulated
Financial_Emp,2019-01-01,0.0,donor,insulated
Financial_Emp,2019-02-01,0.6779661016949046,donor,insulated
Financial_Emp,2019-03-01,0.3367003367003462,donor,insulated
Financial_Emp,2019-04-01,1.0101010101010166,donor,insulated
Financial_Emp,2019-05-01,1.6891891891891886,donor,insulated
Financial_Emp,2019-06-01,1.683501683501687,donor,insulated
Financial_Emp,2019-07-01,1.346801346801341,donor,insulated
Financial_Emp,2019-08-01,1.3513513513513598,donor,insulated
Financial_Emp,2019-09-01,1.3559322033898311,donor,insulated
Financial_Emp,2019-10-01,1.342281879194629,donor,insulated
Financial_Emp,2019-11-01,1.342281879194629,donor,insulated
Financial_Emp,2019-12-01,1.0000000000000009,donor,insulated
Financial_Emp,2020-01-01,1.3559322033898311,donor,insulated
Financial_Emp,2020-02-01,0.6734006734006703,donor,insulated
Financial_Emp,2020-03-01,0.0,donor,insulated
Financial_Emp,2020-04-01,-10.33333333333334,donor,insulated
Financial_Emp,2020-05-01,-10.963455149501666,donor,insulated
Financial_Emp,2020-06-01,-11.92052980132451,donor,insulated
Financial_Emp,2020-07-01,-12.292358803986714,donor,insulated
Financial_Emp,2020-08-01,-12.333333333333329,donor,insulated
Financial_Emp,2020-09-01,-13.377926421404684,donor,insulated
Financial_Emp,2020-10-01,-12.91390728476821,donor,insulated
Financial_Emp,2020-11-01,-12.25165562913907,donor,insulated
Financial_Emp,2020-12-01,-11.551155115511548,donor,insulated
Government_Emp,1991-01-01,6.225296442687744,donor,insulated
Government_Emp,1991-02-01,4.671115347950439,donor,insulated
Government_Emp,1991-03-01,3.2437442075996303,donor,insulated
Government_Emp,1991-04-01,1.930147058823528,donor,insulated
Government_Emp,1991-05-01,1.2669683257918507,donor,insulated
Government_Emp,1991-06-01,1.951672862453524,donor,insulated
Government_Emp,1991-07-01,2.1484375,donor,insulated
Government_Emp,1991-08-01,3.036238981390804,donor,insulated
Government_Emp,1991-09-01,3.182751540041062,donor,insulated
Government_Emp,1991-10-01,3.615604186489052,donor,insulated
Government_Emp,1991-11-01,2.93040293040292,donor,insulated
Government_Emp,1991-12-01,3.5358114233907445,donor,insulated
Government_Emp,1992-01-01,2.6046511627906943,donor,insulated
Government_Emp,1992-02-01,2.914389799635697,donor,insulated
Government_Emp,1992-03-01,2.9622980251346576,donor,insulated
Government_Emp,1992-04-01,3.336339044183956,donor,insulated
Government_Emp,1992-05-01,2.591599642537989,donor,insulated
Government_Emp,1992-06-01,2.734731084776665,donor,insulated
Government_Emp,1992-07-01,1.5296367112810794,donor,insulated
Government_Emp,1992-08-01,1.0456273764258617,donor,insulated
Government_Emp,1992-09-01,1.2935323383084674,donor,insulated
Government_Emp,1992-10-01,1.1019283746556363,donor,insulated
Government_Emp,1992-11-01,0.9786476868327344,donor,insulated
Government_Emp,1992-12-01,1.050788091068311,donor,insulated
Government_Emp,1993-01-01,-0.2719854941069854,donor,insulated
Government_Emp,1993-02-01,0.3539823008849474,donor,insulated
Government_Emp,1993-03-01,0.7846556233652935,donor,insulated
Government_Emp,1993-04-01,0.9598603839441556,donor,insulated
Government_Emp,1993-05-01,1.8292682926829285,donor,insulated
Government_Emp,1993-06-01,0.5323868677906018,donor,insulated
Government_Emp,1993-07-01,-0.0941619585687392,donor,insulated
Government_Emp,1993-08-01,-0.1881467544684878,donor,insulated
Government_Emp,1993-09-01,-0.1964636542239661,donor,insulated
Government_Emp,1993-10-01,0.4541326067211582,donor,insulated
Government_Emp,1993-11-01,-0.2643171806167355,donor,insulated
Government_Emp,1993-12-01,0.2599653379549371,donor,insulated
Government_Emp,1994-01-01,-0.545454545454549,donor,insulated
Government_Emp,1994-02-01,0.6172839506172867,donor,insulated
Government_Emp,1994-03-01,0.34602076124568,donor,insulated
Government_Emp,1994-04-01,0.2592912705272177,donor,insulated
Government_Emp,1994-05-01,-2.1385799828913643,donor,insulated
Government_Emp,1994-06-01,1.4121800529567574,donor,insulated
Government_Emp,1994-07-01,1.036757775683328,donor,insulated
Government_Emp,1994-08-01,0.8482563619227168,donor,insulated
Government_Emp,1994-09-01,0.9842519685039351,donor,insulated
Government_Emp,1994-10-01,0.4520795660036159,donor,insulated
Government_Emp,1994-11-01,0.6183745583038913,donor,insulated
Government_Emp,1994-12-01,0.1728608470181525,donor,insulated
Government_Emp,1995-01-01,2.010968921389389,donor,insulated
Government_Emp,1995-02-01,1.3146362839614456,donor,insulated
Government_Emp,1995-03-01,0.9482758620689592,donor,insulated
Government_Emp,1995-04-01,0.775862068965516,donor,insulated
Government_Emp,1995-05-01,2.3601398601398538,donor,insulated
Government_Emp,1995-06-01,-0.435161009573537,donor,insulated
Government_Emp,1995-07-01,-0.7462686567164201,donor,insulated
Government_Emp,1995-08-01,-2.1495327102803774,donor,insulated
Government_Emp,1995-09-01,-1.5594541910331383,donor,insulated
Government_Emp,1995-10-01,-2.5202520252025185,donor,insulated
Government_Emp,1995-11-01,-2.2827041264266934,donor,insulated
Government_Emp,1995-12-01,-2.588438308886976,donor,insulated
Government_Emp,1996-01-01,-3.673835125448033,donor,insulated
Government_Emp,1996-02-01,-1.9896193771626325,donor,insulated
Government_Emp,1996-03-01,-2.0495303159692613,donor,insulated
Government_Emp,1996-04-01,-2.480752780153983,donor,insulated
Government_Emp,1996-05-01,-1.5371477369769404,donor,insulated
Government_Emp,1996-06-01,-1.4860139860139898,donor,insulated
Government_Emp,1996-07-01,0.1879699248120259,donor,insulated
Government_Emp,1996-08-01,1.7191977077363862,donor,insulated
Government_Emp,1996-09-01,0.4950495049504955,donor,insulated
Government_Emp,1996-10-01,0.5540166204986097,donor,insulated
Government_Emp,1996-11-01,0.8086253369272267,donor,insulated
Government_Emp,1996-12-01,0.7085916740478204,donor,insulated
Government_Emp,1997-01-01,2.9767441860465205,donor,insulated
Government_Emp,1997-02-01,0.2647837599293989,donor,insulated
Government_Emp,1997-03-01,-0.4359197907584988,donor,insulated
Government_Emp,1997-04-01,0.0,donor,insulated
Government_Emp,1997-05-01,0.2601908065914982,donor,insulated
Government_Emp,1997-06-01,1.2422360248447228,donor,insulated
Government_Emp,1997-07-01,-0.0938086303939988,donor,insulated
Government_Emp,1997-08-01,1.8779342723004744,donor,insulated
Government_Emp,1997-09-01,2.9556650246305383,donor,insulated
Government_Emp,1997-10-01,1.8365472910927492,donor,insulated
Government_Emp,1997-11-01,0.891265597147961,donor,insulated
Government_Emp,1997-12-01,0.8795074758135346,donor,insulated
Government_Emp,1998-01-01,0.3613369467027949,donor,insulated
Government_Emp,1998-02-01,-0.0880281690140871,donor,insulated
Government_Emp,1998-03-01,0.7880910683012221,donor,insulated
Government_Emp,1998-04-01,0.7017543859649145,donor,insulated
Government_Emp,1998-05-01,0.0865051903114144,donor,insulated
Government_Emp,1998-06-01,-0.3505696757230447,donor,insulated
Government_Emp,1998-07-01,0.5633802816901401,donor,insulated
Government_Emp,1998-08-01,0.0,donor,insulated
Government_Emp,1998-09-01,2.8708133971291794,donor,insulated
Government_Emp,1998-10-01,0.2705139765554643,donor,insulated
Government_Emp,1998-11-01,0.0,donor,insulated
Government_Emp,1998-12-01,0.1743679163034084,donor,insulated
Government_Emp,1999-01-01,-0.6300630063006296,donor,insulated
Government_Emp,1999-02-01,-0.0881057268722451,donor,insulated
Government_Emp,1999-03-01,-0.4344048653344923,donor,insulated
Government_Emp,1999-04-01,-0.2613240418118501,donor,insulated
Government_Emp,1999-05-01,-0.7778738115816752,donor,insulated
Government_Emp,1999-06-01,0.2638522427440559,donor,insulated
Government_Emp,1999-07-01,0.3734827264239015,donor,insulated
Government_Emp,1999-08-01,2.027649769585249,donor,insulated
Government_Emp,1999-09-01,1.3023255813953585,donor,insulated
Government_Emp,1999-10-01,1.3489208633093552,donor,insulated
Government_Emp,1999-11-01,1.76678445229681,donor,insulated
Government_Emp,1999-12-01,1.3925152306353272,donor,insulated
Government_Emp,2000-01-01,0.1811594202898447,donor,insulated
Government_Emp,2000-02-01,1.4991181657848296,donor,insulated
Government_Emp,2000-03-01,2.44328097731239,donor,insulated
Government_Emp,2000-04-01,2.2707423580786035,donor,insulated
Government_Emp,2000-05-01,4.181184668989557,donor,insulated
Government_Emp,2000-06-01,3.2456140350877183,donor,insulated
Government_Emp,2000-07-01,2.046511627906966,donor,insulated
Government_Emp,2000-08-01,-1.445347786811202,donor,insulated
Government_Emp,2000-09-01,1.28558310376492,donor,insulated
Government_Emp,2000-10-01,1.2422360248447228,donor,insulated
Government_Emp,2000-11-01,1.215277777777768,donor,insulated
Government_Emp,2000-12-01,1.3733905579399242,donor,insulated
Government_Emp,2001-01-01,-2.26039783001808,donor,insulated
Government_Emp,2001-02-01,0.8688097306689846,donor,insulated
Government_Emp,2001-03-01,-0.2555366269165193,donor,insulated
Government_Emp,2001-04-01,-1.6225448334756587,donor,insulated
Government_Emp,2001-05-01,-4.013377926421402,donor,insulated
Government_Emp,2001-06-01,-0.3398470688190325,donor,insulated
Government_Emp,2001-07-01,-0.8204193254329972,donor,insulated
Government_Emp,2001-08-01,0.6416131989000817,donor,insulated
Government_Emp,2001-09-01,1.5412511332729029,donor,insulated
Government_Emp,2001-10-01,1.2269938650306678,donor,insulated
Government_Emp,2001-11-01,2.144082332761577,donor,insulated
Government_Emp,2001-12-01,1.608806096528359,donor,insulated
Government_Emp,2002-01-01,6.012950971322839,donor,insulated
Government_Emp,2002-02-01,2.5839793281653645,donor,insulated
Government_Emp,2002-03-01,2.9888983774551736,donor,insulated
Government_Emp,2002-04-01,-0.607638888888884,donor,insulated
Government_Emp,2002-05-01,5.836236933797911,donor,insulated
Government_Emp,2002-06-01,5.71184995737426,donor,insulated
Government_Emp,2002-07-01,2.941176470588225,donor,insulated
Government_Emp,2002-08-01,2.2768670309653904,donor,insulated
Government_Emp,2002-09-01,2.0535714285714324,donor,insulated
Government_Emp,2002-10-01,2.857142857142847,donor,insulated
Government_Emp,2002-11-01,1.5113350125944611,donor,insulated
Government_Emp,2002-12-01,2.083333333333326,donor,insulated
Government_Emp,2003-01-01,3.752181500872598,donor,insulated
Government_Emp,2003-02-01,2.099076406381184,donor,insulated
Government_Emp,2003-03-01,1.49253731343284,donor,insulated
Government_Emp,2003-04-01,3.9301310043668094,donor,insulated
Government_Emp,2003-05-01,0.7407407407407307,donor,insulated
Government_Emp,2003-06-01,-2.3387096774193594,donor,insulated
Government_Emp,2003-07-01,1.6964285714285765,donor,insulated
Government_Emp,2003-08-01,0.7123775601068472,donor,insulated
Government_Emp,2003-09-01,0.0,donor,insulated
Government_Emp,2003-10-01,0.7575757575757569,donor,insulated
Government_Emp,2003-11-01,0.3308519437551727,donor,insulated
Government_Emp,2003-12-01,-0.4897959183673417,donor,insulated
Government_Emp,2004-01-01,-0.4205214465937801,donor,insulated
Government_Emp,2004-02-01,-0.5756578947368474,donor,insulated
Government_Emp,2004-03-01,0.0816993464052284,donor,insulated
Government_Emp,2004-04-01,2.268907563025202,donor,insulated
Government_Emp,2004-05-01,0.6535947712418277,donor,insulated
Government_Emp,2004-06-01,-0.1651527663088403,donor,insulated
Government_Emp,2004-07-01,0.2633889376646214,donor,insulated
Government_Emp,2004-08-01,1.3262599469495928,donor,insulated
Government_Emp,2004-09-01,2.09973753280841,donor,insulated
Government_Emp,2004-10-01,0.5847953216374213,donor,insulated
Government_Emp,2004-11-01,2.72052761747732,donor,insulated
Government_Emp,2004-12-01,0.8203445447087843,donor,insulated
Government_Emp,2005-01-01,-1.858108108108103,donor,insulated
Government_Emp,2005-02-01,0.082712985938782,donor,insulated
Government_Emp,2005-03-01,-0.2448979591836764,donor,insulated
Government_Emp,2005-04-01,-0.2465078060805203,donor,insulated
Government_Emp,2005-05-01,-0.4058441558441594,donor,insulated
Government_Emp,2005-06-01,0.496277915632759,donor,insulated
Government_Emp,2005-07-01,-0.1751313485113814,donor,insulated
Government_Emp,2005-08-01,0.9598603839441556,donor,insulated
Government_Emp,2005-09-01,-0.1713796058269046,donor,insulated
Government_Emp,2005-10-01,-0.2491694352159457,donor,insulated
Government_Emp,2005-11-01,-2.2471910112359605,donor,insulated
Government_Emp,2005-12-01,-0.2441008950366141,donor,insulated
Government_Emp,2006-01-01,-0.4302925989672967,donor,insulated
Government_Emp,2006-02-01,0.7438016528925617,donor,insulated
Government_Emp,2006-03-01,0.5728314238952592,donor,insulated
Government_Emp,2006-04-01,0.6589785831960571,donor,insulated
Government_Emp,2006-05-01,0.9779951100244544,donor,insulated
Government_Emp,2006-06-01,0.6584362139917754,donor,insulated
Government_Emp,2006-07-01,0.4385964912280604,donor,insulated
Government_Emp,2006-08-01,0.2592912705272177,donor,insulated
Government_Emp,2006-09-01,3.0042918454935563,donor,insulated
Government_Emp,2006-10-01,1.831806827643634,donor,insulated
Government_Emp,2006-11-01,5.254515599343179,donor,insulated
Government_Emp,2006-12-01,2.2022838499184294,donor,insulated
Government_Emp,2007-01-01,3.6300777873811594,donor,insulated
Government_Emp,2007-02-01,1.8867924528301885,donor,insulated
Government_Emp,2007-03-01,1.6273393002441017,donor,insulated
Government_Emp,2007-04-01,-1.882160392798693,donor,insulated
Government_Emp,2007-05-01,1.1299435028248483,donor,insulated
Government_Emp,2007-06-01,0.9811937857726828,donor,insulated
Government_Emp,2007-07-01,0.7860262008733576,donor,insulated
Government_Emp,2007-08-01,-0.5172413793103403,donor,insulated
Government_Emp,2007-09-01,0.7500000000000062,donor,insulated
Government_Emp,2007-10-01,1.1447260834014816,donor,insulated
Government_Emp,2007-11-01,-2.1060842433697213,donor,insulated
Government_Emp,2007-12-01,1.0375099760574713,donor,insulated
Government_Emp,2008-01-01,1.2510425354462118,donor,insulated
Government_Emp,2008-02-01,0.8051529790660261,donor,insulated
Government_Emp,2008-03-01,1.6813450760608584,donor,insulated
Government_Emp,2008-04-01,1.5846538782318564,donor,insulated
Government_Emp,2008-05-01,2.0750199521149204,donor,insulated
Government_Emp,2008-06-01,1.9433198380566896,donor,insulated
Government_Emp,2008-07-01,2.5996533795493937,donor,insulated
Government_Emp,2008-08-01,4.2461005199306845,donor,insulated
Government_Emp,2008-09-01,1.985111662531014,donor,insulated
Government_Emp,2008-10-01,2.667744543249806,donor,insulated
Government_Emp,2008-11-01,5.976095617529875,donor,insulated
Government_Emp,2008-12-01,1.8167456556082096,donor,insulated
Government_Emp,2009-01-01,3.0477759472817167,donor,insulated
Government_Emp,2009-02-01,1.5175718849840258,donor,insulated
Government_Emp,2009-03-01,1.5748031496062964,donor,insulated
Government_Emp,2009-04-01,5.9113300492610765,donor,insulated
Government_Emp,2009-05-01,1.798279906176692,donor,insulated
Government_Emp,2009-06-01,1.6679904686258906,donor,insulated
Government_Emp,2009-07-01,1.520270270270263,donor,insulated
Government_Emp,2009-08-01,-1.3300083125519555,donor,insulated
Government_Emp,2009-09-01,-0.7299270072992692,donor,insulated
Government_Emp,2009-10-01,-1.3385826771653564,donor,insulated
Government_Emp,2009-11-01,-5.112781954887213,donor,insulated
Government_Emp,2009-12-01,-1.4740108611326574,donor,insulated
Government_Emp,2010-01-01,-2.2382094324540414,donor,insulated
Government_Emp,2010-02-01,-1.337529504327306,donor,insulated
Government_Emp,2010-03-01,-1.162790697674421,donor,insulated
Government_Emp,2010-04-01,-1.0852713178294615,donor,insulated
Government_Emp,2010-05-01,-0.3072196620583445,donor,insulated
Government_Emp,2010-06-01,-1.4843750000000044,donor,insulated
Government_Emp,2010-07-01,0.6655574043261225,donor,insulated
Government_Emp,2010-08-01,-1.8534119629317611,donor,insulated
Government_Emp,2010-09-01,-0.0816993464052284,donor,insulated
Government_Emp,2010-10-01,0.0,donor,insulated
Government_Emp,2010-11-01,3.5657686212361206,donor,insulated
Government_Emp,2010-12-01,0.47244094488188,donor,insulated
Government_Emp,2011-01-01,-1.7170891251022111,donor,insulated
Government_Emp,2011-02-01,1.1961722488038171,donor,insulated
Government_Emp,2011-03-01,0.1568627450980297,donor,insulated
Government_Emp,2011-04-01,-0.3918495297805635,donor,insulated
Government_Emp,2011-05-01,-1.2326656394453184,donor,insulated
Government_Emp,2011-06-01,-0.4758128469468659,donor,insulated
Government_Emp,2011-07-01,-1.157024793388428,donor,insulated
Government_Emp,2011-08-01,-0.8583690987124415,donor,insulated
Government_Emp,2011-09-01,0.1635322976287767,donor,insulated
Government_Emp,2011-10-01,0.4788507581803713,donor,insulated
Government_Emp,2011-11-01,-2.5248661055852994,donor,insulated
Government_Emp,2011-12-01,0.3918495297805746,donor,insulated
Government_Emp,2012-01-01,-4.242928452579031,donor,insulated
Government_Emp,2012-02-01,0.4728132387706862,donor,insulated
Government_Emp,2012-03-01,0.469851213782313,donor,insulated
Government_Emp,2012-04-01,1.1014948859165985,donor,insulated
Government_Emp,2012-05-01,0.6240249609984483,donor,insulated
Government_Emp,2012-06-01,0.3187250996016022,donor,insulated
Government_Emp,2012-07-01,-0.7525083612040184,donor,insulated
Government_Emp,2012-08-01,6.1471861471861455,donor,insulated
Government_Emp,2012-09-01,0.9795918367346834,donor,insulated
Government_Emp,2012-10-01,0.4765687053216894,donor,insulated
Government_Emp,2012-11-01,3.610675039246458,donor,insulated
Government_Emp,2012-12-01,0.6245120999219367,donor,insulated
Government_Emp,2013-01-01,0.5212858384013863,donor,insulated
Government_Emp,2013-02-01,0.3921568627450966,donor,insulated
Government_Emp,2013-03-01,0.0779423226812126,donor,insulated
Government_Emp,2013-04-01,-2.412451361867707,donor,insulated
Government_Emp,2013-05-01,0.1550387596899183,donor,insulated
Government_Emp,2013-06-01,-0.714853057982523,donor,insulated
Government_Emp,2013-07-01,0.0842459983150689,donor,insulated
Government_Emp,2013-08-01,-5.38336052202284,donor,insulated
Government_Emp,2013-09-01,0.0808407437348446,donor,insulated
Government_Emp,2013-10-01,0.3952569169960451,donor,insulated
Government_Emp,2013-11-01,-3.030303030303028,donor,insulated
Government_Emp,2013-12-01,-0.0775795190069761,donor,insulated
Government_Emp,2014-01-01,7.7787381158167745,donor,insulated
Government_Emp,2014-02-01,0.2343750000000088,donor,insulated
Government_Emp,2014-03-01,0.1557632398753838,donor,insulated
Government_Emp,2014-04-01,1.9936204146730363,donor,insulated
Government_Emp,2014-05-01,0.2321981424148633,donor,insulated
Government_Emp,2014-06-01,0.9600000000000052,donor,insulated
Government_Emp,2014-07-01,0.4208754208754106,donor,insulated
Government_Emp,2014-08-01,4.137931034482767,donor,insulated
Government_Emp,2014-09-01,0.8077544426494443,donor,insulated
Government_Emp,2014-10-01,0.0787401574803059,donor,insulated
Government_Emp,2014-11-01,2.734375,donor,insulated
Government_Emp,2014-12-01,-2.018633540372683,donor,insulated
Government_Emp,2015-01-01,0.0801924619085792,donor,insulated
Government_Emp,2015-02-01,0.0,donor,insulated
Government_Emp,2015-03-01,0.0777604976671675,donor,insulated
Government_Emp,2015-04-01,0.6254886630179701,donor,insulated
Government_Emp,2015-05-01,-0.0772200772200748,donor,insulated
Government_Emp,2015-06-01,0.0,donor,insulated
Government_Emp,2015-07-01,-0.5029337803855838,donor,insulated
Government_Emp,2015-08-01,0.6622516556291425,donor,insulated
Government_Emp,2015-09-01,-0.0801282051282048,donor,insulated
Government_Emp,2015-10-01,0.3933910306844979,donor,insulated
Government_Emp,2015-11-01,-2.357414448669204,donor,insulated
Government_Emp,2015-12-01,2.8526148969889142,donor,insulated
Government_Emp,2016-01-01,-1.522435897435892,donor,insulated
Government_Emp,2016-02-01,-0.3117692907248726,donor,insulated
Government_Emp,2016-03-01,0.2331002331002363,donor,insulated
Government_Emp,2016-04-01,-1.6317016317016209,donor,insulated
Government_Emp,2016-05-01,-0.2318392581143746,donor,insulated
Government_Emp,2016-06-01,0.0,donor,insulated
Government_Emp,2016-07-01,0.0842459983150689,donor,insulated
Government_Emp,2016-08-01,-1.5625,donor,insulated
Government_Emp,2016-09-01,0.5613472333600544,donor,insulated
Government_Emp,2016-10-01,0.0783699059561104,donor,insulated
Government_Emp,2016-11-01,2.7258566978193066,donor,insulated
Government_Emp,2016-12-01,-2.08012326656396,donor,insulated
Government_Emp,2017-01-01,1.4646053702196848,donor,insulated
Government_Emp,2017-02-01,1.016419077404218,donor,insulated
Government_Emp,2017-03-01,0.3100775193798366,donor,insulated
Government_Emp,2017-04-01,1.8957345971563957,donor,insulated
Government_Emp,2017-05-01,0.3098373353989103,donor,insulated
Government_Emp,2017-06-01,-0.158478605388268,donor,insulated
Government_Emp,2017-07-01,-1.4309764309764272,donor,insulated
Government_Emp,2017-08-01,-4.260651629072687,donor,insulated
Government_Emp,2017-09-01,-0.8771929824561431,donor,insulated
Government_Emp,2017-10-01,-1.096319498825371,donor,insulated
Government_Emp,2017-11-01,-3.260045489006824,donor,insulated
Government_Emp,2017-12-01,1.1801730920534936,donor,insulated
Government_Emp,2018-01-01,-1.9246190858059344,donor,insulated
Government_Emp,2018-02-01,-1.0835913312693402,donor,insulated
Government_Emp,2018-03-01,-1.2364760432766575,donor,insulated
Government_Emp,2018-04-01,-1.6279069767441867,donor,insulated
Government_Emp,2018-05-01,-0.5405405405405239,donor,insulated
Government_Emp,2018-06-01,-0.5555555555555536,donor,insulated
Government_Emp,2018-07-01,0.4269854824936026,donor,insulated
Government_Emp,2018-08-01,4.10122164048865,donor,insulated
Government_Emp,2018-09-01,-0.2413515687851974,donor,insulated
Government_Emp,2018-10-01,0.1583531274742755,donor,insulated
Government_Emp,2018-11-01,2.9780564263322877,donor,insulated
Government_Emp,2018-12-01,0.9331259720062324,donor,insulated
Government_Emp,2019-01-01,1.1447260834014816,donor,insulated
Government_Emp,2019-02-01,1.095461658841934,donor,insulated
Government_Emp,2019-03-01,1.0172143974960912,donor,insulated
Government_Emp,2019-04-01,0.6304176516942483,donor,insulated
Government_Emp,2019-05-01,0.8540372670807317,donor,insulated
Government_Emp,2019-06-01,0.7980845969672856,donor,insulated
Government_Emp,2019-07-01,0.7653061224489832,donor,insulated
Government_Emp,2019-08-01,-1.7602682313495377,donor,insulated
Government_Emp,2019-09-01,1.693548387096766,donor,insulated
Government_Emp,2019-10-01,1.1857707509881354,donor,insulated
Government_Emp,2019-11-01,-1.6742770167427867,donor,insulated
Government_Emp,2019-12-01,0.0,donor,insulated
Government_Emp,2020-01-01,1.859337105901382,donor,insulated
Government_Emp,2020-02-01,0.4643962848297489,donor,insulated
Government_Emp,2020-03-01,0.9295120061967532,donor,insulated
Government_Emp,2020-04-01,-8.222396241190289,donor,insulated
Government_Emp,2020-05-01,-10.777521170130866,donor,insulated
Government_Emp,2020-06-01,-7.5217735550277105,donor,insulated
Government_Emp,2020-07-01,-1.0126582278481069,donor,insulated
Government_Emp,2020-08-01,0.426621160409546,donor,insulated
Government_Emp,2020-09-01,-4.996034892942114,donor,insulated
Government_Emp,2020-10-01,-6.406250000000002,donor,insulated
Government_Emp,2020-11-01,-6.733746130030949,donor,insulated
Government_Emp,2020-12-01,-6.009244992295848,donor,insulated
HealthCare_Emp,1991-01-01,8.791208791208781,donor,insulated
HealthCare_Emp,1991-02-01,9.016393442622949,donor,insulated
HealthCare_Emp,1991-03-01,8.943089430894302,donor,insulated
HealthCare_Emp,1991-04-01,7.297297297297289,donor,insulated
HealthCare_Emp,1991-05-01,6.702412868632712,donor,insulated
HealthCare_Emp,1991-06-01,6.084656084656093,donor,insulated
HealthCare_Emp,1991-07-01,5.897435897435899,donor,insulated
HealthCare_Emp,1991-08-01,5.9125964010282805,donor,insulated
HealthCare_Emp,1991-09-01,5.208333333333326,donor,insulated
HealthCare_Emp,1991-10-01,5.958549222797926,donor,insulated
HealthCare_Emp,1991-11-01,5.398457583547556,donor,insulated
HealthCare_Emp,1991-12-01,5.897435897435899,donor,insulated
HealthCare_Emp,1992-01-01,2.777777777777768,donor,insulated
HealthCare_Emp,1992-02-01,2.2556390977443552,donor,insulated
HealthCare_Emp,1992-03-01,2.238805970149249,donor,insulated
HealthCare_Emp,1992-04-01,3.5264483627204024,donor,insulated
HealthCare_Emp,1992-05-01,3.266331658291466,donor,insulated
HealthCare_Emp,1992-06-01,2.9925187032418865,donor,insulated
HealthCare_Emp,1992-07-01,2.1791767554479424,donor,insulated
HealthCare_Emp,1992-08-01,2.669902912621369,donor,insulated
HealthCare_Emp,1992-09-01,3.4653465346534684,donor,insulated
HealthCare_Emp,1992-10-01,1.222493887530551,donor,insulated
HealthCare_Emp,1992-11-01,0.7317073170731714,donor,insulated
HealthCare_Emp,1992-12-01,0.7263922518159882,donor,insulated
HealthCare_Emp,1993-01-01,0.7371007371007376,donor,insulated
HealthCare_Emp,1993-02-01,1.7156862745097978,donor,insulated
HealthCare_Emp,1993-03-01,1.4598540145985384,donor,insulated
HealthCare_Emp,1993-04-01,0.9732360097323588,donor,insulated
HealthCare_Emp,1993-05-01,1.4598540145985384,donor,insulated
HealthCare_Emp,1993-06-01,1.6949152542372836,donor,insulated
HealthCare_Emp,1993-07-01,1.6587677725118375,donor,insulated
HealthCare_Emp,1993-08-01,0.0,donor,insulated
HealthCare_Emp,1993-09-01,0.0,donor,insulated
HealthCare_Emp,1993-10-01,1.449275362318847,donor,insulated
HealthCare_Emp,1993-11-01,1.937046004842613,donor,insulated
HealthCare_Emp,1993-12-01,2.163461538461542,donor,insulated
HealthCare_Emp,1994-01-01,3.170731707317076,donor,insulated
HealthCare_Emp,1994-02-01,1.9277108433734869,donor,insulated
HealthCare_Emp,1994-03-01,1.918465227817756,donor,insulated
HealthCare_Emp,1994-04-01,2.650602409638547,donor,insulated
HealthCare_Emp,1994-05-01,1.918465227817756,donor,insulated
HealthCare_Emp,1994-06-01,2.1428571428571352,donor,insulated
HealthCare_Emp,1994-07-01,2.0979020979021046,donor,insulated
HealthCare_Emp,1994-08-01,0.7092198581560183,donor,insulated
HealthCare_Emp,1994-09-01,1.9138755980861344,donor,insulated
HealthCare_Emp,1994-10-01,1.1904761904761862,donor,insulated
HealthCare_Emp,1994-11-01,1.187648456057011,donor,insulated
HealthCare_Emp,1994-12-01,0.9411764705882452,donor,insulated
HealthCare_Emp,1995-01-01,0.7092198581560183,donor,insulated
HealthCare_Emp,1995-02-01,0.4728132387706862,donor,insulated
HealthCare_Emp,1995-03-01,0.4705882352941115,donor,insulated
HealthCare_Emp,1995-04-01,0.0,donor,insulated
HealthCare_Emp,1995-05-01,1.6470588235294017,donor,insulated
HealthCare_Emp,1995-06-01,0.6993006993007089,donor,insulated
HealthCare_Emp,1995-07-01,-0.91324200913242,donor,insulated
HealthCare_Emp,1995-08-01,0.2347417840375509,donor,insulated
HealthCare_Emp,1995-09-01,0.4694835680751241,donor,insulated
HealthCare_Emp,1995-10-01,0.0,donor,insulated
HealthCare_Emp,1995-11-01,0.2347417840375509,donor,insulated
HealthCare_Emp,1995-12-01,0.4662004662004726,donor,insulated
HealthCare_Emp,1996-01-01,0.0,donor,insulated
HealthCare_Emp,1996-02-01,0.4705882352941115,donor,insulated
HealthCare_Emp,1996-03-01,0.936768149882905,donor,insulated
HealthCare_Emp,1996-04-01,0.4694835680751241,donor,insulated
HealthCare_Emp,1996-05-01,-0.2314814814814769,donor,insulated
HealthCare_Emp,1996-06-01,0.0,donor,insulated
HealthCare_Emp,1996-07-01,2.073732718894017,donor,insulated
HealthCare_Emp,1996-08-01,3.74707259953162,donor,insulated
HealthCare_Emp,1996-09-01,1.4018691588784993,donor,insulated
HealthCare_Emp,1996-10-01,2.35294117647058,donor,insulated
HealthCare_Emp,1996-11-01,3.278688524590168,donor,insulated
HealthCare_Emp,1996-12-01,3.2482598607888717,donor,insulated
HealthCare_Emp,1997-01-01,3.7558685446009488,donor,insulated
HealthCare_Emp,1997-02-01,3.74707259953162,donor,insulated
HealthCare_Emp,1997-03-01,3.944315545243615,donor,insulated
HealthCare_Emp,1997-04-01,4.20560747663552,donor,insulated
HealthCare_Emp,1997-05-01,4.872389791183296,donor,insulated
HealthCare_Emp,1997-06-01,5.555555555555558,donor,insulated
HealthCare_Emp,1997-07-01,4.514672686230248,donor,insulated
HealthCare_Emp,1997-08-01,5.417607223476306,donor,insulated
HealthCare_Emp,1997-09-01,4.377880184331806,donor,insulated
HealthCare_Emp,1997-10-01,4.367816091954024,donor,insulated
HealthCare_Emp,1997-11-01,3.628117913832196,donor,insulated
HealthCare_Emp,1997-12-01,4.719101123595504,donor,insulated
HealthCare_Emp,1998-01-01,3.619909502262453,donor,insulated
HealthCare_Emp,1998-02-01,4.06320541760723,donor,insulated
HealthCare_Emp,1998-03-01,3.34821428571428,donor,insulated
HealthCare_Emp,1998-04-01,4.7085201793722,donor,insulated
HealthCare_Emp,1998-05-01,4.424778761061954,donor,insulated
HealthCare_Emp,1998-06-01,3.728070175438592,donor,insulated
HealthCare_Emp,1998-07-01,4.10367170626349,donor,insulated
HealthCare_Emp,1998-08-01,3.640256959314781,donor,insulated
HealthCare_Emp,1998-09-01,4.856512141280356,donor,insulated
HealthCare_Emp,1998-10-01,4.8458149779735615,donor,insulated
HealthCare_Emp,1998-11-01,4.814004376367609,donor,insulated
HealthCare_Emp,1998-12-01,3.433476394849788,donor,insulated
HealthCare_Emp,1999-01-01,2.401746724890818,donor,insulated
HealthCare_Emp,1999-02-01,2.6030368763557465,donor,insulated
HealthCare_Emp,1999-03-01,2.3758099352051865,donor,insulated
HealthCare_Emp,1999-04-01,2.997858672376874,donor,insulated
HealthCare_Emp,1999-05-01,2.542372881355925,donor,insulated
HealthCare_Emp,1999-06-01,2.3255813953488413,donor,insulated
HealthCare_Emp,1999-07-01,1.6597510373443924,donor,insulated
HealthCare_Emp,1999-08-01,1.6528925619834656,donor,insulated
HealthCare_Emp,1999-09-01,1.0526315789473717,donor,insulated
HealthCare_Emp,1999-10-01,1.680672268907557,donor,insulated
HealthCare_Emp,1999-11-01,1.6701461377870652,donor,insulated
HealthCare_Emp,1999-12-01,1.4522821576763434,donor,insulated
HealthCare_Emp,2000-01-01,2.1321961620469176,donor,insulated
HealthCare_Emp,2000-02-01,2.5369978858351017,donor,insulated
HealthCare_Emp,2000-03-01,3.164556962025311,donor,insulated
HealthCare_Emp,2000-04-01,1.2474012474012364,donor,insulated
HealthCare_Emp,2000-05-01,1.0330578512396604,donor,insulated
HealthCare_Emp,2000-06-01,4.132231404958686,donor,insulated
HealthCare_Emp,2000-07-01,2.0408163265306145,donor,insulated
HealthCare_Emp,2000-08-01,0.4065040650406581,donor,insulated
HealthCare_Emp,2000-09-01,3.333333333333344,donor,insulated
HealthCare_Emp,2000-10-01,2.2727272727272707,donor,insulated
HealthCare_Emp,2000-11-01,2.4640657084188837,donor,insulated
HealthCare_Emp,2000-12-01,3.067484662576692,donor,insulated
HealthCare_Emp,2001-01-01,3.757828810020869,donor,insulated
HealthCare_Emp,2001-02-01,3.298969072164959,donor,insulated
HealthCare_Emp,2001-03-01,2.862985685071573,donor,insulated
HealthCare_Emp,2001-04-01,3.490759753593431,donor,insulated
HealthCare_Emp,2001-05-01,3.6809815950920255,donor,insulated
HealthCare_Emp,2001-06-01,2.182539682539675,donor,insulated
HealthCare_Emp,2001-07-01,2.6000000000000023,donor,insulated
HealthCare_Emp,2001-08-01,3.238866396761142,donor,insulated
HealthCare_Emp,2001-09-01,2.822580645161299,donor,insulated
HealthCare_Emp,2001-10-01,2.8282828282828243,donor,insulated
HealthCare_Emp,2001-11-01,3.006012024048088,donor,insulated
HealthCare_Emp,2001-12-01,2.3809523809523725,donor,insulated
HealthCare_Emp,2002-01-01,2.213279678068414,donor,insulated
HealthCare_Emp,2002-02-01,2.195608782435121,donor,insulated
HealthCare_Emp,2002-03-01,2.186878727634189,donor,insulated
HealthCare_Emp,2002-04-01,2.3809523809523725,donor,insulated
HealthCare_Emp,2002-05-01,1.9723865877712128,donor,insulated
HealthCare_Emp,2002-06-01,1.747572815533971,donor,insulated
HealthCare_Emp,2002-07-01,2.729044834308003,donor,insulated
HealthCare_Emp,2002-08-01,1.9607843137254832,donor,insulated
HealthCare_Emp,2002-09-01,2.549019607843128,donor,insulated
HealthCare_Emp,2002-10-01,2.946954813359537,donor,insulated
HealthCare_Emp,2002-11-01,2.7237354085603016,donor,insulated
HealthCare_Emp,2002-12-01,1.5503875968992276,donor,insulated
HealthCare_Emp,2003-01-01,2.559055118110232,donor,insulated
HealthCare_Emp,2003-02-01,3.125,donor,insulated
HealthCare_Emp,2003-03-01,3.30739299610896,donor,insulated
HealthCare_Emp,2003-04-01,2.906976744186052,donor,insulated
HealthCare_Emp,2003-05-01,2.9013539651837617,donor,insulated
HealthCare_Emp,2003-06-01,2.0992366412213803,donor,insulated
HealthCare_Emp,2003-07-01,1.8975332068311257,donor,insulated
HealthCare_Emp,2003-08-01,2.6923076923076827,donor,insulated
HealthCare_Emp,2003-09-01,3.0592734225621365,donor,insulated
HealthCare_Emp,2003-10-01,3.244274809160297,donor,insulated
HealthCare_Emp,2003-11-01,3.030303030303028,donor,insulated
HealthCare_Emp,2003-12-01,4.961832061068705,donor,insulated
HealthCare_Emp,2004-01-01,3.6468330134356903,donor,insulated
HealthCare_Emp,2004-02-01,3.409090909090917,donor,insulated
HealthCare_Emp,2004-03-01,3.201506591337089,donor,insulated
HealthCare_Emp,2004-04-01,3.201506591337089,donor,insulated
HealthCare_Emp,2004-05-01,3.9473684210526327,donor,insulated
HealthCare_Emp,2004-06-01,3.925233644859816,donor,insulated
HealthCare_Emp,2004-07-01,3.724394785847296,donor,insulated
HealthCare_Emp,2004-08-01,4.119850187265928,donor,insulated
HealthCare_Emp,2004-09-01,3.8961038961038863,donor,insulated
HealthCare_Emp,2004-10-01,4.066543438077641,donor,insulated
HealthCare_Emp,2004-11-01,4.227941176470584,donor,insulated
HealthCare_Emp,2004-12-01,4.545454545454541,donor,insulated
HealthCare_Emp,2005-01-01,4.629629629629628,donor,insulated
HealthCare_Emp,2005-02-01,4.578754578754585,donor,insulated
HealthCare_Emp,2005-03-01,4.197080291970812,donor,insulated
HealthCare_Emp,2005-04-01,4.379562043795615,donor,insulated
HealthCare_Emp,2005-05-01,3.435804701627476,donor,insulated
HealthCare_Emp,2005-06-01,3.7769784172661858,donor,insulated
HealthCare_Emp,2005-07-01,2.872531418312385,donor,insulated
HealthCare_Emp,2005-08-01,2.6978417266187105,donor,insulated
HealthCare_Emp,2005-09-01,2.678571428571419,donor,insulated
HealthCare_Emp,2005-10-01,1.5985790408525655,donor,insulated
HealthCare_Emp,2005-11-01,1.4109347442680775,donor,insulated
HealthCare_Emp,2005-12-01,0.8695652173912993,donor,insulated
HealthCare_Emp,2006-01-01,0.3539823008849474,donor,insulated
HealthCare_Emp,2006-02-01,0.3502626970227629,donor,insulated
HealthCare_Emp,2006-03-01,1.050788091068311,donor,insulated
HealthCare_Emp,2006-04-01,0.8741258741258751,donor,insulated
HealthCare_Emp,2006-05-01,1.74825174825175,donor,insulated
HealthCare_Emp,2006-06-01,1.906412478336228,donor,insulated
HealthCare_Emp,2006-07-01,1.3961605584642325,donor,insulated
HealthCare_Emp,2006-08-01,3.15236427320491,donor,insulated
HealthCare_Emp,2006-09-01,1.9130434782608676,donor,insulated
HealthCare_Emp,2006-10-01,3.321678321678312,donor,insulated
HealthCare_Emp,2006-11-01,3.4782608695652195,donor,insulated
HealthCare_Emp,2006-12-01,3.275862068965507,donor,insulated
HealthCare_Emp,2007-01-01,3.3509700176366897,donor,insulated
HealthCare_Emp,2007-02-01,3.839441535776622,donor,insulated
HealthCare_Emp,2007-03-01,3.2928942807625594,donor,insulated
HealthCare_Emp,2007-04-01,2.9462738301559765,donor,insulated
HealthCare_Emp,2007-05-01,2.7491408934707806,donor,insulated
HealthCare_Emp,2007-06-01,2.5510204081632626,donor,insulated
HealthCare_Emp,2007-07-01,2.925989672977636,donor,insulated
HealthCare_Emp,2007-08-01,1.8675721561969505,donor,insulated
HealthCare_Emp,2007-09-01,2.3890784982935065,donor,insulated
HealthCare_Emp,2007-10-01,1.3536379018612488,donor,insulated
HealthCare_Emp,2007-11-01,1.0084033613445342,donor,insulated
HealthCare_Emp,2007-12-01,0.8347245409014992,donor,insulated
HealthCare_Emp,2008-01-01,1.7064846416382284,donor,insulated
HealthCare_Emp,2008-02-01,1.3445378151260456,donor,insulated
HealthCare_Emp,2008-03-01,1.342281879194629,donor,insulated
HealthCare_Emp,2008-04-01,1.5151515151515138,donor,insulated
HealthCare_Emp,2008-05-01,1.17056856187292,donor,insulated
HealthCare_Emp,2008-06-01,1.3266998341625147,donor,insulated
HealthCare_Emp,2008-07-01,1.6722408026755842,donor,insulated
HealthCare_Emp,2008-08-01,1.8333333333333317,donor,insulated
HealthCare_Emp,2008-09-01,1.6666666666666607,donor,insulated
HealthCare_Emp,2008-10-01,2.003338898163598,donor,insulated
HealthCare_Emp,2008-11-01,2.1630615640598982,donor,insulated
HealthCare_Emp,2008-12-01,2.483443708609268,donor,insulated
HealthCare_Emp,2009-01-01,2.0134228187919545,donor,insulated
HealthCare_Emp,2009-02-01,1.49253731343284,donor,insulated
HealthCare_Emp,2009-03-01,1.490066225165565,donor,insulated
HealthCare_Emp,2009-04-01,1.1608623548922117,donor,insulated
HealthCare_Emp,2009-05-01,0.9917355371900748,donor,insulated
HealthCare_Emp,2009-06-01,1.4729950900163713,donor,insulated
HealthCare_Emp,2009-07-01,0.9868421052631636,donor,insulated
HealthCare_Emp,2009-08-01,0.1636661211129375,donor,insulated
HealthCare_Emp,2009-09-01,0.8196721311475308,donor,insulated
HealthCare_Emp,2009-10-01,0.654664484451728,donor,insulated
HealthCare_Emp,2009-11-01,0.3257328990228014,donor,insulated
HealthCare_Emp,2009-12-01,0.1615508885298933,donor,insulated
HealthCare_Emp,2010-01-01,1.4802631578947345,donor,insulated
HealthCare_Emp,2010-02-01,1.1437908496731986,donor,insulated
HealthCare_Emp,2010-03-01,1.4681892332789603,donor,insulated
HealthCare_Emp,2010-04-01,2.2950819672131084,donor,insulated
HealthCare_Emp,2010-05-01,2.2913256955810146,donor,insulated
HealthCare_Emp,2010-06-01,0.967741935483879,donor,insulated
HealthCare_Emp,2010-07-01,1.6286644951140072,donor,insulated
HealthCare_Emp,2010-08-01,2.12418300653594,donor,insulated
HealthCare_Emp,2010-09-01,1.300813008130075,donor,insulated
HealthCare_Emp,2010-10-01,1.788617886178856,donor,insulated
HealthCare_Emp,2010-11-01,1.7857142857142794,donor,insulated
HealthCare_Emp,2010-12-01,1.935483870967736,donor,insulated
HealthCare_Emp,2011-01-01,-0.324149108589955,donor,insulated
HealthCare_Emp,2011-02-01,0.9693053311793154,donor,insulated
HealthCare_Emp,2011-03-01,0.4823151125401992,donor,insulated
HealthCare_Emp,2011-04-01,0.480769230769229,donor,insulated
HealthCare_Emp,2011-05-01,0.4799999999999915,donor,insulated
HealthCare_Emp,2011-06-01,0.1597444089456834,donor,insulated
HealthCare_Emp,2011-07-01,1.4423076923076872,donor,insulated
HealthCare_Emp,2011-08-01,1.2799999999999925,donor,insulated
HealthCare_Emp,2011-09-01,1.9261637239165408,donor,insulated
HealthCare_Emp,2011-10-01,0.9584664536741228,donor,insulated
HealthCare_Emp,2011-11-01,1.1164274322169154,donor,insulated
HealthCare_Emp,2011-12-01,1.265822784810133,donor,insulated
HealthCare_Emp,2012-01-01,1.1382113821138296,donor,insulated
HealthCare_Emp,2012-02-01,0.8000000000000007,donor,insulated
HealthCare_Emp,2012-03-01,-0.319999999999998,donor,insulated
HealthCare_Emp,2012-04-01,0.6379585326953707,donor,insulated
HealthCare_Emp,2012-05-01,1.4331210191082857,donor,insulated
HealthCare_Emp,2012-06-01,1.2759170653907417,donor,insulated
HealthCare_Emp,2012-07-01,1.1058451816745585,donor,insulated
HealthCare_Emp,2012-08-01,1.2638230647709303,donor,insulated
HealthCare_Emp,2012-09-01,1.4173228346456843,donor,insulated
HealthCare_Emp,2012-10-01,2.5316455696202445,donor,insulated
HealthCare_Emp,2012-11-01,2.208201892744488,donor,insulated
HealthCare_Emp,2012-12-01,2.499999999999991,donor,insulated
HealthCare_Emp,2013-01-01,4.019292604501601,donor,insulated
HealthCare_Emp,2013-02-01,3.333333333333321,donor,insulated
HealthCare_Emp,2013-03-01,5.296950240770459,donor,insulated
HealthCare_Emp,2013-04-01,3.803486529318545,donor,insulated
HealthCare_Emp,2013-05-01,2.8257456828885363,donor,insulated
HealthCare_Emp,2013-06-01,3.464566929133861,donor,insulated
HealthCare_Emp,2013-07-01,2.812499999999996,donor,insulated
HealthCare_Emp,2013-08-01,3.1201248049922192,donor,insulated
HealthCare_Emp,2013-09-01,2.639751552795011,donor,insulated
HealthCare_Emp,2013-10-01,1.6975308641975273,donor,insulated
HealthCare_Emp,2013-11-01,2.9320987654321007,donor,insulated
HealthCare_Emp,2013-12-01,1.67682926829269,donor,insulated
HealthCare_Emp,2014-01-01,1.2364760432766575,donor,insulated
HealthCare_Emp,2014-02-01,0.9216589861751334,donor,insulated
HealthCare_Emp,2014-03-01,1.0670731707317138,donor,insulated
HealthCare_Emp,2014-04-01,1.3740458015267132,donor,insulated
HealthCare_Emp,2014-05-01,1.526717557251911,donor,insulated
HealthCare_Emp,2014-06-01,0.7610350076103556,donor,insulated
HealthCare_Emp,2014-07-01,1.2158054711246091,donor,insulated
HealthCare_Emp,2014-08-01,1.3615733736762392,donor,insulated
HealthCare_Emp,2014-09-01,1.81543116490166,donor,insulated
HealthCare_Emp,2014-10-01,1.9726858877086475,donor,insulated
HealthCare_Emp,2014-11-01,1.349325337331342,donor,insulated
HealthCare_Emp,2014-12-01,2.398800599700146,donor,insulated
HealthCare_Emp,2015-01-01,3.206106870228997,donor,insulated
HealthCare_Emp,2015-02-01,3.9573820395738313,donor,insulated
HealthCare_Emp,2015-03-01,3.7707390648567207,donor,insulated
HealthCare_Emp,2015-04-01,3.162650602409633,donor,insulated
HealthCare_Emp,2015-05-01,3.308270676691727,donor,insulated
HealthCare_Emp,2015-06-01,4.078549848942603,donor,insulated
HealthCare_Emp,2015-07-01,3.153153153153143,donor,insulated
HealthCare_Emp,2015-08-01,2.8358208955223896,donor,insulated
HealthCare_Emp,2015-09-01,2.971768202080227,donor,insulated
HealthCare_Emp,2015-10-01,3.571428571428581,donor,insulated
HealthCare_Emp,2015-11-01,3.106508875739644,donor,insulated
HealthCare_Emp,2015-12-01,3.221083455344065,donor,insulated
HealthCare_Emp,2016-01-01,2.51479289940828,donor,insulated
HealthCare_Emp,2016-02-01,1.6105417276720324,donor,insulated
HealthCare_Emp,2016-03-01,2.180232558139528,donor,insulated
HealthCare_Emp,2016-04-01,2.9197080291970767,donor,insulated
HealthCare_Emp,2016-05-01,2.183406113537112,donor,insulated
HealthCare_Emp,2016-06-01,1.8867924528301885,donor,insulated
HealthCare_Emp,2016-07-01,2.328966521106257,donor,insulated
HealthCare_Emp,2016-08-01,2.1770682148040565,donor,insulated
HealthCare_Emp,2016-09-01,2.4531024531024626,donor,insulated
HealthCare_Emp,2016-10-01,1.5804597701149392,donor,insulated
HealthCare_Emp,2016-11-01,1.5781922525107683,donor,insulated
HealthCare_Emp,2016-12-01,1.7021276595744703,donor,insulated
HealthCare_Emp,2017-01-01,2.164502164502169,donor,insulated
HealthCare_Emp,2017-02-01,2.017291066282412,donor,insulated
HealthCare_Emp,2017-03-01,1.9914651493598836,donor,insulated
HealthCare_Emp,2017-04-01,1.843971631205665,donor,insulated
HealthCare_Emp,2017-05-01,1.9943019943019944,donor,insulated
HealthCare_Emp,2017-06-01,1.5669515669515688,donor,insulated
HealthCare_Emp,2017-07-01,3.271692745376953,donor,insulated
HealthCare_Emp,2017-08-01,3.409090909090917,donor,insulated
HealthCare_Emp,2017-09-01,3.661971830985911,donor,insulated
HealthCare_Emp,2017-10-01,3.2531824611032434,donor,insulated
HealthCare_Emp,2017-11-01,3.1073446327683607,donor,insulated
HealthCare_Emp,2017-12-01,3.4867503486750278,donor,insulated
HealthCare_Emp,2018-01-01,2.9661016949152463,donor,insulated
HealthCare_Emp,2018-02-01,2.9661016949152463,donor,insulated
HealthCare_Emp,2018-03-01,2.9288702928870203,donor,insulated
HealthCare_Emp,2018-04-01,1.671309192200554,donor,insulated
HealthCare_Emp,2018-05-01,1.2569832402234526,donor,insulated
HealthCare_Emp,2018-06-01,2.384291725105192,donor,insulated
HealthCare_Emp,2018-07-01,-0.5509641873278182,donor,insulated
HealthCare_Emp,2018-08-01,0.4120879120879106,donor,insulated
HealthCare_Emp,2018-09-01,-0.4076086956521729,donor,insulated
HealthCare_Emp,2018-10-01,-0.136986301369868,donor,insulated
HealthCare_Emp,2018-11-01,0.5479452054794498,donor,insulated
HealthCare_Emp,2018-12-01,0.0,donor,insulated
HealthCare_Emp,2019-01-01,-0.5486968449931462,donor,insulated
HealthCare_Emp,2019-02-01,0.137174211248281,donor,insulated
HealthCare_Emp,2019-03-01,0.2710027100270906,donor,insulated
HealthCare_Emp,2019-04-01,0.6849315068493178,donor,insulated
HealthCare_Emp,2019-05-01,0.8275862068965578,donor,insulated
HealthCare_Emp,2019-06-01,-0.5479452054794498,donor,insulated
HealthCare_Emp,2019-07-01,1.2465373961218829,donor,insulated
HealthCare_Emp,2019-08-01,0.9575923392612928,donor,insulated
HealthCare_Emp,2019-09-01,1.3642564802182733,donor,insulated
HealthCare_Emp,2019-10-01,1.5089163237311354,donor,insulated
HealthCare_Emp,2019-11-01,1.2261580381471404,donor,insulated
HealthCare_Emp,2019-12-01,0.9433962264151052,donor,insulated
HealthCare_Emp,2020-01-01,2.4827586206896517,donor,insulated
HealthCare_Emp,2020-02-01,1.7808219178082174,donor,insulated
HealthCare_Emp,2020-03-01,0.4054054054054123,donor,insulated
HealthCare_Emp,2020-04-01,-10.20408163265306,donor,insulated
HealthCare_Emp,2020-05-01,-6.429548563611487,donor,insulated
HealthCare_Emp,2020-06-01,-3.1680440771349905,donor,insulated
HealthCare_Emp,2020-07-01,-3.4199726402188824,donor,insulated
HealthCare_Emp,2020-08-01,-4.878048780487809,donor,insulated
HealthCare_Emp,2020-09-01,-5.787348586810226,donor,insulated
HealthCare_Emp,2020-10-01,-4.189189189189191,donor,insulated
HealthCare_Emp,2020-11-01,-3.364737550471064,donor,insulated
HealthCare_Emp,2020-12-01,-2.5367156208277675,donor,insulated
NatRes_Constr_Emp,1991-01-01,7.079646017699126,donor,insulated
NatRes_Constr_Emp,1991-02-01,4.347826086956519,donor,insulated
NatRes_Constr_Emp,1991-03-01,4.31034482758621,donor,insulated
NatRes_Constr_Emp,1991-04-01,5.5393586005831,donor,insulated
NatRes_Constr_Emp,1991-05-01,4.885057471264376,donor,insulated
NatRes_Constr_Emp,1991-06-01,3.370786516853941,donor,insulated
NatRes_Constr_Emp,1991-07-01,1.955307262569828,donor,insulated
NatRes_Constr_Emp,1991-08-01,1.1080332409972191,donor,insulated
NatRes_Constr_Emp,1991-09-01,-0.2770083102493048,donor,insulated
NatRes_Constr_Emp,1991-10-01,-3.513513513513511,donor,insulated
NatRes_Constr_Emp,1991-11-01,-4.336043360433606,donor,insulated
NatRes_Constr_Emp,1991-12-01,-5.107526881720426,donor,insulated
NatRes_Constr_Emp,1992-01-01,-6.6115702479338845,donor,insulated
NatRes_Constr_Emp,1992-02-01,-7.222222222222219,donor,insulated
NatRes_Constr_Emp,1992-03-01,-7.162534435261703,donor,insulated
NatRes_Constr_Emp,1992-04-01,-7.182320441988955,donor,insulated
NatRes_Constr_Emp,1992-05-01,-7.671232876712331,donor,insulated
NatRes_Constr_Emp,1992-06-01,-7.336956521739135,donor,insulated
NatRes_Constr_Emp,1992-07-01,-5.47945205479452,donor,insulated
NatRes_Constr_Emp,1992-08-01,-6.849315068493156,donor,insulated
NatRes_Constr_Emp,1992-09-01,-7.499999999999996,donor,insulated
NatRes_Constr_Emp,1992-10-01,-3.361344537815125,donor,insulated
NatRes_Constr_Emp,1992-11-01,-1.1331444759206777,donor,insulated
NatRes_Constr_Emp,1992-12-01,-0.5665722379603388,donor,insulated
NatRes_Constr_Emp,1993-01-01,2.6548672566371723,donor,insulated
NatRes_Constr_Emp,1993-02-01,5.089820359281427,donor,insulated
NatRes_Constr_Emp,1993-03-01,4.451038575667665,donor,insulated
NatRes_Constr_Emp,1993-04-01,4.166666666666674,donor,insulated
NatRes_Constr_Emp,1993-05-01,3.857566765578646,donor,insulated
NatRes_Constr_Emp,1993-06-01,2.639296187683282,donor,insulated
NatRes_Constr_Emp,1993-07-01,2.3188405797101463,donor,insulated
NatRes_Constr_Emp,1993-08-01,2.0588235294117574,donor,insulated
NatRes_Constr_Emp,1993-09-01,3.9039039039038936,donor,insulated
NatRes_Constr_Emp,1993-10-01,-1.1594202898550732,donor,insulated
NatRes_Constr_Emp,1993-11-01,-4.011461318051579,donor,insulated
NatRes_Constr_Emp,1993-12-01,-6.837606837606824,donor,insulated
NatRes_Constr_Emp,1994-01-01,-10.632183908045976,donor,insulated
NatRes_Constr_Emp,1994-02-01,-12.250712250712247,donor,insulated
NatRes_Constr_Emp,1994-03-01,-11.64772727272727,donor,insulated
NatRes_Constr_Emp,1994-04-01,-10.571428571428577,donor,insulated
NatRes_Constr_Emp,1994-05-01,-10.857142857142854,donor,insulated
NatRes_Constr_Emp,1994-06-01,-10.571428571428577,donor,insulated
NatRes_Constr_Emp,1994-07-01,-11.048158640226625,donor,insulated
NatRes_Constr_Emp,1994-08-01,-9.22190201729106,donor,insulated
NatRes_Constr_Emp,1994-09-01,-9.537572254335258,donor,insulated
NatRes_Constr_Emp,1994-10-01,-9.97067448680352,donor,insulated
NatRes_Constr_Emp,1994-11-01,-9.552238805970148,donor,insulated
NatRes_Constr_Emp,1994-12-01,-9.480122324159035,donor,insulated
NatRes_Constr_Emp,1995-01-01,-9.646302250803862,donor,insulated
NatRes_Constr_Emp,1995-02-01,-10.064935064935066,donor,insulated
NatRes_Constr_Emp,1995-03-01,-9.646302250803862,donor,insulated
NatRes_Constr_Emp,1995-04-01,-11.82108626198083,donor,insulated
NatRes_Constr_Emp,1995-05-01,-11.217948717948724,donor,insulated
NatRes_Constr_Emp,1995-06-01,-10.22364217252396,donor,insulated
NatRes_Constr_Emp,1995-07-01,-10.828025477707005,donor,insulated
NatRes_Constr_Emp,1995-08-01,-10.158730158730156,donor,insulated
NatRes_Constr_Emp,1995-09-01,-9.904153354632584,donor,insulated
NatRes_Constr_Emp,1995-10-01,-10.097719869706845,donor,insulated
NatRes_Constr_Emp,1995-11-01,-9.570957095709575,donor,insulated
NatRes_Constr_Emp,1995-12-01,-9.121621621621625,donor,insulated
NatRes_Constr_Emp,1996-01-01,-8.896797153024917,donor,insulated
NatRes_Constr_Emp,1996-02-01,-9.747292418772568,donor,insulated
NatRes_Constr_Emp,1996-03-01,-11.032028469750887,donor,insulated
NatRes_Constr_Emp,1996-04-01,-9.782608695652172,donor,insulated
NatRes_Constr_Emp,1996-05-01,-9.386281588447654,donor,insulated
NatRes_Constr_Emp,1996-06-01,-9.608540925266906,donor,insulated
NatRes_Constr_Emp,1996-07-01,-9.642857142857142,donor,insulated
NatRes_Constr_Emp,1996-08-01,-9.540636042402827,donor,insulated
NatRes_Constr_Emp,1996-09-01,-9.57446808510638,donor,insulated
NatRes_Constr_Emp,1996-10-01,-7.971014492753625,donor,insulated
NatRes_Constr_Emp,1996-11-01,-11.31386861313869,donor,insulated
NatRes_Constr_Emp,1996-12-01,-6.691449814126393,donor,insulated
NatRes_Constr_Emp,1997-01-01,-6.640625,donor,insulated
NatRes_Constr_Emp,1997-02-01,-4.800000000000004,donor,insulated
NatRes_Constr_Emp,1997-03-01,-4.800000000000004,donor,insulated
NatRes_Constr_Emp,1997-04-01,-6.425702811244982,donor,insulated
NatRes_Constr_Emp,1997-05-01,-6.3745019920318775,donor,insulated
NatRes_Constr_Emp,1997-06-01,-7.0866141732283445,donor,insulated
NatRes_Constr_Emp,1997-07-01,-5.533596837944666,donor,insulated
NatRes_Constr_Emp,1997-08-01,-5.859375,donor,insulated
NatRes_Constr_Emp,1997-09-01,-5.490196078431375,donor,insulated
NatRes_Constr_Emp,1997-10-01,-5.511811023622048,donor,insulated
NatRes_Constr_Emp,1997-11-01,-2.0576131687242816,donor,insulated
NatRes_Constr_Emp,1997-12-01,-5.577689243027884,donor,insulated
NatRes_Constr_Emp,1998-01-01,-6.276150627615063,donor,insulated
NatRes_Constr_Emp,1998-02-01,-4.621848739495793,donor,insulated
NatRes_Constr_Emp,1998-03-01,-4.201680672268903,donor,insulated
NatRes_Constr_Emp,1998-04-01,-3.0042918454935674,donor,insulated
NatRes_Constr_Emp,1998-05-01,-2.9787234042553234,donor,insulated
NatRes_Constr_Emp,1998-06-01,-2.5423728813559365,donor,insulated
NatRes_Constr_Emp,1998-07-01,-2.092050209205021,donor,insulated
NatRes_Constr_Emp,1998-08-01,-2.0746887966805017,donor,insulated
NatRes_Constr_Emp,1998-09-01,-2.4896265560166,donor,insulated
NatRes_Constr_Emp,1998-10-01,-2.500000000000002,donor,insulated
NatRes_Constr_Emp,1998-11-01,-2.5210084033613467,donor,insulated
NatRes_Constr_Emp,1998-12-01,-0.8438818565400852,donor,insulated
NatRes_Constr_Emp,1999-01-01,-0.8928571428571397,donor,insulated
NatRes_Constr_Emp,1999-02-01,-2.2026431718061623,donor,insulated
NatRes_Constr_Emp,1999-03-01,-2.631578947368418,donor,insulated
NatRes_Constr_Emp,1999-04-01,-0.8849557522123908,donor,insulated
NatRes_Constr_Emp,1999-05-01,-0.8771929824561431,donor,insulated
NatRes_Constr_Emp,1999-06-01,0.0,donor,insulated
NatRes_Constr_Emp,1999-07-01,0.0,donor,insulated
NatRes_Constr_Emp,1999-08-01,-0.8474576271186418,donor,insulated
NatRes_Constr_Emp,1999-09-01,0.4255319148936065,donor,insulated
NatRes_Constr_Emp,1999-10-01,0.0,donor,insulated
NatRes_Constr_Emp,1999-11-01,1.2931034482758674,donor,insulated
NatRes_Constr_Emp,1999-12-01,1.7021276595744703,donor,insulated
NatRes_Constr_Emp,2000-01-01,5.405405405405395,donor,insulated
NatRes_Constr_Emp,2000-02-01,5.855855855855863,donor,insulated
NatRes_Constr_Emp,2000-03-01,8.558558558558559,donor,insulated
NatRes_Constr_Emp,2000-04-01,8.92857142857142,donor,insulated
NatRes_Constr_Emp,2000-05-01,9.734513274336276,donor,insulated
NatRes_Constr_Emp,2000-06-01,9.565217391304335,donor,insulated
NatRes_Constr_Emp,2000-07-01,10.68376068376069,donor,insulated
NatRes_Constr_Emp,2000-08-01,11.965811965811968,donor,insulated
NatRes_Constr_Emp,2000-09-01,11.864406779661008,donor,insulated
NatRes_Constr_Emp,2000-10-01,11.111111111111116,donor,insulated
NatRes_Constr_Emp,2000-11-01,10.63829787234043,donor,insulated
NatRes_Constr_Emp,2000-12-01,10.041841004184104,donor,insulated
NatRes_Constr_Emp,2001-01-01,7.692307692307687,donor,insulated
NatRes_Constr_Emp,2001-02-01,6.808510638297882,donor,insulated
NatRes_Constr_Emp,2001-03-01,4.564315352697101,donor,insulated
NatRes_Constr_Emp,2001-04-01,1.6393442622950838,donor,insulated
NatRes_Constr_Emp,2001-05-01,1.2096774193548487,donor,insulated
NatRes_Constr_Emp,2001-06-01,-0.3968253968253954,donor,insulated
NatRes_Constr_Emp,2001-07-01,-2.316602316602312,donor,insulated
NatRes_Constr_Emp,2001-08-01,-2.6717557251908386,donor,insulated
NatRes_Constr_Emp,2001-09-01,-3.409090909090906,donor,insulated
NatRes_Constr_Emp,2001-10-01,-3.846153846153844,donor,insulated
NatRes_Constr_Emp,2001-11-01,-3.4615384615384603,donor,insulated
NatRes_Constr_Emp,2001-12-01,-4.1825095057034245,donor,insulated
NatRes_Constr_Emp,2002-01-01,-1.1904761904761862,donor,insulated
NatRes_Constr_Emp,2002-02-01,-1.195219123505975,donor,insulated
NatRes_Constr_Emp,2002-03-01,0.7936507936507908,donor,insulated
NatRes_Constr_Emp,2002-04-01,3.2258064516129004,donor,insulated
NatRes_Constr_Emp,2002-05-01,3.187250996015933,donor,insulated
NatRes_Constr_Emp,2002-06-01,6.374501992031867,donor,insulated
NatRes_Constr_Emp,2002-07-01,7.114624505928857,donor,insulated
NatRes_Constr_Emp,2002-08-01,7.843137254901955,donor,insulated
NatRes_Constr_Emp,2002-09-01,7.058823529411762,donor,insulated
NatRes_Constr_Emp,2002-10-01,9.600000000000009,donor,insulated
NatRes_Constr_Emp,2002-11-01,9.960159362549792,donor,insulated
NatRes_Constr_Emp,2002-12-01,9.92063492063493,donor,insulated
NatRes_Constr_Emp,2003-01-01,9.236947791164663,donor,insulated
NatRes_Constr_Emp,2003-02-01,10.080645161290324,donor,insulated
NatRes_Constr_Emp,2003-03-01,8.661417322834652,donor,insulated
NatRes_Constr_Emp,2003-04-01,9.375,donor,insulated
NatRes_Constr_Emp,2003-05-01,9.652509652509655,donor,insulated
NatRes_Constr_Emp,2003-06-01,7.490636704119846,donor,insulated
NatRes_Constr_Emp,2003-07-01,7.011070110701101,donor,insulated
NatRes_Constr_Emp,2003-08-01,6.545454545454543,donor,insulated
NatRes_Constr_Emp,2003-09-01,7.326007326007322,donor,insulated
NatRes_Constr_Emp,2003-10-01,6.569343065693434,donor,insulated
NatRes_Constr_Emp,2003-11-01,5.434782608695654,donor,insulated
NatRes_Constr_Emp,2003-12-01,4.332129963898912,donor,insulated
NatRes_Constr_Emp,2004-01-01,3.6764705882353033,donor,insulated
NatRes_Constr_Emp,2004-02-01,4.395604395604402,donor,insulated
NatRes_Constr_Emp,2004-03-01,1.449275362318847,donor,insulated
NatRes_Constr_Emp,2004-04-01,3.571428571428581,donor,insulated
NatRes_Constr_Emp,2004-05-01,3.873239436619724,donor,insulated
NatRes_Constr_Emp,2004-06-01,4.878048780487809,donor,insulated
NatRes_Constr_Emp,2004-07-01,5.517241379310356,donor,insulated
NatRes_Constr_Emp,2004-08-01,4.778156996587035,donor,insulated
NatRes_Constr_Emp,2004-09-01,5.802047781569963,donor,insulated
NatRes_Constr_Emp,2004-10-01,6.849315068493156,donor,insulated
NatRes_Constr_Emp,2004-11-01,8.247422680412363,donor,insulated
NatRes_Constr_Emp,2004-12-01,10.380622837370248,donor,insulated
NatRes_Constr_Emp,2005-01-01,11.347517730496447,donor,insulated
NatRes_Constr_Emp,2005-02-01,11.228070175438589,donor,insulated
NatRes_Constr_Emp,2005-03-01,15.714285714285726,donor,insulated
NatRes_Constr_Emp,2005-04-01,13.793103448275868,donor,insulated
NatRes_Constr_Emp,2005-05-01,13.898305084745765,donor,insulated
NatRes_Constr_Emp,2005-06-01,13.953488372093029,donor,insulated
NatRes_Constr_Emp,2005-07-01,13.398692810457511,donor,insulated
NatRes_Constr_Emp,2005-08-01,14.332247557003264,donor,insulated
NatRes_Constr_Emp,2005-09-01,14.83870967741936,donor,insulated
NatRes_Constr_Emp,2005-10-01,13.461538461538458,donor,insulated
NatRes_Constr_Emp,2005-11-01,13.015873015873014,donor,insulated
NatRes_Constr_Emp,2005-12-01,12.852664576802496,donor,insulated
NatRes_Constr_Emp,2006-01-01,12.101910828025474,donor,insulated
NatRes_Constr_Emp,2006-02-01,11.671924290220815,donor,insulated
NatRes_Constr_Emp,2006-03-01,9.876543209876544,donor,insulated
NatRes_Constr_Emp,2006-04-01,8.18181818181818,donor,insulated
NatRes_Constr_Emp,2006-05-01,8.333333333333325,donor,insulated
NatRes_Constr_Emp,2006-06-01,8.163265306122458,donor,insulated
NatRes_Constr_Emp,2006-07-01,7.78097982708934,donor,insulated
NatRes_Constr_Emp,2006-08-01,8.26210826210827,donor,insulated
NatRes_Constr_Emp,2006-09-01,8.426966292134841,donor,insulated
NatRes_Constr_Emp,2006-10-01,8.757062146892647,donor,insulated
NatRes_Constr_Emp,2006-11-01,9.8314606741573,donor,insulated
NatRes_Constr_Emp,2006-12-01,10.277777777777786,donor,insulated
NatRes_Constr_Emp,2007-01-01,8.52272727272727,donor,insulated
NatRes_Constr_Emp,2007-02-01,9.039548022598876,donor,insulated
NatRes_Constr_Emp,2007-03-01,8.98876404494382,donor,insulated
NatRes_Constr_Emp,2007-04-01,9.243697478991583,donor,insulated
NatRes_Constr_Emp,2007-05-01,8.241758241758234,donor,insulated
NatRes_Constr_Emp,2007-06-01,8.35579514824798,donor,insulated
NatRes_Constr_Emp,2007-07-01,7.754010695187175,donor,insulated
NatRes_Constr_Emp,2007-08-01,6.842105263157894,donor,insulated
NatRes_Constr_Emp,2007-09-01,5.699481865284972,donor,insulated
NatRes_Constr_Emp,2007-10-01,5.974025974025965,donor,insulated
NatRes_Constr_Emp,2007-11-01,4.603580562659837,donor,insulated
NatRes_Constr_Emp,2007-12-01,2.5188916876574208,donor,insulated
NatRes_Constr_Emp,2008-01-01,3.926701570680624,donor,insulated
NatRes_Constr_Emp,2008-02-01,3.1088082901554515,donor,insulated
NatRes_Constr_Emp,2008-03-01,2.319587628865971,donor,insulated
NatRes_Constr_Emp,2008-04-01,1.025641025641022,donor,insulated
NatRes_Constr_Emp,2008-05-01,-1.269035532994922,donor,insulated
NatRes_Constr_Emp,2008-06-01,-2.985074626865669,donor,insulated
NatRes_Constr_Emp,2008-07-01,-3.47394540942928,donor,insulated
NatRes_Constr_Emp,2008-08-01,-4.679802955665025,donor,insulated
NatRes_Constr_Emp,2008-09-01,-5.6372549019607865,donor,insulated
NatRes_Constr_Emp,2008-10-01,-7.352941176470584,donor,insulated
NatRes_Constr_Emp,2008-11-01,-9.290953545232272,donor,insulated
NatRes_Constr_Emp,2008-12-01,-10.565110565110569,donor,insulated
NatRes_Constr_Emp,2009-01-01,-12.594458438287148,donor,insulated
NatRes_Constr_Emp,2009-02-01,-14.572864321608035,donor,insulated
NatRes_Constr_Emp,2009-03-01,-15.617128463476073,donor,insulated
NatRes_Constr_Emp,2009-04-01,-17.00507614213197,donor,insulated
NatRes_Constr_Emp,2009-05-01,-16.45244215938303,donor,insulated
NatRes_Constr_Emp,2009-06-01,-16.41025641025641,donor,insulated
NatRes_Constr_Emp,2009-07-01,-16.966580976863767,donor,insulated
NatRes_Constr_Emp,2009-08-01,-18.346253229974163,donor,insulated
NatRes_Constr_Emp,2009-09-01,-18.701298701298697,donor,insulated
NatRes_Constr_Emp,2009-10-01,-17.989417989417987,donor,insulated
NatRes_Constr_Emp,2009-11-01,-17.520215633423174,donor,insulated
NatRes_Constr_Emp,2009-12-01,-16.208791208791208,donor,insulated
NatRes_Constr_Emp,2010-01-01,-13.832853025936595,donor,insulated
NatRes_Constr_Emp,2010-02-01,-12.647058823529411,donor,insulated
NatRes_Constr_Emp,2010-03-01,-11.044776119402988,donor,insulated
NatRes_Constr_Emp,2010-04-01,-9.174311926605515,donor,insulated
NatRes_Constr_Emp,2010-05-01,-8.923076923076923,donor,insulated
NatRes_Constr_Emp,2010-06-01,-9.202453987730063,donor,insulated
NatRes_Constr_Emp,2010-07-01,-7.739938080495346,donor,insulated
NatRes_Constr_Emp,2010-08-01,-6.329113924050633,donor,insulated
NatRes_Constr_Emp,2010-09-01,-5.111821086261981,donor,insulated
NatRes_Constr_Emp,2010-10-01,-3.2258064516129004,donor,insulated
NatRes_Constr_Emp,2010-11-01,-1.9607843137254943,donor,insulated
NatRes_Constr_Emp,2010-12-01,-1.3114754098360604,donor,insulated
NatRes_Constr_Emp,2011-01-01,-4.682274247491636,donor,insulated
NatRes_Constr_Emp,2011-02-01,-2.6936026936026924,donor,insulated
NatRes_Constr_Emp,2011-03-01,-2.684563758389258,donor,insulated
NatRes_Constr_Emp,2011-04-01,-1.0101010101010055,donor,insulated
NatRes_Constr_Emp,2011-05-01,-0.6756756756756799,donor,insulated
NatRes_Constr_Emp,2011-06-01,1.3513513513513598,donor,insulated
NatRes_Constr_Emp,2011-07-01,2.0134228187919545,donor,insulated
NatRes_Constr_Emp,2011-08-01,2.3648648648648685,donor,insulated
NatRes_Constr_Emp,2011-09-01,2.6936026936027035,donor,insulated
NatRes_Constr_Emp,2011-10-01,0.6666666666666599,donor,insulated
NatRes_Constr_Emp,2011-11-01,0.333333333333341,donor,insulated
NatRes_Constr_Emp,2011-12-01,0.3322259136212535,donor,insulated
NatRes_Constr_Emp,2012-01-01,3.157894736842115,donor,insulated
NatRes_Constr_Emp,2012-02-01,1.730103806228378,donor,insulated
NatRes_Constr_Emp,2012-03-01,1.724137931034475,donor,insulated
NatRes_Constr_Emp,2012-04-01,0.340136054421758,donor,insulated
NatRes_Constr_Emp,2012-05-01,1.3605442176870763,donor,insulated
NatRes_Constr_Emp,2012-06-01,1.333333333333342,donor,insulated
NatRes_Constr_Emp,2012-07-01,0.328947368421062,donor,insulated
NatRes_Constr_Emp,2012-08-01,1.650165016501659,donor,insulated
NatRes_Constr_Emp,2012-09-01,2.2950819672131084,donor,insulated
NatRes_Constr_Emp,2012-10-01,3.973509933774833,donor,insulated
NatRes_Constr_Emp,2012-11-01,4.651162790697683,donor,insulated
NatRes_Constr_Emp,2012-12-01,4.304635761589415,donor,insulated
NatRes_Constr_Emp,2013-01-01,4.761904761904767,donor,insulated
NatRes_Constr_Emp,2013-02-01,5.782312925170063,donor,insulated
NatRes_Constr_Emp,2013-03-01,6.779661016949157,donor,insulated
NatRes_Constr_Emp,2013-04-01,7.457627118644061,donor,insulated
NatRes_Constr_Emp,2013-05-01,8.389261744966436,donor,insulated
NatRes_Constr_Emp,2013-06-01,5.263157894736836,donor,insulated
NatRes_Constr_Emp,2013-07-01,6.229508196721301,donor,insulated
NatRes_Constr_Emp,2013-08-01,5.519480519480524,donor,insulated
NatRes_Constr_Emp,2013-09-01,4.166666666666674,donor,insulated
NatRes_Constr_Emp,2013-10-01,3.1847133757961776,donor,insulated
NatRes_Constr_Emp,2013-11-01,3.492063492063502,donor,insulated
NatRes_Constr_Emp,2013-12-01,4.126984126984135,donor,insulated
NatRes_Constr_Emp,2014-01-01,2.922077922077926,donor,insulated
NatRes_Constr_Emp,2014-02-01,2.893890675241151,donor,insulated
NatRes_Constr_Emp,2014-03-01,2.2222222222222365,donor,insulated
NatRes_Constr_Emp,2014-04-01,1.5772870662460692,donor,insulated
NatRes_Constr_Emp,2014-05-01,1.547987616099089,donor,insulated
NatRes_Constr_Emp,2014-06-01,3.4375000000000044,donor,insulated
NatRes_Constr_Emp,2014-07-01,3.703703703703698,donor,insulated
NatRes_Constr_Emp,2014-08-01,4.000000000000004,donor,insulated
NatRes_Constr_Emp,2014-09-01,5.230769230769239,donor,insulated
NatRes_Constr_Emp,2014-10-01,6.172839506172845,donor,insulated
NatRes_Constr_Emp,2014-11-01,5.21472392638036,donor,insulated
NatRes_Constr_Emp,2014-12-01,4.268292682926833,donor,insulated
NatRes_Constr_Emp,2015-01-01,4.416403785488954,donor,insulated
NatRes_Constr_Emp,2015-02-01,4.374999999999996,donor,insulated
NatRes_Constr_Emp,2015-03-01,5.900621118012417,donor,insulated
NatRes_Constr_Emp,2015-04-01,7.453416149068315,donor,insulated
NatRes_Constr_Emp,2015-05-01,7.317073170731714,donor,insulated
NatRes_Constr_Emp,2015-06-01,8.45921450151057,donor,insulated
NatRes_Constr_Emp,2015-07-01,9.523809523809534,donor,insulated
NatRes_Constr_Emp,2015-08-01,9.171597633136086,donor,insulated
NatRes_Constr_Emp,2015-09-01,8.479532163742686,donor,insulated
NatRes_Constr_Emp,2015-10-01,11.33720930232558,donor,insulated
NatRes_Constr_Emp,2015-11-01,12.536443148688049,donor,insulated
NatRes_Constr_Emp,2015-12-01,14.327485380116968,donor,insulated
NatRes_Constr_Emp,2016-01-01,16.012084592145026,donor,insulated
NatRes_Constr_Emp,2016-02-01,16.467065868263475,donor,insulated
NatRes_Constr_Emp,2016-03-01,14.956011730205288,donor,insulated
NatRes_Constr_Emp,2016-04-01,13.005780346820806,donor,insulated
NatRes_Constr_Emp,2016-05-01,11.931818181818189,donor,insulated
NatRes_Constr_Emp,2016-06-01,10.027855153203348,donor,insulated
NatRes_Constr_Emp,2016-07-01,8.695652173913038,donor,insulated
NatRes_Constr_Emp,2016-08-01,8.130081300813007,donor,insulated
NatRes_Constr_Emp,2016-09-01,6.199460916442057,donor,insulated
NatRes_Constr_Emp,2016-10-01,1.305483028720622,donor,insulated
NatRes_Constr_Emp,2016-11-01,0.5181347150259086,donor,insulated
NatRes_Constr_Emp,2016-12-01,-1.7902813299232712,donor,insulated
NatRes_Constr_Emp,2017-01-01,-3.385416666666663,donor,insulated
NatRes_Constr_Emp,2017-02-01,-4.113110539845755,donor,insulated
NatRes_Constr_Emp,2017-03-01,-4.081632653061229,donor,insulated
NatRes_Constr_Emp,2017-04-01,-4.6035805626598485,donor,insulated
NatRes_Constr_Emp,2017-05-01,-4.822335025380708,donor,insulated
NatRes_Constr_Emp,2017-06-01,-4.303797468354431,donor,insulated
NatRes_Constr_Emp,2017-07-01,-6.000000000000005,donor,insulated
NatRes_Constr_Emp,2017-08-01,-5.513784461152882,donor,insulated
NatRes_Constr_Emp,2017-09-01,-4.822335025380708,donor,insulated
NatRes_Constr_Emp,2017-10-01,-4.89690721649485,donor,insulated
NatRes_Constr_Emp,2017-11-01,-4.381443298969067,donor,insulated
NatRes_Constr_Emp,2017-12-01,-3.125,donor,insulated
NatRes_Constr_Emp,2018-01-01,-2.425876010781669,donor,insulated
NatRes_Constr_Emp,2018-02-01,-2.144772117962468,donor,insulated
NatRes_Constr_Emp,2018-03-01,-1.8617021276595704,donor,insulated
NatRes_Constr_Emp,2018-04-01,-0.2680965147453085,donor,insulated
NatRes_Constr_Emp,2018-05-01,-0.2666666666666706,donor,insulated
NatRes_Constr_Emp,2018-06-01,0.2645502645502562,donor,insulated
NatRes_Constr_Emp,2018-07-01,1.5957446808510634,donor,insulated
NatRes_Constr_Emp,2018-08-01,1.3262599469495928,donor,insulated
NatRes_Constr_Emp,2018-09-01,1.866666666666661,donor,insulated
NatRes_Constr_Emp,2018-10-01,3.794037940379402,donor,insulated
NatRes_Constr_Emp,2018-11-01,2.42587601078168,donor,insulated
NatRes_Constr_Emp,2018-12-01,2.1505376344086,donor,insulated
NatRes_Constr_Emp,2019-01-01,1.3812154696132506,donor,insulated
NatRes_Constr_Emp,2019-02-01,1.0958904109588996,donor,insulated
NatRes_Constr_Emp,2019-03-01,2.168021680216792,donor,insulated
NatRes_Constr_Emp,2019-04-01,1.0752688172043,donor,insulated
NatRes_Constr_Emp,2019-05-01,0.8021390374331583,donor,insulated
NatRes_Constr_Emp,2019-06-01,-1.055408970976257,donor,insulated
NatRes_Constr_Emp,2019-07-01,-0.7853403141361293,donor,insulated
NatRes_Constr_Emp,2019-08-01,-0.7853403141361293,donor,insulated
NatRes_Constr_Emp,2019-09-01,-1.0471204188481686,donor,insulated
NatRes_Constr_Emp,2019-10-01,-1.566579634464749,donor,insulated
NatRes_Constr_Emp,2019-11-01,0.2631578947368318,donor,insulated
NatRes_Constr_Emp,2019-12-01,-0.2631578947368429,donor,insulated
NatRes_Constr_Emp,2020-01-01,0.2724795640326904,donor,insulated
NatRes_Constr_Emp,2020-02-01,0.5420054200542035,donor,insulated
NatRes_Constr_Emp,2020-03-01,-1.8567639257294437,donor,insulated
NatRes_Constr_Emp,2020-04-01,-8.244680851063835,donor,insulated
NatRes_Constr_Emp,2020-05-01,-1.8567639257294437,donor,insulated
NatRes_Constr_Emp,2020-06-01,0.0,donor,insulated
NatRes_Constr_Emp,2020-07-01,-3.430079155672827,donor,insulated
NatRes_Constr_Emp,2020-08-01,-2.37467018469657,donor,insulated
NatRes_Constr_Emp,2020-09-01,-3.1746031746031744,donor,insulated
NatRes_Constr_Emp,2020-10-01,-2.3872679045092826,donor,insulated
NatRes_Constr_Emp,2020-11-01,-2.887139107611547,donor,insulated
NatRes_Constr_Emp,2020-12-01,-1.055408970976257,donor,insulated
Wholesale_Emp,1991-01-01,0.5813953488372103,donor,insulated
Wholesale_Emp,1991-02-01,-0.5747126436781658,donor,insulated
Wholesale_Emp,1991-03-01,-0.5747126436781658,donor,insulated
Wholesale_Emp,1991-04-01,-0.5780346820809301,donor,insulated
Wholesale_Emp,1991-05-01,-1.1494252873563204,donor,insulated
Wholesale_Emp,1991-06-01,-1.7045454545454586,donor,insulated
Wholesale_Emp,1991-07-01,-1.6949152542372836,donor,insulated
Wholesale_Emp,1991-08-01,-1.6949152542372836,donor,insulated
Wholesale_Emp,1991-09-01,-1.1363636363636354,donor,insulated
Wholesale_Emp,1991-10-01,-1.1299435028248594,donor,insulated
Wholesale_Emp,1991-11-01,0.0,donor,insulated
Wholesale_Emp,1991-12-01,-2.793296089385477,donor,insulated
Wholesale_Emp,1992-01-01,-0.5780346820809301,donor,insulated
Wholesale_Emp,1992-02-01,-1.7341040462427793,donor,insulated
Wholesale_Emp,1992-03-01,-1.1560693641618491,donor,insulated
Wholesale_Emp,1992-04-01,-0.5813953488372103,donor,insulated
Wholesale_Emp,1992-05-01,-1.162790697674421,donor,insulated
Wholesale_Emp,1992-06-01,-1.1560693641618491,donor,insulated
Wholesale_Emp,1992-07-01,-0.5747126436781658,donor,insulated
Wholesale_Emp,1992-08-01,-1.1494252873563204,donor,insulated
Wholesale_Emp,1992-09-01,-2.298850574712641,donor,insulated
Wholesale_Emp,1992-10-01,-3.4285714285714253,donor,insulated
Wholesale_Emp,1992-11-01,-3.9548022598870025,donor,insulated
Wholesale_Emp,1992-12-01,-1.1494252873563204,donor,insulated
Wholesale_Emp,1993-01-01,-1.744186046511631,donor,insulated
Wholesale_Emp,1993-02-01,-0.588235294117645,donor,insulated
Wholesale_Emp,1993-03-01,-1.7543859649122862,donor,insulated
Wholesale_Emp,1993-04-01,-0.5847953216374324,donor,insulated
Wholesale_Emp,1993-05-01,-0.588235294117645,donor,insulated
Wholesale_Emp,1993-06-01,-0.5847953216374324,donor,insulated
Wholesale_Emp,1993-07-01,-2.8901734104046284,donor,insulated
Wholesale_Emp,1993-08-01,-2.906976744186052,donor,insulated
Wholesale_Emp,1993-09-01,-2.352941176470591,donor,insulated
Wholesale_Emp,1993-10-01,-2.9585798816568087,donor,insulated
Wholesale_Emp,1993-11-01,-2.352941176470591,donor,insulated
Wholesale_Emp,1993-12-01,-3.488372093023251,donor,insulated
Wholesale_Emp,1994-01-01,-3.5502958579881616,donor,insulated
Wholesale_Emp,1994-02-01,-3.5502958579881616,donor,insulated
Wholesale_Emp,1994-03-01,-2.380952380952384,donor,insulated
Wholesale_Emp,1994-04-01,-3.529411764705881,donor,insulated
Wholesale_Emp,1994-05-01,-2.9585798816568087,donor,insulated
Wholesale_Emp,1994-06-01,-2.941176470588236,donor,insulated
Wholesale_Emp,1994-07-01,-1.7857142857142905,donor,insulated
Wholesale_Emp,1994-08-01,-1.19760479041916,donor,insulated
Wholesale_Emp,1994-09-01,-1.2048192771084376,donor,insulated
Wholesale_Emp,1994-10-01,0.0,donor,insulated
Wholesale_Emp,1994-11-01,-1.8072289156626509,donor,insulated
Wholesale_Emp,1994-12-01,-0.6024096385542133,donor,insulated
Wholesale_Emp,1995-01-01,0.0,donor,insulated
Wholesale_Emp,1995-02-01,0.0,donor,insulated
Wholesale_Emp,1995-03-01,-0.6097560975609762,donor,insulated
Wholesale_Emp,1995-04-01,-0.6097560975609762,donor,insulated
Wholesale_Emp,1995-05-01,-0.6097560975609762,donor,insulated
Wholesale_Emp,1995-06-01,-0.60606060606061,donor,insulated
Wholesale_Emp,1995-07-01,-2.4242424242424176,donor,insulated
Wholesale_Emp,1995-08-01,-2.4242424242424176,donor,insulated
Wholesale_Emp,1995-09-01,-1.8292682926829171,donor,insulated
Wholesale_Emp,1995-10-01,-2.4390243902439046,donor,insulated
Wholesale_Emp,1995-11-01,-1.8404907975460127,donor,insulated
Wholesale_Emp,1995-12-01,-2.4242424242424176,donor,insulated
Wholesale_Emp,1996-01-01,-1.8404907975460127,donor,insulated
Wholesale_Emp,1996-02-01,-1.8404907975460127,donor,insulated
Wholesale_Emp,1996-03-01,-1.8404907975460127,donor,insulated
Wholesale_Emp,1996-04-01,-2.453987730061346,donor,insulated
Wholesale_Emp,1996-05-01,-2.453987730061346,donor,insulated
Wholesale_Emp,1996-06-01,-2.4390243902439046,donor,insulated
Wholesale_Emp,1996-07-01,-0.6211180124223725,donor,insulated
Wholesale_Emp,1996-08-01,-0.6211180124223725,donor,insulated
Wholesale_Emp,1996-09-01,-1.242236024844734,donor,insulated
Wholesale_Emp,1996-10-01,-1.2499999999999956,donor,insulated
Wholesale_Emp,1996-11-01,-1.2499999999999956,donor,insulated
Wholesale_Emp,1996-12-01,-1.242236024844734,donor,insulated
Wholesale_Emp,1997-01-01,-2.500000000000002,donor,insulated
Wholesale_Emp,1997-02-01,-2.500000000000002,donor,insulated
Wholesale_Emp,1997-03-01,-2.500000000000002,donor,insulated
Wholesale_Emp,1997-04-01,-1.8867924528301885,donor,insulated
Wholesale_Emp,1997-05-01,-1.8867924528301885,donor,insulated
Wholesale_Emp,1997-06-01,-1.8750000000000044,donor,insulated
Wholesale_Emp,1997-07-01,-1.8750000000000044,donor,insulated
Wholesale_Emp,1997-08-01,-1.2499999999999956,donor,insulated
Wholesale_Emp,1997-09-01,-0.6289308176100628,donor,insulated
Wholesale_Emp,1997-10-01,0.0,donor,insulated
Wholesale_Emp,1997-11-01,0.0,donor,insulated
Wholesale_Emp,1997-12-01,0.6289308176100628,donor,insulated
Wholesale_Emp,1998-01-01,0.6410256410256387,donor,insulated
Wholesale_Emp,1998-02-01,1.2820512820512775,donor,insulated
Wholesale_Emp,1998-03-01,1.2820512820512775,donor,insulated
Wholesale_Emp,1998-04-01,1.923076923076916,donor,insulated
Wholesale_Emp,1998-05-01,1.923076923076916,donor,insulated
Wholesale_Emp,1998-06-01,1.273885350318471,donor,insulated
Wholesale_Emp,1998-07-01,1.273885350318471,donor,insulated
Wholesale_Emp,1998-08-01,0.6329113924050667,donor,insulated
Wholesale_Emp,1998-09-01,1.265822784810133,donor,insulated
Wholesale_Emp,1998-10-01,1.265822784810133,donor,insulated
Wholesale_Emp,1998-11-01,1.265822784810133,donor,insulated
Wholesale_Emp,1998-12-01,0.6250000000000089,donor,insulated
Wholesale_Emp,1999-01-01,0.0,donor,insulated
Wholesale_Emp,1999-02-01,-1.2658227848101222,donor,insulated
Wholesale_Emp,1999-03-01,-0.6329113924050667,donor,insulated
Wholesale_Emp,1999-04-01,-0.6289308176100628,donor,insulated
Wholesale_Emp,1999-05-01,-0.6289308176100628,donor,insulated
Wholesale_Emp,1999-06-01,-0.6289308176100628,donor,insulated
Wholesale_Emp,1999-07-01,-0.6289308176100628,donor,insulated
Wholesale_Emp,1999-08-01,0.0,donor,insulated
Wholesale_Emp,1999-09-01,-0.6249999999999978,donor,insulated
Wholesale_Emp,1999-10-01,0.0,donor,insulated
Wholesale_Emp,1999-11-01,0.0,donor,insulated
Wholesale_Emp,1999-12-01,0.6211180124223503,donor,insulated
Wholesale_Emp,2000-01-01,2.5477707006369643,donor,insulated
Wholesale_Emp,2000-02-01,3.205128205128216,donor,insulated
Wholesale_Emp,2000-03-01,3.1847133757961776,donor,insulated
Wholesale_Emp,2000-04-01,1.8987341772152,donor,insulated
Wholesale_Emp,2000-05-01,1.8987341772152,donor,insulated
Wholesale_Emp,2000-06-01,3.797468354430378,donor,insulated
Wholesale_Emp,2000-07-01,3.797468354430378,donor,insulated
Wholesale_Emp,2000-08-01,3.773584905660377,donor,insulated
Wholesale_Emp,2000-09-01,3.773584905660377,donor,insulated
Wholesale_Emp,2000-10-01,3.125,donor,insulated
Wholesale_Emp,2000-11-01,3.750000000000009,donor,insulated
Wholesale_Emp,2000-12-01,2.4691358024691468,donor,insulated
Wholesale_Emp,2001-01-01,2.4844720496894235,donor,insulated
Wholesale_Emp,2001-02-01,2.4844720496894235,donor,insulated
Wholesale_Emp,2001-03-01,1.85185185185186,donor,insulated
Wholesale_Emp,2001-04-01,2.4844720496894235,donor,insulated
Wholesale_Emp,2001-05-01,3.105590062111796,donor,insulated
Wholesale_Emp,2001-06-01,1.8292682926829285,donor,insulated
Wholesale_Emp,2001-07-01,1.2195121951219523,donor,insulated
Wholesale_Emp,2001-08-01,1.21212121212122,donor,insulated
Wholesale_Emp,2001-09-01,0.60606060606061,donor,insulated
Wholesale_Emp,2001-10-01,-0.60606060606061,donor,insulated
Wholesale_Emp,2001-11-01,-1.8072289156626509,donor,insulated
Wholesale_Emp,2001-12-01,-0.6024096385542133,donor,insulated
Wholesale_Emp,2002-01-01,-1.8181818181818188,donor,insulated
Wholesale_Emp,2002-02-01,-1.8181818181818188,donor,insulated
Wholesale_Emp,2002-03-01,-1.2121212121212088,donor,insulated
Wholesale_Emp,2002-04-01,-1.2121212121212088,donor,insulated
Wholesale_Emp,2002-05-01,-1.2048192771084376,donor,insulated
Wholesale_Emp,2002-06-01,-1.19760479041916,donor,insulated
Wholesale_Emp,2002-07-01,0.0,donor,insulated
Wholesale_Emp,2002-08-01,-0.5988023952095856,donor,insulated
Wholesale_Emp,2002-09-01,0.6024096385542244,donor,insulated
Wholesale_Emp,2002-10-01,2.4390243902439046,donor,insulated
Wholesale_Emp,2002-11-01,3.6809815950920255,donor,insulated
Wholesale_Emp,2002-12-01,3.6363636363636376,donor,insulated
Wholesale_Emp,2003-01-01,3.0864197530864117,donor,insulated
Wholesale_Emp,2003-02-01,3.0864197530864117,donor,insulated
Wholesale_Emp,2003-03-01,3.067484662576692,donor,insulated
Wholesale_Emp,2003-04-01,3.067484662576692,donor,insulated
Wholesale_Emp,2003-05-01,3.0487804878048808,donor,insulated
Wholesale_Emp,2003-06-01,2.4242424242424176,donor,insulated
Wholesale_Emp,2003-07-01,2.4096385542168752,donor,insulated
Wholesale_Emp,2003-08-01,2.4096385542168752,donor,insulated
Wholesale_Emp,2003-09-01,1.7964071856287456,donor,insulated
Wholesale_Emp,2003-10-01,1.1904761904761862,donor,insulated
Wholesale_Emp,2003-11-01,0.591715976331364,donor,insulated
Wholesale_Emp,2003-12-01,0.0,donor,insulated
Wholesale_Emp,2004-01-01,1.1976047904191711,donor,insulated
Wholesale_Emp,2004-02-01,1.7964071856287456,donor,insulated
Wholesale_Emp,2004-03-01,1.1904761904761862,donor,insulated
Wholesale_Emp,2004-04-01,1.7857142857142794,donor,insulated
Wholesale_Emp,2004-05-01,1.775147928994092,donor,insulated
Wholesale_Emp,2004-06-01,2.3668639053254337,donor,insulated
Wholesale_Emp,2004-07-01,1.764705882352935,donor,insulated
Wholesale_Emp,2004-08-01,1.764705882352935,donor,insulated
Wholesale_Emp,2004-09-01,1.764705882352935,donor,insulated
Wholesale_Emp,2004-10-01,2.35294117647058,donor,insulated
Wholesale_Emp,2004-11-01,2.941176470588225,donor,insulated
Wholesale_Emp,2004-12-01,2.923976608187129,donor,insulated
Wholesale_Emp,2005-01-01,2.3668639053254337,donor,insulated
Wholesale_Emp,2005-02-01,2.941176470588225,donor,insulated
Wholesale_Emp,2005-03-01,3.529411764705892,donor,insulated
Wholesale_Emp,2005-04-01,2.923976608187129,donor,insulated
Wholesale_Emp,2005-05-01,2.906976744186052,donor,insulated
Wholesale_Emp,2005-06-01,2.8901734104046284,donor,insulated
Wholesale_Emp,2005-07-01,3.4682080924855585,donor,insulated
Wholesale_Emp,2005-08-01,4.046242774566466,donor,insulated
Wholesale_Emp,2005-09-01,4.6242774566473965,donor,insulated
Wholesale_Emp,2005-10-01,4.022988505747116,donor,insulated
Wholesale_Emp,2005-11-01,3.4285714285714253,donor,insulated
Wholesale_Emp,2005-12-01,3.977272727272729,donor,insulated
Wholesale_Emp,2006-01-01,3.4682080924855585,donor,insulated
Wholesale_Emp,2006-02-01,2.285714285714291,donor,insulated
Wholesale_Emp,2006-03-01,1.7045454545454586,donor,insulated
Wholesale_Emp,2006-04-01,2.2727272727272707,donor,insulated
Wholesale_Emp,2006-05-01,2.259887005649719,donor,insulated
Wholesale_Emp,2006-06-01,2.80898876404494,donor,insulated
Wholesale_Emp,2006-07-01,1.6759776536312776,donor,insulated
Wholesale_Emp,2006-08-01,2.2222222222222143,donor,insulated
Wholesale_Emp,2006-09-01,1.6574585635359185,donor,insulated
Wholesale_Emp,2006-10-01,1.6574585635359185,donor,insulated
Wholesale_Emp,2006-11-01,2.7624309392265234,donor,insulated
Wholesale_Emp,2006-12-01,2.1857923497267784,donor,insulated
Wholesale_Emp,2007-01-01,2.793296089385477,donor,insulated
Wholesale_Emp,2007-02-01,2.793296089385477,donor,insulated
Wholesale_Emp,2007-03-01,3.910614525139655,donor,insulated
Wholesale_Emp,2007-04-01,2.777777777777768,donor,insulated
Wholesale_Emp,2007-05-01,2.7624309392265234,donor,insulated
Wholesale_Emp,2007-06-01,2.732240437158473,donor,insulated
Wholesale_Emp,2007-07-01,3.296703296703307,donor,insulated
Wholesale_Emp,2007-08-01,2.717391304347827,donor,insulated
Wholesale_Emp,2007-09-01,3.260869565217384,donor,insulated
Wholesale_Emp,2007-10-01,3.260869565217384,donor,insulated
Wholesale_Emp,2007-11-01,3.7634408602150495,donor,insulated
Wholesale_Emp,2007-12-01,3.743315508021383,donor,insulated
Wholesale_Emp,2008-01-01,3.260869565217384,donor,insulated
Wholesale_Emp,2008-02-01,3.8043478260869614,donor,insulated
Wholesale_Emp,2008-03-01,3.2258064516129004,donor,insulated
Wholesale_Emp,2008-04-01,3.2432432432432323,donor,insulated
Wholesale_Emp,2008-05-01,3.2258064516129004,donor,insulated
Wholesale_Emp,2008-06-01,2.127659574468077,donor,insulated
Wholesale_Emp,2008-07-01,2.127659574468077,donor,insulated
Wholesale_Emp,2008-08-01,1.0582010582010692,donor,insulated
Wholesale_Emp,2008-09-01,0.5263157894736858,donor,insulated
Wholesale_Emp,2008-10-01,0.0,donor,insulated
Wholesale_Emp,2008-11-01,-2.072538860103623,donor,insulated
Wholesale_Emp,2008-12-01,-2.577319587628868,donor,insulated
Wholesale_Emp,2009-01-01,-2.631578947368418,donor,insulated
Wholesale_Emp,2009-02-01,-3.6649214659685847,donor,insulated
Wholesale_Emp,2009-03-01,-4.6875,donor,insulated
Wholesale_Emp,2009-04-01,-4.712041884816753,donor,insulated
Wholesale_Emp,2009-05-01,-5.729166666666663,donor,insulated
Wholesale_Emp,2009-06-01,-5.729166666666663,donor,insulated
Wholesale_Emp,2009-07-01,-5.729166666666663,donor,insulated
Wholesale_Emp,2009-08-01,-5.759162303664922,donor,insulated
Wholesale_Emp,2009-09-01,-5.235602094240843,donor,insulated
Wholesale_Emp,2009-10-01,-5.263157894736848,donor,insulated
Wholesale_Emp,2009-11-01,-4.761904761904767,donor,insulated
Wholesale_Emp,2009-12-01,-4.232804232804233,donor,insulated
Wholesale_Emp,2010-01-01,-3.7837837837837776,donor,insulated
Wholesale_Emp,2010-02-01,-3.2608695652173947,donor,insulated
Wholesale_Emp,2010-03-01,-2.1857923497267784,donor,insulated
Wholesale_Emp,2010-04-01,-1.6483516483516536,donor,insulated
Wholesale_Emp,2010-05-01,-1.104972375690605,donor,insulated
Wholesale_Emp,2010-06-01,-1.104972375690605,donor,insulated
Wholesale_Emp,2010-07-01,-0.5524861878453025,donor,insulated
Wholesale_Emp,2010-08-01,-0.5555555555555536,donor,insulated
Wholesale_Emp,2010-09-01,-1.104972375690605,donor,insulated
Wholesale_Emp,2010-10-01,0.0,donor,insulated
Wholesale_Emp,2010-11-01,0.0,donor,insulated
Wholesale_Emp,2010-12-01,-0.5524861878453025,donor,insulated
Wholesale_Emp,2011-01-01,-1.1235955056179805,donor,insulated
Wholesale_Emp,2011-02-01,-1.1235955056179805,donor,insulated
Wholesale_Emp,2011-03-01,-1.6759776536312887,donor,insulated
Wholesale_Emp,2011-04-01,-1.6759776536312887,donor,insulated
Wholesale_Emp,2011-05-01,-1.1173184357541888,donor,insulated
Wholesale_Emp,2011-06-01,-1.1173184357541888,donor,insulated
Wholesale_Emp,2011-07-01,-1.1111111111111072,donor,insulated
Wholesale_Emp,2011-08-01,-0.5586592178770999,donor,insulated
Wholesale_Emp,2011-09-01,-0.5586592178770999,donor,insulated
Wholesale_Emp,2011-10-01,-0.5555555555555536,donor,insulated
Wholesale_Emp,2011-11-01,-0.5555555555555536,donor,insulated
Wholesale_Emp,2011-12-01,0.5555555555555536,donor,insulated
Wholesale_Emp,2012-01-01,1.1363636363636465,donor,insulated
Wholesale_Emp,2012-02-01,1.1363636363636465,donor,insulated
Wholesale_Emp,2012-03-01,1.7045454545454586,donor,insulated
Wholesale_Emp,2012-04-01,1.1363636363636465,donor,insulated
Wholesale_Emp,2012-05-01,0.5649717514124353,donor,insulated
Wholesale_Emp,2012-06-01,1.6949152542372836,donor,insulated
Wholesale_Emp,2012-07-01,1.1235955056179805,donor,insulated
Wholesale_Emp,2012-08-01,1.6853932584269593,donor,insulated
Wholesale_Emp,2012-09-01,1.6853932584269593,donor,insulated
Wholesale_Emp,2012-10-01,1.1173184357542,donor,insulated
Wholesale_Emp,2012-11-01,1.6759776536312776,donor,insulated
Wholesale_Emp,2012-12-01,0.5524861878453136,donor,insulated
Wholesale_Emp,2013-01-01,1.1235955056179805,donor,insulated
Wholesale_Emp,2013-02-01,1.1235955056179805,donor,insulated
Wholesale_Emp,2013-03-01,1.1173184357542,donor,insulated
Wholesale_Emp,2013-04-01,1.1235955056179805,donor,insulated
Wholesale_Emp,2013-05-01,1.1235955056179805,donor,insulated
Wholesale_Emp,2013-06-01,0.0,donor,insulated
Wholesale_Emp,2013-07-01,0.0,donor,insulated
Wholesale_Emp,2013-08-01,-0.5524861878453025,donor,insulated
Wholesale_Emp,2013-09-01,-0.5524861878453025,donor,insulated
Wholesale_Emp,2013-10-01,-0.5524861878453025,donor,insulated
Wholesale_Emp,2013-11-01,-1.098901098901095,donor,insulated
Wholesale_Emp,2013-12-01,-0.5494505494505475,donor,insulated
Wholesale_Emp,2014-01-01,0.0,donor,insulated
Wholesale_Emp,2014-02-01,-0.5555555555555536,donor,insulated
Wholesale_Emp,2014-03-01,-0.5524861878453025,donor,insulated
Wholesale_Emp,2014-04-01,-0.5555555555555536,donor,insulated
Wholesale_Emp,2014-05-01,0.0,donor,insulated
Wholesale_Emp,2014-06-01,0.5555555555555536,donor,insulated
Wholesale_Emp,2014-07-01,0.0,donor,insulated
Wholesale_Emp,2014-08-01,0.0,donor,insulated
Wholesale_Emp,2014-09-01,0.5555555555555536,donor,insulated
Wholesale_Emp,2014-10-01,1.1111111111111072,donor,insulated
Wholesale_Emp,2014-11-01,1.6666666666666607,donor,insulated
Wholesale_Emp,2014-12-01,2.20994475138121,donor,insulated
Wholesale_Emp,2015-01-01,1.1111111111111072,donor,insulated
Wholesale_Emp,2015-02-01,1.6759776536312776,donor,insulated
Wholesale_Emp,2015-03-01,1.6666666666666607,donor,insulated
Wholesale_Emp,2015-04-01,1.6759776536312776,donor,insulated
Wholesale_Emp,2015-05-01,1.6666666666666607,donor,insulated
Wholesale_Emp,2015-06-01,1.104972375690605,donor,insulated
Wholesale_Emp,2015-07-01,2.2222222222222143,donor,insulated
Wholesale_Emp,2015-08-01,2.2222222222222143,donor,insulated
Wholesale_Emp,2015-09-01,1.6574585635359185,donor,insulated
Wholesale_Emp,2015-10-01,0.5494505494505475,donor,insulated
Wholesale_Emp,2015-11-01,0.0,donor,insulated
Wholesale_Emp,2015-12-01,-0.540540540540535,donor,insulated
Wholesale_Emp,2016-01-01,-0.5494505494505475,donor,insulated
Wholesale_Emp,2016-02-01,-0.5494505494505475,donor,insulated
Wholesale_Emp,2016-03-01,-1.6393442622950838,donor,insulated
Wholesale_Emp,2016-04-01,0.0,donor,insulated
Wholesale_Emp,2016-05-01,-0.5464480874316946,donor,insulated
Wholesale_Emp,2016-06-01,0.0,donor,insulated
Wholesale_Emp,2016-07-01,-0.5434782608695676,donor,insulated
Wholesale_Emp,2016-08-01,0.0,donor,insulated
Wholesale_Emp,2016-09-01,-0.5434782608695676,donor,insulated
Wholesale_Emp,2016-10-01,0.5464480874316946,donor,insulated
Wholesale_Emp,2016-11-01,0.5464480874316946,donor,insulated
Wholesale_Emp,2016-12-01,0.5434782608695565,donor,insulated
Wholesale_Emp,2017-01-01,1.104972375690605,donor,insulated
Wholesale_Emp,2017-02-01,1.104972375690605,donor,insulated
Wholesale_Emp,2017-03-01,1.6666666666666607,donor,insulated
Wholesale_Emp,2017-04-01,0.5494505494505475,donor,insulated
Wholesale_Emp,2017-05-01,0.5494505494505475,donor,insulated
Wholesale_Emp,2017-06-01,0.5464480874316946,donor,insulated
Wholesale_Emp,2017-07-01,0.0,donor,insulated
Wholesale_Emp,2017-08-01,0.0,donor,insulated
Wholesale_Emp,2017-09-01,0.5464480874316946,donor,insulated
Wholesale_Emp,2017-10-01,0.0,donor,insulated
Wholesale_Emp,2017-11-01,0.5434782608695565,donor,insulated
Wholesale_Emp,2017-12-01,0.540540540540535,donor,insulated
Wholesale_Emp,2018-01-01,0.0,donor,insulated
Wholesale_Emp,2018-02-01,0.0,donor,insulated
Wholesale_Emp,2018-03-01,0.0,donor,insulated
Wholesale_Emp,2018-04-01,0.0,donor,insulated
Wholesale_Emp,2018-05-01,0.0,donor,insulated
Wholesale_Emp,2018-06-01,0.0,donor,insulated
Wholesale_Emp,2018-07-01,0.5464480874316946,donor,insulated
Wholesale_Emp,2018-08-01,-0.5434782608695676,donor,insulated
Wholesale_Emp,2018-09-01,-0.5434782608695676,donor,insulated
Wholesale_Emp,2018-10-01,-0.5434782608695676,donor,insulated
Wholesale_Emp,2018-11-01,-1.0810810810810811,donor,insulated
Wholesale_Emp,2018-12-01,-0.5376344086021501,donor,insulated
Wholesale_Emp,2019-01-01,1.0928961748633892,donor,insulated
Wholesale_Emp,2019-02-01,0.5464480874316946,donor,insulated
Wholesale_Emp,2019-03-01,0.5464480874316946,donor,insulated
Wholesale_Emp,2019-04-01,0.0,donor,insulated
Wholesale_Emp,2019-05-01,0.0,donor,insulated
Wholesale_Emp,2019-06-01,0.0,donor,insulated
Wholesale_Emp,2019-07-01,-1.0869565217391353,donor,insulated
Wholesale_Emp,2019-08-01,-0.5464480874316946,donor,insulated
Wholesale_Emp,2019-09-01,-0.5464480874316946,donor,insulated
Wholesale_Emp,2019-10-01,-0.5464480874316946,donor,insulated
Wholesale_Emp,2019-11-01,0.0,donor,insulated
Wholesale_Emp,2019-12-01,-1.0810810810810811,donor,insulated
Wholesale_Emp,2020-01-01,-1.6216216216216162,donor,insulated
Wholesale_Emp,2020-02-01,-1.6304347826086918,donor,insulated
Wholesale_Emp,2020-03-01,-2.1739130434782594,donor,insulated
Wholesale_Emp,2020-04-01,-12.021857923497258,donor,insulated
Wholesale_Emp,2020-05-01,-12.021857923497258,donor,insulated
Wholesale_Emp,2020-06-01,-12.49999999999999,donor,insulated
Wholesale_Emp,2020-07-01,-12.637362637362637,donor,insulated
Wholesale_Emp,2020-08-01,-13.186813186813184,donor,insulated
Wholesale_Emp,2020-09-01,-13.736263736263732,donor,insulated
Wholesale_Emp,2020-10-01,-13.186813186813184,donor,insulated
Wholesale_Emp,2020-11-01,-13.11475409836066,donor,insulated
Wholesale_Emp,2020-12-01,-12.021857923497258,donor,insulated
Florida,2004-06-01,13.200803212851406,donor,travel-demand
Florida,2004-07-01,13.30642060745867,donor,travel-demand
Florida,2004-08-01,13.56731475397163,donor,travel-demand
Florida,2004-09-01,11.363445906310233,donor,travel-demand
Florida,2004-10-01,13.37148195725797,donor,travel-demand
Florida,2004-11-01,17.40988909426987,donor,travel-demand
Florida,2004-12-01,16.857081267514552,donor,travel-demand
Florida,2005-01-01,10.420787014935552,donor,travel-demand
Florida,2005-02-01,7.149289920332526,donor,travel-demand
Florida,2005-03-01,13.116102499209113,donor,travel-demand
Florida,2005-04-01,12.171447631754504,donor,travel-demand
Florida,2005-05-01,8.561183325862842,donor,travel-demand
Florida,2005-06-01,8.791286763401567,donor,travel-demand
Florida,2005-07-01,8.618642054901429,donor,travel-demand
Florida,2005-08-01,7.481025152309316,donor,travel-demand
Florida,2005-09-01,5.308902099480774,donor,travel-demand
Florida,2005-10-01,5.9813212470814445,donor,travel-demand
Florida,2005-11-01,3.981763914854538,donor,travel-demand
Florida,2005-12-01,0.7040521429010638,donor,travel-demand
Florida,2006-01-01,-0.4416033598912976,donor,travel-demand
Florida,2006-02-01,-1.787676989720049,donor,travel-demand
Florida,2006-03-01,-1.7731289853451169,donor,travel-demand
Florida,2006-04-01,-0.3062832674180023,donor,travel-demand
Florida,2006-05-01,-1.460966778885854,donor,travel-demand
Florida,2006-06-01,-2.5957932496331324,donor,travel-demand
Florida,2006-07-01,-3.4425666177251566,donor,travel-demand
Florida,2006-08-01,-3.138161436397606,donor,travel-demand
Florida,2006-09-01,-0.1643502804673264,donor,travel-demand
Florida,2006-10-01,-3.1523359035832312,donor,travel-demand
Florida,2006-11-01,-3.8355991546541337,donor,travel-demand
Florida,2006-12-01,1.8317814074187149,donor,travel-demand
Florida,2007-01-01,6.234684698656906,donor,travel-demand
Florida,2007-02-01,5.677890787005036,donor,travel-demand
Florida,2007-03-01,6.3265189909458455,donor,travel-demand
Florida,2007-04-01,5.31826045457257,donor,travel-demand
Florida,2007-05-01,7.258428414877844,donor,travel-demand
Florida,2007-06-01,7.0072650574173885,donor,travel-demand
Florida,2007-07-01,6.842667184315249,donor,travel-demand
Florida,2007-08-01,6.561396626127894,donor,travel-demand
Florida,2007-09-01,3.9079554808002,donor,travel-demand
Florida,2007-10-01,3.6396480781453855,donor,travel-demand
Florida,2007-11-01,5.274379243612031,donor,travel-demand
Florida,2007-12-01,3.4267725978114227,donor,travel-demand
Florida,2008-01-01,-0.9985693012934684,donor,travel-demand
Florida,2008-02-01,3.2236965053261075,donor,travel-demand
Florida,2008-03-01,1.6977292202227934,donor,travel-demand
Florida,2008-04-01,-0.6570562746042086,donor,travel-demand
Florida,2008-05-01,-0.1953242382354708,donor,travel-demand
Florida,2008-06-01,0.1095050372317126,donor,travel-demand
Florida,2008-07-01,-0.5904796511627907,donor,travel-demand
Florida,2008-08-01,-2.199723884031293,donor,travel-demand
Florida,2008-09-01,-8.338212502152574,donor,travel-demand
Florida,2008-10-01,-8.30509021658436,donor,travel-demand
Florida,2008-11-01,-6.530612244897959,donor,travel-demand
Florida,2008-12-01,-7.154037915241464,donor,travel-demand
Florida,2009-01-01,-7.541215678178547,donor,travel-demand
Florida,2009-02-01,-10.563954014664615,donor,travel-demand
Florida,2009-03-01,-8.202117015114013,donor,travel-demand
Florida,2009-04-01,-6.653932776463209,donor,travel-demand
Florida,2009-05-01,-8.117303465510494,donor,travel-demand
Florida,2009-06-01,-8.616432790574116,donor,travel-demand
Florida,2009-07-01,-7.012092966584422,donor,travel-demand
Florida,2009-08-01,-6.935817805383023,donor,travel-demand
Florida,2009-09-01,-3.8776583752912,donor,travel-demand
Florida,2009-10-01,-1.7811883976344691,donor,travel-demand
Florida,2009-11-01,-3.0967698923297444,donor,travel-demand
Florida,2009-12-01,-0.4152357165157665,donor,travel-demand
Florida,2010-01-01,0.7017543859649122,donor,travel-demand
Florida,2010-02-01,0.9244264507422404,donor,travel-demand
Florida,2010-03-01,0.0430255571809655,donor,travel-demand
Florida,2010-04-01,0.4978163271538955,donor,travel-demand
Florida,2010-05-01,4.397548907166497,donor,travel-demand
Florida,2010-06-01,6.104651162790697,donor,travel-demand
Florida,2010-07-01,3.911291643463164,donor,travel-demand
Florida,2010-08-01,3.3302996595543872,donor,travel-demand
Florida,2010-09-01,6.7469314361660535,donor,travel-demand
Florida,2010-10-01,4.738011612070819,donor,travel-demand
Florida,2010-11-01,6.762985896112832,donor,travel-demand
Florida,2010-12-01,6.699689625983635,donor,travel-demand
Florida,2011-01-01,5.666772252138106,donor,travel-demand
Florida,2011-02-01,3.844353814267567,donor,travel-demand
Florida,2011-03-01,6.023854578817592,donor,travel-demand
Florida,2011-04-01,5.825685285358293,donor,travel-demand
Florida,2011-05-01,0.4206032832166735,donor,travel-demand
Florida,2011-06-01,-0.2965350523771152,donor,travel-demand
Florida,2011-07-01,2.0837930708363546,donor,travel-demand
Florida,2011-08-01,0.848148752242701,donor,travel-demand
Florida,2011-09-01,-0.3149260290024901,donor,travel-demand
Florida,2011-10-01,0.4140432521215439,donor,travel-demand
Florida,2011-11-01,-2.967521587833484,donor,travel-demand
Florida,2011-12-01,-3.25850619968267,donor,travel-demand
Florida,2012-01-01,-3.4893132288138133,donor,travel-demand
Florida,2012-02-01,0.9657481328869432,donor,travel-demand
Florida,2012-03-01,-2.955731631466508,donor,travel-demand
Florida,2012-04-01,-5.843838842144559,donor,travel-demand
Florida,2012-05-01,-2.581814771981371,donor,travel-demand
Florida,2012-06-01,-1.6713542171790643,donor,travel-demand
Florida,2012-07-01,-2.723735408560312,donor,travel-demand
Florida,2012-08-01,-4.108038169173541,donor,travel-demand
Florida,2012-09-01,-4.819631180662699,donor,travel-demand
Florida,2012-10-01,-4.505026409950587,donor,travel-demand
Florida,2012-11-01,-2.07205711439482,donor,travel-demand
Florida,2012-12-01,-2.7729688686408505,donor,travel-demand
Florida,2013-01-01,-2.248796396956049,donor,travel-demand
Florida,2013-02-01,-4.450962887386813,donor,travel-demand
Florida,2013-03-01,1.418380426907429,donor,travel-demand
Florida,2013-04-01,0.951567646700012,donor,travel-demand
Florida,2013-05-01,0.2534732248852953,donor,travel-demand
Florida,2013-06-01,-0.6706996317727512,donor,travel-demand
Florida,2013-07-01,-1.2571428571428571,donor,travel-demand
Florida,2013-08-01,-1.3324337999662674,donor,travel-demand
Florida,2013-09-01,-2.342724816673099,donor,travel-demand
Florida,2013-10-01,0.0392534703636298,donor,travel-demand
Florida,2013-11-01,-0.7324268420874165,donor,travel-demand
Florida,2013-12-01,0.5685367987004873,donor,travel-demand
Florida,2014-01-01,-0.5052270344126338,donor,travel-demand
Florida,2014-02-01,-1.7051521623064605,donor,travel-demand
Florida,2014-03-01,-2.0332463250446486,donor,travel-demand
Florida,2014-04-01,-3.4864048338368576,donor,travel-demand
Florida,2014-05-01,-2.240286756704858,donor,travel-demand
Florida,2014-06-01,-5.097312326227989,donor,travel-demand
Florida,2014-07-01,-5.533050411522634,donor,travel-demand
Florida,2014-08-01,-5.039316239316239,donor,travel-demand
Florida,2014-09-01,-2.0629964826305183,donor,travel-demand
Florida,2014-10-01,-3.856031961189984,donor,travel-demand
Florida,2014-11-01,-3.053800170794193,donor,travel-demand
Florida,2014-12-01,-3.1216996955954524,donor,travel-demand
Florida,2015-01-01,1.4052120592743995,donor,travel-demand
Florida,2015-02-01,-0.7366670061445497,donor,travel-demand
Florida,2015-03-01,0.1963259009956528,donor,travel-demand
Florida,2015-04-01,1.3084580229136669,donor,travel-demand
Florida,2015-05-01,-0.3863026255483533,donor,travel-demand
Florida,2015-06-01,2.378627232142857,donor,travel-demand
Florida,2015-07-01,2.4231698601232003,donor,travel-demand
Florida,2015-08-01,2.289746543778802,donor,travel-demand
Florida,2015-09-01,0.573019652152859,donor,travel-demand
Florida,2015-10-01,0.9535116684599116,donor,travel-demand
Florida,2015-11-01,3.421302984390965,donor,travel-demand
Florida,2015-12-01,4.540062201417166,donor,travel-demand
Florida,2016-01-01,0.0818846056941295,donor,travel-demand
Florida,2016-02-01,4.117647058823529,donor,travel-demand
Florida,2016-03-01,-1.1224632610216934,donor,travel-demand
Florida,2016-04-01,-2.0485724879495737,donor,travel-demand
Florida,2016-05-01,-2.267648218745892,donor,travel-demand
Florida,2016-06-01,-1.69312529808544,donor,travel-demand
Florida,2016-07-01,-1.8341917262003653,donor,travel-demand
Florida,2016-08-01,-2.417992397578488,donor,travel-demand
Florida,2016-09-01,-1.4484612606829037,donor,travel-demand
Florida,2016-10-01,-1.7456817346563764,donor,travel-demand
Florida,2016-11-01,-2.095257563368765,donor,travel-demand
Florida,2016-12-01,-1.975157184480908,donor,travel-demand
Florida,2017-01-01,-0.7300648247215055,donor,travel-demand
Florida,2017-02-01,-4.700433582972014,donor,travel-demand
Florida,2017-03-01,0.6652700713395991,donor,travel-demand
Florida,2017-04-01,4.9178259360903445,donor,travel-demand
Florida,2017-05-01,1.3047279574954602,donor,travel-demand
Florida,2017-06-01,2.3425858543854177,donor,travel-demand
Florida,2017-07-01,2.934705344751718,donor,travel-demand
Florida,2017-08-01,3.7944093778178543,donor,travel-demand
Florida,2017-09-01,1.229541568276199,donor,travel-demand
Florida,2017-10-01,3.048438376659809,donor,travel-demand
Florida,2017-11-01,1.746876848662004,donor,travel-demand
Florida,2017-12-01,0.8541660148305747,donor,travel-demand
Florida,2018-01-01,23.397578139859256,donor,travel-demand
Florida,2018-02-01,24.750973701444178,donor,travel-demand
Florida,2018-03-01,22.388143648584045,donor,travel-demand
Florida,2018-04-01,16.834034876728804,donor,travel-demand
Florida,2018-05-01,25.044811790479983,donor,travel-demand
Florida,2018-06-01,24.49463312227,donor,travel-demand
Florida,2018-07-01,23.919763235777705,donor,travel-demand
Florida,2018-08-01,23.07050769711923,donor,travel-demand
Florida,2018-09-01,28.844916344916346,donor,travel-demand
Florida,2018-10-01,26.92196007259528,donor,travel-demand
Florida,2018-11-01,25.356544341461746,donor,travel-demand
Florida,2018-12-01,25.2373270459763,donor,travel-demand
Florida,2019-01-01,4.017776864387186,donor,travel-demand
Florida,2019-02-01,3.340332651820744,donor,travel-demand
Florida,2019-03-01,5.257352941176471,donor,travel-demand
Florida,2019-04-01,6.943050515967987,donor,travel-demand
Florida,2019-05-01,4.178280374824135,donor,travel-demand
Florida,2019-06-01,3.130524655261512,donor,travel-demand
Florida,2019-07-01,2.9083961362912643,donor,travel-demand
Florida,2019-08-01,3.3995934041111364,donor,travel-demand
Florida,2019-09-01,2.4503683356224246,donor,travel-demand
Florida,2019-10-01,4.770211914090428,donor,travel-demand
Florida,2019-11-01,6.635200392873708,donor,travel-demand
Florida,2019-12-01,8.977185464093736,donor,travel-demand
Florida,2020-01-01,6.050727322120965,donor,travel-demand
Florida,2020-02-01,10.996444135497152,donor,travel-demand
Florida,2020-03-01,4.381330771917568,donor,travel-demand
Florida,2020-04-01,-47.51064802560339,donor,travel-demand
Florida,2020-05-01,-70.42170977194547,donor,travel-demand
Florida,2020-06-01,-56.52460572815022,donor,travel-demand
Florida,2020-07-01,-35.17276946879835,donor,travel-demand
Florida,2020-08-01,-39.56308028399781,donor,travel-demand
Florida,2020-09-01,-46.70180677005576,donor,travel-demand
Florida,2020-10-01,-41.01269278012829,donor,travel-demand
Florida,2020-11-01,-30.46948957400537,donor,travel-demand
Florida,2020-12-01,-31.77323665128543,donor,travel-demand
Florida,2021-01-01,-32.68670967140961,donor,travel-demand
Florida,2021-02-01,-33.42566721264091,donor,travel-demand
Florida,2021-03-01,-16.540834466171702,donor,travel-demand
Florida,2021-04-01,83.2118461467932,donor,travel-demand
Florida,2021-05-01,252.14507236388695,donor,travel-demand
Florida,2021-06-01,147.12162572035183,donor,travel-demand
Florida,2021-07-01,67.75258552108194,donor,travel-demand
Florida,2021-08-01,80.44008675221399,donor,travel-demand
Florida,2021-09-01,92.16829588978447,donor,travel-demand
Florida,2021-10-01,77.59833410458121,donor,travel-demand
Florida,2021-11-01,54.27215189873418,donor,travel-demand
Florida,2021-12-01,51.71747459603532,donor,travel-demand
Florida,2022-01-01,52.357723577235774,donor,travel-demand
Florida,2022-02-01,46.64423459604182,donor,travel-demand
Florida,2022-03-01,19.435673833508744,donor,travel-demand
Florida,2022-04-01,10.086577920128114,donor,travel-demand
Florida,2022-05-01,3.503192504342296,donor,travel-demand
Florida,2022-06-01,-6.288968530610241,donor,travel-demand
Florida,2022-07-01,-6.96654257463306,donor,travel-demand
Florida,2022-08-01,-5.982221109302617,donor,travel-demand
Florida,2022-09-01,2.983698238933841,donor,travel-demand
Florida,2022-10-01,-2.975585606712004,donor,travel-demand
Florida,2022-11-01,-6.778771615980918,donor,travel-demand
Florida,2022-12-01,-6.414423119153234,donor,travel-demand
Florida,2023-01-01,-4.393832739163014,donor,travel-demand
Florida,2023-02-01,-2.7682514618440206,donor,travel-demand
Florida,2023-03-01,-2.0855188619864884,donor,travel-demand
Florida,2023-04-01,1.2933287873622004,donor,travel-demand
Florida,2023-05-01,0.9477888865253256,donor,travel-demand
Florida,2023-06-01,5.346290863369656,donor,travel-demand
Florida,2023-07-01,6.779661016949152,donor,travel-demand
Florida,2023-08-01,6.253662174399404,donor,travel-demand
Florida,2023-09-01,4.364655247118635,donor,travel-demand
Florida,2023-10-01,10.932674490426187,donor,travel-demand
Florida,2023-11-01,11.337410127165263,donor,travel-demand
Florida,2023-12-01,11.5916183682568,donor,travel-demand
Florida,2024-01-01,10.868326049781492,donor,travel-demand
Florida,2024-02-01,13.34974244461925,donor,travel-demand
Florida,2024-03-01,11.901088540327418,donor,travel-demand
Florida,2024-04-01,4.86491338299973,donor,travel-demand
Florida,2024-05-01,4.811519550456567,donor,travel-demand
Florida,2024-06-01,3.881443170798419,donor,travel-demand
Florida,2024-07-01,1.2507459124000475,donor,travel-demand
Florida,2024-08-01,-2.225898631373139,donor,travel-demand
Florida,2024-09-01,-2.917243288126211,donor,travel-demand
Orlando,2004-06-01,15.990547459629775,donor,travel-demand
Orlando,2004-07-01,15.524545228008972,donor,travel-demand
Orlando,2004-08-01,17.1256885327992,donor,travel-demand
Orlando,2004-09-01,16.620033575825406,donor,travel-demand
Orlando,2004-10-01,19.210122699386503,donor,travel-demand
Orlando,2004-11-01,25.03556187766714,donor,travel-demand
Orlando,2004-12-01,24.883148831488317,donor,travel-demand
Orlando,2005-01-01,19.6684693157771,donor,travel-demand
Orlando,2005-02-01,11.477572559366754,donor,travel-demand
Orlando,2005-03-01,16.007450421825354,donor,travel-demand
Orlando,2005-04-01,12.241706690494809,donor,travel-demand
Orlando,2005-05-01,9.076594308851648,donor,travel-demand
Orlando,2005-06-01,8.851160158460667,donor,travel-demand
Orlando,2005-07-01,10.030198446937016,donor,travel-demand
Orlando,2005-08-01,6.883283454467722,donor,travel-demand
Orlando,2005-09-01,6.09404990403071,donor,travel-demand
Orlando,2005-10-01,5.221400235874343,donor,travel-demand
Orlando,2005-11-01,3.8059778674113134,donor,travel-demand
Orlando,2005-12-01,2.639613907219541,donor,travel-demand
Orlando,2006-01-01,-0.8252284114353079,donor,travel-demand
Orlando,2006-02-01,0.8391608391608392,donor,travel-demand
Orlando,2006-03-01,1.6717038156403476,donor,travel-demand
Orlando,2006-04-01,4.497959996019504,donor,travel-demand
Orlando,2006-05-01,4.650443390389771,donor,travel-demand
Orlando,2006-06-01,1.6533222418633668,donor,travel-demand
Orlando,2006-07-01,-0.2058419917663203,donor,travel-demand
Orlando,2006-08-01,-0.32,donor,travel-demand
Orlando,2006-09-01,1.2663952962460423,donor,travel-demand
Orlando,2006-10-01,-2.221316486651722,donor,travel-demand
Orlando,2006-11-01,-5.5096144266215,donor,travel-demand
Orlando,2006-12-01,-3.349006813165724,donor,travel-demand
Orlando,2007-01-01,1.8226844972758796,donor,travel-demand
Orlando,2007-02-01,3.2540275258721865,donor,travel-demand
Orlando,2007-03-01,4.412447747329308,donor,travel-demand
Orlando,2007-04-01,4.437672602609275,donor,travel-demand
Orlando,2007-05-01,8.710217755443885,donor,travel-demand
Orlando,2007-06-01,12.152209492635023,donor,travel-demand
Orlando,2007-07-01,13.417149592377958,donor,travel-demand
Orlando,2007-08-01,14.636837881219902,donor,travel-demand
Orlando,2007-09-01,10.741402411790975,donor,travel-demand
Orlando,2007-10-01,10.379324718632764,donor,travel-demand
Orlando,2007-11-01,13.00084352593842,donor,travel-demand
Orlando,2007-12-01,13.592136616362192,donor,travel-demand
Orlando,2008-01-01,7.627201089600155,donor,travel-demand
Orlando,2008-02-01,10.61169663153544,donor,travel-demand
Orlando,2008-03-01,8.06049822064057,donor,travel-demand
Orlando,2008-04-01,5.160937357527127,donor,travel-demand
Orlando,2008-05-01,5.9548626846732535,donor,travel-demand
Orlando,2008-06-01,3.210507114191901,donor,travel-demand
Orlando,2008-07-01,0.2684680003464103,donor,travel-demand
Orlando,2008-08-01,-2.4503369213266826,donor,travel-demand
Orlando,2008-09-01,-7.612421859245816,donor,travel-demand
Orlando,2008-10-01,-8.08157099697885,donor,travel-demand
Orlando,2008-11-01,-5.495941028272838,donor,travel-demand
Orlando,2008-12-01,-6.878769338344551,donor,travel-demand
Orlando,2009-01-01,-6.779354605441562,donor,travel-demand
Orlando,2009-02-01,-10.014012143858013,donor,travel-demand
Orlando,2009-03-01,-6.627696360941873,donor,travel-demand
Orlando,2009-04-01,-6.442382727824504,donor,travel-demand
Orlando,2009-05-01,-10.196749358426004,donor,travel-demand
Orlando,2009-06-01,-9.21703782255214,donor,travel-demand
Orlando,2009-07-01,-8.023838314043877,donor,travel-demand
Orlando,2009-08-01,-8.181573517538352,donor,travel-demand
Orlando,2009-09-01,-5.9260067663429,donor,travel-demand
Orlando,2009-10-01,-3.420295809367296,donor,travel-demand
Orlando,2009-11-01,-5.154028436018957,donor,travel-demand
Orlando,2009-12-01,-2.778299230336024,donor,travel-demand
Orlando,2010-01-01,-2.433821390478037,donor,travel-demand
Orlando,2010-02-01,-1.9723865877712032,donor,travel-demand
Orlando,2010-03-01,-2.1955735825764924,donor,travel-demand
Orlando,2010-04-01,-2.242817423540315,donor,travel-demand
Orlando,2010-05-01,-0.2571918460659173,donor,travel-demand
Orlando,2010-06-01,2.0831305363574417,donor,travel-demand
Orlando,2010-07-01,2.9580242276270075,donor,travel-demand
Orlando,2010-08-01,1.358085002442599,donor,travel-demand
Orlando,2010-09-01,2.366589327146172,donor,travel-demand
Orlando,2010-10-01,1.690949696905243,donor,travel-demand
Orlando,2010-11-01,2.9252550489277533,donor,travel-demand
Orlando,2010-12-01,2.384630237497586,donor,travel-demand
Orlando,2011-01-01,3.657324587557146,donor,travel-demand
Orlando,2011-02-01,1.959123160012708,donor,travel-demand
Orlando,2011-03-01,4.102055535521097,donor,travel-demand
Orlando,2011-04-01,5.536594615092909,donor,travel-demand
Orlando,2011-05-01,1.0982714162926177,donor,travel-demand
Orlando,2011-06-01,1.029846476590064,donor,travel-demand
Orlando,2011-07-01,2.4990879241152864,donor,travel-demand
Orlando,2011-08-01,1.3880855986119145,donor,travel-demand
Orlando,2011-09-01,0.8046237533998187,donor,travel-demand
Orlando,2011-10-01,0.9412256850031374,donor,travel-demand
Orlando,2011-11-01,-2.215029837159907,donor,travel-demand
Orlando,2011-12-01,-1.914191419141914,donor,travel-demand
Orlando,2012-01-01,-3.7583892617449663,donor,travel-demand
Orlando,2012-02-01,2.077274615704196,donor,travel-demand
Orlando,2012-03-01,-2.0784619381657574,donor,travel-demand
Orlando,2012-04-01,-5.021559468199785,donor,travel-demand
Orlando,2012-05-01,-1.766484035518609,donor,travel-demand
Orlando,2012-06-01,-2.8598395469561115,donor,travel-demand
Orlando,2012-07-01,-4.155543691048229,donor,travel-demand
Orlando,2012-08-01,-6.38904734740445,donor,travel-demand
Orlando,2012-09-01,-4.721753794266442,donor,travel-demand
Orlando,2012-10-01,-4.4757563199336925,donor,travel-demand
Orlando,2012-11-01,-2.616880430285478,donor,travel-demand
Orlando,2012-12-01,-3.9127090944049225,donor,travel-demand
Orlando,2013-01-01,-5.519027694759912,donor,travel-demand
Orlando,2013-02-01,-8.14000814000814,donor,travel-demand
Orlando,2013-03-01,-2.5382506411957197,donor,travel-demand
Orlando,2013-04-01,-3.329234843469214,donor,travel-demand
Orlando,2013-05-01,-4.952399269160496,donor,travel-demand
Orlando,2013-06-01,-4.362611737271668,donor,travel-demand
Orlando,2013-07-01,-5.273419366818309,donor,travel-demand
Orlando,2013-08-01,-6.032906764168191,donor,travel-demand
Orlando,2013-09-01,-9.144542772861357,donor,travel-demand
Orlando,2013-10-01,-6.898047722342733,donor,travel-demand
Orlando,2013-11-01,-4.227296866702071,donor,travel-demand
Orlando,2013-12-01,-3.651825912956478,donor,travel-demand
Orlando,2014-01-01,-3.1105018979333616,donor,travel-demand
Orlando,2014-02-01,-4.275587062472309,donor,travel-demand
Orlando,2014-03-01,-5.045372050816697,donor,travel-demand
Orlando,2014-04-01,-6.496428920849231,donor,travel-demand
Orlando,2014-05-01,-2.944152165115338,donor,travel-demand
Orlando,2014-06-01,-3.606623996748959,donor,travel-demand
Orlando,2014-07-01,-4.136038420072528,donor,travel-demand
Orlando,2014-08-01,-3.058798097708604,donor,travel-demand
Orlando,2014-09-01,-0.3376623376623376,donor,travel-demand
Orlando,2014-10-01,-2.131873252562908,donor,travel-demand
Orlando,2014-11-01,-1.3640900521237662,donor,travel-demand
Orlando,2014-12-01,1.3187954309449637,donor,travel-demand
Orlando,2015-01-01,9.64196321688976,donor,travel-demand
Orlando,2015-02-01,6.838694746586437,donor,travel-demand
Orlando,2015-03-01,7.903287461773701,donor,travel-demand
Orlando,2015-04-01,9.657842419169196,donor,travel-demand
Orlando,2015-05-01,8.308141353069946,donor,travel-demand
Orlando,2015-06-01,8.147133220910623,donor,travel-demand
Orlando,2015-07-01,7.494121255495348,donor,travel-demand
Orlando,2015-08-01,7.782361467276173,donor,travel-demand
Orlando,2015-09-01,9.199895751889498,donor,travel-demand
Orlando,2015-10-01,7.701464111415307,donor,travel-demand
Orlando,2015-11-01,11.176073757589386,donor,travel-demand
Orlando,2015-12-01,10.700010249051962,donor,travel-demand
Orlando,2016-01-01,6.5012406947890815,donor,travel-demand
Orlando,2016-02-01,9.91010505794433,donor,travel-demand
Orlando,2016-03-01,4.082897883269861,donor,travel-demand
Orlando,2016-04-01,4.103053435114504,donor,travel-demand
Orlando,2016-05-01,1.5014436958614052,donor,travel-demand
Orlando,2016-06-01,3.4694474222785305,donor,travel-demand
Orlando,2016-07-01,6.039566292562298,donor,travel-demand
Orlando,2016-08-01,5.068790731354091,donor,travel-demand
Orlando,2016-09-01,5.238663484486874,donor,travel-demand
Orlando,2016-10-01,6.56498673740053,donor,travel-demand
Orlando,2016-11-01,2.7204692556634305,donor,travel-demand
Orlando,2016-12-01,2.7867790019442644,donor,travel-demand
Orlando,2017-01-01,2.413793103448276,donor,travel-demand
Orlando,2017-02-01,-0.3744580212849823,donor,travel-demand
Orlando,2017-03-01,4.178012253233492,donor,travel-demand
Orlando,2017-04-01,6.553620531622364,donor,travel-demand
Orlando,2017-05-01,4.323914280295846,donor,travel-demand
Orlando,2017-06-01,5.8585287746067625,donor,travel-demand
Orlando,2017-07-01,6.26065117947798,donor,travel-demand
Orlando,2017-08-01,9.589445702471204,donor,travel-demand
Orlando,2017-09-01,7.5518766300034015,donor,travel-demand
Orlando,2017-10-01,6.07757726612736,donor,travel-demand
Orlando,2017-11-01,4.391060352466279,donor,travel-demand
Orlando,2017-12-01,3.548910106287156,donor,travel-demand
Orlando,2018-01-01,5.869505869505869,donor,travel-demand
Orlando,2018-02-01,6.478733926805143,donor,travel-demand
Orlando,2018-03-01,5.652209425794331,donor,travel-demand
Orlando,2018-04-01,1.264516129032258,donor,travel-demand
Orlando,2018-05-01,6.51699690965279,donor,travel-demand
Orlando,2018-06-01,4.092890826585995,donor,travel-demand
Orlando,2018-07-01,1.2070566388115136,donor,travel-demand
Orlando,2018-08-01,-0.6109064774054442,donor,travel-demand
Orlando,2018-09-01,5.745914602003163,donor,travel-demand
Orlando,2018-10-01,7.6065701994524835,donor,travel-demand
Orlando,2018-11-01,8.167499764217673,donor,travel-demand
Orlando,2018-12-01,7.7070285316631875,donor,travel-demand
Orlando,2019-01-01,3.5069623517276947,donor,travel-demand
Orlando,2019-02-01,1.8300046446818392,donor,travel-demand
Orlando,2019-03-01,3.022806339389254,donor,travel-demand
Orlando,2019-04-01,4.018008834522596,donor,travel-demand
Orlando,2019-05-01,3.259663793839065,donor,travel-demand
Orlando,2019-06-01,1.4103769552953245,donor,travel-demand
Orlando,2019-07-01,2.627189324437031,donor,travel-demand
Orlando,2019-08-01,4.212238994847691,donor,travel-demand
Orlando,2019-09-01,1.226321036889332,donor,travel-demand
Orlando,2019-10-01,3.8797019807377793,donor,travel-demand
Orlando,2019-11-01,5.301246839305955,donor,travel-demand
Orlando,2019-12-01,5.734130188984008,donor,travel-demand
Orlando,2020-01-01,6.427503736920777,donor,travel-demand
Orlando,2020-02-01,13.07243203794928,donor,travel-demand
Orlando,2020-03-01,4.434939216569113,donor,travel-demand
Orlando,2020-04-01,-48.92609228256431,donor,travel-demand
Orlando,2020-05-01,-74.5971407321709,donor,travel-demand
Orlando,2020-06-01,-59.27174645987863,donor,travel-demand
Orlando,2020-07-01,-38.88663145062983,donor,travel-demand
Orlando,2020-08-01,-43.9240176945095,donor,travel-demand
Orlando,2020-09-01,-48.36993991923569,donor,travel-demand
Orlando,2020-10-01,-41.60762704452024,donor,travel-demand
Orlando,2020-11-01,-32.01954127680715,donor,travel-demand
Orlando,2020-12-01,-33.94439352276199,donor,travel-demand
Orlando,2021-01-01,-36.92259675405743,donor,travel-demand
Orlando,2021-02-01,-38.47519160951997,donor,travel-demand
Orlando,2021-03-01,-21.233024358697996,donor,travel-demand
Orlando,2021-04-01,75.88743204349217,donor,travel-demand
Orlando,2021-05-01,285.9791802212102,donor,travel-demand
Orlando,2021-06-01,146.77152317880794,donor,travel-demand
Orlando,2021-07-01,65.09308510638297,donor,travel-demand
Orlando,2021-08-01,88.78576952822893,donor,travel-demand
Orlando,2021-09-01,101.03014116749333,donor,travel-demand
Orlando,2021-10-01,75.11983223487118,donor,travel-demand
Orlando,2021-11-01,43.90986601705237,donor,travel-demand
Orlando,2021-12-01,44.56521739130434,donor,travel-demand
Orlando,2022-01-01,50.75457694210787,donor,travel-demand
Orlando,2022-02-01,45.65958562811435,donor,travel-demand
Orlando,2022-03-01,18.49115124977194,donor,travel-demand
Orlando,2022-04-01,13.645454545454546,donor,travel-demand
Orlando,2022-05-01,4.736620311841551,donor,travel-demand
Orlando,2022-06-01,-2.1553170077155315,donor,travel-demand
Orlando,2022-07-01,-2.0298026580749093,donor,travel-demand
Orlando,2022-08-01,-1.3928717738631708,donor,travel-demand
Orlando,2022-09-01,6.784968684759916,donor,travel-demand
Orlando,2022-10-01,5.200581643999658,donor,travel-demand
Orlando,2022-11-01,6.652560304697419,donor,travel-demand
Orlando,2022-12-01,8.414653655415133,donor,travel-demand
Orlando,2023-01-01,9.354229917124805,donor,travel-demand
Orlando,2023-02-01,11.658264314007925,donor,travel-demand
Orlando,2023-03-01,12.34891061667565,donor,travel-demand
Orlando,2023-04-01,12.65498760099192,donor,travel-demand
Orlando,2023-05-01,12.505029371529734,donor,travel-demand
Orlando,2023-06-01,13.182480500557128,donor,travel-demand
Orlando,2023-07-01,13.228644248951738,donor,travel-demand
Orlando,2023-08-01,10.976319069380972,donor,travel-demand
Orlando,2023-09-01,8.930951746201012,donor,travel-demand
Orlando,2023-10-01,13.310025205301242,donor,travel-demand
Orlando,2023-11-01,13.744940877708116,donor,travel-demand
Orlando,2023-12-01,11.590674339678325,donor,travel-demand
Orlando,2024-01-01,7.330982216552863,donor,travel-demand
Orlando,2024-02-01,9.433201644763365,donor,travel-demand
Orlando,2024-03-01,7.270609196189954,donor,travel-demand
Orlando,2024-04-01,0.617766100972804,donor,travel-demand
Orlando,2024-05-01,-1.0228166797797011,donor,travel-demand
Orlando,2024-06-01,-0.1968951154865581,donor,travel-demand
Orlando,2024-07-01,-3.1585826314260816,donor,travel-demand
Orlando,2024-08-01,-8.84995507637017,donor,travel-demand
Orlando,2024-09-01,-12.22059063468755,donor,travel-demand
Phoenix,2004-06-01,-0.3141062250142775,donor,travel-demand
Phoenix,2004-07-01,-1.5405968077723802,donor,travel-demand
Phoenix,2004-08-01,-0.4597060667270321,donor,travel-demand
Phoenix,2004-09-01,0.7172131147540983,donor,travel-demand
Phoenix,2004-10-01,1.3749561557348298,donor,travel-demand
Phoenix,2004-11-01,2.6585168274541573,donor,travel-demand
Phoenix,2004-12-01,3.176395849509423,donor,travel-demand
Phoenix,2005-01-01,1.296244394618834,donor,travel-demand
Phoenix,2005-02-01,-3.061822443598008,donor,travel-demand
Phoenix,2005-03-01,0.645819170632223,donor,travel-demand
Phoenix,2005-04-01,1.1049723756906076,donor,travel-demand
Phoenix,2005-05-01,4.281409852147712,donor,travel-demand
Phoenix,2005-06-01,4.167860211973647,donor,travel-demand
Phoenix,2005-07-01,4.651818438116719,donor,travel-demand
Phoenix,2005-08-01,4.898187670561891,donor,travel-demand
Phoenix,2005-09-01,3.262607179189071,donor,travel-demand
Phoenix,2005-10-01,2.4427375268147533,donor,travel-demand
Phoenix,2005-11-01,3.637015781922525,donor,travel-demand
Phoenix,2005-12-01,2.6339194089074365,donor,travel-demand
Phoenix,2006-01-01,25.9597426852044,donor,travel-demand
Phoenix,2006-02-01,23.348949675079343,donor,travel-demand
Phoenix,2006-03-01,25.005065856129686,donor,travel-demand
Phoenix,2006-04-01,23.203026481715007,donor,travel-demand
Phoenix,2006-05-01,21.85190162612552,donor,travel-demand
Phoenix,2006-06-01,22.84476832118796,donor,travel-demand
Phoenix,2006-07-01,23.96955818965517,donor,travel-demand
Phoenix,2006-08-01,23.340671069308254,donor,travel-demand
Phoenix,2006-09-01,23.263668988811485,donor,travel-demand
Phoenix,2006-10-01,23.42610105376925,donor,travel-demand
Phoenix,2006-11-01,21.2985394891673,donor,travel-demand
Phoenix,2006-12-01,21.617117717637647,donor,travel-demand
Phoenix,2007-01-01,-0.1592531576057111,donor,travel-demand
Phoenix,2007-02-01,0.5329576084293065,donor,travel-demand
Phoenix,2007-03-01,0.1891176311665856,donor,travel-demand
Phoenix,2007-04-01,1.0519731604685545,donor,travel-demand
Phoenix,2007-05-01,-0.9595235469284218,donor,travel-demand
Phoenix,2007-06-01,-3.615199507527002,donor,travel-demand
Phoenix,2007-07-01,-3.05861900363992,donor,travel-demand
Phoenix,2007-08-01,-3.2774472687939427,donor,travel-demand
Phoenix,2007-09-01,-3.613632471313581,donor,travel-demand
Phoenix,2007-10-01,-3.289185639229422,donor,travel-demand
Phoenix,2007-11-01,-2.5793197900022826,donor,travel-demand
Phoenix,2007-12-01,-3.233762674705399,donor,travel-demand
Phoenix,2008-01-01,-2.6841207854353444,donor,travel-demand
Phoenix,2008-02-01,1.1211991956614469,donor,travel-demand
Phoenix,2008-03-01,-3.6565634775105167,donor,travel-demand
Phoenix,2008-04-01,-2.959878453660458,donor,travel-demand
Phoenix,2008-05-01,-2.978841870824054,donor,travel-demand
Phoenix,2008-06-01,-1.312198803924984,donor,travel-demand
Phoenix,2008-07-01,-2.544272584622282,donor,travel-demand
Phoenix,2008-08-01,-6.301722209796466,donor,travel-demand
Phoenix,2008-09-01,-10.163468372423596,donor,travel-demand
Phoenix,2008-10-01,-11.482089298851225,donor,travel-demand
Phoenix,2008-11-01,-12.125117150890349,donor,travel-demand
Phoenix,2008-12-01,-11.424525630133108,donor,travel-demand
Phoenix,2009-01-01,-12.349516758039902,donor,travel-demand
Phoenix,2009-02-01,-14.661042482675503,donor,travel-demand
Phoenix,2009-03-01,-9.264442454097626,donor,travel-demand
Phoenix,2009-04-01,-10.002899391127864,donor,travel-demand
Phoenix,2009-05-01,-9.8077474892396,donor,travel-demand
Phoenix,2009-06-01,-9.248690945460964,donor,travel-demand
Phoenix,2009-07-01,-8.113858539390455,donor,travel-demand
Phoenix,2009-08-01,-6.492808975353584,donor,travel-demand
Phoenix,2009-09-01,-4.423786919831223,donor,travel-demand
Phoenix,2009-10-01,-3.2924178493798752,donor,travel-demand
Phoenix,2009-11-01,-2.0663911478469537,donor,travel-demand
Phoenix,2009-12-01,-0.1342882721575649,donor,travel-demand
Phoenix,2010-01-01,-1.4250709311323189,donor,travel-demand
Phoenix,2010-02-01,-1.3133738172574496,donor,travel-demand
Phoenix,2010-03-01,-2.8811154296995496,donor,travel-demand
Phoenix,2010-04-01,-3.260309278350516,donor,travel-demand
Phoenix,2010-05-01,-1.8897938406719264,donor,travel-demand
Phoenix,2010-06-01,-2.6774716369529985,donor,travel-demand
Phoenix,2010-07-01,-3.5045997872207275,donor,travel-demand
Phoenix,2010-08-01,-2.584721424468696,donor,travel-demand
Phoenix,2010-09-01,0.4690625646685521,donor,travel-demand
Phoenix,2010-10-01,0.978383023732399,donor,travel-demand
Phoenix,2010-11-01,0.7350939286686632,donor,travel-demand
Phoenix,2010-12-01,-0.377793430236281,donor,travel-demand
Phoenix,2011-01-01,1.386799241185321,donor,travel-demand
Phoenix,2011-02-01,1.4882655981682884,donor,travel-demand
Phoenix,2011-03-01,6.466776775505019,donor,travel-demand
Phoenix,2011-04-01,7.066737711469296,donor,travel-demand
Phoenix,2011-05-01,5.76561385303846,donor,travel-demand
Phoenix,2011-06-01,6.861177724487078,donor,travel-demand
Phoenix,2011-07-01,6.71898307283222,donor,travel-demand
Phoenix,2011-08-01,5.562106918238994,donor,travel-demand
Phoenix,2011-09-01,1.730175077239959,donor,travel-demand
Phoenix,2011-10-01,1.237315875613748,donor,travel-demand
Phoenix,2011-11-01,0.6891891891891891,donor,travel-demand
Phoenix,2011-12-01,0.5270600334233192,donor,travel-demand
Phoenix,2012-01-01,-0.8323117620491643,donor,travel-demand
Phoenix,2012-02-01,3.0315848843767625,donor,travel-demand
Phoenix,2012-03-01,-0.9964200477326968,donor,travel-demand
Phoenix,2012-04-01,-3.4152410575427687,donor,travel-demand
Phoenix,2012-05-01,-3.4032376747608533,donor,travel-demand
Phoenix,2012-06-01,-2.119436479241989,donor,travel-demand
Phoenix,2012-07-01,-2.3397143725311453,donor,travel-demand
Phoenix,2012-08-01,-4.667039036802581,donor,travel-demand
Phoenix,2012-09-01,-5.831139906863737,donor,travel-demand
Phoenix,2012-10-01,-3.640713916192447,donor,travel-demand
Phoenix,2012-11-01,-3.569990605287881,donor,travel-demand
Phoenix,2012-12-01,-5.038363171355498,donor,travel-demand
Phoenix,2013-01-01,-4.456733897202343,donor,travel-demand
Phoenix,2013-02-01,-8.142876693581497,donor,travel-demand
Phoenix,2013-03-01,-3.097691797746037,donor,travel-demand
Phoenix,2013-04-01,-3.922452660054103,donor,travel-demand
Phoenix,2013-05-01,-3.7199263632324,donor,travel-demand
Phoenix,2013-06-01,-2.9295631129792383,donor,travel-demand
Phoenix,2013-07-01,-3.9327940261356567,donor,travel-demand
Phoenix,2013-08-01,-2.7146670138662845,donor,travel-demand
Phoenix,2013-09-01,-1.849064717265104,donor,travel-demand
Phoenix,2013-10-01,-1.6643178310180524,donor,travel-demand
Phoenix,2013-11-01,-1.8441196938065412,donor,travel-demand
Phoenix,2013-12-01,-1.151360086183679,donor,travel-demand
Phoenix,2014-01-01,-9.19305413687436,donor,travel-demand
Phoenix,2014-02-01,-10.07896305125149,donor,travel-demand
Phoenix,2014-03-01,-8.340070899931588,donor,travel-demand
Phoenix,2014-04-01,-9.0902996581082,donor,travel-demand
Phoenix,2014-05-01,-9.237159622865432,donor,travel-demand
Phoenix,2014-06-01,-9.434457420286051,donor,travel-demand
Phoenix,2014-07-01,-7.565746858401347,donor,travel-demand
Phoenix,2014-08-01,-9.234475374732334,donor,travel-demand
Phoenix,2014-09-01,-11.412924424972616,donor,travel-demand
Phoenix,2014-10-01,-8.91967515184604,donor,travel-demand
Phoenix,2014-11-01,-10.804679191775966,donor,travel-demand
Phoenix,2014-12-01,-9.420339213950005,donor,travel-demand
Phoenix,2015-01-01,-1.6047994000749906,donor,travel-demand
Phoenix,2015-02-01,-1.358628116974567,donor,travel-demand
Phoenix,2015-03-01,-1.458813950332474,donor,travel-demand
Phoenix,2015-04-01,1.342083917115257,donor,travel-demand
Phoenix,2015-05-01,0.2542496004649135,donor,travel-demand
Phoenix,2015-06-01,0.4708780063749637,donor,travel-demand
Phoenix,2015-07-01,0.0,donor,travel-demand
Phoenix,2015-08-01,1.032143910350929,donor,travel-demand
Phoenix,2015-09-01,-0.881965051104517,donor,travel-demand
Phoenix,2015-10-01,-3.102053049602877,donor,travel-demand
Phoenix,2015-11-01,-0.3974246880216199,donor,travel-demand
Phoenix,2015-12-01,0.1503985561738607,donor,travel-demand
Phoenix,2016-01-01,-0.6554378477250209,donor,travel-demand
Phoenix,2016-02-01,3.250188964474679,donor,travel-demand
Phoenix,2016-03-01,-0.5370791158851477,donor,travel-demand
Phoenix,2016-04-01,-2.481263188532344,donor,travel-demand
Phoenix,2016-05-01,-0.9492065792333888,donor,travel-demand
Phoenix,2016-06-01,-1.2906482082341912,donor,travel-demand
Phoenix,2016-07-01,-1.807988787666433,donor,travel-demand
Phoenix,2016-08-01,-2.860478692352598,donor,travel-demand
Phoenix,2016-09-01,-0.498960498960499,donor,travel-demand
Phoenix,2016-10-01,0.2319826786266625,donor,travel-demand
Phoenix,2016-11-01,1.7476657888436675,donor,travel-demand
Phoenix,2016-12-01,2.320168193422436,donor,travel-demand
Phoenix,2017-01-01,1.6494054468738015,donor,travel-demand
Phoenix,2017-02-01,-3.139742964047503,donor,travel-demand
Phoenix,2017-03-01,-0.5745932848736587,donor,travel-demand
Phoenix,2017-04-01,-0.9252350395463362,donor,travel-demand
Phoenix,2017-05-01,-1.3533284564740309,donor,travel-demand
Phoenix,2017-06-01,-4.579985390796201,donor,travel-demand
Phoenix,2017-07-01,-5.331144733085926,donor,travel-demand
Phoenix,2017-08-01,-2.05078125,donor,travel-demand
Phoenix,2017-09-01,-3.476807354784789,donor,travel-demand
Phoenix,2017-10-01,-3.139947538960037,donor,travel-demand
Phoenix,2017-11-01,-6.235294117647059,donor,travel-demand
Phoenix,2017-12-01,-6.149556028472885,donor,travel-demand
Phoenix,2018-01-01,11.0188679245283,donor,travel-demand
Phoenix,2018-02-01,13.629492777964394,donor,travel-demand
Phoenix,2018-03-01,13.681938448684027,donor,travel-demand
Phoenix,2018-04-01,14.008133755083596,donor,travel-demand
Phoenix,2018-05-01,13.807934742306266,donor,travel-demand
Phoenix,2018-06-01,12.577508994871009,donor,travel-demand
Phoenix,2018-07-01,14.059555220505088,donor,travel-demand
Phoenix,2018-08-01,12.853746452948847,donor,travel-demand
Phoenix,2018-09-01,16.12260801801022,donor,travel-demand
Phoenix,2018-10-01,17.8494623655914,donor,travel-demand
Phoenix,2018-11-01,19.43120033458804,donor,travel-demand
Phoenix,2018-12-01,17.77308624599265,donor,travel-demand
Phoenix,2019-01-01,1.9578518014955812,donor,travel-demand
Phoenix,2019-02-01,1.7884856995048406,donor,travel-demand
Phoenix,2019-03-01,1.3229619648435107,donor,travel-demand
Phoenix,2019-04-01,1.3476020610384465,donor,travel-demand
Phoenix,2019-05-01,-1.5442757542190657,donor,travel-demand
Phoenix,2019-06-01,-1.931184550523596,donor,travel-demand
Phoenix,2019-07-01,-2.7098479841374754,donor,travel-demand
Phoenix,2019-08-01,-0.3397893306150186,donor,travel-demand
Phoenix,2019-09-01,3.6089777048691376,donor,travel-demand
Phoenix,2019-10-01,1.5004055150040552,donor,travel-demand
Phoenix,2019-11-01,0.5673063454265304,donor,travel-demand
Phoenix,2019-12-01,3.605098924445624,donor,travel-demand
Phoenix,2020-01-01,3.620482731030804,donor,travel-demand
Phoenix,2020-02-01,7.12989181732375,donor,travel-demand
Phoenix,2020-03-01,3.094964637611074,donor,travel-demand
Phoenix,2020-04-01,-39.095293964281055,donor,travel-demand
Phoenix,2020-05-01,-70.88682991396426,donor,travel-demand
Phoenix,2020-06-01,-58.6742476771599,donor,travel-demand
Phoenix,2020-07-01,-41.419836956521735,donor,travel-demand
Phoenix,2020-08-01,-37.326968973747015,donor,travel-demand
Phoenix,2020-09-01,-37.16444764303706,donor,travel-demand
Phoenix,2020-10-01,-36.30976161939007,donor,travel-demand
Phoenix,2020-11-01,-29.410126053346332,donor,travel-demand
Phoenix,2020-12-01,-33.61743031079782,donor,travel-demand
Phoenix,2021-01-01,-32.74564056367029,donor,travel-demand
Phoenix,2021-02-01,-35.96069129108776,donor,travel-demand
Phoenix,2021-03-01,-21.659337437701552,donor,travel-demand
Phoenix,2021-04-01,38.324058219178085,donor,travel-demand
Phoenix,2021-05-01,217.02659695385316,donor,travel-demand
Phoenix,2021-06-01,134.11073825503357,donor,travel-demand
Phoenix,2021-07-01,66.8328887858054,donor,travel-demand
Phoenix,2021-08-01,57.534544663257535,donor,travel-demand
Phoenix,2021-09-01,60.43981216355515,donor,travel-demand
Phoenix,2021-10-01,54.16623105070569,donor,travel-demand
Phoenix,2021-11-01,44.90923441199685,donor,travel-demand
Phoenix,2021-12-01,37.32020465295878,donor,travel-demand
Phoenix,2022-01-01,29.68809797168006,donor,travel-demand
Phoenix,2022-02-01,37.24203619430628,donor,travel-demand
Phoenix,2022-03-01,11.024623905396302,donor,travel-demand
Phoenix,2022-04-01,9.121856866537716,donor,travel-demand
Phoenix,2022-05-01,-3.3988240355657533,donor,travel-demand
Phoenix,2022-06-01,-4.35748584533792,donor,travel-demand
Phoenix,2022-07-01,-4.038648686222716,donor,travel-demand
Phoenix,2022-08-01,-6.664824918847986,donor,travel-demand
Phoenix,2022-09-01,-7.145916619074814,donor,travel-demand
Phoenix,2022-10-01,-3.817984538179845,donor,travel-demand
Phoenix,2022-11-01,-5.242374727668846,donor,travel-demand
Phoenix,2022-12-01,2.024604569420035,donor,travel-demand
Phoenix,2023-01-01,11.33161195130948,donor,travel-demand
Phoenix,2023-02-01,10.263726095003085,donor,travel-demand
Phoenix,2023-03-01,7.455844681137927,donor,travel-demand
Phoenix,2023-04-01,6.537152580828135,donor,travel-demand
Phoenix,2023-05-01,9.233966745843231,donor,travel-demand
Phoenix,2023-06-01,1.1315099288122892,donor,travel-demand
Phoenix,2023-07-01,2.7453821079319085,donor,travel-demand
Phoenix,2023-08-01,6.992748261062602,donor,travel-demand
Phoenix,2023-09-01,10.978703774890445,donor,travel-demand
Phoenix,2023-10-01,10.329267432842135,donor,travel-demand
Phoenix,2023-11-01,14.851271734444603,donor,travel-demand
Phoenix,2023-12-01,11.644732308964375,donor,travel-demand
Phoenix,2024-01-01,3.1210655357497847,donor,travel-demand
Phoenix,2024-02-01,5.105252115532554,donor,travel-demand
Phoenix,2024-03-01,10.112923462986195,donor,travel-demand
Phoenix,2024-04-01,11.007586849460935,donor,travel-demand
Phoenix,2024-05-01,14.412883935852133,donor,travel-demand
Phoenix,2024-06-01,14.130112625963248,donor,travel-demand
Phoenix,2024-07-01,11.653976311336717,donor,travel-demand
Phoenix,2024-08-01,7.510892869493049,donor,travel-demand
Phoenix,2024-09-01,5.084863179771389,donor,travel-demand
Tampa,2004-06-01,5.6471023884465845,donor,travel-demand
Tampa,2004-07-01,4.827217670110438,donor,travel-demand
Tampa,2004-08-01,6.888404216648492,donor,travel-demand
Tampa,2004-09-01,3.500673206385843,donor,travel-demand
Tampa,2004-10-01,5.69882777276826,donor,travel-demand
Tampa,2004-11-01,21.98450756178532,donor,travel-demand
Tampa,2004-12-01,21.5499306518724,donor,travel-demand
Tampa,2005-01-01,20.38918546581712,donor,travel-demand
Tampa,2005-02-01,12.585331699632418,donor,travel-demand
Tampa,2005-03-01,19.344,donor,travel-demand
Tampa,2005-04-01,21.125319693094628,donor,travel-demand
Tampa,2005-05-01,12.900462566386842,donor,travel-demand
Tampa,2005-06-01,12.635821941815632,donor,travel-demand
Tampa,2005-07-01,13.899745114698389,donor,travel-demand
Tampa,2005-08-01,12.548886243836083,donor,travel-demand
Tampa,2005-09-01,10.25831629808586,donor,travel-demand
Tampa,2005-10-01,8.548029346527898,donor,travel-demand
Tampa,2005-11-01,-4.974296945872392,donor,travel-demand
Tampa,2005-12-01,-5.676793610041363,donor,travel-demand
Tampa,2006-01-01,-9.126019167501074,donor,travel-demand
Tampa,2006-02-01,-6.685323383084577,donor,travel-demand
Tampa,2006-03-01,-7.413862448049337,donor,travel-demand
Tampa,2006-04-01,-7.587274774774774,donor,travel-demand
Tampa,2006-05-01,-6.752655538694992,donor,travel-demand
Tampa,2006-06-01,-7.406254862299673,donor,travel-demand
Tampa,2006-07-01,-7.757720423690885,donor,travel-demand
Tampa,2006-08-01,-5.997884876869618,donor,travel-demand
Tampa,2006-09-01,-1.7191977077363898,donor,travel-demand
Tampa,2006-10-01,-2.0748192392329456,donor,travel-demand
Tampa,2006-11-01,2.863961813842482,donor,travel-demand
Tampa,2006-12-01,7.364282473915015,donor,travel-demand
Tampa,2007-01-01,8.972139146859751,donor,travel-demand
Tampa,2007-02-01,6.647784071976008,donor,travel-demand
Tampa,2007-03-01,8.934260063712713,donor,travel-demand
Tampa,2007-04-01,7.53998476770754,donor,travel-demand
Tampa,2007-05-01,8.673718470301058,donor,travel-demand
Tampa,2007-06-01,7.30969584943707,donor,travel-demand
Tampa,2007-07-01,5.984150088953583,donor,travel-demand
Tampa,2007-08-01,4.934104789456766,donor,travel-demand
Tampa,2007-09-01,2.6582061395986964,donor,travel-demand
Tampa,2007-10-01,1.8138041733547352,donor,travel-demand
Tampa,2007-11-01,0.9126063418406806,donor,travel-demand
Tampa,2007-12-01,-2.9154929577464785,donor,travel-demand
Tampa,2008-01-01,-2.7011411237902645,donor,travel-demand
Tampa,2008-02-01,2.9370410873301047,donor,travel-demand
Tampa,2008-03-01,1.7679117373388276,donor,travel-demand
Tampa,2008-04-01,-0.141643059490085,donor,travel-demand
Tampa,2008-05-01,0.7038035339922133,donor,travel-demand
Tampa,2008-06-01,2.4115252113999373,donor,travel-demand
Tampa,2008-07-01,2.441629787883412,donor,travel-demand
Tampa,2008-08-01,-1.133404809312299,donor,travel-demand
Tampa,2008-09-01,-8.018710324089543,donor,travel-demand
Tampa,2008-10-01,-7.189027274160492,donor,travel-demand
Tampa,2008-11-01,-8.307786633966892,donor,travel-demand
Tampa,2008-12-01,-8.138691426084433,donor,travel-demand
Tampa,2009-01-01,-11.445961995249409,donor,travel-demand
Tampa,2009-02-01,-14.584914251024433,donor,travel-demand
Tampa,2009-03-01,-12.055903866248691,donor,travel-demand
Tampa,2009-04-01,-10.595744680851064,donor,travel-demand
Tampa,2009-05-01,-10.706319702602231,donor,travel-demand
Tampa,2009-06-01,-13.149847094801222,donor,travel-demand
Tampa,2009-07-01,-13.07910025323998,donor,travel-demand
Tampa,2009-08-01,-12.672347017815646,donor,travel-demand
Tampa,2009-09-01,-10.788231020704686,donor,travel-demand
Tampa,2009-10-01,-8.900968235094275,donor,travel-demand
Tampa,2009-11-01,-8.910063523905048,donor,travel-demand
Tampa,2009-12-01,-6.143398610233733,donor,travel-demand
Tampa,2010-01-01,-3.956412405699916,donor,travel-demand
Tampa,2010-02-01,-3.731343283582089,donor,travel-demand
Tampa,2010-03-01,-3.846725085400268,donor,travel-demand
Tampa,2010-04-01,-2.0625099159130573,donor,travel-demand
Tampa,2010-05-01,-1.0324729392173189,donor,travel-demand
Tampa,2010-06-01,-0.4225352112676055,donor,travel-demand
Tampa,2010-07-01,-0.4113110539845758,donor,travel-demand
Tampa,2010-08-01,-1.3837147418839808,donor,travel-demand
Tampa,2010-09-01,1.3232899022801303,donor,travel-demand
Tampa,2010-10-01,-0.5593884020137982,donor,travel-demand
Tampa,2010-11-01,2.844558634611855,donor,travel-demand
Tampa,2010-12-01,2.406192158842336,donor,travel-demand
Tampa,2011-01-01,1.3789492057950776,donor,travel-demand
Tampa,2011-02-01,-0.4614248800295312,donor,travel-demand
Tampa,2011-03-01,1.7145505097312326,donor,travel-demand
Tampa,2011-04-01,1.1825692531994167,donor,travel-demand
Tampa,2011-05-01,-3.4662628302204275,donor,travel-demand
Tampa,2011-06-01,0.7248939179632249,donor,travel-demand
Tampa,2011-07-01,1.7036654620547238,donor,travel-demand
Tampa,2011-08-01,1.5110631408526711,donor,travel-demand
Tampa,2011-09-01,1.5069318866787222,donor,travel-demand
Tampa,2011-10-01,2.400150009375586,donor,travel-demand
Tampa,2011-11-01,-1.1955745895788723,donor,travel-demand
Tampa,2011-12-01,-1.7088399605652318,donor,travel-demand
Tampa,2012-01-01,-2.462121212121212,donor,travel-demand
Tampa,2012-02-01,2.6515853884665304,donor,travel-demand
Tampa,2012-03-01,-3.4016704631738803,donor,travel-demand
Tampa,2012-04-01,-5.443483829650977,donor,travel-demand
Tampa,2012-05-01,0.2091685549938992,donor,travel-demand
Tampa,2012-06-01,-0.3686150605581885,donor,travel-demand
Tampa,2012-07-01,-0.5245346869712352,donor,travel-demand
Tampa,2012-08-01,-1.9670388091440725,donor,travel-demand
Tampa,2012-09-01,-4.394299287410926,donor,travel-demand
Tampa,2012-10-01,-4.9258377586522615,donor,travel-demand
Tampa,2012-11-01,-2.293660827162724,donor,travel-demand
Tampa,2012-12-01,-4.814443329989969,donor,travel-demand
Tampa,2013-01-01,-4.483671668137688,donor,travel-demand
Tampa,2013-02-01,-6.701589595375723,donor,travel-demand
Tampa,2013-03-01,2.971230938531677,donor,travel-demand
Tampa,2013-04-01,2.116491703352523,donor,travel-demand
Tampa,2013-05-01,-0.7131675073925899,donor,travel-demand
Tampa,2013-06-01,-2.272727272727273,donor,travel-demand
Tampa,2013-07-01,-3.3168906276577648,donor,travel-demand
Tampa,2013-08-01,-3.88647866955893,donor,travel-demand
Tampa,2013-09-01,-4.492753623188406,donor,travel-demand
Tampa,2013-10-01,-1.2711864406779665,donor,travel-demand
Tampa,2013-11-01,-2.4029574861367835,donor,travel-demand
Tampa,2013-12-01,-0.5444327362135581,donor,travel-demand
Tampa,2014-01-01,0.3880983182406209,donor,travel-demand
Tampa,2014-02-01,-0.4065827686350436,donor,travel-demand
Tampa,2014-03-01,-0.7786259541984732,donor,travel-demand
Tampa,2014-04-01,-2.47056872823744,donor,travel-demand
Tampa,2014-05-01,-1.8044849334267692,donor,travel-demand
Tampa,2014-06-01,-5.624661979448351,donor,travel-demand
Tampa,2014-07-01,-5.313159746657284,donor,travel-demand
Tampa,2014-08-01,-6.30054542034982,donor,travel-demand
Tampa,2014-09-01,-0.8887925428137872,donor,travel-demand
Tampa,2014-10-01,-2.438548575887632,donor,travel-demand
Tampa,2014-11-01,1.6856060606060608,donor,travel-demand
Tampa,2014-12-01,1.9954087939254808,donor,travel-demand
Tampa,2015-01-01,9.830633284241532,donor,travel-demand
Tampa,2015-02-01,6.084758942457231,donor,travel-demand
Tampa,2015-03-01,5.477765810124635,donor,travel-demand
Tampa,2015-04-01,4.760285617137028,donor,travel-demand
Tampa,2015-05-01,5.941123996431758,donor,travel-demand
Tampa,2015-06-01,9.493791786055397,donor,travel-demand
Tampa,2015-07-01,8.732813080639168,donor,travel-demand
Tampa,2015-08-01,9.032517061421116,donor,travel-demand
Tampa,2015-09-01,4.440069991251094,donor,travel-demand
Tampa,2015-10-01,2.9394121175764845,donor,travel-demand
Tampa,2015-11-01,5.531756379214007,donor,travel-demand
Tampa,2015-12-01,5.24584487534626,donor,travel-demand
Tampa,2016-01-01,0.5028494803888702,donor,travel-demand
Tampa,2016-02-01,4.672897196261682,donor,travel-demand
Tampa,2016-03-01,-0.4084609773887673,donor,travel-demand
Tampa,2016-04-01,-1.5741642323920804,donor,travel-demand
Tampa,2016-05-01,-3.805995284607612,donor,travel-demand
Tampa,2016-06-01,-3.332170272156315,donor,travel-demand
Tampa,2016-07-01,-2.836637047163363,donor,travel-demand
Tampa,2016-08-01,-3.51620029455081,donor,travel-demand
Tampa,2016-09-01,-3.1413612565445024,donor,travel-demand
Tampa,2016-10-01,-3.457653457653457,donor,travel-demand
Tampa,2016-11-01,-2.770914225202965,donor,travel-demand
Tampa,2016-12-01,-0.2303010363546636,donor,travel-demand
Tampa,2017-01-01,-1.3675783855903936,donor,travel-demand
Tampa,2017-02-01,-4.919467787114846,donor,travel-demand
Tampa,2017-03-01,-0.6298520580049802,donor,travel-demand
Tampa,2017-04-01,6.051112943116241,donor,travel-demand
Tampa,2017-05-01,3.2387955182072834,donor,travel-demand
Tampa,2017-06-01,4.890813932503158,donor,travel-demand
Tampa,2017-07-01,4.238480478367921,donor,travel-demand
Tampa,2017-08-01,6.410990269032628,donor,travel-demand
Tampa,2017-09-01,4.216216216216216,donor,travel-demand
Tampa,2017-10-01,7.323943661971831,donor,travel-demand
Tampa,2017-11-01,4.93737520421129,donor,travel-demand
Tampa,2017-12-01,6.413849958779884,donor,travel-demand
Tampa,2018-01-01,10.90632397700372,donor,travel-demand
Tampa,2018-02-01,11.047689191677408,donor,travel-demand
Tampa,2018-03-01,8.077830188679245,donor,travel-demand
Tampa,2018-04-01,0.2643034825870647,donor,travel-demand
Tampa,2018-05-01,6.545701204002034,donor,travel-demand
Tampa,2018-06-01,3.544390915347557,donor,travel-demand
Tampa,2018-07-01,4.487936561498229,donor,travel-demand
Tampa,2018-08-01,3.388918773534158,donor,travel-demand
Tampa,2018-09-01,9.626556016597512,donor,travel-demand
Tampa,2018-10-01,7.536557930258718,donor,travel-demand
Tampa,2018-11-01,8.285763708700916,donor,travel-demand
Tampa,2018-12-01,5.577936163619461,donor,travel-demand
Tampa,2019-01-01,2.0277481323372464,donor,travel-demand
Tampa,2019-02-01,0.4476869507544354,donor,travel-demand
Tampa,2019-03-01,4.500818330605565,donor,travel-demand
Tampa,2019-04-01,9.10218638548612,donor,travel-demand
Tampa,2019-05-01,2.7852936495304794,donor,travel-demand
Tampa,2019-06-01,2.8082419408441344,donor,travel-demand
Tampa,2019-07-01,2.179880510253512,donor,travel-demand
Tampa,2019-08-01,2.3759972251127297,donor,travel-demand
Tampa,2019-09-01,-1.0598031794095382,donor,travel-demand
Tampa,2019-10-01,3.2949790794979084,donor,travel-demand
Tampa,2019-11-01,4.15335463258786,donor,travel-demand
Tampa,2019-12-01,6.985617845611976,donor,travel-demand
Tampa,2020-01-01,1.4943215780035863,donor,travel-demand
Tampa,2020-02-01,8.137999339716078,donor,travel-demand
Tampa,2020-03-01,2.5711302531975986,donor,travel-demand
Tampa,2020-04-01,-45.636725412166,donor,travel-demand
Tampa,2020-05-01,-73.47475998761226,donor,travel-demand
Tampa,2020-06-01,-59.67350897042185,donor,travel-demand
Tampa,2020-07-01,-36.39380530973451,donor,travel-demand
Tampa,2020-08-01,-37.96374724716246,donor,travel-demand
Tampa,2020-09-01,-47.36036725325173,donor,travel-demand
Tampa,2020-10-01,-42.78481012658228,donor,travel-demand
Tampa,2020-11-01,-31.21165644171779,donor,travel-demand
Tampa,2020-12-01,-34.40329218106996,donor,travel-demand
Tampa,2021-01-01,-31.021790341578324,donor,travel-demand
Tampa,2021-02-01,-35.185467867501146,donor,travel-demand
Tampa,2021-03-01,-23.09454129024049,donor,travel-demand
Tampa,2021-04-01,54.22222222222223,donor,travel-demand
Tampa,2021-05-01,248.861646234676,donor,travel-demand
Tampa,2021-06-01,130.82164328657316,donor,travel-demand
Tampa,2021-07-01,47.30434782608695,donor,travel-demand
Tampa,2021-08-01,58.41070453304206,donor,travel-demand
Tampa,2021-09-01,86.59156976744185,donor,travel-demand
Tampa,2021-10-01,67.02064896755162,donor,travel-demand
Tampa,2021-11-01,42.675585284280935,donor,travel-demand
Tampa,2021-12-01,43.55918025930573,donor,travel-demand
Tampa,2022-01-01,39.85058697972252,donor,travel-demand
Tampa,2022-02-01,42.32218558643429,donor,travel-demand
Tampa,2022-03-01,21.757114493712773,donor,travel-demand
Tampa,2022-04-01,12.900491608747243,donor,travel-demand
Tampa,2022-05-01,3.5140562248995986,donor,travel-demand
Tampa,2022-06-01,-3.69855877756555,donor,travel-demand
Tampa,2022-07-01,-4.047900151796256,donor,travel-demand
Tampa,2022-08-01,-4.102740906740218,donor,travel-demand
Tampa,2022-09-01,3.4274586173320354,donor,travel-demand
Tampa,2022-10-01,-0.3179088661250441,donor,travel-demand
Tampa,2022-11-01,-6.672917643381779,donor,travel-demand
Tampa,2022-12-01,-3.685360524399126,donor,travel-demand
Tampa,2023-01-01,-1.0378510378510375,donor,travel-demand
Tampa,2023-02-01,-0.5626344530862155,donor,travel-demand
Tampa,2023-03-01,-0.1358880282647099,donor,travel-demand
Tampa,2023-04-01,6.291291291291292,donor,travel-demand
Tampa,2023-05-01,7.225994180407372,donor,travel-demand
Tampa,2023-06-01,11.720158672917416,donor,travel-demand
Tampa,2023-07-01,13.27122517138337,donor,travel-demand
Tampa,2023-08-01,10.731619629696208,donor,travel-demand
Tampa,2023-09-01,7.286763321408397,donor,travel-demand
Tampa,2023-10-01,17.08008504606662,donor,travel-demand
Tampa,2023-11-01,12.910247823174815,donor,travel-demand
Tampa,2023-12-01,9.815486993345433,donor,travel-demand
Tampa,2024-01-01,5.228254164096237,donor,travel-demand
Tampa,2024-02-01,9.385921118322518,donor,travel-demand
Tampa,2024-03-01,9.443461695468772,donor,travel-demand
Tampa,2024-04-01,0.5509252719310637,donor,travel-demand
Tampa,2024-05-01,3.1659882406151065,donor,travel-demand
Tampa,2024-06-01,0.7585539057456424,donor,travel-demand
Tampa,2024-07-01,-1.8156424581005588,donor,travel-demand
Tampa,2024-08-01,-4.26948051948052,donor,travel-demand
Tampa,2024-09-01,-4.527904527904528,donor,travel-demand
LFP,1991-01-01,0.73964,outcome,econ-labor
LFP,1991-02-01,0.59084,outcome,econ-labor
LFP,1991-03-01,0.73855,outcome,econ-labor
LFP,1991-04-01,0.58997,outcome,econ-labor
LFP,1991-05-01,0.73855,outcome,econ-labor
LFP,1991-06-01,0.88757,outcome,econ-labor
LFP,1991-07-01,0.88757,outcome,econ-labor
LFP,1991-08-01,0.73855,outcome,econ-labor
LFP,1991-09-01,0.58997,outcome,econ-labor
LFP,1991-10-01,0.44183,outcome,econ-labor
LFP,1991-11-01,0.44183,outcome,econ-labor
LFP,1991-12-01,0.29412,outcome,econ-labor
LFP,1992-01-01,0.14684,outcome,econ-labor
LFP,1992-02-01,0.29369,outcome,econ-labor
LFP,1992-03-01,0.14663,outcome,econ-labor
LFP,1992-04-01,0.29326,outcome,econ-labor
LFP,1992-05-01,0.43988,outcome,econ-labor
LFP,1992-06-01,0.58651,outcome,econ-labor
LFP,1992-07-01,0.73314,outcome,econ-labor
LFP,1992-08-01,0.87977,outcome,econ-labor
LFP,1992-09-01,0.87977,outcome,econ-labor
LFP,1992-10-01,0.87977,outcome,econ-labor
LFP,1992-11-01,0.73314,outcome,econ-labor
LFP,1992-12-01,0.73314,outcome,econ-labor
LFP,1993-01-01,0.73314,outcome,econ-labor
LFP,1993-02-01,0.43924,outcome,econ-labor
LFP,1993-03-01,0.43924,outcome,econ-labor
LFP,1993-04-01,0.2924,outcome,econ-labor
LFP,1993-05-01,0.14599,outcome,econ-labor
LFP,1993-06-01,0.0,outcome,econ-labor
LFP,1993-07-01,-0.14556,outcome,econ-labor
LFP,1993-08-01,-0.43605,outcome,econ-labor
LFP,1993-09-01,-0.5814,outcome,econ-labor
LFP,1993-10-01,-0.72674,outcome,econ-labor
LFP,1993-11-01,-0.43668,outcome,econ-labor
LFP,1993-12-01,-0.58224,outcome,econ-labor
LFP,1994-01-01,-0.58224,outcome,econ-labor
LFP,1994-02-01,-0.58309,outcome,econ-labor
LFP,1994-03-01,-0.58309,outcome,econ-labor
LFP,1994-04-01,-0.87464,outcome,econ-labor
LFP,1994-05-01,-1.02041,outcome,econ-labor
LFP,1994-06-01,-1.16618,outcome,econ-labor
LFP,1994-07-01,-1.16618,outcome,econ-labor
LFP,1994-08-01,-1.0219,outcome,econ-labor
LFP,1994-09-01,-0.87719,outcome,econ-labor
LFP,1994-10-01,-0.58565,outcome,econ-labor
LFP,1994-11-01,-0.73099,outcome,econ-labor
LFP,1994-12-01,-0.58565,outcome,econ-labor
LFP,1995-01-01,-0.73206,outcome,econ-labor
LFP,1995-02-01,-0.58651,outcome,econ-labor
LFP,1995-03-01,-0.73314,outcome,econ-labor
LFP,1995-04-01,-0.44118,outcome,econ-labor
LFP,1995-05-01,-0.29455,outcome,econ-labor
LFP,1995-06-01,-0.14749,outcome,econ-labor
LFP,1995-07-01,-0.29499,outcome,econ-labor
LFP,1995-08-01,-0.44248,outcome,econ-labor
LFP,1995-09-01,-0.44248,outcome,econ-labor
LFP,1995-10-01,-0.73638,outcome,econ-labor
LFP,1995-11-01,-0.88365,outcome,econ-labor
LFP,1995-12-01,-0.73638,outcome,econ-labor
LFP,1996-01-01,-0.58997,outcome,econ-labor
LFP,1996-02-01,-0.44248,outcome,econ-labor
LFP,1996-03-01,-0.14771,outcome,econ-labor
LFP,1996-04-01,0.0,outcome,econ-labor
LFP,1996-05-01,0.14771,outcome,econ-labor
LFP,1996-06-01,0.14771,outcome,econ-labor
LFP,1996-07-01,0.29586,outcome,econ-labor
LFP,1996-08-01,0.44444,outcome,econ-labor
LFP,1996-09-01,0.44444,outcome,econ-labor
LFP,1996-10-01,0.74184,outcome,econ-labor
LFP,1996-11-01,0.89153,outcome,econ-labor
LFP,1996-12-01,0.74184,outcome,econ-labor
LFP,1997-01-01,0.74184,outcome,econ-labor
LFP,1997-02-01,0.59259,outcome,econ-labor
LFP,1997-03-01,0.44379,outcome,econ-labor
LFP,1997-04-01,0.14771,outcome,econ-labor
LFP,1997-05-01,0.0,outcome,econ-labor
LFP,1997-06-01,0.0,outcome,econ-labor
LFP,1997-07-01,0.0,outcome,econ-labor
LFP,1997-08-01,-0.14749,outcome,econ-labor
LFP,1997-09-01,-0.29499,outcome,econ-labor
LFP,1997-10-01,-0.44183,outcome,econ-labor
LFP,1997-11-01,-0.5891,outcome,econ-labor
LFP,1997-12-01,-0.73638,outcome,econ-labor
LFP,1998-01-01,-0.73638,outcome,econ-labor
LFP,1998-02-01,-0.88365,outcome,econ-labor
LFP,1998-03-01,-0.88365,outcome,econ-labor
LFP,1998-04-01,-0.73746,outcome,econ-labor
LFP,1998-05-01,-0.73746,outcome,econ-labor
LFP,1998-06-01,-0.58997,outcome,econ-labor
LFP,1998-07-01,-0.58997,outcome,econ-labor
LFP,1998-08-01,-0.44313,outcome,econ-labor
LFP,1998-09-01,-0.14793,outcome,econ-labor
LFP,1998-10-01,-0.14793,outcome,econ-labor
LFP,1998-11-01,0.0,outcome,econ-labor
LFP,1998-12-01,0.0,outcome,econ-labor
LFP,1999-01-01,0.0,outcome,econ-labor
LFP,1999-02-01,0.0,outcome,econ-labor
LFP,1999-03-01,0.0,outcome,econ-labor
LFP,1999-04-01,0.0,outcome,econ-labor
LFP,1999-05-01,0.0,outcome,econ-labor
LFP,1999-06-01,0.0,outcome,econ-labor
LFP,1999-07-01,0.0,outcome,econ-labor
LFP,1999-08-01,0.0,outcome,econ-labor
LFP,1999-09-01,-0.14815,outcome,econ-labor
LFP,1999-10-01,-0.14815,outcome,econ-labor
LFP,1999-11-01,-0.14815,outcome,econ-labor
LFP,1999-12-01,0.0,outcome,econ-labor
LFP,2000-01-01,0.14837,outcome,econ-labor
LFP,2000-02-01,0.29718,outcome,econ-labor
LFP,2000-03-01,0.44577,outcome,econ-labor
LFP,2000-04-01,0.29718,outcome,econ-labor
LFP,2000-05-01,0.14859,outcome,econ-labor
LFP,2000-06-01,-0.14837,outcome,econ-labor
LFP,2000-07-01,-0.29674,outcome,econ-labor
LFP,2000-08-01,-0.4451,outcome,econ-labor
LFP,2000-09-01,-0.59347,outcome,econ-labor
LFP,2000-10-01,-0.4451,outcome,econ-labor
LFP,2000-11-01,-0.4451,outcome,econ-labor
LFP,2000-12-01,-0.29674,outcome,econ-labor
LFP,2001-01-01,-0.2963,outcome,econ-labor
LFP,2001-02-01,-0.14815,outcome,econ-labor
LFP,2001-03-01,-0.29586,outcome,econ-labor
LFP,2001-04-01,-0.2963,outcome,econ-labor
LFP,2001-05-01,-0.14837,outcome,econ-labor
LFP,2001-06-01,-0.14859,outcome,econ-labor
LFP,2001-07-01,-0.14881,outcome,econ-labor
LFP,2001-08-01,-0.14903,outcome,econ-labor
LFP,2001-09-01,0.0,outcome,econ-labor
LFP,2001-10-01,-0.29806,outcome,econ-labor
LFP,2001-11-01,-0.59613,outcome,econ-labor
LFP,2001-12-01,-0.89286,outcome,econ-labor
LFP,2002-01-01,-1.3373,outcome,econ-labor
LFP,2002-02-01,-1.63205,outcome,econ-labor
LFP,2002-03-01,-1.92878,outcome,econ-labor
LFP,2002-04-01,-1.93165,outcome,econ-labor
LFP,2002-05-01,-2.08024,outcome,econ-labor
LFP,2002-06-01,-1.93452,outcome,econ-labor
LFP,2002-07-01,-1.93741,outcome,econ-labor
LFP,2002-08-01,-1.79104,outcome,econ-labor
LFP,2002-09-01,-1.9403,outcome,econ-labor
LFP,2002-10-01,-1.9432,outcome,econ-labor
LFP,2002-11-01,-1.64918,outcome,econ-labor
LFP,2002-12-01,-1.65165,outcome,econ-labor
LFP,2003-01-01,-1.35542,outcome,econ-labor
LFP,2003-02-01,-1.20664,outcome,econ-labor
LFP,2003-03-01,-0.75643,outcome,econ-labor
LFP,2003-04-01,-0.45455,outcome,econ-labor
LFP,2003-05-01,-0.30349,outcome,econ-labor
LFP,2003-06-01,-0.30349,outcome,econ-labor
LFP,2003-07-01,-0.15198,outcome,econ-labor
LFP,2003-08-01,-0.30395,outcome,econ-labor
LFP,2003-09-01,-0.30441,outcome,econ-labor
LFP,2003-10-01,-0.30488,outcome,econ-labor
LFP,2003-11-01,-0.45732,outcome,econ-labor
LFP,2003-12-01,-0.30534,outcome,econ-labor
LFP,2004-01-01,-0.45802,outcome,econ-labor
LFP,2004-02-01,-0.61069,outcome,econ-labor
LFP,2004-03-01,-0.91463,outcome,econ-labor
LFP,2004-04-01,-1.06545,outcome,econ-labor
LFP,2004-05-01,-1.21766,outcome,econ-labor
LFP,2004-06-01,-1.21766,outcome,econ-labor
LFP,2004-07-01,-1.36986,outcome,econ-labor
LFP,2004-08-01,-1.06707,outcome,econ-labor
LFP,2004-09-01,-0.91603,outcome,econ-labor
LFP,2004-10-01,-0.76453,outcome,econ-labor
LFP,2004-11-01,-0.45942,outcome,econ-labor
LFP,2004-12-01,-0.30628,outcome,econ-labor
LFP,2005-01-01,-0.15337,outcome,econ-labor
LFP,2005-02-01,0.15361,outcome,econ-labor
LFP,2005-03-01,0.46154,outcome,econ-labor
LFP,2005-04-01,0.61538,outcome,econ-labor
LFP,2005-05-01,1.07858,outcome,econ-labor
LFP,2005-06-01,1.23267,outcome,econ-labor
LFP,2005-07-01,1.54321,outcome,econ-labor
LFP,2005-08-01,1.69492,outcome,econ-labor
LFP,2005-09-01,1.69492,outcome,econ-labor
LFP,2005-10-01,1.54083,outcome,econ-labor
LFP,2005-11-01,1.38462,outcome,econ-labor
LFP,2005-12-01,1.07527,outcome,econ-labor
LFP,2006-01-01,1.07527,outcome,econ-labor
LFP,2006-02-01,0.92025,outcome,econ-labor
LFP,2006-03-01,0.7657,outcome,econ-labor
LFP,2006-04-01,0.61162,outcome,econ-labor
LFP,2006-05-01,0.30488,outcome,econ-labor
LFP,2006-06-01,0.30441,outcome,econ-labor
LFP,2006-07-01,0.15198,outcome,econ-labor
LFP,2006-08-01,-0.15152,outcome,econ-labor
LFP,2006-09-01,0.0,outcome,econ-labor
LFP,2006-10-01,0.15175,outcome,econ-labor
LFP,2006-11-01,0.15175,outcome,econ-labor
LFP,2006-12-01,0.30395,outcome,econ-labor
LFP,2007-01-01,0.30395,outcome,econ-labor
LFP,2007-02-01,0.15198,outcome,econ-labor
LFP,2007-03-01,0.0,outcome,econ-labor
LFP,2007-04-01,-0.15198,outcome,econ-labor
LFP,2007-05-01,-0.45593,outcome,econ-labor
LFP,2007-06-01,-0.75873,outcome,econ-labor
LFP,2007-07-01,-1.06222,outcome,econ-labor
LFP,2007-08-01,-1.06222,outcome,econ-labor
LFP,2007-09-01,-1.36364,outcome,econ-labor
LFP,2007-10-01,-1.21212,outcome,econ-labor
LFP,2007-11-01,-1.21212,outcome,econ-labor
LFP,2007-12-01,-1.06061,outcome,econ-labor
LFP,2008-01-01,-0.90909,outcome,econ-labor
LFP,2008-02-01,-0.60698,outcome,econ-labor
LFP,2008-03-01,-0.45593,outcome,econ-labor
LFP,2008-04-01,-0.15221,outcome,econ-labor
LFP,2008-05-01,0.15267,outcome,econ-labor
LFP,2008-06-01,0.30581,outcome,econ-labor
LFP,2008-07-01,0.46012,outcome,econ-labor
LFP,2008-08-01,0.30675,outcome,econ-labor
LFP,2008-09-01,0.30722,outcome,econ-labor
LFP,2008-10-01,-0.15337,outcome,econ-labor
LFP,2008-11-01,-0.46012,outcome,econ-labor
LFP,2008-12-01,-0.91884,outcome,econ-labor
LFP,2009-01-01,-1.37615,outcome,econ-labor
LFP,2009-02-01,-1.67939,outcome,econ-labor
LFP,2009-03-01,-1.98473,outcome,econ-labor
LFP,2009-04-01,-2.13415,outcome,econ-labor
LFP,2009-05-01,-2.28659,outcome,econ-labor
LFP,2009-06-01,-2.28659,outcome,econ-labor
LFP,2009-07-01,-2.29008,outcome,econ-labor
LFP,2009-08-01,-2.29358,outcome,econ-labor
LFP,2009-09-01,-2.29709,outcome,econ-labor
LFP,2009-10-01,-2.30415,outcome,econ-labor
LFP,2009-11-01,-2.15716,outcome,econ-labor
LFP,2009-12-01,-1.85471,outcome,econ-labor
LFP,2010-01-01,-1.70543,outcome,econ-labor
LFP,2010-02-01,-1.39752,outcome,econ-labor
LFP,2010-03-01,-1.09034,outcome,econ-labor
LFP,2010-04-01,-1.09034,outcome,econ-labor
LFP,2010-05-01,-1.09204,outcome,econ-labor
LFP,2010-06-01,-1.24805,outcome,econ-labor
LFP,2010-07-01,-1.25,outcome,econ-labor
LFP,2010-08-01,-1.25196,outcome,econ-labor
LFP,2010-09-01,-1.09718,outcome,econ-labor
LFP,2010-10-01,-0.78616,outcome,econ-labor
LFP,2010-11-01,-0.47244,outcome,econ-labor
LFP,2010-12-01,-0.47244,outcome,econ-labor
LFP,2011-01-01,-0.31546,outcome,econ-labor
LFP,2011-02-01,-0.31496,outcome,econ-labor
LFP,2011-03-01,-0.47244,outcome,econ-labor
LFP,2011-04-01,-0.47244,outcome,econ-labor
LFP,2011-05-01,-0.47319,outcome,econ-labor
LFP,2011-06-01,-0.31596,outcome,econ-labor
LFP,2011-07-01,-0.31646,outcome,econ-labor
LFP,2011-08-01,-0.31696,outcome,econ-labor
LFP,2011-09-01,-0.47544,outcome,econ-labor
LFP,2011-10-01,-0.79239,outcome,econ-labor
LFP,2011-11-01,-1.26582,outcome,econ-labor
LFP,2011-12-01,-1.58228,outcome,econ-labor
LFP,2012-01-01,-1.89873,outcome,econ-labor
LFP,2012-02-01,-2.36967,outcome,econ-labor
LFP,2012-03-01,-2.53165,outcome,econ-labor
LFP,2012-04-01,-2.8481,outcome,econ-labor
LFP,2012-05-01,-2.85261,outcome,econ-labor
LFP,2012-06-01,-3.01109,outcome,econ-labor
LFP,2012-07-01,-3.01587,outcome,econ-labor
LFP,2012-08-01,-3.02067,outcome,econ-labor
LFP,2012-09-01,-2.86624,outcome,econ-labor
LFP,2012-10-01,-2.55591,outcome,econ-labor
LFP,2012-11-01,-2.40385,outcome,econ-labor
LFP,2012-12-01,-2.2508,outcome,econ-labor
LFP,2013-01-01,-2.09677,outcome,econ-labor
LFP,2013-02-01,-1.94175,outcome,econ-labor
LFP,2013-03-01,-1.62338,outcome,econ-labor
LFP,2013-04-01,-1.30293,outcome,econ-labor
LFP,2013-05-01,-1.14192,outcome,econ-labor
LFP,2013-06-01,-0.81699,outcome,econ-labor
LFP,2013-07-01,-0.491,outcome,econ-labor
LFP,2013-08-01,-0.32787,outcome,econ-labor
LFP,2013-09-01,-0.16393,outcome,econ-labor
LFP,2013-10-01,0.0,outcome,econ-labor
LFP,2013-11-01,0.32841,outcome,econ-labor
LFP,2013-12-01,0.65789,outcome,econ-labor
LFP,2014-01-01,0.98847,outcome,econ-labor
LFP,2014-02-01,1.32013,outcome,econ-labor
LFP,2014-03-01,1.48515,outcome,econ-labor
LFP,2014-04-01,1.65017,outcome,econ-labor
LFP,2014-05-01,1.65017,outcome,econ-labor
LFP,2014-06-01,1.64745,outcome,econ-labor
LFP,2014-07-01,1.48026,outcome,econ-labor
LFP,2014-08-01,1.64474,outcome,econ-labor
LFP,2014-09-01,1.47783,outcome,econ-labor
LFP,2014-10-01,1.31148,outcome,econ-labor
LFP,2014-11-01,0.982,outcome,econ-labor
LFP,2014-12-01,0.81699,outcome,econ-labor
LFP,2015-01-01,0.65253,outcome,econ-labor
LFP,2015-02-01,0.4886,outcome,econ-labor
LFP,2015-03-01,0.3252,outcome,econ-labor
LFP,2015-04-01,0.16234,outcome,econ-labor
LFP,2015-05-01,0.16234,outcome,econ-labor
LFP,2015-06-01,0.0,outcome,econ-labor
LFP,2015-07-01,0.0,outcome,econ-labor
LFP,2015-08-01,-0.16181,outcome,econ-labor
LFP,2015-09-01,-0.16181,outcome,econ-labor
LFP,2015-10-01,-0.16181,outcome,econ-labor
LFP,2015-11-01,0.16207,outcome,econ-labor
LFP,2015-12-01,0.32415,outcome,econ-labor
LFP,2016-01-01,0.32415,outcome,econ-labor
LFP,2016-02-01,0.32415,outcome,econ-labor
LFP,2016-03-01,0.48622,outcome,econ-labor
LFP,2016-04-01,0.48622,outcome,econ-labor
LFP,2016-05-01,0.48622,outcome,econ-labor
LFP,2016-06-01,0.6483,outcome,econ-labor
LFP,2016-07-01,0.6483,outcome,econ-labor
LFP,2016-08-01,0.81037,outcome,econ-labor
LFP,2016-09-01,0.81037,outcome,econ-labor
LFP,2016-10-01,0.97245,outcome,econ-labor
LFP,2016-11-01,0.80906,outcome,econ-labor
LFP,2016-12-01,0.6462,outcome,econ-labor
LFP,2017-01-01,0.6462,outcome,econ-labor
LFP,2017-02-01,0.6462,outcome,econ-labor
LFP,2017-03-01,0.64516,outcome,econ-labor
LFP,2017-04-01,0.48387,outcome,econ-labor
LFP,2017-05-01,0.48387,outcome,econ-labor
LFP,2017-06-01,0.16103,outcome,econ-labor
LFP,2017-07-01,0.0,outcome,econ-labor
LFP,2017-08-01,-0.48232,outcome,econ-labor
LFP,2017-09-01,-0.64309,outcome,econ-labor
LFP,2017-10-01,-0.96308,outcome,econ-labor
LFP,2017-11-01,-1.1236,outcome,econ-labor
LFP,2017-12-01,-1.1236,outcome,econ-labor
LFP,2018-01-01,-1.1236,outcome,econ-labor
LFP,2018-02-01,-0.96308,outcome,econ-labor
LFP,2018-03-01,-0.96154,outcome,econ-labor
LFP,2018-04-01,-0.80257,outcome,econ-labor
LFP,2018-05-01,-0.80257,outcome,econ-labor
LFP,2018-06-01,-0.80386,outcome,econ-labor
LFP,2018-07-01,-0.80515,outcome,econ-labor
LFP,2018-08-01,-0.6462,outcome,econ-labor
LFP,2018-09-01,-0.80906,outcome,econ-labor
LFP,2018-10-01,-0.81037,outcome,econ-labor
LFP,2018-11-01,-0.81169,outcome,econ-labor
LFP,2018-12-01,-0.81169,outcome,econ-labor
LFP,2019-01-01,-0.97403,outcome,econ-labor
LFP,2019-02-01,-1.2966,outcome,econ-labor
LFP,2019-03-01,-1.45631,outcome,econ-labor
LFP,2019-04-01,-1.45631,outcome,econ-labor
LFP,2019-05-01,-1.45631,outcome,econ-labor
LFP,2019-06-01,-1.2966,outcome,econ-labor
LFP,2019-07-01,-0.97403,outcome,econ-labor
LFP,2019-08-01,-0.65041,outcome,econ-labor
LFP,2019-09-01,-0.16313,outcome,econ-labor
LFP,2019-10-01,0.1634,outcome,econ-labor
LFP,2019-11-01,0.491,outcome,econ-labor
LFP,2019-12-01,0.65466,outcome,econ-labor
LFP,2020-01-01,0.65574,outcome,econ-labor
LFP,2020-02-01,0.65681,outcome,econ-labor
LFP,2020-03-01,0.65681,outcome,econ-labor
LFP,2020-04-01,-5.41872,outcome,econ-labor
LFP,2020-05-01,-2.95567,outcome,econ-labor
LFP,2020-06-01,-2.95567,outcome,econ-labor
LFP,2020-07-01,-1.63934,outcome,econ-labor
LFP,2020-08-01,-2.12766,outcome,econ-labor
LFP,2020-09-01,-9.64052,outcome,econ-labor
LFP,2020-10-01,-6.68842,outcome,econ-labor
LFP,2020-11-01,-5.21173,outcome,econ-labor
LFP,2020-12-01,-3.90244,outcome,econ-labor
Total Leisure Emp,1991-01-01,3.73932,outcome,econ-labor
Total Leisure Emp,1991-02-01,1.90074,outcome,econ-labor
Total Leisure Emp,1991-03-01,3.33333,outcome,econ-labor
Total Leisure Emp,1991-04-01,0.10493,outcome,econ-labor
Total Leisure Emp,1991-05-01,0.73452,outcome,econ-labor
Total Leisure Emp,1991-06-01,1.25,outcome,econ-labor
Total Leisure Emp,1991-07-01,2.93194,outcome,econ-labor
Total Leisure Emp,1991-08-01,3.42679,outcome,econ-labor
Total Leisure Emp,1991-09-01,3.78151,outcome,econ-labor
Total Leisure Emp,1991-10-01,2.09864,outcome,econ-labor
Total Leisure Emp,1991-11-01,0.72165,outcome,econ-labor
Total Leisure Emp,1991-12-01,1.33197,outcome,econ-labor
Total Leisure Emp,1992-01-01,2.05973,outcome,econ-labor
Total Leisure Emp,1992-02-01,2.90155,outcome,econ-labor
Total Leisure Emp,1992-03-01,3.53798,outcome,econ-labor
Total Leisure Emp,1992-04-01,4.29769,outcome,econ-labor
Total Leisure Emp,1992-05-01,3.75,outcome,econ-labor
Total Leisure Emp,1992-06-01,2.57202,outcome,econ-labor
Total Leisure Emp,1992-07-01,1.11902,outcome,econ-labor
Total Leisure Emp,1992-08-01,0.1004,outcome,econ-labor
Total Leisure Emp,1992-09-01,-0.40486,outcome,econ-labor
Total Leisure Emp,1992-10-01,-1.33607,outcome,econ-labor
Total Leisure Emp,1992-11-01,-1.63767,outcome,econ-labor
Total Leisure Emp,1992-12-01,-1.71891,outcome,econ-labor
Total Leisure Emp,1993-01-01,-4.33905,outcome,econ-labor
Total Leisure Emp,1993-02-01,-4.22961,outcome,econ-labor
Total Leisure Emp,1993-03-01,-4.52261,outcome,econ-labor
Total Leisure Emp,1993-04-01,-4.92462,outcome,econ-labor
Total Leisure Emp,1993-05-01,-4.71888,outcome,econ-labor
Total Leisure Emp,1993-06-01,-4.71414,outcome,econ-labor
Total Leisure Emp,1993-07-01,-5.03018,outcome,econ-labor
Total Leisure Emp,1993-08-01,-5.21565,outcome,econ-labor
Total Leisure Emp,1993-09-01,-4.6748,outcome,econ-labor
Total Leisure Emp,1993-10-01,-2.5,outcome,econ-labor
Total Leisure Emp,1993-11-01,-3.12175,outcome,econ-labor
Total Leisure Emp,1993-12-01,-4.01235,outcome,econ-labor
Total Leisure Emp,1994-01-01,-1.05485,outcome,econ-labor
Total Leisure Emp,1994-02-01,-1.15668,outcome,econ-labor
Total Leisure Emp,1994-03-01,-0.52632,outcome,econ-labor
Total Leisure Emp,1994-04-01,-0.84567,outcome,econ-labor
Total Leisure Emp,1994-05-01,-0.84299,outcome,econ-labor
Total Leisure Emp,1994-06-01,0.21053,outcome,econ-labor
Total Leisure Emp,1994-07-01,1.69492,outcome,econ-labor
Total Leisure Emp,1994-08-01,1.37566,outcome,econ-labor
Total Leisure Emp,1994-09-01,1.91898,outcome,econ-labor
Total Leisure Emp,1994-10-01,1.06838,outcome,econ-labor
Total Leisure Emp,1994-11-01,2.25564,outcome,econ-labor
Total Leisure Emp,1994-12-01,3.21543,outcome,econ-labor
Total Leisure Emp,1995-01-01,1.49254,outcome,econ-labor
Total Leisure Emp,1995-02-01,1.80851,outcome,econ-labor
Total Leisure Emp,1995-03-01,1.37566,outcome,econ-labor
Total Leisure Emp,1995-04-01,1.59915,outcome,econ-labor
Total Leisure Emp,1995-05-01,0.63762,outcome,econ-labor
Total Leisure Emp,1995-06-01,1.15546,outcome,econ-labor
Total Leisure Emp,1995-07-01,-0.10417,outcome,econ-labor
Total Leisure Emp,1995-08-01,0.41754,outcome,econ-labor
Total Leisure Emp,1995-09-01,0.20921,outcome,econ-labor
Total Leisure Emp,1995-10-01,-0.21142,outcome,econ-labor
Total Leisure Emp,1995-11-01,-0.10504,outcome,econ-labor
Total Leisure Emp,1995-12-01,-0.31153,outcome,econ-labor
Total Leisure Emp,1996-01-01,-0.52521,outcome,econ-labor
Total Leisure Emp,1996-02-01,0.31348,outcome,econ-labor
Total Leisure Emp,1996-03-01,0.52192,outcome,econ-labor
Total Leisure Emp,1996-04-01,-0.52466,outcome,econ-labor
Total Leisure Emp,1996-05-01,0.42239,outcome,econ-labor
Total Leisure Emp,1996-06-01,-0.31153,outcome,econ-labor
Total Leisure Emp,1996-07-01,0.4171,outcome,econ-labor
Total Leisure Emp,1996-08-01,1.0395,outcome,econ-labor
Total Leisure Emp,1996-09-01,1.46138,outcome,econ-labor
Total Leisure Emp,1996-10-01,1.80085,outcome,econ-labor
Total Leisure Emp,1996-11-01,1.57729,outcome,econ-labor
Total Leisure Emp,1996-12-01,1.77083,outcome,econ-labor
Total Leisure Emp,1997-01-01,1.26716,outcome,econ-labor
Total Leisure Emp,1997-02-01,0.52083,outcome,econ-labor
Total Leisure Emp,1997-03-01,0.41537,outcome,econ-labor
Total Leisure Emp,1997-04-01,1.16034,outcome,econ-labor
Total Leisure Emp,1997-05-01,0.63091,outcome,econ-labor
Total Leisure Emp,1997-06-01,0.20833,outcome,econ-labor
Total Leisure Emp,1997-07-01,-0.62305,outcome,econ-labor
Total Leisure Emp,1997-08-01,-0.82305,outcome,econ-labor
Total Leisure Emp,1997-09-01,-1.33745,outcome,econ-labor
Total Leisure Emp,1997-10-01,-0.62435,outcome,econ-labor
Total Leisure Emp,1997-11-01,-0.5176,outcome,econ-labor
Total Leisure Emp,1997-12-01,-0.71648,outcome,econ-labor
Total Leisure Emp,1998-01-01,-0.4171,outcome,econ-labor
Total Leisure Emp,1998-02-01,-0.20725,outcome,econ-labor
Total Leisure Emp,1998-03-01,0.10341,outcome,econ-labor
Total Leisure Emp,1998-04-01,0.4171,outcome,econ-labor
Total Leisure Emp,1998-05-01,1.14943,outcome,econ-labor
Total Leisure Emp,1998-06-01,0.6237,outcome,econ-labor
Total Leisure Emp,1998-07-01,0.73145,outcome,econ-labor
Total Leisure Emp,1998-08-01,0.41494,outcome,econ-labor
Total Leisure Emp,1998-09-01,0.8342,outcome,econ-labor
Total Leisure Emp,1998-10-01,0.20942,outcome,econ-labor
Total Leisure Emp,1998-11-01,0.41623,outcome,econ-labor
Total Leisure Emp,1998-12-01,0.10309,outcome,econ-labor
Total Leisure Emp,1999-01-01,-0.20942,outcome,econ-labor
Total Leisure Emp,1999-02-01,-0.20768,outcome,econ-labor
Total Leisure Emp,1999-03-01,0.51653,outcome,econ-labor
Total Leisure Emp,1999-04-01,0.62305,outcome,econ-labor
Total Leisure Emp,1999-05-01,0.20661,outcome,econ-labor
Total Leisure Emp,1999-06-01,1.13636,outcome,econ-labor
Total Leisure Emp,1999-07-01,1.03734,outcome,econ-labor
Total Leisure Emp,1999-08-01,0.82645,outcome,econ-labor
Total Leisure Emp,1999-09-01,0.62048,outcome,econ-labor
Total Leisure Emp,1999-10-01,1.88088,outcome,econ-labor
Total Leisure Emp,1999-11-01,1.86528,outcome,econ-labor
Total Leisure Emp,1999-12-01,2.05973,outcome,econ-labor
Total Leisure Emp,2000-01-01,2.51836,outcome,econ-labor
Total Leisure Emp,2000-02-01,2.70552,outcome,econ-labor
Total Leisure Emp,2000-03-01,2.56937,outcome,econ-labor
Total Leisure Emp,2000-04-01,3.09598,outcome,econ-labor
Total Leisure Emp,2000-05-01,3.50515,outcome,econ-labor
Total Leisure Emp,2000-06-01,3.88151,outcome,econ-labor
Total Leisure Emp,2000-07-01,4.20945,outcome,econ-labor
Total Leisure Emp,2000-08-01,4.30328,outcome,econ-labor
Total Leisure Emp,2000-09-01,4.72765,outcome,econ-labor
Total Leisure Emp,2000-10-01,4.0,outcome,econ-labor
Total Leisure Emp,2000-11-01,3.56053,outcome,econ-labor
Total Leisure Emp,2000-12-01,3.63269,outcome,econ-labor
Total Leisure Emp,2001-01-01,3.07062,outcome,econ-labor
Total Leisure Emp,2001-02-01,3.03951,outcome,econ-labor
Total Leisure Emp,2001-03-01,2.40481,outcome,econ-labor
Total Leisure Emp,2001-04-01,1.8018,outcome,econ-labor
Total Leisure Emp,2001-05-01,1.49402,outcome,econ-labor
Total Leisure Emp,2001-06-01,0.78663,outcome,econ-labor
Total Leisure Emp,2001-07-01,0.29557,outcome,econ-labor
Total Leisure Emp,2001-08-01,0.68762,outcome,econ-labor
Total Leisure Emp,2001-09-01,-0.09814,outcome,econ-labor
Total Leisure Emp,2001-10-01,-4.63511,outcome,econ-labor
Total Leisure Emp,2001-11-01,-5.40275,outcome,econ-labor
Total Leisure Emp,2001-12-01,-5.84226,outcome,econ-labor
Total Leisure Emp,2002-01-01,-4.56802,outcome,econ-labor
Total Leisure Emp,2002-02-01,-4.42478,outcome,econ-labor
Total Leisure Emp,2002-03-01,-3.91389,outcome,econ-labor
Total Leisure Emp,2002-04-01,-3.44149,outcome,econ-labor
Total Leisure Emp,2002-05-01,-2.64966,outcome,econ-labor
Total Leisure Emp,2002-06-01,-2.2439,outcome,econ-labor
Total Leisure Emp,2002-07-01,-1.96464,outcome,econ-labor
Total Leisure Emp,2002-08-01,-2.43902,outcome,econ-labor
Total Leisure Emp,2002-09-01,-2.25933,outcome,econ-labor
Total Leisure Emp,2002-10-01,2.06825,outcome,econ-labor
Total Leisure Emp,2002-11-01,3.63448,outcome,econ-labor
Total Leisure Emp,2002-12-01,3.61944,outcome,econ-labor
Total Leisure Emp,2003-01-01,3.43392,outcome,econ-labor
Total Leisure Emp,2003-02-01,2.98354,outcome,econ-labor
Total Leisure Emp,2003-03-01,2.95316,outcome,econ-labor
Total Leisure Emp,2003-04-01,1.93483,outcome,econ-labor
Total Leisure Emp,2003-05-01,1.5121,outcome,econ-labor
Total Leisure Emp,2003-06-01,0.998,outcome,econ-labor
Total Leisure Emp,2003-07-01,1.80361,outcome,econ-labor
Total Leisure Emp,2003-08-01,2.3,outcome,econ-labor
Total Leisure Emp,2003-09-01,2.61307,outcome,econ-labor
Total Leisure Emp,2003-10-01,2.9382,outcome,econ-labor
Total Leisure Emp,2003-11-01,2.40481,outcome,econ-labor
Total Leisure Emp,2003-12-01,3.69261,outcome,econ-labor
Total Leisure Emp,2004-01-01,3.21932,outcome,econ-labor
Total Leisure Emp,2004-02-01,3.6963,outcome,econ-labor
Total Leisure Emp,2004-03-01,3.26409,outcome,econ-labor
Total Leisure Emp,2004-04-01,4.3956,outcome,econ-labor
Total Leisure Emp,2004-05-01,4.1708,outcome,econ-labor
Total Leisure Emp,2004-06-01,4.8419,outcome,econ-labor
Total Leisure Emp,2004-07-01,4.92126,outcome,econ-labor
Total Leisure Emp,2004-08-01,4.59433,outcome,econ-labor
Total Leisure Emp,2004-09-01,4.60333,outcome,econ-labor
Total Leisure Emp,2004-10-01,4.62598,outcome,econ-labor
Total Leisure Emp,2004-11-01,4.59883,outcome,econ-labor
Total Leisure Emp,2004-12-01,3.36862,outcome,econ-labor
Total Leisure Emp,2005-01-01,3.02144,outcome,econ-labor
Total Leisure Emp,2005-02-01,2.6975,outcome,econ-labor
Total Leisure Emp,2005-03-01,3.2567,outcome,econ-labor
Total Leisure Emp,2005-04-01,3.15789,outcome,econ-labor
Total Leisure Emp,2005-05-01,3.14585,outcome,econ-labor
Total Leisure Emp,2005-06-01,3.29877,outcome,econ-labor
Total Leisure Emp,2005-07-01,2.53283,outcome,econ-labor
Total Leisure Emp,2005-08-01,2.42991,outcome,econ-labor
Total Leisure Emp,2005-09-01,2.52809,outcome,econ-labor
Total Leisure Emp,2005-10-01,1.78739,outcome,econ-labor
Total Leisure Emp,2005-11-01,1.49673,outcome,econ-labor
Total Leisure Emp,2005-12-01,1.95531,outcome,econ-labor
Total Leisure Emp,2006-01-01,2.17597,outcome,econ-labor
Total Leisure Emp,2006-02-01,2.43902,outcome,econ-labor
Total Leisure Emp,2006-03-01,1.94805,outcome,econ-labor
Total Leisure Emp,2006-04-01,1.48423,outcome,econ-labor
Total Leisure Emp,2006-05-01,1.66359,outcome,econ-labor
Total Leisure Emp,2006-06-01,1.55109,outcome,econ-labor
Total Leisure Emp,2006-07-01,1.64684,outcome,econ-labor
Total Leisure Emp,2006-08-01,1.73358,outcome,econ-labor
Total Leisure Emp,2006-09-01,1.55251,outcome,econ-labor
Total Leisure Emp,2006-10-01,2.03327,outcome,econ-labor
Total Leisure Emp,2006-11-01,2.39631,outcome,econ-labor
Total Leisure Emp,2006-12-01,2.00913,outcome,econ-labor
Total Leisure Emp,2007-01-01,2.40741,outcome,econ-labor
Total Leisure Emp,2007-02-01,2.47253,outcome,econ-labor
Total Leisure Emp,2007-03-01,2.54777,outcome,econ-labor
Total Leisure Emp,2007-04-01,2.83364,outcome,econ-labor
Total Leisure Emp,2007-05-01,2.72727,outcome,econ-labor
Total Leisure Emp,2007-06-01,2.51572,outcome,econ-labor
Total Leisure Emp,2007-07-01,1.62016,outcome,econ-labor
Total Leisure Emp,2007-08-01,1.79372,outcome,econ-labor
Total Leisure Emp,2007-09-01,1.07914,outcome,econ-labor
Total Leisure Emp,2007-10-01,0.4529,outcome,econ-labor
Total Leisure Emp,2007-11-01,0.27003,outcome,econ-labor
Total Leisure Emp,2007-12-01,0.17905,outcome,econ-labor
Total Leisure Emp,2008-01-01,0.36166,outcome,econ-labor
Total Leisure Emp,2008-02-01,0.2681,outcome,econ-labor
Total Leisure Emp,2008-03-01,-0.35492,outcome,econ-labor
Total Leisure Emp,2008-04-01,-1.24444,outcome,econ-labor
Total Leisure Emp,2008-05-01,-1.59292,outcome,econ-labor
Total Leisure Emp,2008-06-01,-2.45399,outcome,econ-labor
Total Leisure Emp,2008-07-01,-1.94863,outcome,econ-labor
Total Leisure Emp,2008-08-01,-2.99559,outcome,econ-labor
Total Leisure Emp,2008-09-01,-3.55872,outcome,econ-labor
Total Leisure Emp,2008-10-01,-4.23805,outcome,econ-labor
Total Leisure Emp,2008-11-01,-5.1167,outcome,econ-labor
Total Leisure Emp,2008-12-01,-5.89812,outcome,econ-labor
Total Leisure Emp,2009-01-01,-6.3964,outcome,econ-labor
Total Leisure Emp,2009-02-01,-7.21925,outcome,econ-labor
Total Leisure Emp,2009-03-01,-7.03473,outcome,econ-labor
Total Leisure Emp,2009-04-01,-6.84068,outcome,econ-labor
Total Leisure Emp,2009-05-01,-6.65468,outcome,econ-labor
Total Leisure Emp,2009-06-01,-6.37916,outcome,econ-labor
Total Leisure Emp,2009-07-01,-6.23306,outcome,econ-labor
Total Leisure Emp,2009-08-01,-5.35876,outcome,econ-labor
Total Leisure Emp,2009-09-01,-4.33579,outcome,econ-labor
Total Leisure Emp,2009-10-01,-3.48399,outcome,econ-labor
Total Leisure Emp,2009-11-01,-3.12204,outcome,econ-labor
Total Leisure Emp,2009-12-01,-2.18424,outcome,econ-labor
Total Leisure Emp,2010-01-01,-2.21367,outcome,econ-labor
Total Leisure Emp,2010-02-01,-1.72911,outcome,econ-labor
Total Leisure Emp,2010-03-01,-1.81992,outcome,econ-labor
Total Leisure Emp,2010-04-01,-0.96618,outcome,econ-labor
Total Leisure Emp,2010-05-01,-1.34875,outcome,econ-labor
Total Leisure Emp,2010-06-01,-1.43954,outcome,econ-labor
Total Leisure Emp,2010-07-01,-0.67437,outcome,econ-labor
Total Leisure Emp,2010-08-01,-0.38388,outcome,econ-labor
Total Leisure Emp,2010-09-01,-0.19286,outcome,econ-labor
Total Leisure Emp,2010-10-01,1.17073,outcome,econ-labor
Total Leisure Emp,2010-11-01,1.95313,outcome,econ-labor
Total Leisure Emp,2010-12-01,2.13592,outcome,econ-labor
Total Leisure Emp,2011-01-01,2.85433,outcome,econ-labor
Total Leisure Emp,2011-02-01,2.54154,outcome,econ-labor
Total Leisure Emp,2011-03-01,3.31707,outcome,econ-labor
Total Leisure Emp,2011-04-01,2.92683,outcome,econ-labor
Total Leisure Emp,2011-05-01,3.125,outcome,econ-labor
Total Leisure Emp,2011-06-01,3.11587,outcome,econ-labor
Total Leisure Emp,2011-07-01,2.9098,outcome,econ-labor
Total Leisure Emp,2011-08-01,2.98651,outcome,econ-labor
Total Leisure Emp,2011-09-01,3.57488,outcome,econ-labor
Total Leisure Emp,2011-10-01,2.50723,outcome,econ-labor
Total Leisure Emp,2011-11-01,2.29885,outcome,econ-labor
Total Leisure Emp,2011-12-01,2.47148,outcome,econ-labor
Total Leisure Emp,2012-01-01,2.77512,outcome,econ-labor
Total Leisure Emp,2012-02-01,3.43184,outcome,econ-labor
Total Leisure Emp,2012-03-01,3.39943,outcome,econ-labor
Total Leisure Emp,2012-04-01,4.07583,outcome,econ-labor
Total Leisure Emp,2012-05-01,4.35606,outcome,econ-labor
Total Leisure Emp,2012-06-01,5.28801,outcome,econ-labor
Total Leisure Emp,2012-07-01,5.46654,outcome,econ-labor
Total Leisure Emp,2012-08-01,4.86436,outcome,econ-labor
Total Leisure Emp,2012-09-01,4.10448,outcome,econ-labor
Total Leisure Emp,2012-10-01,4.79774,outcome,econ-labor
Total Leisure Emp,2012-11-01,4.58801,outcome,econ-labor
Total Leisure Emp,2012-12-01,4.63822,outcome,econ-labor
Total Leisure Emp,2013-01-01,4.28305,outcome,econ-labor
Total Leisure Emp,2013-02-01,3.96313,outcome,econ-labor
Total Leisure Emp,2013-03-01,3.47032,outcome,econ-labor
Total Leisure Emp,2013-04-01,3.55191,outcome,econ-labor
Total Leisure Emp,2013-05-01,3.902,outcome,econ-labor
Total Leisure Emp,2013-06-01,3.2287,outcome,econ-labor
Total Leisure Emp,2013-07-01,3.12779,outcome,econ-labor
Total Leisure Emp,2013-08-01,3.38983,outcome,econ-labor
Total Leisure Emp,2013-09-01,3.04659,outcome,econ-labor
Total Leisure Emp,2013-10-01,3.59066,outcome,econ-labor
Total Leisure Emp,2013-11-01,3.67055,outcome,econ-labor
Total Leisure Emp,2013-12-01,3.45745,outcome,econ-labor
Total Leisure Emp,2014-01-01,3.125,outcome,econ-labor
Total Leisure Emp,2014-02-01,3.01418,outcome,econ-labor
Total Leisure Emp,2014-03-01,3.26567,outcome,econ-labor
Total Leisure Emp,2014-04-01,2.63852,outcome,econ-labor
Total Leisure Emp,2014-05-01,2.35808,outcome,econ-labor
Total Leisure Emp,2014-06-01,1.56386,outcome,econ-labor
Total Leisure Emp,2014-07-01,1.38648,outcome,econ-labor
Total Leisure Emp,2014-08-01,1.03538,outcome,econ-labor
Total Leisure Emp,2014-09-01,1.91304,outcome,econ-labor
Total Leisure Emp,2014-10-01,1.47314,outcome,econ-labor
Total Leisure Emp,2014-11-01,1.12263,outcome,econ-labor
Total Leisure Emp,2014-12-01,0.59983,outcome,econ-labor
Total Leisure Emp,2015-01-01,0.77922,outcome,econ-labor
Total Leisure Emp,2015-02-01,0.60241,outcome,econ-labor
Total Leisure Emp,2015-03-01,0.34188,outcome,econ-labor
Total Leisure Emp,2015-04-01,0.34276,outcome,econ-labor
Total Leisure Emp,2015-05-01,0.59727,outcome,econ-labor
Total Leisure Emp,2015-06-01,1.11206,outcome,econ-labor
Total Leisure Emp,2015-07-01,1.53846,outcome,econ-labor
Total Leisure Emp,2015-08-01,2.13493,outcome,econ-labor
Total Leisure Emp,2015-09-01,1.45051,outcome,econ-labor
Total Leisure Emp,2015-10-01,1.53715,outcome,econ-labor
Total Leisure Emp,2015-11-01,2.13493,outcome,econ-labor
Total Leisure Emp,2015-12-01,2.98126,outcome,econ-labor
Total Leisure Emp,2016-01-01,2.83505,outcome,econ-labor
Total Leisure Emp,2016-02-01,3.1651,outcome,econ-labor
Total Leisure Emp,2016-03-01,3.2368,outcome,econ-labor
Total Leisure Emp,2016-04-01,3.67208,outcome,econ-labor
Total Leisure Emp,2016-05-01,3.39271,outcome,econ-labor
Total Leisure Emp,2016-06-01,3.6379,outcome,econ-labor
Total Leisure Emp,2016-07-01,3.45118,outcome,econ-labor
Total Leisure Emp,2016-08-01,3.51171,outcome,econ-labor
Total Leisure Emp,2016-09-01,3.61648,outcome,econ-labor
Total Leisure Emp,2016-10-01,3.70059,outcome,econ-labor
Total Leisure Emp,2016-11-01,3.26087,outcome,econ-labor
Total Leisure Emp,2016-12-01,3.30852,outcome,econ-labor
Total Leisure Emp,2017-01-01,3.92648,outcome,econ-labor
Total Leisure Emp,2017-02-01,4.22886,outcome,econ-labor
Total Leisure Emp,2017-03-01,4.78548,outcome,econ-labor
Total Leisure Emp,2017-04-01,4.28336,outcome,econ-labor
Total Leisure Emp,2017-05-01,4.18376,outcome,econ-labor
Total Leisure Emp,2017-06-01,4.40816,outcome,econ-labor
Total Leisure Emp,2017-07-01,4.06835,outcome,econ-labor
Total Leisure Emp,2017-08-01,3.63489,outcome,econ-labor
Total Leisure Emp,2017-09-01,3.49026,outcome,econ-labor
Total Leisure Emp,2017-10-01,3.64964,outcome,econ-labor
Total Leisure Emp,2017-11-01,3.56275,outcome,econ-labor
Total Leisure Emp,2017-12-01,3.20256,outcome,econ-labor
Total Leisure Emp,2018-01-01,2.41158,outcome,econ-labor
Total Leisure Emp,2018-02-01,1.7502,outcome,econ-labor
Total Leisure Emp,2018-03-01,1.33858,outcome,econ-labor
Total Leisure Emp,2018-04-01,0.07899,outcome,econ-labor
Total Leisure Emp,2018-05-01,0.07874,outcome,econ-labor
Total Leisure Emp,2018-06-01,-0.23456,outcome,econ-labor
Total Leisure Emp,2018-07-01,-0.31274,outcome,econ-labor
Total Leisure Emp,2018-08-01,-0.38971,outcome,econ-labor
Total Leisure Emp,2018-09-01,-0.78431,outcome,econ-labor
Total Leisure Emp,2018-10-01,-0.46948,outcome,econ-labor
Total Leisure Emp,2018-11-01,-1.56372,outcome,econ-labor
Total Leisure Emp,2018-12-01,0.07758,outcome,econ-labor
Total Leisure Emp,2019-01-01,-0.86342,outcome,econ-labor
Total Leisure Emp,2019-02-01,-1.32916,outcome,econ-labor
Total Leisure Emp,2019-03-01,-1.2432,outcome,econ-labor
Total Leisure Emp,2019-04-01,-0.31571,outcome,econ-labor
Total Leisure Emp,2019-05-01,-0.47207,outcome,econ-labor
Total Leisure Emp,2019-06-01,-0.31348,outcome,econ-labor
Total Leisure Emp,2019-07-01,0.0,outcome,econ-labor
Total Leisure Emp,2019-08-01,0.0,outcome,econ-labor
Total Leisure Emp,2019-09-01,0.31621,outcome,econ-labor
Total Leisure Emp,2019-10-01,-0.70755,outcome,econ-labor
Total Leisure Emp,2019-11-01,0.87371,outcome,econ-labor
Total Leisure Emp,2019-12-01,-0.62016,outcome,econ-labor
Total Leisure Emp,2020-01-01,0.71259,outcome,econ-labor
Total Leisure Emp,2020-02-01,0.79239,outcome,econ-labor
Total Leisure Emp,2020-03-01,-1.49489,outcome,econ-labor
Total Leisure Emp,2020-04-01,-52.73159,outcome,econ-labor
Total Leisure Emp,2020-05-01,-57.3913,outcome,econ-labor
Total Leisure Emp,2020-06-01,-51.88679,outcome,econ-labor
Total Leisure Emp,2020-07-01,-52.62745,outcome,econ-labor
Total Leisure Emp,2020-08-01,-53.12989,outcome,econ-labor
Total Leisure Emp,2020-09-01,-58.94405,outcome,econ-labor
Total Leisure Emp,2020-10-01,-51.38559,outcome,econ-labor
Total Leisure Emp,2020-11-01,-44.88189,outcome,econ-labor
Total Leisure Emp,2020-12-01,-41.26365,outcome,econ-labor
Unemp Rate,1991-01-01,-3.84615,outcome,econ-labor
Unemp Rate,1991-02-01,-7.40741,outcome,econ-labor
Unemp Rate,1991-03-01,-3.7037,outcome,econ-labor
Unemp Rate,1991-04-01,-3.7037,outcome,econ-labor
Unemp Rate,1991-05-01,-3.7037,outcome,econ-labor
Unemp Rate,1991-06-01,0.0,outcome,econ-labor
Unemp Rate,1991-07-01,3.84615,outcome,econ-labor
Unemp Rate,1991-08-01,7.69231,outcome,econ-labor
Unemp Rate,1991-09-01,16.0,outcome,econ-labor
Unemp Rate,1991-10-01,20.0,outcome,econ-labor
Unemp Rate,1991-11-01,24.0,outcome,econ-labor
Unemp Rate,1991-12-01,28.0,outcome,econ-labor
Unemp Rate,1992-01-01,36.0,outcome,econ-labor
Unemp Rate,1992-02-01,40.0,outcome,econ-labor
Unemp Rate,1992-03-01,42.30769,outcome,econ-labor
Unemp Rate,1992-04-01,50.0,outcome,econ-labor
Unemp Rate,1992-05-01,53.84615,outcome,econ-labor
Unemp Rate,1992-06-01,55.55556,outcome,econ-labor
Unemp Rate,1992-07-01,59.25926,outcome,econ-labor
Unemp Rate,1992-08-01,57.14286,outcome,econ-labor
Unemp Rate,1992-09-01,51.72414,outcome,econ-labor
Unemp Rate,1992-10-01,50.0,outcome,econ-labor
Unemp Rate,1992-11-01,45.16129,outcome,econ-labor
Unemp Rate,1992-12-01,40.625,outcome,econ-labor
Unemp Rate,1993-01-01,32.35294,outcome,econ-labor
Unemp Rate,1993-02-01,25.71429,outcome,econ-labor
Unemp Rate,1993-03-01,18.91892,outcome,econ-labor
Unemp Rate,1993-04-01,10.25641,outcome,econ-labor
Unemp Rate,1993-05-01,7.5,outcome,econ-labor
Unemp Rate,1993-06-01,2.38095,outcome,econ-labor
Unemp Rate,1993-07-01,0.0,outcome,econ-labor
Unemp Rate,1993-08-01,-2.27273,outcome,econ-labor
Unemp Rate,1993-09-01,-2.27273,outcome,econ-labor
Unemp Rate,1993-10-01,-2.22222,outcome,econ-labor
Unemp Rate,1993-11-01,0.0,outcome,econ-labor
Unemp Rate,1993-12-01,2.22222,outcome,econ-labor
Unemp Rate,1994-01-01,6.66667,outcome,econ-labor
Unemp Rate,1994-02-01,11.36364,outcome,econ-labor
Unemp Rate,1994-03-01,13.63636,outcome,econ-labor
Unemp Rate,1994-04-01,18.60465,outcome,econ-labor
Unemp Rate,1994-05-01,20.93023,outcome,econ-labor
Unemp Rate,1994-06-01,20.93023,outcome,econ-labor
Unemp Rate,1994-07-01,23.25581,outcome,econ-labor
Unemp Rate,1994-08-01,23.25581,outcome,econ-labor
Unemp Rate,1994-09-01,23.25581,outcome,econ-labor
Unemp Rate,1994-10-01,20.45455,outcome,econ-labor
Unemp Rate,1994-11-01,15.55556,outcome,econ-labor
Unemp Rate,1994-12-01,10.86957,outcome,econ-labor
Unemp Rate,1995-01-01,6.25,outcome,econ-labor
Unemp Rate,1995-02-01,4.08163,outcome,econ-labor
Unemp Rate,1995-03-01,4.0,outcome,econ-labor
Unemp Rate,1995-04-01,3.92157,outcome,econ-labor
Unemp Rate,1995-05-01,3.84615,outcome,econ-labor
Unemp Rate,1995-06-01,5.76923,outcome,econ-labor
Unemp Rate,1995-07-01,5.66038,outcome,econ-labor
Unemp Rate,1995-08-01,7.54717,outcome,econ-labor
Unemp Rate,1995-09-01,7.54717,outcome,econ-labor
Unemp Rate,1995-10-01,9.43396,outcome,econ-labor
Unemp Rate,1995-11-01,11.53846,outcome,econ-labor
Unemp Rate,1995-12-01,13.72549,outcome,econ-labor
Unemp Rate,1996-01-01,15.68627,outcome,econ-labor
Unemp Rate,1996-02-01,15.68627,outcome,econ-labor
Unemp Rate,1996-03-01,13.46154,outcome,econ-labor
Unemp Rate,1996-04-01,11.32075,outcome,econ-labor
Unemp Rate,1996-05-01,9.25926,outcome,econ-labor
Unemp Rate,1996-06-01,7.27273,outcome,econ-labor
Unemp Rate,1996-07-01,3.57143,outcome,econ-labor
Unemp Rate,1996-08-01,1.75439,outcome,econ-labor
Unemp Rate,1996-09-01,1.75439,outcome,econ-labor
Unemp Rate,1996-10-01,1.72414,outcome,econ-labor
Unemp Rate,1996-11-01,3.44828,outcome,econ-labor
Unemp Rate,1996-12-01,3.44828,outcome,econ-labor
Unemp Rate,1997-01-01,3.38983,outcome,econ-labor
Unemp Rate,1997-02-01,3.38983,outcome,econ-labor
Unemp Rate,1997-03-01,3.38983,outcome,econ-labor
Unemp Rate,1997-04-01,3.38983,outcome,econ-labor
Unemp Rate,1997-05-01,1.69492,outcome,econ-labor
Unemp Rate,1997-06-01,1.69492,outcome,econ-labor
Unemp Rate,1997-07-01,3.44828,outcome,econ-labor
Unemp Rate,1997-08-01,1.72414,outcome,econ-labor
Unemp Rate,1997-09-01,0.0,outcome,econ-labor
Unemp Rate,1997-10-01,-1.69492,outcome,econ-labor
Unemp Rate,1997-11-01,-5.0,outcome,econ-labor
Unemp Rate,1997-12-01,-5.0,outcome,econ-labor
Unemp Rate,1998-01-01,-6.55738,outcome,econ-labor
Unemp Rate,1998-02-01,-6.55738,outcome,econ-labor
Unemp Rate,1998-03-01,-6.55738,outcome,econ-labor
Unemp Rate,1998-04-01,-6.55738,outcome,econ-labor
Unemp Rate,1998-05-01,-3.33333,outcome,econ-labor
Unemp Rate,1998-06-01,-3.33333,outcome,econ-labor
Unemp Rate,1998-07-01,-1.66667,outcome,econ-labor
Unemp Rate,1998-08-01,0.0,outcome,econ-labor
Unemp Rate,1998-09-01,1.72414,outcome,econ-labor
Unemp Rate,1998-10-01,1.72414,outcome,econ-labor
Unemp Rate,1998-11-01,1.75439,outcome,econ-labor
Unemp Rate,1998-12-01,0.0,outcome,econ-labor
Unemp Rate,1999-01-01,-1.75439,outcome,econ-labor
Unemp Rate,1999-02-01,-3.50877,outcome,econ-labor
Unemp Rate,1999-03-01,-5.26316,outcome,econ-labor
Unemp Rate,1999-04-01,-5.26316,outcome,econ-labor
Unemp Rate,1999-05-01,-8.62069,outcome,econ-labor
Unemp Rate,1999-06-01,-10.34483,outcome,econ-labor
Unemp Rate,1999-07-01,-11.86441,outcome,econ-labor
Unemp Rate,1999-08-01,-13.55932,outcome,econ-labor
Unemp Rate,1999-09-01,-15.25424,outcome,econ-labor
Unemp Rate,1999-10-01,-16.94915,outcome,econ-labor
Unemp Rate,1999-11-01,-17.24138,outcome,econ-labor
Unemp Rate,1999-12-01,-19.29825,outcome,econ-labor
Unemp Rate,2000-01-01,-19.64286,outcome,econ-labor
Unemp Rate,2000-02-01,-18.18182,outcome,econ-labor
Unemp Rate,2000-03-01,-18.51852,outcome,econ-labor
Unemp Rate,2000-04-01,-18.51852,outcome,econ-labor
Unemp Rate,2000-05-01,-18.86792,outcome,econ-labor
Unemp Rate,2000-06-01,-17.30769,outcome,econ-labor
Unemp Rate,2000-07-01,-19.23077,outcome,econ-labor
Unemp Rate,2000-08-01,-19.60784,outcome,econ-labor
Unemp Rate,2000-09-01,-18.0,outcome,econ-labor
Unemp Rate,2000-10-01,-18.36735,outcome,econ-labor
Unemp Rate,2000-11-01,-16.66667,outcome,econ-labor
Unemp Rate,2000-12-01,-13.04348,outcome,econ-labor
Unemp Rate,2001-01-01,-8.88889,outcome,econ-labor
Unemp Rate,2001-02-01,-8.88889,outcome,econ-labor
Unemp Rate,2001-03-01,-4.54545,outcome,econ-labor
Unemp Rate,2001-04-01,-4.54545,outcome,econ-labor
Unemp Rate,2001-05-01,-2.32558,outcome,econ-labor
Unemp Rate,2001-06-01,-2.32558,outcome,econ-labor
Unemp Rate,2001-07-01,0.0,outcome,econ-labor
Unemp Rate,2001-08-01,4.87805,outcome,econ-labor
Unemp Rate,2001-09-01,7.31707,outcome,econ-labor
Unemp Rate,2001-10-01,10.0,outcome,econ-labor
Unemp Rate,2001-11-01,12.5,outcome,econ-labor
Unemp Rate,2001-12-01,12.5,outcome,econ-labor
Unemp Rate,2002-01-01,7.31707,outcome,econ-labor
Unemp Rate,2002-02-01,7.31707,outcome,econ-labor
Unemp Rate,2002-03-01,2.38095,outcome,econ-labor
Unemp Rate,2002-04-01,0.0,outcome,econ-labor
Unemp Rate,2002-05-01,-2.38095,outcome,econ-labor
Unemp Rate,2002-06-01,-4.7619,outcome,econ-labor
Unemp Rate,2002-07-01,-4.7619,outcome,econ-labor
Unemp Rate,2002-08-01,-9.30233,outcome,econ-labor
Unemp Rate,2002-09-01,-11.36364,outcome,econ-labor
Unemp Rate,2002-10-01,-13.63636,outcome,econ-labor
Unemp Rate,2002-11-01,-15.55556,outcome,econ-labor
Unemp Rate,2002-12-01,-17.77778,outcome,econ-labor
Unemp Rate,2003-01-01,-15.90909,outcome,econ-labor
Unemp Rate,2003-02-01,-15.90909,outcome,econ-labor
Unemp Rate,2003-03-01,-11.62791,outcome,econ-labor
Unemp Rate,2003-04-01,-7.14286,outcome,econ-labor
Unemp Rate,2003-05-01,-2.43902,outcome,econ-labor
Unemp Rate,2003-06-01,0.0,outcome,econ-labor
Unemp Rate,2003-07-01,2.5,outcome,econ-labor
Unemp Rate,2003-08-01,5.12821,outcome,econ-labor
Unemp Rate,2003-09-01,2.5641,outcome,econ-labor
Unemp Rate,2003-10-01,2.63158,outcome,econ-labor
Unemp Rate,2003-11-01,2.63158,outcome,econ-labor
Unemp Rate,2003-12-01,2.7027,outcome,econ-labor
Unemp Rate,2004-01-01,0.0,outcome,econ-labor
Unemp Rate,2004-02-01,-2.7027,outcome,econ-labor
Unemp Rate,2004-03-01,-7.89474,outcome,econ-labor
Unemp Rate,2004-04-01,-12.82051,outcome,econ-labor
Unemp Rate,2004-05-01,-17.5,outcome,econ-labor
Unemp Rate,2004-06-01,-20.0,outcome,econ-labor
Unemp Rate,2004-07-01,-21.95122,outcome,econ-labor
Unemp Rate,2004-08-01,-21.95122,outcome,econ-labor
Unemp Rate,2004-09-01,-20.0,outcome,econ-labor
Unemp Rate,2004-10-01,-17.94872,outcome,econ-labor
Unemp Rate,2004-11-01,-20.51282,outcome,econ-labor
Unemp Rate,2004-12-01,-18.42105,outcome,econ-labor
Unemp Rate,2005-01-01,-16.21622,outcome,econ-labor
Unemp Rate,2005-02-01,-16.66667,outcome,econ-labor
Unemp Rate,2005-03-01,-17.14286,outcome,econ-labor
Unemp Rate,2005-04-01,-17.64706,outcome,econ-labor
Unemp Rate,2005-05-01,-15.15152,outcome,econ-labor
Unemp Rate,2005-06-01,-12.5,outcome,econ-labor
Unemp Rate,2005-07-01,-12.5,outcome,econ-labor
Unemp Rate,2005-08-01,-12.5,outcome,econ-labor
Unemp Rate,2005-09-01,-12.5,outcome,econ-labor
Unemp Rate,2005-10-01,-12.5,outcome,econ-labor
Unemp Rate,2005-11-01,-9.67742,outcome,econ-labor
Unemp Rate,2005-12-01,-12.90323,outcome,econ-labor
Unemp Rate,2006-01-01,-12.90323,outcome,econ-labor
Unemp Rate,2006-02-01,-10.0,outcome,econ-labor
Unemp Rate,2006-03-01,-6.89655,outcome,econ-labor
Unemp Rate,2006-04-01,0.0,outcome,econ-labor
Unemp Rate,2006-05-01,0.0,outcome,econ-labor
Unemp Rate,2006-06-01,-3.57143,outcome,econ-labor
Unemp Rate,2006-07-01,-7.14286,outcome,econ-labor
Unemp Rate,2006-08-01,-10.71429,outcome,econ-labor
Unemp Rate,2006-09-01,-14.28571,outcome,econ-labor
Unemp Rate,2006-10-01,-17.85714,outcome,econ-labor
Unemp Rate,2006-11-01,-17.85714,outcome,econ-labor
Unemp Rate,2006-12-01,-14.81481,outcome,econ-labor
Unemp Rate,2007-01-01,-11.11111,outcome,econ-labor
Unemp Rate,2007-02-01,-7.40741,outcome,econ-labor
Unemp Rate,2007-03-01,-7.40741,outcome,econ-labor
Unemp Rate,2007-04-01,-7.14286,outcome,econ-labor
Unemp Rate,2007-05-01,-7.14286,outcome,econ-labor
Unemp Rate,2007-06-01,0.0,outcome,econ-labor
Unemp Rate,2007-07-01,3.84615,outcome,econ-labor
Unemp Rate,2007-08-01,12.0,outcome,econ-labor
Unemp Rate,2007-09-01,20.83333,outcome,econ-labor
Unemp Rate,2007-10-01,30.43478,outcome,econ-labor
Unemp Rate,2007-11-01,34.78261,outcome,econ-labor
Unemp Rate,2007-12-01,34.78261,outcome,econ-labor
Unemp Rate,2008-01-01,29.16667,outcome,econ-labor
Unemp Rate,2008-02-01,28.0,outcome,econ-labor
Unemp Rate,2008-03-01,32.0,outcome,econ-labor
Unemp Rate,2008-04-01,30.76923,outcome,econ-labor
Unemp Rate,2008-05-01,38.46154,outcome,econ-labor
Unemp Rate,2008-06-01,44.44444,outcome,econ-labor
Unemp Rate,2008-07-01,51.85185,outcome,econ-labor
Unemp Rate,2008-08-01,53.57143,outcome,econ-labor
Unemp Rate,2008-09-01,58.62069,outcome,econ-labor
Unemp Rate,2008-10-01,63.33333,outcome,econ-labor
Unemp Rate,2008-11-01,67.74194,outcome,econ-labor
Unemp Rate,2008-12-01,77.41935,outcome,econ-labor
Unemp Rate,2009-01-01,87.09677,outcome,econ-labor
Unemp Rate,2009-02-01,90.625,outcome,econ-labor
Unemp Rate,2009-03-01,90.90909,outcome,econ-labor
Unemp Rate,2009-04-01,88.23529,outcome,econ-labor
Unemp Rate,2009-05-01,80.55556,outcome,econ-labor
Unemp Rate,2009-06-01,69.23077,outcome,econ-labor
Unemp Rate,2009-07-01,60.97561,outcome,econ-labor
Unemp Rate,2009-08-01,55.81395,outcome,econ-labor
Unemp Rate,2009-09-01,45.65217,outcome,econ-labor
Unemp Rate,2009-10-01,36.73469,outcome,econ-labor
Unemp Rate,2009-11-01,30.76923,outcome,econ-labor
Unemp Rate,2009-12-01,23.63636,outcome,econ-labor
Unemp Rate,2010-01-01,17.24138,outcome,econ-labor
Unemp Rate,2010-02-01,11.47541,outcome,econ-labor
Unemp Rate,2010-03-01,7.93651,outcome,econ-labor
Unemp Rate,2010-04-01,4.6875,outcome,econ-labor
Unemp Rate,2010-05-01,3.07692,outcome,econ-labor
Unemp Rate,2010-06-01,0.0,outcome,econ-labor
Unemp Rate,2010-07-01,0.0,outcome,econ-labor
Unemp Rate,2010-08-01,-1.49254,outcome,econ-labor
Unemp Rate,2010-09-01,0.0,outcome,econ-labor
Unemp Rate,2010-10-01,0.0,outcome,econ-labor
Unemp Rate,2010-11-01,-1.47059,outcome,econ-labor
Unemp Rate,2010-12-01,-1.47059,outcome,econ-labor
Unemp Rate,2011-01-01,-2.94118,outcome,econ-labor
Unemp Rate,2011-02-01,-2.94118,outcome,econ-labor
Unemp Rate,2011-03-01,-2.94118,outcome,econ-labor
Unemp Rate,2011-04-01,-1.49254,outcome,econ-labor
Unemp Rate,2011-05-01,0.0,outcome,econ-labor
Unemp Rate,2011-06-01,3.0303,outcome,econ-labor
Unemp Rate,2011-07-01,3.0303,outcome,econ-labor
Unemp Rate,2011-08-01,4.54545,outcome,econ-labor
Unemp Rate,2011-09-01,2.98507,outcome,econ-labor
Unemp Rate,2011-10-01,1.49254,outcome,econ-labor
Unemp Rate,2011-11-01,0.0,outcome,econ-labor
Unemp Rate,2011-12-01,-2.98507,outcome,econ-labor
Unemp Rate,2012-01-01,-3.0303,outcome,econ-labor
Unemp Rate,2012-02-01,-4.54545,outcome,econ-labor
Unemp Rate,2012-03-01,-4.54545,outcome,econ-labor
Unemp Rate,2012-04-01,-6.06061,outcome,econ-labor
Unemp Rate,2012-05-01,-8.95522,outcome,econ-labor
Unemp Rate,2012-06-01,-11.76471,outcome,econ-labor
Unemp Rate,2012-07-01,-14.70588,outcome,econ-labor
Unemp Rate,2012-08-01,-18.84058,outcome,econ-labor
Unemp Rate,2012-09-01,-21.73913,outcome,econ-labor
Unemp Rate,2012-10-01,-22.05882,outcome,econ-labor
Unemp Rate,2012-11-01,-22.38806,outcome,econ-labor
Unemp Rate,2012-12-01,-21.53846,outcome,econ-labor
Unemp Rate,2013-01-01,-21.875,outcome,econ-labor
Unemp Rate,2013-02-01,-22.22222,outcome,econ-labor
Unemp Rate,2013-03-01,-23.80952,outcome,econ-labor
Unemp Rate,2013-04-01,-24.19355,outcome,econ-labor
Unemp Rate,2013-05-01,-22.95082,outcome,econ-labor
Unemp Rate,2013-06-01,-23.33333,outcome,econ-labor
Unemp Rate,2013-07-01,-20.68966,outcome,econ-labor
Unemp Rate,2013-08-01,-17.85714,outcome,econ-labor
Unemp Rate,2013-09-01,-12.96296,outcome,econ-labor
Unemp Rate,2013-10-01,-11.32075,outcome,econ-labor
Unemp Rate,2013-11-01,-9.61538,outcome,econ-labor
Unemp Rate,2013-12-01,-9.80392,outcome,econ-labor
Unemp Rate,2014-01-01,-8.0,outcome,econ-labor
Unemp Rate,2014-02-01,-8.16327,outcome,econ-labor
Unemp Rate,2014-03-01,-8.33333,outcome,econ-labor
Unemp Rate,2014-04-01,-6.38298,outcome,econ-labor
Unemp Rate,2014-05-01,-8.51064,outcome,econ-labor
Unemp Rate,2014-06-01,-6.52174,outcome,econ-labor
Unemp Rate,2014-07-01,-8.69565,outcome,econ-labor
Unemp Rate,2014-08-01,-10.86957,outcome,econ-labor
Unemp Rate,2014-09-01,-12.76596,outcome,econ-labor
Unemp Rate,2014-10-01,-14.89362,outcome,econ-labor
Unemp Rate,2014-11-01,-17.02128,outcome,econ-labor
Unemp Rate,2014-12-01,-15.21739,outcome,econ-labor
Unemp Rate,2015-01-01,-17.3913,outcome,econ-labor
Unemp Rate,2015-02-01,-17.77778,outcome,econ-labor
Unemp Rate,2015-03-01,-15.90909,outcome,econ-labor
Unemp Rate,2015-04-01,-18.18182,outcome,econ-labor
Unemp Rate,2015-05-01,-18.60465,outcome,econ-labor
Unemp Rate,2015-06-01,-20.93023,outcome,econ-labor
Unemp Rate,2015-07-01,-21.42857,outcome,econ-labor
Unemp Rate,2015-08-01,-19.5122,outcome,econ-labor
Unemp Rate,2015-09-01,-21.95122,outcome,econ-labor
Unemp Rate,2015-10-01,-20.0,outcome,econ-labor
Unemp Rate,2015-11-01,-17.94872,outcome,econ-labor
Unemp Rate,2015-12-01,-20.51282,outcome,econ-labor
Unemp Rate,2016-01-01,-18.42105,outcome,econ-labor
Unemp Rate,2016-02-01,-16.21622,outcome,econ-labor
Unemp Rate,2016-03-01,-18.91892,outcome,econ-labor
Unemp Rate,2016-04-01,-16.66667,outcome,econ-labor
Unemp Rate,2016-05-01,-14.28571,outcome,econ-labor
Unemp Rate,2016-06-01,-11.76471,outcome,econ-labor
Unemp Rate,2016-07-01,-12.12121,outcome,econ-labor
Unemp Rate,2016-08-01,-12.12121,outcome,econ-labor
Unemp Rate,2016-09-01,-12.5,outcome,econ-labor
Unemp Rate,2016-10-01,-12.5,outcome,econ-labor
Unemp Rate,2016-11-01,-15.625,outcome,econ-labor
Unemp Rate,2016-12-01,-16.12903,outcome,econ-labor
Unemp Rate,2017-01-01,-16.12903,outcome,econ-labor
Unemp Rate,2017-02-01,-19.35484,outcome,econ-labor
Unemp Rate,2017-03-01,-16.66667,outcome,econ-labor
Unemp Rate,2017-04-01,-20.0,outcome,econ-labor
Unemp Rate,2017-05-01,-23.33333,outcome,econ-labor
Unemp Rate,2017-06-01,-26.66667,outcome,econ-labor
Unemp Rate,2017-07-01,-24.13793,outcome,econ-labor
Unemp Rate,2017-08-01,-27.58621,outcome,econ-labor
Unemp Rate,2017-09-01,-28.57143,outcome,econ-labor
Unemp Rate,2017-10-01,-28.57143,outcome,econ-labor
Unemp Rate,2017-11-01,-25.92593,outcome,econ-labor
Unemp Rate,2017-12-01,-23.07692,outcome,econ-labor
Unemp Rate,2018-01-01,-19.23077,outcome,econ-labor
Unemp Rate,2018-02-01,-16.0,outcome,econ-labor
Unemp Rate,2018-03-01,-12.0,outcome,econ-labor
Unemp Rate,2018-04-01,-8.33333,outcome,econ-labor
Unemp Rate,2018-05-01,0.0,outcome,econ-labor
Unemp Rate,2018-06-01,9.09091,outcome,econ-labor
Unemp Rate,2018-07-01,9.09091,outcome,econ-labor
Unemp Rate,2018-08-01,19.04762,outcome,econ-labor
Unemp Rate,2018-09-01,30.0,outcome,econ-labor
Unemp Rate,2018-10-01,30.0,outcome,econ-labor
Unemp Rate,2018-11-01,35.0,outcome,econ-labor
Unemp Rate,2018-12-01,35.0,outcome,econ-labor
Unemp Rate,2019-01-01,33.33333,outcome,econ-labor
Unemp Rate,2019-02-01,28.57143,outcome,econ-labor
Unemp Rate,2019-03-01,22.72727,outcome,econ-labor
Unemp Rate,2019-04-01,18.18182,outcome,econ-labor
Unemp Rate,2019-05-01,13.04348,outcome,econ-labor
Unemp Rate,2019-06-01,4.16667,outcome,econ-labor
Unemp Rate,2019-07-01,4.16667,outcome,econ-labor
Unemp Rate,2019-08-01,-4.0,outcome,econ-labor
Unemp Rate,2019-09-01,-7.69231,outcome,econ-labor
Unemp Rate,2019-10-01,-7.69231,outcome,econ-labor
Unemp Rate,2019-11-01,-14.81481,outcome,econ-labor
Unemp Rate,2019-12-01,-18.51852,outcome,econ-labor
Unemp Rate,2020-01-01,-21.42857,outcome,econ-labor
Unemp Rate,2020-02-01,-18.51852,outcome,econ-labor
Unemp Rate,2020-03-01,-22.22222,outcome,econ-labor
Unemp Rate,2020-04-01,765.38462,outcome,econ-labor
Unemp Rate,2020-05-01,696.15385,outcome,econ-labor
Unemp Rate,2020-06-01,592.0,outcome,econ-labor
Unemp Rate,2020-07-01,524.0,outcome,econ-labor
Unemp Rate,2020-08-01,441.66667,outcome,econ-labor
Unemp Rate,2020-09-01,454.16667,outcome,econ-labor
Unemp Rate,2020-10-01,370.83333,outcome,econ-labor
Unemp Rate,2020-11-01,356.52174,outcome,econ-labor
Unemp Rate,2020-12-01,363.63636,outcome,econ-labor
Accommodation Emp,1991-01-01,6.81613,outcome,tourism
Accommodation Emp,1991-02-01,4.10212,outcome,tourism
Accommodation Emp,1991-03-01,7.64419,outcome,tourism
Accommodation Emp,1991-04-01,0.78852,outcome,tourism
Accommodation Emp,1991-05-01,1.84658,outcome,tourism
Accommodation Emp,1991-06-01,2.08448,outcome,tourism
Accommodation Emp,1991-07-01,4.63763,outcome,tourism
Accommodation Emp,1991-08-01,6.97379,outcome,tourism
Accommodation Emp,1991-09-01,7.98006,outcome,tourism
Accommodation Emp,1991-10-01,5.82783,outcome,tourism
Accommodation Emp,1991-11-01,2.9503,outcome,tourism
Accommodation Emp,1991-12-01,3.51154,outcome,tourism
Accommodation Emp,1992-01-01,1.94712,outcome,tourism
Accommodation Emp,1992-02-01,3.15434,outcome,tourism
Accommodation Emp,1992-03-01,4.82042,outcome,tourism
Accommodation Emp,1992-04-01,5.38341,outcome,tourism
Accommodation Emp,1992-05-01,4.36429,outcome,tourism
Accommodation Emp,1992-06-01,3.86551,outcome,tourism
Accommodation Emp,1992-07-01,0.97692,outcome,tourism
Accommodation Emp,1992-08-01,-1.18744,outcome,tourism
Accommodation Emp,1992-09-01,-2.91307,outcome,tourism
Accommodation Emp,1992-10-01,-2.67745,outcome,tourism
Accommodation Emp,1992-11-01,-2.96163,outcome,tourism
Accommodation Emp,1992-12-01,-3.79345,outcome,tourism
Accommodation Emp,1993-01-01,-6.73929,outcome,tourism
Accommodation Emp,1993-02-01,-7.32477,outcome,tourism
Accommodation Emp,1993-03-01,-7.12542,outcome,tourism
Accommodation Emp,1993-04-01,-8.41552,outcome,tourism
Accommodation Emp,1993-05-01,-7.85286,outcome,tourism
Accommodation Emp,1993-06-01,-7.16309,outcome,tourism
Accommodation Emp,1993-07-01,-7.55995,outcome,tourism
Accommodation Emp,1993-08-01,-8.486,outcome,tourism
Accommodation Emp,1993-09-01,-7.68218,outcome,tourism
Accommodation Emp,1993-10-01,-5.99341,outcome,tourism
Accommodation Emp,1993-11-01,-7.30623,outcome,tourism
Accommodation Emp,1993-12-01,-7.43269,outcome,tourism
Accommodation Emp,1994-01-01,-3.37109,outcome,tourism
Accommodation Emp,1994-02-01,-2.19049,outcome,tourism
Accommodation Emp,1994-03-01,-1.43986,outcome,tourism
Accommodation Emp,1994-04-01,-0.49028,outcome,tourism
Accommodation Emp,1994-05-01,-0.87717,outcome,tourism
Accommodation Emp,1994-06-01,-0.88079,outcome,tourism
Accommodation Emp,1994-07-01,1.33245,outcome,tourism
Accommodation Emp,1994-08-01,0.56002,outcome,tourism
Accommodation Emp,1994-09-01,1.28626,outcome,tourism
Accommodation Emp,1994-10-01,0.98449,outcome,tourism
Accommodation Emp,1994-11-01,2.60521,outcome,tourism
Accommodation Emp,1994-12-01,2.47559,outcome,tourism
Accommodation Emp,1995-01-01,1.36813,outcome,tourism
Accommodation Emp,1995-02-01,0.16896,outcome,tourism
Accommodation Emp,1995-03-01,-0.7294,outcome,tourism
Accommodation Emp,1995-04-01,-0.54605,outcome,tourism
Accommodation Emp,1995-05-01,-0.36021,outcome,tourism
Accommodation Emp,1995-06-01,-1.19129,outcome,tourism
Accommodation Emp,1995-07-01,-2.0584,outcome,tourism
Accommodation Emp,1995-08-01,-0.18489,outcome,tourism
Accommodation Emp,1995-09-01,-1.03703,outcome,tourism
Accommodation Emp,1995-10-01,-2.17944,outcome,tourism
Accommodation Emp,1995-11-01,-1.12346,outcome,tourism
Accommodation Emp,1995-12-01,-1.00905,outcome,tourism
Accommodation Emp,1996-01-01,-0.75413,outcome,tourism
Accommodation Emp,1996-02-01,1.25598,outcome,tourism
Accommodation Emp,1996-03-01,2.01067,outcome,tourism
Accommodation Emp,1996-04-01,0.76273,outcome,tourism
Accommodation Emp,1996-05-01,1.11254,outcome,tourism
Accommodation Emp,1996-06-01,2.19418,outcome,tourism
Accommodation Emp,1996-07-01,2.41847,outcome,tourism
Accommodation Emp,1996-08-01,2.1837,outcome,tourism
Accommodation Emp,1996-09-01,2.9736,outcome,tourism
Accommodation Emp,1996-10-01,3.16046,outcome,tourism
Accommodation Emp,1996-11-01,2.06431,outcome,tourism
Accommodation Emp,1996-12-01,3.76249,outcome,tourism
Accommodation Emp,1997-01-01,3.28819,outcome,tourism
Accommodation Emp,1997-02-01,1.56008,outcome,tourism
Accommodation Emp,1997-03-01,1.23793,outcome,tourism
Accommodation Emp,1997-04-01,1.25016,outcome,tourism
Accommodation Emp,1997-05-01,-0.04673,outcome,tourism
Accommodation Emp,1997-06-01,-1.37347,outcome,tourism
Accommodation Emp,1997-07-01,-1.29689,outcome,tourism
Accommodation Emp,1997-08-01,-1.46387,outcome,tourism
Accommodation Emp,1997-09-01,-1.7729,outcome,tourism
Accommodation Emp,1997-10-01,-1.09121,outcome,tourism
Accommodation Emp,1997-11-01,-1.28649,outcome,tourism
Accommodation Emp,1997-12-01,-1.96697,outcome,tourism
Accommodation Emp,1998-01-01,-1.70264,outcome,tourism
Accommodation Emp,1998-02-01,-1.26519,outcome,tourism
Accommodation Emp,1998-03-01,-0.99315,outcome,tourism
Accommodation Emp,1998-04-01,-0.57683,outcome,tourism
Accommodation Emp,1998-05-01,0.14623,outcome,tourism
Accommodation Emp,1998-06-01,0.38674,outcome,tourism
Accommodation Emp,1998-07-01,-0.28098,outcome,tourism
Accommodation Emp,1998-08-01,-1.01728,outcome,tourism
Accommodation Emp,1998-09-01,-1.34251,outcome,tourism
Accommodation Emp,1998-10-01,-1.92067,outcome,tourism
Accommodation Emp,1998-11-01,-1.26389,outcome,tourism
Accommodation Emp,1998-12-01,-1.95129,outcome,tourism
Accommodation Emp,1999-01-01,-1.93972,outcome,tourism
Accommodation Emp,1999-02-01,-2.0224,outcome,tourism
Accommodation Emp,1999-03-01,-2.2576,outcome,tourism
Accommodation Emp,1999-04-01,-1.59827,outcome,tourism
Accommodation Emp,1999-05-01,-1.14518,outcome,tourism
Accommodation Emp,1999-06-01,-0.72556,outcome,tourism
Accommodation Emp,1999-07-01,-1.65101,outcome,tourism
Accommodation Emp,1999-08-01,-1.33992,outcome,tourism
Accommodation Emp,1999-09-01,-1.70892,outcome,tourism
Accommodation Emp,1999-10-01,0.68666,outcome,tourism
Accommodation Emp,1999-11-01,1.65402,outcome,tourism
Accommodation Emp,1999-12-01,2.32128,outcome,tourism
Accommodation Emp,2000-01-01,0.66956,outcome,tourism
Accommodation Emp,2000-02-01,0.87769,outcome,tourism
Accommodation Emp,2000-03-01,1.75034,outcome,tourism
Accommodation Emp,2000-04-01,2.71015,outcome,tourism
Accommodation Emp,2000-05-01,2.88092,outcome,tourism
Accommodation Emp,2000-06-01,3.29157,outcome,tourism
Accommodation Emp,2000-07-01,3.94634,outcome,tourism
Accommodation Emp,2000-08-01,3.91093,outcome,tourism
Accommodation Emp,2000-09-01,5.24193,outcome,tourism
Accommodation Emp,2000-10-01,3.6318,outcome,tourism
Accommodation Emp,2000-11-01,1.87632,outcome,tourism
Accommodation Emp,2000-12-01,1.44759,outcome,tourism
Accommodation Emp,2001-01-01,3.30476,outcome,tourism
Accommodation Emp,2001-02-01,3.27766,outcome,tourism
Accommodation Emp,2001-03-01,2.21596,outcome,tourism
Accommodation Emp,2001-04-01,0.87878,outcome,tourism
Accommodation Emp,2001-05-01,0.29781,outcome,tourism
Accommodation Emp,2001-06-01,-0.37752,outcome,tourism
Accommodation Emp,2001-07-01,-0.12894,outcome,tourism
Accommodation Emp,2001-08-01,0.65219,outcome,tourism
Accommodation Emp,2001-09-01,0.34642,outcome,tourism
Accommodation Emp,2001-10-01,-6.46205,outcome,tourism
Accommodation Emp,2001-11-01,-7.12501,outcome,tourism
Accommodation Emp,2001-12-01,-7.87357,outcome,tourism
Accommodation Emp,2002-01-01,-7.89682,outcome,tourism
Accommodation Emp,2002-02-01,-7.86886,outcome,tourism
Accommodation Emp,2002-03-01,-7.13322,outcome,tourism
Accommodation Emp,2002-04-01,-6.80835,outcome,tourism
Accommodation Emp,2002-05-01,-6.6022,outcome,tourism
Accommodation Emp,2002-06-01,-5.48672,outcome,tourism
Accommodation Emp,2002-07-01,-5.03357,outcome,tourism
Accommodation Emp,2002-08-01,-5.26748,outcome,tourism
Accommodation Emp,2002-09-01,-5.50656,outcome,tourism
Accommodation Emp,2002-10-01,-0.61916,outcome,tourism
Accommodation Emp,2002-11-01,1.44287,outcome,tourism
Accommodation Emp,2002-12-01,2.52603,outcome,tourism
Accommodation Emp,2003-01-01,3.65908,outcome,tourism
Accommodation Emp,2003-02-01,3.11966,outcome,tourism
Accommodation Emp,2003-03-01,2.80843,outcome,tourism
Accommodation Emp,2003-04-01,2.05341,outcome,tourism
Accommodation Emp,2003-05-01,1.73332,outcome,tourism
Accommodation Emp,2003-06-01,0.23826,outcome,tourism
Accommodation Emp,2003-07-01,0.67217,outcome,tourism
Accommodation Emp,2003-08-01,1.02752,outcome,tourism
Accommodation Emp,2003-09-01,1.08995,outcome,tourism
Accommodation Emp,2003-10-01,2.46885,outcome,tourism
Accommodation Emp,2003-11-01,1.92559,outcome,tourism
Accommodation Emp,2003-12-01,2.43305,outcome,tourism
Accommodation Emp,2004-01-01,1.33273,outcome,tourism
Accommodation Emp,2004-02-01,1.63251,outcome,tourism
Accommodation Emp,2004-03-01,1.61073,outcome,tourism
Accommodation Emp,2004-04-01,2.49768,outcome,tourism
Accommodation Emp,2004-05-01,3.27015,outcome,tourism
Accommodation Emp,2004-06-01,4.0691,outcome,tourism
Accommodation Emp,2004-07-01,3.7053,outcome,tourism
Accommodation Emp,2004-08-01,2.92965,outcome,tourism
Accommodation Emp,2004-09-01,2.5347,outcome,tourism
Accommodation Emp,2004-10-01,3.55969,outcome,tourism
Accommodation Emp,2004-11-01,3.47448,outcome,tourism
Accommodation Emp,2004-12-01,2.88883,outcome,tourism
Accommodation Emp,2005-01-01,2.85888,outcome,tourism
Accommodation Emp,2005-02-01,2.90654,outcome,tourism
Accommodation Emp,2005-03-01,3.18469,outcome,tourism
Accommodation Emp,2005-04-01,2.86077,outcome,tourism
Accommodation Emp,2005-05-01,2.58488,outcome,tourism
Accommodation Emp,2005-06-01,2.85953,outcome,tourism
Accommodation Emp,2005-07-01,2.55971,outcome,tourism
Accommodation Emp,2005-08-01,2.90968,outcome,tourism
Accommodation Emp,2005-09-01,3.8469,outcome,tourism
Accommodation Emp,2005-10-01,2.4422,outcome,tourism
Accommodation Emp,2005-11-01,1.78547,outcome,tourism
Accommodation Emp,2005-12-01,1.81739,outcome,tourism
Accommodation Emp,2006-01-01,1.45179,outcome,tourism
Accommodation Emp,2006-02-01,1.73389,outcome,tourism
Accommodation Emp,2006-03-01,1.25114,outcome,tourism
Accommodation Emp,2006-04-01,1.47674,outcome,tourism
Accommodation Emp,2006-05-01,1.51615,outcome,tourism
Accommodation Emp,2006-06-01,1.01809,outcome,tourism
Accommodation Emp,2006-07-01,1.01258,outcome,tourism
Accommodation Emp,2006-08-01,1.06063,outcome,tourism
Accommodation Emp,2006-09-01,0.3828,outcome,tourism
Accommodation Emp,2006-10-01,0.87203,outcome,tourism
Accommodation Emp,2006-11-01,1.49477,outcome,tourism
Accommodation Emp,2006-12-01,1.2914,outcome,tourism
Accommodation Emp,2007-01-01,1.42623,outcome,tourism
Accommodation Emp,2007-02-01,0.91826,outcome,tourism
Accommodation Emp,2007-03-01,1.27211,outcome,tourism
Accommodation Emp,2007-04-01,0.67276,outcome,tourism
Accommodation Emp,2007-05-01,0.25473,outcome,tourism
Accommodation Emp,2007-06-01,1.03418,outcome,tourism
Accommodation Emp,2007-07-01,-0.23441,outcome,tourism
Accommodation Emp,2007-08-01,-0.20364,outcome,tourism
Accommodation Emp,2007-09-01,-0.67849,outcome,tourism
Accommodation Emp,2007-10-01,-0.9078,outcome,tourism
Accommodation Emp,2007-11-01,-1.06044,outcome,tourism
Accommodation Emp,2007-12-01,-0.99767,outcome,tourism
Accommodation Emp,2008-01-01,-0.33445,outcome,tourism
Accommodation Emp,2008-02-01,0.17909,outcome,tourism
Accommodation Emp,2008-03-01,-1.01099,outcome,tourism
Accommodation Emp,2008-04-01,-0.79054,outcome,tourism
Accommodation Emp,2008-05-01,-0.95639,outcome,tourism
Accommodation Emp,2008-06-01,-3.18665,outcome,tourism
Accommodation Emp,2008-07-01,-3.2485,outcome,tourism
Accommodation Emp,2008-08-01,-4.50734,outcome,tourism
Accommodation Emp,2008-09-01,-5.04426,outcome,tourism
Accommodation Emp,2008-10-01,-6.30201,outcome,tourism
Accommodation Emp,2008-11-01,-7.64505,outcome,tourism
Accommodation Emp,2008-12-01,-7.87262,outcome,tourism
Accommodation Emp,2009-01-01,-8.35784,outcome,tourism
Accommodation Emp,2009-02-01,-9.30087,outcome,tourism
Accommodation Emp,2009-03-01,-9.0524,outcome,tourism
Accommodation Emp,2009-04-01,-10.13408,outcome,tourism
Accommodation Emp,2009-05-01,-10.12126,outcome,tourism
Accommodation Emp,2009-06-01,-8.6998,outcome,tourism
Accommodation Emp,2009-07-01,-7.54172,outcome,tourism
Accommodation Emp,2009-08-01,-7.08651,outcome,tourism
Accommodation Emp,2009-09-01,-6.15608,outcome,tourism
Accommodation Emp,2009-10-01,-5.44009,outcome,tourism
Accommodation Emp,2009-11-01,-4.18288,outcome,tourism
Accommodation Emp,2009-12-01,-4.20568,outcome,tourism
Accommodation Emp,2010-01-01,-4.39815,outcome,tourism
Accommodation Emp,2010-02-01,-3.84336,outcome,tourism
Accommodation Emp,2010-03-01,-3.53761,outcome,tourism
Accommodation Emp,2010-04-01,-1.63789,outcome,tourism
Accommodation Emp,2010-05-01,-1.38235,outcome,tourism
Accommodation Emp,2010-06-01,-1.35605,outcome,tourism
Accommodation Emp,2010-07-01,-1.42165,outcome,tourism
Accommodation Emp,2010-08-01,-0.25821,outcome,tourism
Accommodation Emp,2010-09-01,0.24162,outcome,tourism
Accommodation Emp,2010-10-01,1.32961,outcome,tourism
Accommodation Emp,2010-11-01,1.6742,outcome,tourism
Accommodation Emp,2010-12-01,2.18738,outcome,tourism
Accommodation Emp,2011-01-01,2.30581,outcome,tourism
Accommodation Emp,2011-02-01,2.64201,outcome,tourism
Accommodation Emp,2011-03-01,3.88705,outcome,tourism
Accommodation Emp,2011-04-01,2.90178,outcome,tourism
Accommodation Emp,2011-05-01,3.10556,outcome,tourism
Accommodation Emp,2011-06-01,3.46134,outcome,tourism
Accommodation Emp,2011-07-01,3.43696,outcome,tourism
Accommodation Emp,2011-08-01,4.28894,outcome,tourism
Accommodation Emp,2011-09-01,5.36404,outcome,tourism
Accommodation Emp,2011-10-01,4.69099,outcome,tourism
Accommodation Emp,2011-11-01,4.78305,outcome,tourism
Accommodation Emp,2011-12-01,4.9474,outcome,tourism
Accommodation Emp,2012-01-01,5.61755,outcome,tourism
Accommodation Emp,2012-02-01,5.9472,outcome,tourism
Accommodation Emp,2012-03-01,5.66541,outcome,tourism
Accommodation Emp,2012-04-01,6.14175,outcome,tourism
Accommodation Emp,2012-05-01,6.59558,outcome,tourism
Accommodation Emp,2012-06-01,6.63023,outcome,tourism
Accommodation Emp,2012-07-01,6.90761,outcome,tourism
Accommodation Emp,2012-08-01,5.46908,outcome,tourism
Accommodation Emp,2012-09-01,4.06081,outcome,tourism
Accommodation Emp,2012-10-01,3.97939,outcome,tourism
Accommodation Emp,2012-11-01,3.80671,outcome,tourism
Accommodation Emp,2012-12-01,3.70124,outcome,tourism
Accommodation Emp,2013-01-01,2.88274,outcome,tourism
Accommodation Emp,2013-02-01,2.68752,outcome,tourism
Accommodation Emp,2013-03-01,2.18414,outcome,tourism
Accommodation Emp,2013-04-01,2.61231,outcome,tourism
Accommodation Emp,2013-05-01,2.24578,outcome,tourism
Accommodation Emp,2013-06-01,2.0315,outcome,tourism
Accommodation Emp,2013-07-01,2.06701,outcome,tourism
Accommodation Emp,2013-08-01,2.86972,outcome,tourism
Accommodation Emp,2013-09-01,2.13083,outcome,tourism
Accommodation Emp,2013-10-01,2.58216,outcome,tourism
Accommodation Emp,2013-11-01,2.63792,outcome,tourism
Accommodation Emp,2013-12-01,2.55239,outcome,tourism
Accommodation Emp,2014-01-01,3.58269,outcome,tourism
Accommodation Emp,2014-02-01,3.10553,outcome,tourism
Accommodation Emp,2014-03-01,3.13297,outcome,tourism
Accommodation Emp,2014-04-01,2.52874,outcome,tourism
Accommodation Emp,2014-05-01,2.46741,outcome,tourism
Accommodation Emp,2014-06-01,1.71566,outcome,tourism
Accommodation Emp,2014-07-01,1.26788,outcome,tourism
Accommodation Emp,2014-08-01,0.55137,outcome,tourism
Accommodation Emp,2014-09-01,1.3561,outcome,tourism
Accommodation Emp,2014-10-01,1.26568,outcome,tourism
Accommodation Emp,2014-11-01,0.52278,outcome,tourism
Accommodation Emp,2014-12-01,-0.2722,outcome,tourism
Accommodation Emp,2015-01-01,-0.03143,outcome,tourism
Accommodation Emp,2015-02-01,-0.23574,outcome,tourism
Accommodation Emp,2015-03-01,-0.73873,outcome,tourism
Accommodation Emp,2015-04-01,-0.52353,outcome,tourism
Accommodation Emp,2015-05-01,-0.82266,outcome,tourism
Accommodation Emp,2015-06-01,-0.04651,outcome,tourism
Accommodation Emp,2015-07-01,0.28563,outcome,tourism
Accommodation Emp,2015-08-01,0.32242,outcome,tourism
Accommodation Emp,2015-09-01,0.36093,outcome,tourism
Accommodation Emp,2015-10-01,-0.01049,outcome,tourism
Accommodation Emp,2015-11-01,0.98002,outcome,tourism
Accommodation Emp,2015-12-01,1.95761,outcome,tourism
Accommodation Emp,2016-01-01,1.47788,outcome,tourism
Accommodation Emp,2016-02-01,1.99532,outcome,tourism
Accommodation Emp,2016-03-01,2.73247,outcome,tourism
Accommodation Emp,2016-04-01,2.49416,outcome,tourism
Accommodation Emp,2016-05-01,2.97061,outcome,tourism
Accommodation Emp,2016-06-01,3.49684,outcome,tourism
Accommodation Emp,2016-07-01,3.03711,outcome,tourism
Accommodation Emp,2016-08-01,3.08072,outcome,tourism
Accommodation Emp,2016-09-01,2.58878,outcome,tourism
Accommodation Emp,2016-10-01,2.98446,outcome,tourism
Accommodation Emp,2016-11-01,2.70026,outcome,tourism
Accommodation Emp,2016-12-01,2.38506,outcome,tourism
Accommodation Emp,2017-01-01,1.95339,outcome,tourism
Accommodation Emp,2017-02-01,2.41688,outcome,tourism
Accommodation Emp,2017-03-01,2.6216,outcome,tourism
Accommodation Emp,2017-04-01,3.43176,outcome,tourism
Accommodation Emp,2017-05-01,3.37302,outcome,tourism
Accommodation Emp,2017-06-01,3.17778,outcome,tourism
Accommodation Emp,2017-07-01,3.17886,outcome,tourism
Accommodation Emp,2017-08-01,3.22799,outcome,tourism
Accommodation Emp,2017-09-01,3.7257,outcome,tourism
Accommodation Emp,2017-10-01,3.89737,outcome,tourism
Accommodation Emp,2017-11-01,3.61631,outcome,tourism
Accommodation Emp,2017-12-01,3.29364,outcome,tourism
Accommodation Emp,2018-01-01,2.88646,outcome,tourism
Accommodation Emp,2018-02-01,2.09227,outcome,tourism
Accommodation Emp,2018-03-01,1.82737,outcome,tourism
Accommodation Emp,2018-04-01,1.16347,outcome,tourism
Accommodation Emp,2018-05-01,1.16176,outcome,tourism
Accommodation Emp,2018-06-01,0.74628,outcome,tourism
Accommodation Emp,2018-07-01,1.19363,outcome,tourism
Accommodation Emp,2018-08-01,1.23887,outcome,tourism
Accommodation Emp,2018-09-01,0.99675,outcome,tourism
Accommodation Emp,2018-10-01,1.67192,outcome,tourism
Accommodation Emp,2018-11-01,-2.54639,outcome,tourism
Accommodation Emp,2018-12-01,2.73984,outcome,tourism
Accommodation Emp,2019-01-01,-0.47323,outcome,tourism
Accommodation Emp,2019-02-01,-0.04953,outcome,tourism
Accommodation Emp,2019-03-01,-0.52435,outcome,tourism
Accommodation Emp,2019-04-01,-1.20422,outcome,tourism
Accommodation Emp,2019-05-01,-1.42417,outcome,tourism
Accommodation Emp,2019-06-01,-1.09353,outcome,tourism
Accommodation Emp,2019-07-01,-0.7111,outcome,tourism
Accommodation Emp,2019-08-01,-0.66155,outcome,tourism
Accommodation Emp,2019-09-01,-0.20781,outcome,tourism
Accommodation Emp,2019-10-01,-1.10412,outcome,tourism
Accommodation Emp,2019-11-01,2.90912,outcome,tourism
Accommodation Emp,2019-12-01,-1.38978,outcome,tourism
Accommodation Emp,2020-01-01,2.59506,outcome,tourism
Accommodation Emp,2020-02-01,1.85049,outcome,tourism
Accommodation Emp,2020-03-01,1.59975,outcome,tourism
Accommodation Emp,2020-04-01,-49.24018,outcome,tourism
Accommodation Emp,2020-05-01,-69.4556,outcome,tourism
Accommodation Emp,2020-06-01,-70.02121,outcome,tourism
Accommodation Emp,2020-07-01,-74.60295,outcome,tourism
Accommodation Emp,2020-08-01,-74.78504,outcome,tourism
Accommodation Emp,2020-09-01,-76.7532,outcome,tourism
Accommodation Emp,2020-10-01,-66.87138,outcome,tourism
Accommodation Emp,2020-11-01,-57.11362,outcome,tourism
Accommodation Emp,2020-12-01,-53.25149,outcome,tourism
Mean Daily Rate,1991-01-01,-0.3668183745440645,outcome,tourism
Mean Daily Rate,1991-02-01,-3.601355775964588,outcome,tourism
Mean Daily Rate,1991-03-01,0.0980020766312428,outcome,tourism
Mean Daily Rate,1991-04-01,-3.097765232319394,outcome,tourism
Mean Daily Rate,1991-05-01,-0.5936935349836414,outcome,tourism
Mean Daily Rate,1991-06-01,-1.320462853000226,outcome,tourism
Mean Daily Rate,1991-07-01,2.997333469760788,outcome,tourism
Mean Daily Rate,1991-08-01,0.0691804917942073,outcome,tourism
Mean Daily Rate,1991-09-01,-0.6919677853071793,outcome,tourism
Mean Daily Rate,1991-10-01,-1.544919103522302,outcome,tourism
Mean Daily Rate,1991-11-01,-1.944246175883257,outcome,tourism
Mean Daily Rate,1991-12-01,1.908933834458071,outcome,tourism
Mean Daily Rate,1992-01-01,0.9159119606286126,outcome,tourism
Mean Daily Rate,1992-02-01,4.240107098043788,outcome,tourism
Mean Daily Rate,1992-03-01,1.914277529063479,outcome,tourism
Mean Daily Rate,1992-04-01,5.303788496138462,outcome,tourism
Mean Daily Rate,1992-05-01,2.376663743373908,outcome,tourism
Mean Daily Rate,1992-06-01,5.04147773514998,outcome,tourism
Mean Daily Rate,1992-07-01,0.8072778016649185,outcome,tourism
Mean Daily Rate,1992-08-01,3.984461026348551,outcome,tourism
Mean Daily Rate,1992-09-01,4.891020456370065,outcome,tourism
Mean Daily Rate,1992-10-01,3.082933820142286,outcome,tourism
Mean Daily Rate,1992-11-01,4.981784601544992,outcome,tourism
Mean Daily Rate,1992-12-01,1.002931362063708,outcome,tourism
Mean Daily Rate,1993-01-01,-0.9122707451509892,outcome,tourism
Mean Daily Rate,1993-02-01,-0.0981971211810095,outcome,tourism
Mean Daily Rate,1993-03-01,-0.7867384640071418,outcome,tourism
Mean Daily Rate,1993-04-01,-1.591521021889175,outcome,tourism
Mean Daily Rate,1993-05-01,0.9781222483478124,outcome,tourism
Mean Daily Rate,1993-06-01,-1.04965364174251,outcome,tourism
Mean Daily Rate,1993-07-01,0.0802429809044991,outcome,tourism
Mean Daily Rate,1993-08-01,-1.832357513665572,outcome,tourism
Mean Daily Rate,1993-09-01,-1.992885619167395,outcome,tourism
Mean Daily Rate,1993-10-01,-1.893316551580793,outcome,tourism
Mean Daily Rate,1993-11-01,-3.29023654339472,outcome,tourism
Mean Daily Rate,1993-12-01,-2.678284773288309,outcome,tourism
Mean Daily Rate,1994-01-01,-2.46182993695554,outcome,tourism
Mean Daily Rate,1994-02-01,-1.94376110326121,outcome,tourism
Mean Daily Rate,1994-03-01,0.7010449107410999,outcome,tourism
Mean Daily Rate,1994-04-01,1.847428775918347,outcome,tourism
Mean Daily Rate,1994-05-01,0.8362858341480095,outcome,tourism
Mean Daily Rate,1994-06-01,-0.3264141004135079,outcome,tourism
Mean Daily Rate,1994-07-01,0.2044853498483379,outcome,tourism
Mean Daily Rate,1994-08-01,3.429264414250954,outcome,tourism
Mean Daily Rate,1994-09-01,4.186516123627926,outcome,tourism
Mean Daily Rate,1994-10-01,5.572350576461216,outcome,tourism
Mean Daily Rate,1994-11-01,5.148722814194873,outcome,tourism
Mean Daily Rate,1994-12-01,5.821776520918864,outcome,tourism
Mean Daily Rate,1995-01-01,7.81390585465398,outcome,tourism
Mean Daily Rate,1995-02-01,3.973432023820855,outcome,tourism
Mean Daily Rate,1995-03-01,3.167110770545345,outcome,tourism
Mean Daily Rate,1995-04-01,2.964315088836256,outcome,tourism
Mean Daily Rate,1995-05-01,4.643174574997633,outcome,tourism
Mean Daily Rate,1995-06-01,5.300185896603282,outcome,tourism
Mean Daily Rate,1995-07-01,5.888138458811598,outcome,tourism
Mean Daily Rate,1995-08-01,2.027979994802154,outcome,tourism
Mean Daily Rate,1995-09-01,2.446837991854545,outcome,tourism
Mean Daily Rate,1995-10-01,4.667012275621296,outcome,tourism
Mean Daily Rate,1995-11-01,5.263071058632107,outcome,tourism
Mean Daily Rate,1995-12-01,4.265036443056291,outcome,tourism
Mean Daily Rate,1996-01-01,5.14306098350763,outcome,tourism
Mean Daily Rate,1996-02-01,8.557550103127687,outcome,tourism
Mean Daily Rate,1996-03-01,6.544435036411311,outcome,tourism
Mean Daily Rate,1996-04-01,5.88065231936834,outcome,tourism
Mean Daily Rate,1996-05-01,3.651982448064373,outcome,tourism
Mean Daily Rate,1996-06-01,6.2572327591504,outcome,tourism
Mean Daily Rate,1996-07-01,4.974678993402182,outcome,tourism
Mean Daily Rate,1996-08-01,6.871874737433159,outcome,tourism
Mean Daily Rate,1996-09-01,7.437269360291987,outcome,tourism
Mean Daily Rate,1996-10-01,5.313311821312161,outcome,tourism
Mean Daily Rate,1996-11-01,5.41911512784834,outcome,tourism
Mean Daily Rate,1996-12-01,8.02142130938539,outcome,tourism
Mean Daily Rate,1997-01-01,7.24595315301122,outcome,tourism
Mean Daily Rate,1997-02-01,6.031019929367254,outcome,tourism
Mean Daily Rate,1997-03-01,8.509881577005185,outcome,tourism
Mean Daily Rate,1997-04-01,7.232462735668199,outcome,tourism
Mean Daily Rate,1997-05-01,8.213219305355345,outcome,tourism
Mean Daily Rate,1997-06-01,7.51479368865724,outcome,tourism
Mean Daily Rate,1997-07-01,8.529106069041848,outcome,tourism
Mean Daily Rate,1997-08-01,8.74713599883421,outcome,tourism
Mean Daily Rate,1997-09-01,7.177632882185359,outcome,tourism
Mean Daily Rate,1997-10-01,5.472675561740936,outcome,tourism
Mean Daily Rate,1997-11-01,6.513239674283833,outcome,tourism
Mean Daily Rate,1997-12-01,4.696469145487692,outcome,tourism
Mean Daily Rate,1998-01-01,4.849453569360684,outcome,tourism
Mean Daily Rate,1998-02-01,5.110229971021063,outcome,tourism
Mean Daily Rate,1998-03-01,3.989319340027242,outcome,tourism
Mean Daily Rate,1998-04-01,4.916198069369626,outcome,tourism
Mean Daily Rate,1998-05-01,3.774808829034915,outcome,tourism
Mean Daily Rate,1998-06-01,2.887257128139153,outcome,tourism
Mean Daily Rate,1998-07-01,1.892202345723804,outcome,tourism
Mean Daily Rate,1998-08-01,2.059437119423846,outcome,tourism
Mean Daily Rate,1998-09-01,1.583035446290215,outcome,tourism
Mean Daily Rate,1998-10-01,3.224434810320598,outcome,tourism
Mean Daily Rate,1998-11-01,0.5534475507164016,outcome,tourism
Mean Daily Rate,1998-12-01,2.648082114152284,outcome,tourism
Mean Daily Rate,1999-01-01,-0.6013092479170035,outcome,tourism
Mean Daily Rate,1999-02-01,-0.3380219402653872,outcome,tourism
Mean Daily Rate,1999-03-01,-0.3166750601485524,outcome,tourism
Mean Daily Rate,1999-04-01,0.6028635436212681,outcome,tourism
Mean Daily Rate,1999-05-01,1.766290482593957,outcome,tourism
Mean Daily Rate,1999-06-01,1.713276719908552,outcome,tourism
Mean Daily Rate,1999-07-01,2.613291395590611,outcome,tourism
Mean Daily Rate,1999-08-01,2.029229425754364,outcome,tourism
Mean Daily Rate,1999-09-01,3.662390643250135,outcome,tourism
Mean Daily Rate,1999-10-01,5.051305789971039,outcome,tourism
Mean Daily Rate,1999-11-01,6.03989756983252,outcome,tourism
Mean Daily Rate,1999-12-01,7.469437876899976,outcome,tourism
Mean Daily Rate,2000-01-01,9.24628395579612,outcome,tourism
Mean Daily Rate,2000-02-01,7.61335285981537,outcome,tourism
Mean Daily Rate,2000-03-01,8.432126948445507,outcome,tourism
Mean Daily Rate,2000-04-01,7.252683837569474,outcome,tourism
Mean Daily Rate,2000-05-01,7.941020300864521,outcome,tourism
Mean Daily Rate,2000-06-01,6.514259150852508,outcome,tourism
Mean Daily Rate,2000-07-01,7.196718392885959,outcome,tourism
Mean Daily Rate,2000-08-01,6.494267726252434,outcome,tourism
Mean Daily Rate,2000-09-01,7.000846350079715,outcome,tourism
Mean Daily Rate,2000-10-01,4.960600885138877,outcome,tourism
Mean Daily Rate,2000-11-01,8.064305930528182,outcome,tourism
Mean Daily Rate,2000-12-01,2.382700508574609,outcome,tourism
Mean Daily Rate,2001-01-01,4.444360443181061,outcome,tourism
Mean Daily Rate,2001-02-01,6.311450423323728,outcome,tourism
Mean Daily Rate,2001-03-01,3.326057332283461,outcome,tourism
Mean Daily Rate,2001-04-01,5.323511868710051,outcome,tourism
Mean Daily Rate,2001-05-01,3.73989635428893,outcome,tourism
Mean Daily Rate,2001-06-01,4.659101067845905,outcome,tourism
Mean Daily Rate,2001-07-01,3.455979343431403,outcome,tourism
Mean Daily Rate,2001-08-01,4.222767251297155,outcome,tourism
Mean Daily Rate,2001-09-01,-1.055298598711041,outcome,tourism
Mean Daily Rate,2001-10-01,-0.493056445856821,outcome,tourism
Mean Daily Rate,2001-11-01,-4.126357921941393,outcome,tourism
Mean Daily Rate,2001-12-01,-2.046194294066006,outcome,tourism
Mean Daily Rate,2002-01-01,-5.105279953188835,outcome,tourism
Mean Daily Rate,2002-02-01,-5.357301146058546,outcome,tourism
Mean Daily Rate,2002-03-01,-1.993795923905595,outcome,tourism
Mean Daily Rate,2002-04-01,-4.625227846217483,outcome,tourism
Mean Daily Rate,2002-05-01,-4.818296756438912,outcome,tourism
Mean Daily Rate,2002-06-01,-4.025092533760954,outcome,tourism
Mean Daily Rate,2002-07-01,-3.706870162812559,outcome,tourism
Mean Daily Rate,2002-08-01,-3.300208288270756,outcome,tourism
Mean Daily Rate,2002-09-01,0.0409965399882583,outcome,tourism
Mean Daily Rate,2002-10-01,0.4444086010580328,outcome,tourism
Mean Daily Rate,2002-11-01,1.049531699619544,outcome,tourism
Mean Daily Rate,2002-12-01,1.802905374836983,outcome,tourism
Mean Daily Rate,2003-01-01,5.682983985760215,outcome,tourism
Mean Daily Rate,2003-02-01,3.478823384021879,outcome,tourism
Mean Daily Rate,2003-03-01,2.010234908396891,outcome,tourism
Mean Daily Rate,2003-04-01,3.32977748230423,outcome,tourism
Mean Daily Rate,2003-05-01,3.59946363557373,outcome,tourism
Mean Daily Rate,2003-06-01,3.074913999142459,outcome,tourism
Mean Daily Rate,2003-07-01,2.066269850825719,outcome,tourism
Mean Daily Rate,2003-08-01,1.580424990894347,outcome,tourism
Mean Daily Rate,2003-09-01,3.959509980200426,outcome,tourism
Mean Daily Rate,2003-10-01,2.615864436535253,outcome,tourism
Mean Daily Rate,2003-11-01,3.44658177278474,outcome,tourism
Mean Daily Rate,2003-12-01,3.190075243470991,outcome,tourism
Mean Daily Rate,2004-01-01,1.261550140923018,outcome,tourism
Mean Daily Rate,2004-02-01,2.475046150703175,outcome,tourism
Mean Daily Rate,2004-03-01,3.052217519402767,outcome,tourism
Mean Daily Rate,2004-04-01,3.367010693792616,outcome,tourism
Mean Daily Rate,2004-05-01,3.821285195074919,outcome,tourism
Mean Daily Rate,2004-06-01,4.861592633808898,outcome,tourism
Mean Daily Rate,2004-07-01,6.629506489873127,outcome,tourism
Mean Daily Rate,2004-08-01,6.266236785080359,outcome,tourism
Mean Daily Rate,2004-09-01,4.101651887738056,outcome,tourism
Mean Daily Rate,2004-10-01,6.046375100021284,outcome,tourism
Mean Daily Rate,2004-11-01,6.40008320958434,outcome,tourism
Mean Daily Rate,2004-12-01,7.304857157006217,outcome,tourism
Mean Daily Rate,2005-01-01,6.8592110450864,outcome,tourism
Mean Daily Rate,2005-02-01,9.1492142235966,outcome,tourism
Mean Daily Rate,2005-03-01,10.35932389009726,outcome,tourism
Mean Daily Rate,2005-04-01,3.636247223968159,outcome,tourism
Mean Daily Rate,2005-05-01,7.276437495749266,outcome,tourism
Mean Daily Rate,2005-06-01,8.126006245126893,outcome,tourism
Mean Daily Rate,2005-07-01,8.828314361542722,outcome,tourism
Mean Daily Rate,2005-08-01,11.21426652037443,outcome,tourism
Mean Daily Rate,2005-09-01,12.86037962933977,outcome,tourism
Mean Daily Rate,2005-10-01,13.0907243785005,outcome,tourism
Mean Daily Rate,2005-11-01,14.8501455004304,outcome,tourism
Mean Daily Rate,2005-12-01,11.99769881406512,outcome,tourism
Mean Daily Rate,2006-01-01,13.27306891466808,outcome,tourism
Mean Daily Rate,2006-02-01,14.10393083528965,outcome,tourism
Mean Daily Rate,2006-03-01,10.99435331578777,outcome,tourism
Mean Daily Rate,2006-04-01,19.35293156408264,outcome,tourism
Mean Daily Rate,2006-05-01,15.3148504692094,outcome,tourism
Mean Daily Rate,2006-06-01,14.1761338908776,outcome,tourism
Mean Daily Rate,2006-07-01,14.2925020558591,outcome,tourism
Mean Daily Rate,2006-08-01,12.14193297408683,outcome,tourism
Mean Daily Rate,2006-09-01,9.125972532512616,outcome,tourism
Mean Daily Rate,2006-10-01,7.28031379719134,outcome,tourism
Mean Daily Rate,2006-11-01,6.503350642620997,outcome,tourism
Mean Daily Rate,2006-12-01,9.088025962909828,outcome,tourism
Mean Daily Rate,2007-01-01,9.314013597873029,outcome,tourism
Mean Daily Rate,2007-02-01,6.758396519558363,outcome,tourism
Mean Daily Rate,2007-03-01,7.52600482182062,outcome,tourism
Mean Daily Rate,2007-04-01,6.292884131873233,outcome,tourism
Mean Daily Rate,2007-05-01,7.551897488887094,outcome,tourism
Mean Daily Rate,2007-06-01,7.335945684916201,outcome,tourism
Mean Daily Rate,2007-07-01,6.370384755968073,outcome,tourism
Mean Daily Rate,2007-08-01,5.949848919340472,outcome,tourism
Mean Daily Rate,2007-09-01,7.112118358408592,outcome,tourism
Mean Daily Rate,2007-10-01,7.943472036207466,outcome,tourism
Mean Daily Rate,2007-11-01,6.292141128376971,outcome,tourism
Mean Daily Rate,2007-12-01,5.819276917764493,outcome,tourism
Mean Daily Rate,2008-01-01,5.707459256729797,outcome,tourism
Mean Daily Rate,2008-02-01,5.506652501256082,outcome,tourism
Mean Daily Rate,2008-03-01,7.992563989370227,outcome,tourism
Mean Daily Rate,2008-04-01,-0.9312881582945632,outcome,tourism
Mean Daily Rate,2008-05-01,2.138833125316308,outcome,tourism
Mean Daily Rate,2008-06-01,2.756397157890156,outcome,tourism
Mean Daily Rate,2008-07-01,-0.0297314977089846,outcome,tourism
Mean Daily Rate,2008-08-01,-0.1823734992015602,outcome,tourism
Mean Daily Rate,2008-09-01,-2.549613103350357,outcome,tourism
Mean Daily Rate,2008-10-01,-4.572110558857057,outcome,tourism
Mean Daily Rate,2008-11-01,-5.273469830253575,outcome,tourism
Mean Daily Rate,2008-12-01,-6.091463523165919,outcome,tourism
Mean Daily Rate,2009-01-01,-8.115021649612375,outcome,tourism
Mean Daily Rate,2009-02-01,-11.24037472245694,outcome,tourism
Mean Daily Rate,2009-03-01,-15.02860229843904,outcome,tourism
Mean Daily Rate,2009-04-01,-8.496399105041874,outcome,tourism
Mean Daily Rate,2009-05-01,-12.3101378074428,outcome,tourism
Mean Daily Rate,2009-06-01,-15.28231019569505,outcome,tourism
Mean Daily Rate,2009-07-01,-15.07906010825107,outcome,tourism
Mean Daily Rate,2009-08-01,-14.66833067014324,outcome,tourism
Mean Daily Rate,2009-09-01,-10.59213937054651,outcome,tourism
Mean Daily Rate,2009-10-01,-8.439862532305353,outcome,tourism
Mean Daily Rate,2009-11-01,-9.737004804240357,outcome,tourism
Mean Daily Rate,2009-12-01,-9.344789487809535,outcome,tourism
Mean Daily Rate,2010-01-01,-10.31983939364424,outcome,tourism
Mean Daily Rate,2010-02-01,-7.142941784832779,outcome,tourism
Mean Daily Rate,2010-03-01,-4.731582681644397,outcome,tourism
Mean Daily Rate,2010-04-01,-2.23822867760588,outcome,tourism
Mean Daily Rate,2010-05-01,-3.183678270488488,outcome,tourism
Mean Daily Rate,2010-06-01,-0.7827936417875936,outcome,tourism
Mean Daily Rate,2010-07-01,2.171909435118202,outcome,tourism
Mean Daily Rate,2010-08-01,2.612225469835505,outcome,tourism
Mean Daily Rate,2010-09-01,0.6800085448124049,outcome,tourism
Mean Daily Rate,2010-10-01,0.3992505561819959,outcome,tourism
Mean Daily Rate,2010-11-01,4.218373257457486,outcome,tourism
Mean Daily Rate,2010-12-01,4.570848590892407,outcome,tourism
Mean Daily Rate,2011-01-01,7.275995475211738,outcome,tourism
Mean Daily Rate,2011-02-01,9.006437811526325,outcome,tourism
Mean Daily Rate,2011-03-01,8.72656495552473,outcome,tourism
Mean Daily Rate,2011-04-01,8.55627382709252,outcome,tourism
Mean Daily Rate,2011-05-01,9.479923824504224,outcome,tourism
Mean Daily Rate,2011-06-01,9.12105333870752,outcome,tourism
Mean Daily Rate,2011-07-01,8.166502517792363,outcome,tourism
Mean Daily Rate,2011-08-01,7.169408650968223,outcome,tourism
Mean Daily Rate,2011-09-01,8.29895779458305,outcome,tourism
Mean Daily Rate,2011-10-01,8.444442047034496,outcome,tourism
Mean Daily Rate,2011-11-01,10.18595885390692,outcome,tourism
Mean Daily Rate,2011-12-01,7.957013304375038,outcome,tourism
Mean Daily Rate,2012-01-01,8.185599874205462,outcome,tourism
Mean Daily Rate,2012-02-01,6.394595991447938,outcome,tourism
Mean Daily Rate,2012-03-01,7.152006966384383,outcome,tourism
Mean Daily Rate,2012-04-01,7.468053131272567,outcome,tourism
Mean Daily Rate,2012-05-01,7.925814708103274,outcome,tourism
Mean Daily Rate,2012-06-01,8.252827315631306,outcome,tourism
Mean Daily Rate,2012-07-01,8.65483383247665,outcome,tourism
Mean Daily Rate,2012-08-01,10.39199236128032,outcome,tourism
Mean Daily Rate,2012-09-01,8.716132780152241,outcome,tourism
Mean Daily Rate,2012-10-01,8.727528311115517,outcome,tourism
Mean Daily Rate,2012-11-01,6.337010463227855,outcome,tourism
Mean Daily Rate,2012-12-01,7.366115193593115,outcome,tourism
Mean Daily Rate,2013-01-01,12.00956338521222,outcome,tourism
Mean Daily Rate,2013-02-01,13.52639225554841,outcome,tourism
Mean Daily Rate,2013-03-01,15.10021689451555,outcome,tourism
Mean Daily Rate,2013-04-01,10.14558757932535,outcome,tourism
Mean Daily Rate,2013-05-01,11.78320929419798,outcome,tourism
Mean Daily Rate,2013-06-01,12.72354275554142,outcome,tourism
Mean Daily Rate,2013-07-01,12.48773154985749,outcome,tourism
Mean Daily Rate,2013-08-01,12.14741500502747,outcome,tourism
Mean Daily Rate,2013-09-01,11.91452506948336,outcome,tourism
Mean Daily Rate,2013-10-01,10.89114549257659,outcome,tourism
Mean Daily Rate,2013-11-01,8.914296808334022,outcome,tourism
Mean Daily Rate,2013-12-01,10.77241607926021,outcome,tourism
Mean Daily Rate,2014-01-01,6.127485372221186,outcome,tourism
Mean Daily Rate,2014-02-01,4.003916971425703,outcome,tourism
Mean Daily Rate,2014-03-01,0.4873939540497085,outcome,tourism
Mean Daily Rate,2014-04-01,4.009137392695195,outcome,tourism
Mean Daily Rate,2014-05-01,1.012412585832068,outcome,tourism
Mean Daily Rate,2014-06-01,-0.1189053262937612,outcome,tourism
Mean Daily Rate,2014-07-01,0.787907039999669,outcome,tourism
Mean Daily Rate,2014-08-01,0.2834682837320912,outcome,tourism
Mean Daily Rate,2014-09-01,1.268500945472795,outcome,tourism
Mean Daily Rate,2014-10-01,2.668568943177219,outcome,tourism
Mean Daily Rate,2014-11-01,3.352342923855689,outcome,tourism
Mean Daily Rate,2014-12-01,3.797496916821563,outcome,tourism
Mean Daily Rate,2015-01-01,2.411687358049153,outcome,tourism
Mean Daily Rate,2015-02-01,3.624837836575012,outcome,tourism
Mean Daily Rate,2015-03-01,4.889518806319892,outcome,tourism
Mean Daily Rate,2015-04-01,4.245465563233486,outcome,tourism
Mean Daily Rate,2015-05-01,6.247127364391725,outcome,tourism
Mean Daily Rate,2015-06-01,6.938166314821048,outcome,tourism
Mean Daily Rate,2015-07-01,4.676264197723889,outcome,tourism
Mean Daily Rate,2015-08-01,4.089657465391272,outcome,tourism
Mean Daily Rate,2015-09-01,3.045974559664688,outcome,tourism
Mean Daily Rate,2015-10-01,2.816413799050088,outcome,tourism
Mean Daily Rate,2015-11-01,3.739625534643265,outcome,tourism
Mean Daily Rate,2015-12-01,1.878666969301057,outcome,tourism
Mean Daily Rate,2016-01-01,1.200291606346116,outcome,tourism
Mean Daily Rate,2016-02-01,3.116443847436123,outcome,tourism
Mean Daily Rate,2016-03-01,3.85667576023121,outcome,tourism
Mean Daily Rate,2016-04-01,1.984915837297074,outcome,tourism
Mean Daily Rate,2016-05-01,2.33560165532587,outcome,tourism
Mean Daily Rate,2016-06-01,3.153427151792498,outcome,tourism
Mean Daily Rate,2016-07-01,4.803411155289194,outcome,tourism
Mean Daily Rate,2016-08-01,5.404701247378596,outcome,tourism
Mean Daily Rate,2016-09-01,8.38246629440742,outcome,tourism
Mean Daily Rate,2016-10-01,4.871140252103423,outcome,tourism
Mean Daily Rate,2016-11-01,5.808925956934585,outcome,tourism
Mean Daily Rate,2016-12-01,6.313026393836974,outcome,tourism
Mean Daily Rate,2017-01-01,8.598391460756428,outcome,tourism
Mean Daily Rate,2017-02-01,3.98784237431884,outcome,tourism
Mean Daily Rate,2017-03-01,3.68733293816581,outcome,tourism
Mean Daily Rate,2017-04-01,7.339359560983993,outcome,tourism
Mean Daily Rate,2017-05-01,5.228846993287428,outcome,tourism
Mean Daily Rate,2017-06-01,3.75038959922791,outcome,tourism
Mean Daily Rate,2017-07-01,3.085345036425435,outcome,tourism
Mean Daily Rate,2017-08-01,2.679607931798267,outcome,tourism
Mean Daily Rate,2017-09-01,-0.5009572621238356,outcome,tourism
Mean Daily Rate,2017-10-01,4.159322758053174,outcome,tourism
Mean Daily Rate,2017-11-01,2.1742291713019,outcome,tourism
Mean Daily Rate,2017-12-01,2.851647094758869,outcome,tourism
Mean Daily Rate,2018-01-01,4.398368840265521,outcome,tourism
Mean Daily Rate,2018-02-01,7.70396742661843,outcome,tourism
Mean Daily Rate,2018-03-01,7.461974910039348,outcome,tourism
Mean Daily Rate,2018-04-01,3.679820768285524,outcome,tourism
Mean Daily Rate,2018-05-01,5.681154643371888,outcome,tourism
Mean Daily Rate,2018-06-01,5.031098963160341,outcome,tourism
Mean Daily Rate,2018-07-01,4.529733085510323,outcome,tourism
Mean Daily Rate,2018-08-01,4.427571205894387,outcome,tourism
Mean Daily Rate,2018-09-01,5.086348555011155,outcome,tourism
Mean Daily Rate,2018-10-01,3.779120720745155,outcome,tourism
Mean Daily Rate,2018-11-01,3.414847852095337,outcome,tourism
Mean Daily Rate,2018-12-01,3.513515458730487,outcome,tourism
Mean Daily Rate,2019-01-01,1.740046840875054,outcome,tourism
Mean Daily Rate,2019-02-01,-0.7771828098322775,outcome,tourism
Mean Daily Rate,2019-03-01,-0.8708512979850758,outcome,tourism
Mean Daily Rate,2019-04-01,1.942794282710381,outcome,tourism
Mean Daily Rate,2019-05-01,0.0213722654468284,outcome,tourism
Mean Daily Rate,2019-06-01,0.805135872326268,outcome,tourism
Mean Daily Rate,2019-07-01,2.763573474324299,outcome,tourism
Mean Daily Rate,2019-08-01,2.737821747284053,outcome,tourism
Mean Daily Rate,2019-09-01,2.17177273877327,outcome,tourism
Mean Daily Rate,2019-10-01,2.012210542434834,outcome,tourism
Mean Daily Rate,2019-11-01,2.91781319182427,outcome,tourism
Mean Daily Rate,2019-12-01,5.746134073917064,outcome,tourism
Mean Daily Rate,2020-01-01,6.383546761505476,outcome,tourism
Mean Daily Rate,2020-02-01,7.67422568722087,outcome,tourism
Mean Daily Rate,2020-03-01,-1.405917208691909,outcome,tourism
Mean Daily Rate,2020-04-01,-52.30468762269667,outcome,tourism
Mean Daily Rate,2020-05-01,-50.55104270094608,outcome,tourism
Mean Daily Rate,2020-06-01,-42.85590629533361,outcome,tourism
Mean Daily Rate,2020-07-01,-43.03820566512618,outcome,tourism
Mean Daily Rate,2020-08-01,-45.64682059446991,outcome,tourism
Mean Daily Rate,2020-09-01,-40.21880623623597,outcome,tourism
Mean Daily Rate,2020-10-01,-31.44880324427215,outcome,tourism
Mean Daily Rate,2020-11-01,-12.81831676952537,outcome,tourism
Mean Daily Rate,2020-12-01,-17.07661894446734,outcome,tourism
Occupancy,1991-01-01,-10.5255635500261,outcome,tourism
Occupancy,1991-02-01,-23.72997475969882,outcome,tourism
Occupancy,1991-03-01,-20.48538865822255,outcome,tourism
Occupancy,1991-04-01,-9.4213355257183,outcome,tourism
Occupancy,1991-05-01,-8.609623032346503,outcome,tourism
Occupancy,1991-06-01,-1.150245487945256,outcome,tourism
Occupancy,1991-07-01,-2.776840419061655,outcome,tourism
Occupancy,1991-08-01,-1.921698343885891,outcome,tourism
Occupancy,1991-09-01,-0.08777921183718,outcome,tourism
Occupancy,1991-10-01,-6.094810504278536,outcome,tourism
Occupancy,1991-11-01,-4.253235129099697,outcome,tourism
Occupancy,1991-12-01,2.354873067353758,outcome,tourism
Occupancy,1992-01-01,1.638493926864748,outcome,tourism
Occupancy,1992-02-01,18.95223333141141,outcome,tourism
Occupancy,1992-03-01,9.187967725337677,outcome,tourism
Occupancy,1992-04-01,0.2592341756559202,outcome,tourism
Occupancy,1992-05-01,1.054652305300863,outcome,tourism
Occupancy,1992-06-01,-7.066991477090612,outcome,tourism
Occupancy,1992-07-01,-7.309561930818209,outcome,tourism
Occupancy,1992-08-01,-6.331011031501143,outcome,tourism
Occupancy,1992-09-01,0.6249686943978094,outcome,tourism
Occupancy,1992-10-01,4.868788484384634,outcome,tourism
Occupancy,1992-11-01,4.272761934656444,outcome,tourism
Occupancy,1992-12-01,0.3655624507340693,outcome,tourism
Occupancy,1993-01-01,-0.1786018141027523,outcome,tourism
Occupancy,1993-02-01,-3.642002806588807,outcome,tourism
Occupancy,1993-03-01,-0.1300385202684606,outcome,tourism
Occupancy,1993-04-01,-0.9793700806175364,outcome,tourism
Occupancy,1993-05-01,-1.189816484847495,outcome,tourism
Occupancy,1993-06-01,0.974480710564274,outcome,tourism
Occupancy,1993-07-01,0.8322335605747799,outcome,tourism
Occupancy,1993-08-01,2.596714375496334,outcome,tourism
Occupancy,1993-09-01,-7.808310309707645,outcome,tourism
Occupancy,1993-10-01,-4.942717628094351,outcome,tourism
Occupancy,1993-11-01,-5.384286848409436,outcome,tourism
Occupancy,1993-12-01,1.297939992277497,outcome,tourism
Occupancy,1994-01-01,-3.210746885871929,outcome,tourism
Occupancy,1994-02-01,9.217562127172174,outcome,tourism
Occupancy,1994-03-01,12.1080752724475,outcome,tourism
Occupancy,1994-04-01,7.468806064258549,outcome,tourism
Occupancy,1994-05-01,6.160192177917256,outcome,tourism
Occupancy,1994-06-01,7.626805039141882,outcome,tourism
Occupancy,1994-07-01,6.606036290333028,outcome,tourism
Occupancy,1994-08-01,5.167644457031173,outcome,tourism
Occupancy,1994-09-01,9.864722433250318,outcome,tourism
Occupancy,1994-10-01,4.490065236863727,outcome,tourism
Occupancy,1994-11-01,6.304256747518933,outcome,tourism
Occupancy,1994-12-01,1.017341874661604,outcome,tourism
Occupancy,1995-01-01,5.696332959231087,outcome,tourism
Occupancy,1995-02-01,-4.420578325011526,outcome,tourism
Occupancy,1995-03-01,-6.36885712757993,outcome,tourism
Occupancy,1995-04-01,-4.978013534441351,outcome,tourism
Occupancy,1995-05-01,-3.426270406881116,outcome,tourism
Occupancy,1995-06-01,-1.597560382754437,outcome,tourism
Occupancy,1995-07-01,1.166221548134105,outcome,tourism
Occupancy,1995-08-01,-0.5079878835415497,outcome,tourism
Occupancy,1995-09-01,-0.3783902472771272,outcome,tourism
Occupancy,1995-10-01,1.72807672638231,outcome,tourism
Occupancy,1995-11-01,0.5618673032467658,outcome,tourism
Occupancy,1995-12-01,1.201103456145058,outcome,tourism
Occupancy,1996-01-01,1.350906694164045,outcome,tourism
Occupancy,1996-02-01,4.67511280200732,outcome,tourism
Occupancy,1996-03-01,0.8215994901124235,outcome,tourism
Occupancy,1996-04-01,3.280998199901664,outcome,tourism
Occupancy,1996-05-01,1.286567192921462,outcome,tourism
Occupancy,1996-06-01,2.545573176680516,outcome,tourism
Occupancy,1996-07-01,-1.892295976600478,outcome,tourism
Occupancy,1996-08-01,-1.71885270721337,outcome,tourism
Occupancy,1996-09-01,-4.055959404796406,outcome,tourism
Occupancy,1996-10-01,-4.729275973090708,outcome,tourism
Occupancy,1996-11-01,-6.959092382949638,outcome,tourism
Occupancy,1996-12-01,-5.903623414602144,outcome,tourism
Occupancy,1997-01-01,-4.41190605003402,outcome,tourism
Occupancy,1997-02-01,-4.628946299703884,outcome,tourism
Occupancy,1997-03-01,-0.6055545550082253,outcome,tourism
Occupancy,1997-04-01,1.264672773202924,outcome,tourism
Occupancy,1997-05-01,-1.622944807369964,outcome,tourism
Occupancy,1997-06-01,-7.180526080578908,outcome,tourism
Occupancy,1997-07-01,-3.633010574542572,outcome,tourism
Occupancy,1997-08-01,-2.833444540908103,outcome,tourism
Occupancy,1997-09-01,0.5079058090834865,outcome,tourism
Occupancy,1997-10-01,-0.4164349218704233,outcome,tourism
Occupancy,1997-11-01,2.125846439191981,outcome,tourism
Occupancy,1997-12-01,-0.8513173577745059,outcome,tourism
Occupancy,1998-01-01,-0.443368049161863,outcome,tourism
Occupancy,1998-02-01,-3.344300033442704,outcome,tourism
Occupancy,1998-03-01,-4.817259829236065,outcome,tourism
Occupancy,1998-04-01,-4.98272962868228,outcome,tourism
Occupancy,1998-05-01,-2.60732695660959,outcome,tourism
Occupancy,1998-06-01,-1.868495056988106,outcome,tourism
Occupancy,1998-07-01,-2.414521061576802,outcome,tourism
Occupancy,1998-08-01,-3.370942005762634,outcome,tourism
Occupancy,1998-09-01,-4.139666442692613,outcome,tourism
Occupancy,1998-10-01,-1.32031258632348,outcome,tourism
Occupancy,1998-11-01,-3.480527844743986,outcome,tourism
Occupancy,1998-12-01,-3.690584617753112,outcome,tourism
Occupancy,1999-01-01,-2.523776373152942,outcome,tourism
Occupancy,1999-02-01,0.0611291399214009,outcome,tourism
Occupancy,1999-03-01,-0.1255691670250303,outcome,tourism
Occupancy,1999-04-01,-1.989933987517223,outcome,tourism
Occupancy,1999-05-01,-2.38724013859053,outcome,tourism
Occupancy,1999-06-01,-0.76454246157317,outcome,tourism
Occupancy,1999-07-01,1.205429173177297,outcome,tourism
Occupancy,1999-08-01,2.819459332646113,outcome,tourism
Occupancy,1999-09-01,4.776982217714654,outcome,tourism
Occupancy,1999-10-01,4.098668347672563,outcome,tourism
Occupancy,1999-11-01,5.111618799587347,outcome,tourism
Occupancy,1999-12-01,-3.85404045683394,outcome,tourism
Occupancy,2000-01-01,-2.784144443563674,outcome,tourism
Occupancy,2000-02-01,3.217351225189624,outcome,tourism
Occupancy,2000-03-01,7.50795481378117,outcome,tourism
Occupancy,2000-04-01,8.21557780436082,outcome,tourism
Occupancy,2000-05-01,10.68368944616918,outcome,tourism
Occupancy,2000-06-01,12.85773323529276,outcome,tourism
Occupancy,2000-07-01,7.31251426268027,outcome,tourism
Occupancy,2000-08-01,2.760587136484771,outcome,tourism
Occupancy,2000-09-01,3.236479560634775,outcome,tourism
Occupancy,2000-10-01,3.957046363911942,outcome,tourism
Occupancy,2000-11-01,5.623537978247084,outcome,tourism
Occupancy,2000-12-01,11.98084075145711,outcome,tourism
Occupancy,2001-01-01,9.97614528520947,outcome,tourism
Occupancy,2001-02-01,2.76978294436514,outcome,tourism
Occupancy,2001-03-01,-4.048454897881237,outcome,tourism
Occupancy,2001-04-01,-5.717436180233094,outcome,tourism
Occupancy,2001-05-01,-7.672029172410511,outcome,tourism
Occupancy,2001-06-01,-9.954512775922586,outcome,tourism
Occupancy,2001-07-01,-7.52473629563405,outcome,tourism
Occupancy,2001-08-01,-3.37019044764274,outcome,tourism
Occupancy,2001-09-01,-23.76242285390279,outcome,tourism
Occupancy,2001-10-01,-24.50161810218342,outcome,tourism
Occupancy,2001-11-01,-22.81237548467879,outcome,tourism
Occupancy,2001-12-01,-16.25349928669745,outcome,tourism
Occupancy,2002-01-01,-14.97776793513668,outcome,tourism
Occupancy,2002-02-01,-10.67955925886961,outcome,tourism
Occupancy,2002-03-01,-7.449273169386162,outcome,tourism
Occupancy,2002-04-01,-5.647275379597505,outcome,tourism
Occupancy,2002-05-01,-2.312090818987766,outcome,tourism
Occupancy,2002-06-01,0.2647749967994217,outcome,tourism
Occupancy,2002-07-01,-2.486813569589807,outcome,tourism
Occupancy,2002-08-01,-1.004233211537309,outcome,tourism
Occupancy,2002-09-01,15.55090722367229,outcome,tourism
Occupancy,2002-10-01,20.8737713936997,outcome,tourism
Occupancy,2002-11-01,15.97189618426085,outcome,tourism
Occupancy,2002-12-01,14.93538442592246,outcome,tourism
Occupancy,2003-01-01,9.312137274185606,outcome,tourism
Occupancy,2003-02-01,3.303251744698232,outcome,tourism
Occupancy,2003-03-01,2.064439223716308,outcome,tourism
Occupancy,2003-04-01,2.525818846052719,outcome,tourism
Occupancy,2003-05-01,-1.908265837392842,outcome,tourism
Occupancy,2003-06-01,-2.322739465162538,outcome,tourism
Occupancy,2003-07-01,4.469245126102406,outcome,tourism
Occupancy,2003-08-01,6.078267356546641,outcome,tourism
Occupancy,2003-09-01,7.801214109110344,outcome,tourism
Occupancy,2003-10-01,3.639219731231469,outcome,tourism
Occupancy,2003-11-01,4.943323825180768,outcome,tourism
Occupancy,2003-12-01,8.068033764190275,outcome,tourism
Occupancy,2004-01-01,7.125304189870896,outcome,tourism
Occupancy,2004-02-01,7.747162842630306,outcome,tourism
Occupancy,2004-03-01,10.17509864099093,outcome,tourism
Occupancy,2004-04-01,11.28245627821238,outcome,tourism
Occupancy,2004-05-01,12.30942350575253,outcome,tourism
Occupancy,2004-06-01,12.93968760041335,outcome,tourism
Occupancy,2004-07-01,8.570257624191013,outcome,tourism
Occupancy,2004-08-01,1.943724853967677,outcome,tourism
Occupancy,2004-09-01,6.387024416775744,outcome,tourism
Occupancy,2004-10-01,6.605049130828755,outcome,tourism
Occupancy,2004-11-01,3.93923409435224,outcome,tourism
Occupancy,2004-12-01,-2.22413364993469,outcome,tourism
Occupancy,2005-01-01,5.714778319008063,outcome,tourism
Occupancy,2005-02-01,3.858991040824455,outcome,tourism
Occupancy,2005-03-01,5.551702200287689,outcome,tourism
Occupancy,2005-04-01,1.332933527129132,outcome,tourism
Occupancy,2005-05-01,5.561866797054993,outcome,tourism
Occupancy,2005-06-01,3.141492139115321,outcome,tourism
Occupancy,2005-07-01,2.711826052307931,outcome,tourism
Occupancy,2005-08-01,3.268581619251854,outcome,tourism
Occupancy,2005-09-01,4.614084429571941,outcome,tourism
Occupancy,2005-10-01,3.156309010414526,outcome,tourism
Occupancy,2005-11-01,4.978813204319343,outcome,tourism
Occupancy,2005-12-01,6.776189101923524,outcome,tourism
Occupancy,2006-01-01,0.8926992659982202,outcome,tourism
Occupancy,2006-02-01,1.648502992151935,outcome,tourism
Occupancy,2006-03-01,-1.607618578744641,outcome,tourism
Occupancy,2006-04-01,1.984228284700706,outcome,tourism
Occupancy,2006-05-01,-1.493585626273553,outcome,tourism
Occupancy,2006-06-01,-0.9858782684233236,outcome,tourism
Occupancy,2006-07-01,-1.472972730514777,outcome,tourism
Occupancy,2006-08-01,-2.148707790844151,outcome,tourism
Occupancy,2006-09-01,-3.383764652969745,outcome,tourism
Occupancy,2006-10-01,-5.334040875715973,outcome,tourism
Occupancy,2006-11-01,-2.611337828558613,outcome,tourism
Occupancy,2006-12-01,-5.950078647924617,outcome,tourism
Occupancy,2007-01-01,-7.839306331812967,outcome,tourism
Occupancy,2007-02-01,-8.193828609917064,outcome,tourism
Occupancy,2007-03-01,-5.385643727194278,outcome,tourism
Occupancy,2007-04-01,-7.804618815174747,outcome,tourism
Occupancy,2007-05-01,-8.252312546330797,outcome,tourism
Occupancy,2007-06-01,-6.362407216148325,outcome,tourism
Occupancy,2007-07-01,-6.196112417757693,outcome,tourism
Occupancy,2007-08-01,-3.412964255087703,outcome,tourism
Occupancy,2007-09-01,-3.854813750418706,outcome,tourism
Occupancy,2007-10-01,-2.726758152673436,outcome,tourism
Occupancy,2007-11-01,-3.889558548897765,outcome,tourism
Occupancy,2007-12-01,-2.536389404720585,outcome,tourism
Occupancy,2008-01-01,1.851432529216535,outcome,tourism
Occupancy,2008-02-01,2.998281813554038,outcome,tourism
Occupancy,2008-03-01,-0.9469203466134112,outcome,tourism
Occupancy,2008-04-01,-2.560710767360697,outcome,tourism
Occupancy,2008-05-01,-1.766981957113922,outcome,tourism
Occupancy,2008-06-01,-8.058309631555927,outcome,tourism
Occupancy,2008-07-01,-7.97504383412555,outcome,tourism
Occupancy,2008-08-01,-7.923859572226776,outcome,tourism
Occupancy,2008-09-01,-15.28790867287752,outcome,tourism
Occupancy,2008-10-01,-9.144317523615664,outcome,tourism
Occupancy,2008-11-01,-11.57927040279122,outcome,tourism
Occupancy,2008-12-01,-13.63618416291017,outcome,tourism
Occupancy,2009-01-01,-16.5837270643708,outcome,tourism
Occupancy,2009-02-01,-13.85969577451233,outcome,tourism
Occupancy,2009-03-01,-15.05031371326965,outcome,tourism
Occupancy,2009-04-01,-9.46273423021664,outcome,tourism
Occupancy,2009-05-01,-10.9076845788136,outcome,tourism
Occupancy,2009-06-01,-9.634135738945682,outcome,tourism
Occupancy,2009-07-01,-7.462783611814105,outcome,tourism
Occupancy,2009-08-01,-6.245220890424818,outcome,tourism
Occupancy,2009-09-01,1.01367080309247,outcome,tourism
Occupancy,2009-10-01,-1.413414194396667,outcome,tourism
Occupancy,2009-11-01,-3.14536663580085,outcome,tourism
Occupancy,2009-12-01,2.607487980993461,outcome,tourism
Occupancy,2010-01-01,4.396810138198037,outcome,tourism
Occupancy,2010-02-01,4.679997686476223,outcome,tourism
Occupancy,2010-03-01,7.804859946507348,outcome,tourism
Occupancy,2010-04-01,4.391995346243749,outcome,tourism
Occupancy,2010-05-01,7.538672582184103,outcome,tourism
Occupancy,2010-06-01,15.03729996385548,outcome,tourism
Occupancy,2010-07-01,15.47742570162507,outcome,tourism
Occupancy,2010-08-01,9.824052958552908,outcome,tourism
Occupancy,2010-09-01,10.76203751859086,outcome,tourism
Occupancy,2010-10-01,7.345433788965039,outcome,tourism
Occupancy,2010-11-01,10.60976480010945,outcome,tourism
Occupancy,2010-12-01,10.00506758041204,outcome,tourism
Occupancy,2011-01-01,10.10118982204034,outcome,tourism
Occupancy,2011-02-01,7.713882202676015,outcome,tourism
Occupancy,2011-03-01,6.066354369323412,outcome,tourism
Occupancy,2011-04-01,4.895747672774231,outcome,tourism
Occupancy,2011-05-01,1.936345271786433,outcome,tourism
Occupancy,2011-06-01,-1.484000065603475,outcome,tourism
Occupancy,2011-07-01,-3.073018316304077,outcome,tourism
Occupancy,2011-08-01,2.476752485485489,outcome,tourism
Occupancy,2011-09-01,6.275140233804,outcome,tourism
Occupancy,2011-10-01,2.687432140464785,outcome,tourism
Occupancy,2011-11-01,3.966756831857565,outcome,tourism
Occupancy,2011-12-01,3.547787662941349,outcome,tourism
Occupancy,2012-01-01,5.647641374338264,outcome,tourism
Occupancy,2012-02-01,2.55292432517118,outcome,tourism
Occupancy,2012-03-01,5.63033979347678,outcome,tourism
Occupancy,2012-04-01,5.085687012215967,outcome,tourism
Occupancy,2012-05-01,8.75334111374848,outcome,tourism
Occupancy,2012-06-01,7.80778269308926,outcome,tourism
Occupancy,2012-07-01,8.124737582177266,outcome,tourism
Occupancy,2012-08-01,5.616638805123153,outcome,tourism
Occupancy,2012-09-01,-0.7634566127555087,outcome,tourism
Occupancy,2012-10-01,3.205817961126489,outcome,tourism
Occupancy,2012-11-01,4.643566531391885,outcome,tourism
Occupancy,2012-12-01,2.71644761017733,outcome,tourism
Occupancy,2013-01-01,2.17132994090028,outcome,tourism
Occupancy,2013-02-01,3.455372922380473,outcome,tourism
Occupancy,2013-03-01,0.8992562486779487,outcome,tourism
Occupancy,2013-04-01,2.934376688367446,outcome,tourism
Occupancy,2013-05-01,-1.543034938801424,outcome,tourism
Occupancy,2013-06-01,-1.202416901621262,outcome,tourism
Occupancy,2013-07-01,-2.902474800477062,outcome,tourism
Occupancy,2013-08-01,-0.104228989562305,outcome,tourism
Occupancy,2013-09-01,0.0459653178946473,outcome,tourism
Occupancy,2013-10-01,-2.033424053918009,outcome,tourism
Occupancy,2013-11-01,-3.712084416594341,outcome,tourism
Occupancy,2013-12-01,-3.393683520367641,outcome,tourism
Occupancy,2014-01-01,-1.564529559408334,outcome,tourism
Occupancy,2014-02-01,-0.2965657063716653,outcome,tourism
Occupancy,2014-03-01,-0.7809525663390215,outcome,tourism
Occupancy,2014-04-01,-3.077891238641428,outcome,tourism
Occupancy,2014-05-01,0.2528164019585777,outcome,tourism
Occupancy,2014-06-01,0.0920667091505622,outcome,tourism
Occupancy,2014-07-01,2.836584818215249,outcome,tourism
Occupancy,2014-08-01,-1.461492385493823,outcome,tourism
Occupancy,2014-09-01,2.91728507689426,outcome,tourism
Occupancy,2014-10-01,4.803180256320605,outcome,tourism
Occupancy,2014-11-01,2.074248160996772,outcome,tourism
Occupancy,2014-12-01,2.155409093420024,outcome,tourism
Occupancy,2015-01-01,-2.119936254200971,outcome,tourism
Occupancy,2015-02-01,-1.155015204592591,outcome,tourism
Occupancy,2015-03-01,2.238709367365921,outcome,tourism
Occupancy,2015-04-01,2.539631691732835,outcome,tourism
Occupancy,2015-05-01,4.16995820177839,outcome,tourism
Occupancy,2015-06-01,6.060731691194099,outcome,tourism
Occupancy,2015-07-01,0.1325238317103183,outcome,tourism
Occupancy,2015-08-01,2.993780373165023,outcome,tourism
Occupancy,2015-09-01,0.4187329840388276,outcome,tourism
Occupancy,2015-10-01,1.811625546564688,outcome,tourism
Occupancy,2015-11-01,3.838307140650232,outcome,tourism
Occupancy,2015-12-01,5.176350606949298,outcome,tourism
Occupancy,2016-01-01,4.134349581490482,outcome,tourism
Occupancy,2016-02-01,1.698861177882782,outcome,tourism
Occupancy,2016-03-01,-0.598600617165046,outcome,tourism
Occupancy,2016-04-01,2.190504723248021,outcome,tourism
Occupancy,2016-05-01,-1.253848072878461,outcome,tourism
Occupancy,2016-06-01,-2.586219129764289,outcome,tourism
Occupancy,2016-07-01,1.613807037125126,outcome,tourism
Occupancy,2016-08-01,0.5889290000373082,outcome,tourism
Occupancy,2016-09-01,2.743665465663225,outcome,tourism
Occupancy,2016-10-01,0.7055197847126493,outcome,tourism
Occupancy,2016-11-01,-1.123593071964391,outcome,tourism
Occupancy,2016-12-01,-0.1019527970416489,outcome,tourism
Occupancy,2017-01-01,1.513990062101822,outcome,tourism
Occupancy,2017-02-01,0.9808789350013614,outcome,tourism
Occupancy,2017-03-01,0.4464358237510124,outcome,tourism
Occupancy,2017-04-01,0.3676623544877744,outcome,tourism
Occupancy,2017-05-01,2.146776411801166,outcome,tourism
Occupancy,2017-06-01,2.749969421459597,outcome,tourism
Occupancy,2017-07-01,2.213944330026441,outcome,tourism
Occupancy,2017-08-01,1.489631391562019,outcome,tourism
Occupancy,2017-09-01,0.0432884622847851,outcome,tourism
Occupancy,2017-10-01,0.9825595401862676,outcome,tourism
Occupancy,2017-11-01,3.735800471412065,outcome,tourism
Occupancy,2017-12-01,-0.0483882213568653,outcome,tourism
Occupancy,2018-01-01,0.8597458315938278,outcome,tourism
Occupancy,2018-02-01,2.746833567340512,outcome,tourism
Occupancy,2018-03-01,3.161060676585037,outcome,tourism
Occupancy,2018-04-01,2.825615389926162,outcome,tourism
Occupancy,2018-05-01,1.303286227482547,outcome,tourism
Occupancy,2018-06-01,-1.055087855639314,outcome,tourism
Occupancy,2018-07-01,-1.625239243286147,outcome,tourism
Occupancy,2018-08-01,-3.146866544228277,outcome,tourism
Occupancy,2018-09-01,-1.642885502629554,outcome,tourism
Occupancy,2018-10-01,-2.360614980339437,outcome,tourism
Occupancy,2018-11-01,-3.452986875135944,outcome,tourism
Occupancy,2018-12-01,-3.512749842019292,outcome,tourism
Occupancy,2019-01-01,-2.23850996617655,outcome,tourism
Occupancy,2019-02-01,-2.012859586794591,outcome,tourism
Occupancy,2019-03-01,-2.667926247254848,outcome,tourism
Occupancy,2019-04-01,-3.00840102205584,outcome,tourism
Occupancy,2019-05-01,-0.6919204184743011,outcome,tourism
Occupancy,2019-06-01,2.421092110074485,outcome,tourism
Occupancy,2019-07-01,0.8804340244496833,outcome,tourism
Occupancy,2019-08-01,7.742246835827671,outcome,tourism
Occupancy,2019-09-01,1.533057749550815,outcome,tourism
Occupancy,2019-10-01,4.421915402187548,outcome,tourism
Occupancy,2019-11-01,4.028826998336932,outcome,tourism
Occupancy,2019-12-01,5.528651950674579,outcome,tourism
Occupancy,2020-01-01,6.409507254968294,outcome,tourism
Occupancy,2020-02-01,1.889110193898791,outcome,tourism
Occupancy,2020-03-01,-44.28176670019637,outcome,tourism
Occupancy,2020-04-01,-88.68556045505073,outcome,tourism
Occupancy,2020-05-01,-82.14738624991675,outcome,tourism
Occupancy,2020-06-01,-81.38975959680646,outcome,tourism
Occupancy,2020-07-01,-75.64527569488683,outcome,tourism
Occupancy,2020-08-01,-74.17966350917791,outcome,tourism
Occupancy,2020-09-01,-74.99333509935937,outcome,tourism
Occupancy,2020-10-01,-74.91080769641685,outcome,tourism
Occupancy,2020-11-01,-71.91111615493752,outcome,tourism
Occupancy,2020-12-01,-70.35021892174129,outcome,tourism
Revenue per Available Room,1991-01-01,-11.22677020219779,outcome,tourism
Revenue per Available Room,1991-02-01,-26.98734086329838,outcome,tourism
Revenue per Available Room,1991-03-01,-21.02913007393755,outcome,tourism
Revenue per Available Room,1991-04-01,-12.08572257666354,outcome,tourism
Revenue per Available Room,1991-05-01,-9.210603222320357,outcome,tourism
Revenue per Available Room,1991-06-01,-1.267372920918186,outcome,tourism
Revenue per Available Room,1991-07-01,0.7490060888079908,outcome,tourism
Revenue per Available Room,1991-08-01,-1.585909464054669,outcome,tourism
Revenue per Available Room,1991-09-01,0.8486054005102384,outcome,tourism
Revenue per Available Room,1991-10-01,-8.722018936138742,outcome,tourism
Revenue per Available Room,1991-11-01,-7.125002662267644,outcome,tourism
Revenue per Available Room,1991-12-01,5.349388326506777,outcome,tourism
Revenue per Available Room,1992-01-01,1.492895393209093,outcome,tourism
Revenue per Available Room,1992-02-01,24.10870646582701,outcome,tourism
Revenue per Available Room,1992-03-01,11.41401455687168,outcome,tourism
Revenue per Available Room,1992-04-01,4.897229227926214,outcome,tourism
Revenue per Available Room,1992-05-01,4.155419432055707,outcome,tourism
Revenue per Available Room,1992-06-01,-2.357409526061094,outcome,tourism
Revenue per Available Room,1992-07-01,-7.328206112446911,outcome,tourism
Revenue per Available Room,1992-08-01,-2.552714001366396,outcome,tourism
Revenue per Available Room,1992-09-01,6.992538322064568,outcome,tourism
Revenue per Available Room,1992-10-01,8.486219575436671,outcome,tourism
Revenue per Available Room,1992-11-01,9.101397187279805,outcome,tourism
Revenue per Available Room,1992-12-01,1.858226057687151,outcome,tourism
Revenue per Available Room,1993-01-01,-2.275511624505966,outcome,tourism
Revenue per Available Room,1993-02-01,-4.126988319346037,outcome,tourism
Revenue per Available Room,1993-03-01,0.2244971678464269,outcome,tourism
Revenue per Available Room,1993-04-01,-2.756368440952472,outcome,tourism
Revenue per Available Room,1993-05-01,0.3001226266655221,outcome,tourism
Revenue per Available Room,1993-06-01,0.3344157697125594,outcome,tourism
Revenue per Available Room,1993-07-01,0.3263126668644256,outcome,tourism
Revenue per Available Room,1993-08-01,1.14085631115437,outcome,tourism
Revenue per Available Room,1993-09-01,-9.908802241063407,outcome,tourism
Revenue per Available Room,1993-10-01,-6.71716054842989,outcome,tourism
Revenue per Available Room,1993-11-01,-9.99485224962806,outcome,tourism
Revenue per Available Room,1993-12-01,-1.800648015634698,outcome,tourism
Revenue per Available Room,1994-01-01,-6.615787572254328,outcome,tourism
Revenue per Available Room,1994-02-01,7.049581441647934,outcome,tourism
Revenue per Available Room,1994-03-01,14.99902994591469,outcome,tourism
Revenue per Available Room,1994-04-01,9.52064773868273,outcome,tourism
Revenue per Available Room,1994-05-01,6.902561525041628,outcome,tourism
Revenue per Available Room,1994-06-01,7.7279214556085,outcome,tourism
Revenue per Available Room,1994-07-01,7.020007884880752,outcome,tourism
Revenue per Available Room,1994-08-01,8.173690932311617,outcome,tourism
Revenue per Available Room,1994-09-01,15.45054904575005,outcome,tourism
Revenue per Available Room,1994-10-01,10.69773761804473,outcome,tourism
Revenue per Available Room,1994-11-01,11.15120773931446,outcome,tourism
Revenue per Available Room,1994-12-01,6.931285733840142,outcome,tourism
Revenue per Available Room,1995-01-01,14.26146167403875,outcome,tourism
Revenue per Available Room,1995-02-01,0.216610547296292,outcome,tourism
Revenue per Available Room,1995-03-01,-3.156100395248818,outcome,tourism
Revenue per Available Room,1995-04-01,-2.486700612809534,outcome,tourism
Revenue per Available Room,1995-05-01,-0.2381889463321407,outcome,tourism
Revenue per Available Room,1995-06-01,3.902222435558977,outcome,tourism
Revenue per Available Room,1995-07-01,7.9843155613883,outcome,tourism
Revenue per Available Room,1995-08-01,0.0980461780188513,outcome,tourism
Revenue per Available Room,1995-09-01,1.512762392825473,outcome,tourism
Revenue per Available Room,1995-10-01,6.351482216225834,outcome,tourism
Revenue per Available Room,1995-11-01,4.385754139686027,outcome,tourism
Revenue per Available Room,1995-12-01,5.261735291467717,outcome,tourism
Revenue per Available Room,1996-01-01,7.038131617383514,outcome,tourism
Revenue per Available Room,1996-02-01,16.19575108694431,outcome,tourism
Revenue per Available Room,1996-03-01,8.828039450560233,outcome,tourism
Revenue per Available Room,1996-04-01,10.56384487514677,outcome,tourism
Revenue per Available Room,1996-05-01,3.879490639438266,outcome,tourism
Revenue per Available Room,1996-06-01,9.437459560692773,outcome,tourism
Revenue per Available Room,1996-07-01,3.579372977188622,outcome,tourism
Revenue per Available Room,1996-08-01,4.554615074566692,outcome,tourism
Revenue per Available Room,1996-09-01,2.512197752574297,outcome,tourism
Revenue per Available Room,1996-10-01,-0.7361142421014155,outcome,tourism
Revenue per Available Room,1996-11-01,-4.262735827191411,outcome,tourism
Revenue per Available Room,1996-12-01,1.121778456297018,outcome,tourism
Revenue per Available Room,1997-01-01,2.057520430190762,outcome,tourism
Revenue per Available Room,1997-02-01,1.88936572240741,outcome,tourism
Revenue per Available Room,1997-03-01,9.243406206370008,outcome,tourism
Revenue per Available Room,1997-04-01,10.60102432278109,outcome,tourism
Revenue per Available Room,1997-05-01,6.333829888743159,outcome,tourism
Revenue per Available Room,1997-06-01,-0.4023705552089862,outcome,tourism
Revenue per Available Room,1997-07-01,5.728572531327458,outcome,tourism
Revenue per Available Room,1997-08-01,6.172724057293921,outcome,tourism
Revenue per Available Room,1997-09-01,7.461475693585884,outcome,tourism
Revenue per Available Room,1997-10-01,4.630156018304787,outcome,tourism
Revenue per Available Room,1997-11-01,7.227789180117172,outcome,tourism
Revenue per Available Room,1997-12-01,3.716767905234697,outcome,tourism
Revenue per Available Room,1998-01-01,3.209905292209325,outcome,tourism
Revenue per Available Room,1998-02-01,1.680331806087598,outcome,tourism
Revenue per Available Room,1998-03-01,-0.7687364734611402,outcome,tourism
Revenue per Available Room,1998-04-01,0.6213323300235052,outcome,tourism
Revenue per Available Room,1998-05-01,1.316207185299789,outcome,tourism
Revenue per Available Room,1998-06-01,1.010284629239311,outcome,tourism
Revenue per Available Room,1998-07-01,0.4009085746734753,outcome,tourism
Revenue per Available Room,1998-08-01,-1.159958146519524,outcome,tourism
Revenue per Available Room,1998-09-01,-3.536723902238315,outcome,tourism
Revenue per Available Room,1998-10-01,2.472348777444644,outcome,tourism
Revenue per Available Room,1998-11-01,-3.844003065753288,outcome,tourism
Revenue per Available Room,1998-12-01,-0.6445087426995566,outcome,tourism
Revenue per Available Room,1999-01-01,-4.35641093220881,outcome,tourism
Revenue per Available Room,1999-02-01,-0.5011667463340364,outcome,tourism
Revenue per Available Room,1999-03-01,-0.528088864608911,outcome,tourism
Revenue per Available Room,1999-04-01,-1.445035583979615,outcome,tourism
Revenue per Available Room,1999-05-01,-0.3769194769926432,outcome,tourism
Revenue per Available Room,1999-06-01,1.449742268041221,outcome,tourism
Revenue per Available Room,1999-07-01,5.148543224400415,outcome,tourism
Revenue per Available Room,1999-08-01,4.723260385312966,outcome,tourism
Revenue per Available Room,1999-09-01,7.187150583129243,outcome,tourism
Revenue per Available Room,1999-10-01,8.6495118534065,outcome,tourism
Revenue per Available Room,1999-11-01,10.87659304384447,outcome,tourism
Revenue per Available Room,1999-12-01,3.724623812097261,outcome,tourism
Revenue per Available Room,2000-01-01,5.328647176479495,outcome,tourism
Revenue per Available Room,2000-02-01,11.27679873081209,outcome,tourism
Revenue per Available Room,2000-03-01,17.12885055447986,outcome,tourism
Revenue per Available Room,2000-04-01,16.22719638731658,outcome,tourism
Revenue per Available Room,2000-05-01,20.35933697698749,outcome,tourism
Revenue per Available Room,2000-06-01,22.45111236011343,outcome,tourism
Revenue per Available Room,2000-07-01,17.47113461286061,outcome,tourism
Revenue per Available Room,2000-08-01,10.8451988572668,outcome,tourism
Revenue per Available Room,2000-09-01,8.823613191868507,outcome,tourism
Revenue per Available Room,2000-10-01,7.366926541297358,outcome,tourism
Revenue per Available Room,2000-11-01,13.34198450412811,outcome,tourism
Revenue per Available Room,2000-12-01,12.87012258660858,outcome,tourism
Revenue per Available Room,2001-01-01,13.82120081385243,outcome,tourism
Revenue per Available Room,2001-02-01,8.246739088900434,outcome,tourism
Revenue per Available Room,2001-03-01,-1.283187399696206,outcome,tourism
Revenue per Available Room,2001-04-01,-0.6825035341955998,outcome,tourism
Revenue per Available Room,2001-05-01,-3.611357239653923,outcome,tourism
Revenue per Available Room,2001-06-01,-3.954027155706596,outcome,tourism
Revenue per Available Room,2001-07-01,-1.5120222163301,outcome,tourism
Revenue per Available Room,2001-08-01,4.022633257739439,outcome,tourism
Revenue per Available Room,2001-09-01,-25.17763622048853,outcome,tourism
Revenue per Available Room,2001-10-01,-25.95588329101972,outcome,tourism
Revenue per Available Room,2001-11-01,-27.31972271349014,outcome,tourism
Revenue per Available Room,2001-12-01,-18.14523518690192,outcome,tourism
Revenue per Available Room,2002-01-01,-20.22880448888372,outcome,tourism
Revenue per Available Room,2002-02-01,-17.48126701986912,outcome,tourism
Revenue per Available Room,2002-03-01,-9.488974235579995,outcome,tourism
Revenue per Available Room,2002-04-01,-10.85543620644486,outcome,tourism
Revenue per Available Room,2002-05-01,-7.460711750988547,outcome,tourism
Revenue per Available Room,2002-06-01,-2.941036832222188,outcome,tourism
Revenue per Available Room,2002-07-01,-4.537073772059729,outcome,tourism
Revenue per Available Room,2002-08-01,-2.685496881056437,outcome,tourism
Revenue per Available Room,2002-09-01,14.90492507073942,outcome,tourism
Revenue per Available Room,2002-10-01,21.97643297588241,outcome,tourism
Revenue per Available Room,2002-11-01,16.63717604399921,outcome,tourism
Revenue per Available Room,2002-12-01,19.11551107967715,outcome,tourism
Revenue per Available Room,2003-01-01,16.52328297762562,outcome,tourism
Revenue per Available Room,2003-02-01,4.77863218005119,outcome,tourism
Revenue per Available Room,2003-03-01,3.540358694737544,outcome,tourism
Revenue per Available Room,2003-04-01,5.686979115563129,outcome,tourism
Revenue per Available Room,2003-05-01,0.8334413024454257,outcome,tourism
Revenue per Available Room,2003-06-01,1.001064523915174,outcome,tourism
Revenue per Available Room,2003-07-01,8.177907756674529,outcome,tourism
Revenue per Available Room,2003-08-01,7.346371640021476,outcome,tourism
Revenue per Available Room,2003-09-01,12.16609848861465,outcome,tourism
Revenue per Available Room,2003-10-01,6.045265715551817,outcome,tourism
Revenue per Available Room,2003-11-01,8.246325891903794,outcome,tourism
Revenue per Available Room,2003-12-01,12.93225285213986,outcome,tourism
Revenue per Available Room,2004-01-01,7.732474790243948,outcome,tourism
Revenue per Available Room,2004-02-01,8.905474642629141,outcome,tourism
Revenue per Available Room,2004-03-01,12.76381225106382,outcome,tourism
Revenue per Available Room,2004-04-01,15.2379816537932,outcome,tourism
Revenue per Available Room,2004-05-01,16.64188174412682,outcome,tourism
Revenue per Available Room,2004-06-01,20.54290671596808,outcome,tourism
Revenue per Available Room,2004-07-01,17.65793328318617,outcome,tourism
Revenue per Available Room,2004-08-01,7.746415362663539,outcome,tourism
Revenue per Available Room,2004-09-01,10.52294979473154,outcome,tourism
Revenue per Available Room,2004-10-01,12.81305450721697,outcome,tourism
Revenue per Available Room,2004-11-01,10.49739137748271,outcome,tourism
Revenue per Available Room,2004-12-01,4.599792001675307,outcome,tourism
Revenue per Available Room,2005-01-01,11.94433428194195,outcome,tourism
Revenue per Available Room,2005-02-01,12.60636045677059,outcome,tourism
Revenue per Available Room,2005-03-01,15.49063330738147,outcome,tourism
Revenue per Available Room,2005-04-01,4.719587223238819,outcome,tourism
Revenue per Available Room,2005-05-01,13.63407357839799,outcome,tourism
Revenue per Available Room,2005-06-01,12.62174704655738,outcome,tourism
Revenue per Available Room,2005-07-01,12.55303213727477,outcome,tourism
Revenue per Available Room,2005-08-01,14.8627470063688,outcome,tourism
Revenue per Available Room,2005-09-01,18.45978481954149,outcome,tourism
Revenue per Available Room,2005-10-01,16.23013021488935,outcome,tourism
Revenue per Available Room,2005-11-01,21.56256963068264,outcome,tourism
Revenue per Available Room,2005-12-01,20.96781158378598,outcome,tourism
Revenue per Available Room,2006-01-01,13.76768596430391,outcome,tourism
Revenue per Available Room,2006-02-01,16.34797080891974,outcome,tourism
Revenue per Available Room,2006-03-01,7.79728120801193,outcome,tourism
Revenue per Available Room,2006-04-01,21.60129174543164,outcome,tourism
Revenue per Available Room,2006-05-01,12.76197083224031,outcome,tourism
Revenue per Available Room,2006-06-01,13.04505677387226,outcome,tourism
Revenue per Available Room,2006-07-01,12.96475823955872,outcome,tourism
Revenue per Available Room,2006-08-01,9.748014052022723,outcome,tourism
Revenue per Available Room,2006-09-01,5.659224332828128,outcome,tourism
Revenue per Available Room,2006-10-01,0.6719498449566652,outcome,tourism
Revenue per Available Room,2006-11-01,4.220355076477489,outcome,tourism
Revenue per Available Room,2006-12-01,3.850094793227266,outcome,tourism
Revenue per Available Room,2007-01-01,1.428147475770691,outcome,tourism
Revenue per Available Room,2007-02-01,-1.985901425396974,outcome,tourism
Revenue per Available Room,2007-03-01,1.512570749276998,outcome,tourism
Revenue per Available Room,2007-04-01,-2.528432993228447,outcome,tourism
Revenue per Available Room,2007-05-01,-2.181659150545812,outcome,tourism
Revenue per Available Room,2007-06-01,-0.4197705527898998,outcome,tourism
Revenue per Available Room,2007-07-01,-1.35072087228667,outcome,tourism
Revenue per Available Room,2007-08-01,1.845467838291937,outcome,tourism
Revenue per Available Room,2007-09-01,3.342016397209635,outcome,tourism
Revenue per Available Room,2007-10-01,5.785368079819886,outcome,tourism
Revenue per Available Room,2007-11-01,2.37656940662927,outcome,tourism
Revenue per Available Room,2007-12-01,4.539661156354691,outcome,tourism
Revenue per Available Room,2008-01-01,8.946082836094638,outcome,tourism
Revenue per Available Room,2008-02-01,9.399828024626087,outcome,tourism
Revenue per Available Room,2008-03-01,6.818517166124383,outcome,tourism
Revenue per Available Room,2008-04-01,-3.356594601767271,outcome,tourism
Revenue per Available Room,2008-05-01,0.6709136730799203,outcome,tourism
Revenue per Available Room,2008-06-01,-7.331651329005984,outcome,tourism
Revenue per Available Room,2008-07-01,-9.078354550090006,outcome,tourism
Revenue per Available Room,2008-08-01,-8.902020865251325,outcome,tourism
Revenue per Available Room,2008-09-01,-16.62694963880869,outcome,tourism
Revenue per Available Room,2008-10-01,-11.84334639921252,outcome,tourism
Revenue per Available Room,2008-11-01,-15.58023029759235,outcome,tourism
Revenue per Available Room,2008-12-01,-17.44289793004997,outcome,tourism
Revenue per Available Room,2009-01-01,-23.04190601188397,outcome,tourism
Revenue per Available Room,2009-02-01,-23.72074314062635,outcome,tourism
Revenue per Available Room,2009-03-01,-29.32905286710945,outcome,tourism
Revenue per Available Room,2009-04-01,-17.453165438471,outcome,tourism
Revenue per Available Room,2009-05-01,-22.31175179897388,outcome,tourism
Revenue per Available Room,2009-06-01,-25.09888951859062,outcome,tourism
Revenue per Available Room,2009-07-01,-22.22988292419306,outcome,tourism
Revenue per Available Room,2009-08-01,-21.38702914722391,outcome,tourism
Revenue per Available Room,2009-09-01,-9.24300045636144,outcome,tourism
Revenue per Available Room,2009-10-01,-8.306102079601828,outcome,tourism
Revenue per Available Room,2009-11-01,-12.08111387651347,outcome,tourism
Revenue per Available Room,2009-12-01,-5.361943423754456,outcome,tourism
Revenue per Available Room,2010-01-01,-5.713763442603891,outcome,tourism
Revenue per Available Room,2010-02-01,-2.770022086357049,outcome,tourism
Revenue per Available Room,2010-03-01,2.618913476564266,outcome,tourism
Revenue per Available Room,2010-04-01,2.013419785596771,outcome,tourism
Revenue per Available Room,2010-05-01,3.707327406577354,outcome,tourism
Revenue per Available Room,2010-06-01,14.13877227079847,outcome,tourism
Revenue per Available Room,2010-07-01,18.22575968948419,outcome,tourism
Revenue per Available Room,2010-08-01,11.26891382182498,outcome,tourism
Revenue per Available Room,2010-09-01,11.06857074971799,outcome,tourism
Revenue per Available Room,2010-10-01,6.349040089166724,outcome,tourism
Revenue per Available Room,2010-11-01,15.57568344155418,outcome,tourism
Revenue per Available Room,2010-12-01,16.0610294300134,outcome,tourism
Revenue per Available Room,2011-01-01,20.28409601772081,outcome,tourism
Revenue per Available Room,2011-02-01,18.53821730100375,outcome,tourism
Revenue per Available Room,2011-03-01,16.2326661382471,outcome,tourism
Revenue per Available Room,2011-04-01,13.94462886009298,outcome,tourism
Revenue per Available Room,2011-05-01,11.82500420932786,outcome,tourism
Revenue per Available Room,2011-06-01,8.047097541414283,outcome,tourism
Revenue per Available Room,2011-07-01,4.402541385019254,outcome,tourism
Revenue per Available Room,2011-08-01,9.392992139372437,outcome,tourism
Revenue per Available Room,2011-09-01,13.49262661830506,outcome,tourism
Revenue per Available Room,2011-10-01,9.688543425286866,outcome,tourism
Revenue per Available Room,2011-11-01,14.40103706322551,outcome,tourism
Revenue per Available Room,2011-12-01,11.98334471005023,outcome,tourism
Revenue per Available Room,2012-01-01,16.05208829938633,outcome,tourism
Revenue per Available Room,2012-02-01,9.442758474681655,outcome,tourism
Revenue per Available Room,2012-03-01,13.80193464833384,outcome,tourism
Revenue per Available Room,2012-04-01,12.20632970664188,outcome,tourism
Revenue per Available Room,2012-05-01,17.68569205895112,outcome,tourism
Revenue per Available Room,2012-06-01,17.49773369594201,outcome,tourism
Revenue per Available Room,2012-07-01,17.72885720549804,outcome,tourism
Revenue per Available Room,2012-08-01,16.47965838208145,outcome,tourism
Revenue per Available Room,2012-09-01,7.270312491495079,outcome,tourism
Revenue per Available Room,2012-10-01,11.03570222020211,outcome,tourism
Revenue per Available Room,2012-11-01,9.952348806129583,outcome,tourism
Revenue per Available Room,2012-12-01,10.55252329897978,outcome,tourism
Revenue per Available Room,2013-01-01,15.53028477810436,outcome,tourism
Revenue per Available Room,2013-02-01,17.82535593890307,outcome,tourism
Revenue per Available Room,2013-03-01,16.5171747870255,outcome,tourism
Revenue per Available Room,2013-04-01,12.42473303809164,outcome,tourism
Revenue per Available Room,2013-05-01,10.03053325047622,outcome,tourism
Revenue per Available Room,2013-06-01,12.23517566241541,outcome,tourism
Revenue per Available Room,2013-07-01,9.671828508600443,outcome,tourism
Revenue per Available Room,2013-08-01,11.84107940076478,outcome,tourism
Revenue per Available Room,2013-09-01,12.17544609466823,outcome,tourism
Revenue per Available Room,2013-10-01,8.91444519213982,outcome,tourism
Revenue per Available Room,2013-11-01,4.409863943221204,outcome,tourism
Revenue per Available Room,2013-12-01,8.827771897887482,outcome,tourism
Revenue per Available Room,2014-01-01,4.402028610889386,outcome,tourism
Revenue per Available Room,2014-02-01,2.954617429174844,outcome,tourism
Revenue per Available Room,2014-03-01,-1.198779532100924,outcome,tourism
Revenue per Available Room,2014-04-01,-0.1172855387057581,outcome,tourism
Revenue per Available Room,2014-05-01,1.16762326719495,outcome,tourism
Revenue per Available Room,2014-06-01,0.6583366471794694,outcome,tourism
Revenue per Available Room,2014-07-01,3.647207409992936,outcome,tourism
Revenue per Available Room,2014-08-01,-2.393965286651845,outcome,tourism
Revenue per Available Room,2014-09-01,4.181582055819955,outcome,tourism
Revenue per Available Room,2014-10-01,8.062522233907398,outcome,tourism
Revenue per Available Room,2014-11-01,5.833923359984761,outcome,tourism
Revenue per Available Room,2014-12-01,8.274234768504174,outcome,tourism
Revenue per Available Room,2015-01-01,-0.5598222880354942,outcome,tourism
Revenue per Available Room,2015-02-01,1.206347769112126,outcome,tourism
Revenue per Available Room,2015-03-01,6.466415316239305,outcome,tourism
Revenue per Available Room,2015-04-01,6.821875781081577,outcome,tourism
Revenue per Available Room,2015-05-01,11.54880351145597,outcome,tourism
Revenue per Available Room,2015-06-01,15.08537326920969,outcome,tourism
Revenue per Available Room,2015-07-01,5.257264220796709,outcome,tourism
Revenue per Available Room,2015-08-01,5.919019585052454,outcome,tourism
Revenue per Available Room,2015-09-01,3.245793136343056,outcome,tourism
Revenue per Available Room,2015-10-01,4.355258956633312,outcome,tourism
Revenue per Available Room,2015-11-01,8.065503164147758,outcome,tourism
Revenue per Available Room,2015-12-01,8.795937664020936,outcome,tourism
Revenue per Available Room,2016-01-01,4.938556867702859,outcome,tourism
Revenue per Available Room,2016-02-01,3.542414888719758,outcome,tourism
Revenue per Available Room,2016-03-01,2.510222301201392,outcome,tourism
Revenue per Available Room,2016-04-01,4.427161707563054,outcome,tourism
Revenue per Available Room,2016-05-01,1.373212451989558,outcome,tourism
Revenue per Available Room,2016-06-01,1.070719660349995,outcome,tourism
Revenue per Available Room,2016-07-01,6.886726952055944,outcome,tourism
Revenue per Available Room,2016-08-01,5.003015904149954,outcome,tourism
Revenue per Available Room,2016-09-01,11.03031283644527,outcome,tourism
Revenue per Available Room,2016-10-01,4.953581576758759,outcome,tourism
Revenue per Available Room,2016-11-01,4.706509656613789,outcome,tourism
Revenue per Available Room,2016-12-01,7.349908592472909,outcome,tourism
Revenue per Available Room,2017-01-01,10.89601368010873,outcome,tourism
Revenue per Available Room,2017-02-01,4.392910871620126,outcome,tourism
Revenue per Available Room,2017-03-01,4.020509334308242,outcome,tourism
Revenue per Available Room,2017-04-01,8.937423402856105,outcome,tourism
Revenue per Available Room,2017-05-01,8.451364972978915,outcome,tourism
Revenue per Available Room,2017-06-01,7.056169430981973,outcome,tourism
Revenue per Available Room,2017-07-01,5.673570033464137,outcome,tourism
Revenue per Available Room,2017-08-01,2.812140782604367,outcome,tourism
Revenue per Available Room,2017-09-01,-1.925600768888869,outcome,tourism
Revenue per Available Room,2017-10-01,3.912201306772523,outcome,tourism
Revenue per Available Room,2017-11-01,5.540582686539519,outcome,tourism
Revenue per Available Room,2017-12-01,3.072298813570273,outcome,tourism
Revenue per Available Room,2018-01-01,5.417273833488068,outcome,tourism
Revenue per Available Room,2018-02-01,10.5375030535565,outcome,tourism
Revenue per Available Room,2018-03-01,11.46591975377156,outcome,tourism
Revenue per Available Room,2018-04-01,7.943240685540509,outcome,tourism
Revenue per Available Room,2018-05-01,8.137113847614108,outcome,tourism
Revenue per Available Room,2018-06-01,4.666813243096546,outcome,tourism
Revenue per Available Room,2018-07-01,3.624230474045764,outcome,tourism
Revenue per Available Room,2018-08-01,0.7179325744210985,outcome,tourism
Revenue per Available Room,2018-09-01,2.59634611094044,outcome,tourism
Revenue per Available Room,2018-10-01,0.2888895836095751,outcome,tourism
Revenue per Available Room,2018-11-01,-0.1589170253252226,outcome,tourism
Revenue per Available Room,2018-12-01,0.2555358508475214,outcome,tourism
Revenue per Available Room,2019-01-01,-1.524383408925667,outcome,tourism
Revenue per Available Room,2019-02-01,-3.903675752103297,outcome,tourism
Revenue per Available Room,2019-03-01,-3.769366909050764,outcome,tourism
Revenue per Available Room,2019-04-01,-0.6405689934359637,outcome,tourism
Revenue per Available Room,2019-05-01,-0.401706957670056,outcome,tourism
Revenue per Available Room,2019-06-01,3.872779605436594,outcome,tourism
Revenue per Available Room,2019-07-01,4.801890871215964,outcome,tourism
Revenue per Available Room,2019-08-01,10.8000098203086,outcome,tourism
Revenue per Available Room,2019-09-01,3.919007356003235,outcome,tourism
Revenue per Available Room,2019-10-01,5.28584931917373,outcome,tourism
Revenue per Available Room,2019-11-01,7.716941507266006,outcome,tourism
Revenue per Available Room,2019-12-01,12.07670357925119,outcome,tourism
Revenue per Available Room,2020-01-01,11.24422410330805,outcome,tourism
Revenue per Available Room,2020-02-01,8.589389707578277,outcome,tourism
Revenue per Available Room,2020-03-01,-45.03550973431809,outcome,tourism
Revenue per Available Room,2020-04-01,-94.56918472470969,outcome,tourism
Revenue per Available Room,2020-05-01,-91.14556568617806,outcome,tourism
Revenue per Available Room,2020-06-01,-89.28591385793068,outcome,tourism
Revenue per Available Room,2020-07-01,-85.97972877447285,outcome,tourism
Revenue per Available Room,2020-08-01,-85.95954311968738,outcome,tourism
Revenue per Available Room,2020-09-01,-84.91312125121274,outcome,tourism
Revenue per Available Room,2020-10-01,-82.8923409539663,outcome,tourism
Revenue per Available Room,2020-11-01,-75.21974240025891,outcome,tourism
Revenue per Available Room,2020-12-01,-75.48766169201052,outcome,tourism
Visitor Arrivals,1991-01-01,-5.562146031940518,outcome,tourism
Visitor Arrivals,1991-02-01,-22.71751220229689,outcome,tourism
Visitor Arrivals,1991-03-01,-13.91888075470618,outcome,tourism
Visitor Arrivals,1991-04-01,-1.876615744290178,outcome,tourism
Visitor Arrivals,1991-05-01,-0.0491107751650954,outcome,tourism
Visitor Arrivals,1991-06-01,-1.072625587287468,outcome,tourism
Visitor Arrivals,1991-07-01,0.977785731502423,outcome,tourism
Visitor Arrivals,1991-08-01,0.0680043294135623,outcome,tourism
Visitor Arrivals,1991-09-01,8.240233734436476,outcome,tourism
Visitor Arrivals,1991-10-01,-0.5088794248391038,outcome,tourism
Visitor Arrivals,1991-11-01,-1.360584095772477,outcome,tourism
Visitor Arrivals,1991-12-01,0.8125877859907593,outcome,tourism
Visitor Arrivals,1992-01-01,2.142066006510213,outcome,tourism
Visitor Arrivals,1992-02-01,30.50052641219847,outcome,tourism
Visitor Arrivals,1992-03-01,9.25030182146802,outcome,tourism
Visitor Arrivals,1992-04-01,-4.263083338861806,outcome,tourism
Visitor Arrivals,1992-05-01,-1.064984194902796,outcome,tourism
Visitor Arrivals,1992-06-01,-3.654769213362397,outcome,tourism
Visitor Arrivals,1992-07-01,-9.559638688035744,outcome,tourism
Visitor Arrivals,1992-08-01,-9.179837823231274,outcome,tourism
Visitor Arrivals,1992-09-01,-4.531838793117737,outcome,tourism
Visitor Arrivals,1992-10-01,-0.1812776148229833,outcome,tourism
Visitor Arrivals,1992-11-01,0.0306911304391865,outcome,tourism
Visitor Arrivals,1992-12-01,-4.32226680298482,outcome,tourism
Visitor Arrivals,1993-01-01,-3.116176491001976,outcome,tourism
Visitor Arrivals,1993-02-01,-9.795857328607882,outcome,tourism
Visitor Arrivals,1993-03-01,-0.7561651690826787,outcome,tourism
Visitor Arrivals,1993-04-01,-5.72285373040673,outcome,tourism
Visitor Arrivals,1993-05-01,-6.022044237851465,outcome,tourism
Visitor Arrivals,1993-06-01,-11.3887309809152,outcome,tourism
Visitor Arrivals,1993-07-01,-5.035096196250322,outcome,tourism
Visitor Arrivals,1993-08-01,-4.593883543070443,outcome,tourism
Visitor Arrivals,1993-09-01,-10.3468347643029,outcome,tourism
Visitor Arrivals,1993-10-01,-4.63598937019073,outcome,tourism
Visitor Arrivals,1993-11-01,-7.368041525382085,outcome,tourism
Visitor Arrivals,1993-12-01,-5.452911255385229,outcome,tourism
Visitor Arrivals,1994-01-01,-6.443979738749195,outcome,tourism
Visitor Arrivals,1994-02-01,6.967505649970418,outcome,tourism
Visitor Arrivals,1994-03-01,5.410420226358736,outcome,tourism
Visitor Arrivals,1994-04-01,5.476351554569603,outcome,tourism
Visitor Arrivals,1994-05-01,-0.5736351883284807,outcome,tourism
Visitor Arrivals,1994-06-01,7.461663123077145,outcome,tourism
Visitor Arrivals,1994-07-01,5.13503868917593,outcome,tourism
Visitor Arrivals,1994-08-01,7.912327707954248,outcome,tourism
Visitor Arrivals,1994-09-01,6.391221526109159,outcome,tourism
Visitor Arrivals,1994-10-01,1.854505197708156,outcome,tourism
Visitor Arrivals,1994-11-01,8.8978506810389,outcome,tourism
Visitor Arrivals,1994-12-01,8.59380295305401,outcome,tourism
Visitor Arrivals,1995-01-01,6.919151852058092,outcome,tourism
Visitor Arrivals,1995-02-01,-4.569387920802059,outcome,tourism
Visitor Arrivals,1995-03-01,-0.7752103878618133,outcome,tourism
Visitor Arrivals,1995-04-01,-1.715018083734154,outcome,tourism
Visitor Arrivals,1995-05-01,5.642807065958011,outcome,tourism
Visitor Arrivals,1995-06-01,5.019149478502305,outcome,tourism
Visitor Arrivals,1995-07-01,7.028296975146153,outcome,tourism
Visitor Arrivals,1995-08-01,3.815437399116117,outcome,tourism
Visitor Arrivals,1995-09-01,4.757658055244818,outcome,tourism
Visitor Arrivals,1995-10-01,4.826108784789596,outcome,tourism
Visitor Arrivals,1995-11-01,1.230203803209662,outcome,tourism
Visitor Arrivals,1995-12-01,3.12737285104876,outcome,tourism
Visitor Arrivals,1996-01-01,4.145582300331419,outcome,tourism
Visitor Arrivals,1996-02-01,14.33875242306481,outcome,tourism
Visitor Arrivals,1996-03-01,4.273608088184955,outcome,tourism
Visitor Arrivals,1996-04-01,3.275473572003285,outcome,tourism
Visitor Arrivals,1996-05-01,3.858906129386508,outcome,tourism
Visitor Arrivals,1996-06-01,5.934571728489013,outcome,tourism
Visitor Arrivals,1996-07-01,0.639109929685544,outcome,tourism
Visitor Arrivals,1996-08-01,1.433069604564907,outcome,tourism
Visitor Arrivals,1996-09-01,1.576344632730997,outcome,tourism
Visitor Arrivals,1996-10-01,-1.679039515064407,outcome,tourism
Visitor Arrivals,1996-11-01,-1.389754019249045,outcome,tourism
Visitor Arrivals,1996-12-01,-2.843881335463994,outcome,tourism
Visitor Arrivals,1997-01-01,-1.380814097202465,outcome,tourism
Visitor Arrivals,1997-02-01,-4.89232143653251,outcome,tourism
Visitor Arrivals,1997-03-01,0.3111789848805557,outcome,tourism
Visitor Arrivals,1997-04-01,6.176113655933668,outcome,tourism
Visitor Arrivals,1997-05-01,-1.449182209278377,outcome,tourism
Visitor Arrivals,1997-06-01,-4.71724199520901,outcome,tourism
Visitor Arrivals,1997-07-01,-0.6245675354644153,outcome,tourism
Visitor Arrivals,1997-08-01,-0.8750814884429969,outcome,tourism
Visitor Arrivals,1997-09-01,4.82335659690567,outcome,tourism
Visitor Arrivals,1997-10-01,4.821903583741638,outcome,tourism
Visitor Arrivals,1997-11-01,3.662444052073854,outcome,tourism
Visitor Arrivals,1997-12-01,2.280795247697198,outcome,tourism
Visitor Arrivals,1998-01-01,2.28027778910842,outcome,tourism
Visitor Arrivals,1998-02-01,-1.247529193302566,outcome,tourism
Visitor Arrivals,1998-03-01,-3.044016390062387,outcome,tourism
Visitor Arrivals,1998-04-01,-1.40766312563998,outcome,tourism
Visitor Arrivals,1998-05-01,-0.5070210288793731,outcome,tourism
Visitor Arrivals,1998-06-01,-2.379304191495302,outcome,tourism
Visitor Arrivals,1998-07-01,-1.915198805927909,outcome,tourism
Visitor Arrivals,1998-08-01,-3.679332463321705,outcome,tourism
Visitor Arrivals,1998-09-01,-6.44643494016619,outcome,tourism
Visitor Arrivals,1998-10-01,-4.22175578951337,outcome,tourism
Visitor Arrivals,1998-11-01,-3.159904673123726,outcome,tourism
Visitor Arrivals,1998-12-01,-2.616494059232977,outcome,tourism
Visitor Arrivals,1999-01-01,-1.800693674157539,outcome,tourism
Visitor Arrivals,1999-02-01,2.103950846025615,outcome,tourism
Visitor Arrivals,1999-03-01,1.031768438745528,outcome,tourism
Visitor Arrivals,1999-04-01,-1.378609163355082,outcome,tourism
Visitor Arrivals,1999-05-01,-0.4617014516962503,outcome,tourism
Visitor Arrivals,1999-06-01,2.638951388967681,outcome,tourism
Visitor Arrivals,1999-07-01,4.24583860747918,outcome,tourism
Visitor Arrivals,1999-08-01,4.626207456999842,outcome,tourism
Visitor Arrivals,1999-09-01,4.441317870454231,outcome,tourism
Visitor Arrivals,1999-10-01,7.58745294293075,outcome,tourism
Visitor Arrivals,1999-11-01,6.676790237802765,outcome,tourism
Visitor Arrivals,1999-12-01,-3.501606612731356,outcome,tourism
Visitor Arrivals,2000-01-01,-2.908171637944201,outcome,tourism
Visitor Arrivals,2000-02-01,3.962576868127154,outcome,tourism
Visitor Arrivals,2000-03-01,6.499415498188532,outcome,tourism
Visitor Arrivals,2000-04-01,5.536070844120267,outcome,tourism
Visitor Arrivals,2000-05-01,7.123971436492416,outcome,tourism
Visitor Arrivals,2000-06-01,6.914609921474035,outcome,tourism
Visitor Arrivals,2000-07-01,1.412431708194339,outcome,tourism
Visitor Arrivals,2000-08-01,-0.1334916194190128,outcome,tourism
Visitor Arrivals,2000-09-01,1.605790432531995,outcome,tourism
Visitor Arrivals,2000-10-01,0.0248617495805403,outcome,tourism
Visitor Arrivals,2000-11-01,-0.7336395215860048,outcome,tourism
Visitor Arrivals,2000-12-01,7.40420472704979,outcome,tourism
Visitor Arrivals,2001-01-01,6.978751872334499,outcome,tourism
Visitor Arrivals,2001-02-01,-4.030055230549568,outcome,tourism
Visitor Arrivals,2001-03-01,-1.957370288276628,outcome,tourism
Visitor Arrivals,2001-04-01,-2.357840083562435,outcome,tourism
Visitor Arrivals,2001-05-01,-5.132198643160768,outcome,tourism
Visitor Arrivals,2001-06-01,-4.560466957907472,outcome,tourism
Visitor Arrivals,2001-07-01,-2.637317529330596,outcome,tourism
Visitor Arrivals,2001-08-01,1.493723178567286,outcome,tourism
Visitor Arrivals,2001-09-01,-32.11260084380412,outcome,tourism
Visitor Arrivals,2001-10-01,-29.79367111357416,outcome,tourism
Visitor Arrivals,2001-11-01,-26.52529921983906,outcome,tourism
Visitor Arrivals,2001-12-01,-16.3288712590307,outcome,tourism
Visitor Arrivals,2002-01-01,-16.06181569250244,outcome,tourism
Visitor Arrivals,2002-02-01,-8.04300078874406,outcome,tourism
Visitor Arrivals,2002-03-01,-9.756207549320784,outcome,tourism
Visitor Arrivals,2002-04-01,-9.440852523947928,outcome,tourism
Visitor Arrivals,2002-05-01,-2.925241201437456,outcome,tourism
Visitor Arrivals,2002-06-01,-0.9086286746829764,outcome,tourism
Visitor Arrivals,2002-07-01,-5.289190342390859,outcome,tourism
Visitor Arrivals,2002-08-01,-4.770926965302213,outcome,tourism
Visitor Arrivals,2002-09-01,30.16131711873009,outcome,tourism
Visitor Arrivals,2002-10-01,31.35068080887156,outcome,tourism
Visitor Arrivals,2002-11-01,26.43281906218476,outcome,tourism
Visitor Arrivals,2002-12-01,15.28767999722598,outcome,tourism
Visitor Arrivals,2003-01-01,11.74718154184673,outcome,tourism
Visitor Arrivals,2003-02-01,0.5073849879098313,outcome,tourism
Visitor Arrivals,2003-03-01,-0.8974814015424104,outcome,tourism
Visitor Arrivals,2003-04-01,-2.983634348907205,outcome,tourism
Visitor Arrivals,2003-05-01,-7.488167445562121,outcome,tourism
Visitor Arrivals,2003-06-01,-7.608653597156712,outcome,tourism
Visitor Arrivals,2003-07-01,0.3513401855108178,outcome,tourism
Visitor Arrivals,2003-08-01,1.492872359551001,outcome,tourism
Visitor Arrivals,2003-09-01,2.712264724930513,outcome,tourism
Visitor Arrivals,2003-10-01,-0.3749719127072337,outcome,tourism
Visitor Arrivals,2003-11-01,1.565593404197729,outcome,tourism
Visitor Arrivals,2003-12-01,2.444381889983505,outcome,tourism
Visitor Arrivals,2004-01-01,0.1692178166633473,outcome,tourism
Visitor Arrivals,2004-02-01,7.983270788494723,outcome,tourism
Visitor Arrivals,2004-03-01,7.065338931225584,outcome,tourism
Visitor Arrivals,2004-04-01,13.72206589458198,outcome,tourism
Visitor Arrivals,2004-05-01,15.71317758438826,outcome,tourism
Visitor Arrivals,2004-06-01,12.26499358420212,outcome,tourism
Visitor Arrivals,2004-07-01,10.41417237101241,outcome,tourism
Visitor Arrivals,2004-08-01,3.437222310497168,outcome,tourism
Visitor Arrivals,2004-09-01,10.21212339476347,outcome,tourism
Visitor Arrivals,2004-10-01,10.35079960663401,outcome,tourism
Visitor Arrivals,2004-11-01,5.391510092157215,outcome,tourism
Visitor Arrivals,2004-12-01,5.175738078806558,outcome,tourism
Visitor Arrivals,2005-01-01,11.17714454721539,outcome,tourism
Visitor Arrivals,2005-02-01,6.827443790013832,outcome,tourism
Visitor Arrivals,2005-03-01,10.95948538294929,outcome,tourism
Visitor Arrivals,2005-04-01,3.631902308073376,outcome,tourism
Visitor Arrivals,2005-05-01,5.25303615786008,outcome,tourism
Visitor Arrivals,2005-06-01,7.255001689963736,outcome,tourism
Visitor Arrivals,2005-07-01,8.020760708113217,outcome,tourism
Visitor Arrivals,2005-08-01,8.034493344905268,outcome,tourism
Visitor Arrivals,2005-09-01,7.24485310672609,outcome,tourism
Visitor Arrivals,2005-10-01,5.902564658347798,outcome,tourism
Visitor Arrivals,2005-11-01,6.354347675797589,outcome,tourism
Visitor Arrivals,2005-12-01,5.911247618623894,outcome,tourism
Visitor Arrivals,2006-01-01,4.811157355155959,outcome,tourism
Visitor Arrivals,2006-02-01,2.334741225555192,outcome,tourism
Visitor Arrivals,2006-03-01,0.1403954578198752,outcome,tourism
Visitor Arrivals,2006-04-01,5.721346539842154,outcome,tourism
Visitor Arrivals,2006-05-01,1.002036466409284,outcome,tourism
Visitor Arrivals,2006-06-01,2.47316719568611,outcome,tourism
Visitor Arrivals,2006-07-01,-0.6755032933864147,outcome,tourism
Visitor Arrivals,2006-08-01,0.1608238080834212,outcome,tourism
Visitor Arrivals,2006-09-01,0.9039912413623784,outcome,tourism
Visitor Arrivals,2006-10-01,-2.486288999066355,outcome,tourism
Visitor Arrivals,2006-11-01,2.858340341849042,outcome,tourism
Visitor Arrivals,2006-12-01,2.74174299127985,outcome,tourism
Visitor Arrivals,2007-01-01,-4.620531710128962,outcome,tourism
Visitor Arrivals,2007-02-01,-1.878797153402578,outcome,tourism
Visitor Arrivals,2007-03-01,4.110029532286386,outcome,tourism
Visitor Arrivals,2007-04-01,-1.55428946423416,outcome,tourism
Visitor Arrivals,2007-05-01,0.2877952353288471,outcome,tourism
Visitor Arrivals,2007-06-01,-0.3558176829783544,outcome,tourism
Visitor Arrivals,2007-07-01,-2.253988260949014,outcome,tourism
Visitor Arrivals,2007-08-01,5.233296209100602,outcome,tourism
Visitor Arrivals,2007-09-01,-0.3926171257286226,outcome,tourism
Visitor Arrivals,2007-10-01,-0.728143803247816,outcome,tourism
Visitor Arrivals,2007-11-01,-0.7509611437269359,outcome,tourism
Visitor Arrivals,2007-12-01,-2.094323937936493,outcome,tourism
Visitor Arrivals,2008-01-01,1.246948526709835,outcome,tourism
Visitor Arrivals,2008-02-01,3.002176970737613,outcome,tourism
Visitor Arrivals,2008-03-01,-6.082686830440542,outcome,tourism
Visitor Arrivals,2008-04-01,-6.811880830654959,outcome,tourism
Visitor Arrivals,2008-05-01,-6.80672049307165,outcome,tourism
Visitor Arrivals,2008-06-01,-13.23409256319059,outcome,tourism
Visitor Arrivals,2008-07-01,-13.39330699421756,outcome,tourism
Visitor Arrivals,2008-08-01,-16.89712351865271,outcome,tourism
Visitor Arrivals,2008-09-01,-19.06959767142196,outcome,tourism
Visitor Arrivals,2008-10-01,-12.85413523995804,outcome,tourism
Visitor Arrivals,2008-11-01,-15.48985676614889,outcome,tourism
Visitor Arrivals,2008-12-01,-16.85900324730294,outcome,tourism
Visitor Arrivals,2009-01-01,-12.98393744155487,outcome,tourism
Visitor Arrivals,2009-02-01,-13.66611359196844,outcome,tourism
Visitor Arrivals,2009-03-01,-14.37666613127794,outcome,tourism
Visitor Arrivals,2009-04-01,-5.607629423935312,outcome,tourism
Visitor Arrivals,2009-05-01,-6.742732832449249,outcome,tourism
Visitor Arrivals,2009-06-01,-5.004057134176887,outcome,tourism
Visitor Arrivals,2009-07-01,1.238303773556049,outcome,tourism
Visitor Arrivals,2009-08-01,0.7393279041932876,outcome,tourism
Visitor Arrivals,2009-09-01,7.281628239529692,outcome,tourism
Visitor Arrivals,2009-10-01,-0.4205937915913172,outcome,tourism
Visitor Arrivals,2009-11-01,-1.616194191503662,outcome,tourism
Visitor Arrivals,2009-12-01,3.320304464339241,outcome,tourism
Visitor Arrivals,2010-01-01,1.58548805361618,outcome,tourism
Visitor Arrivals,2010-02-01,1.002928379945422,outcome,tourism
Visitor Arrivals,2010-03-01,8.176322925189972,outcome,tourism
Visitor Arrivals,2010-04-01,4.198462363799682,outcome,tourism
Visitor Arrivals,2010-05-01,6.532595396757124,outcome,tourism
Visitor Arrivals,2010-06-01,10.50227507059129,outcome,tourism
Visitor Arrivals,2010-07-01,9.740526995515332,outcome,tourism
Visitor Arrivals,2010-08-01,7.109960158616824,outcome,tourism
Visitor Arrivals,2010-09-01,8.562459548074774,outcome,tourism
Visitor Arrivals,2010-10-01,13.82959439814357,outcome,tourism
Visitor Arrivals,2010-11-01,12.21347049002142,outcome,tourism
Visitor Arrivals,2010-12-01,9.117919211185852,outcome,tourism
Visitor Arrivals,2011-01-01,11.69493113818021,outcome,tourism
Visitor Arrivals,2011-02-01,12.22061483455725,outcome,tourism
Visitor Arrivals,2011-03-01,3.869478696697737,outcome,tourism
Visitor Arrivals,2011-04-01,3.888459590458959,outcome,tourism
Visitor Arrivals,2011-05-01,0.1494939147133723,outcome,tourism
Visitor Arrivals,2011-06-01,-0.3831661789427288,outcome,tourism
Visitor Arrivals,2011-07-01,-1.553183813603776,outcome,tourism
Visitor Arrivals,2011-08-01,1.486155182624982,outcome,tourism
Visitor Arrivals,2011-09-01,4.867962495124267,outcome,tourism
Visitor Arrivals,2011-10-01,0.870813048267749,outcome,tourism
Visitor Arrivals,2011-11-01,3.684891161001524,outcome,tourism
Visitor Arrivals,2011-12-01,7.074491474627176,outcome,tourism
Visitor Arrivals,2012-01-01,7.413127924221863,outcome,tourism
Visitor Arrivals,2012-02-01,5.441716732748469,outcome,tourism
Visitor Arrivals,2012-03-01,11.74794265175816,outcome,tourism
Visitor Arrivals,2012-04-01,8.7492112993802,outcome,tourism
Visitor Arrivals,2012-05-01,11.90098546192722,outcome,tourism
Visitor Arrivals,2012-06-01,11.47685372350775,outcome,tourism
Visitor Arrivals,2012-07-01,8.836611027580531,outcome,tourism
Visitor Arrivals,2012-08-01,12.53864880920106,outcome,tourism
Visitor Arrivals,2012-09-01,6.769893254275461,outcome,tourism
Visitor Arrivals,2012-10-01,9.08612877645847,outcome,tourism
Visitor Arrivals,2012-11-01,13.49100692968999,outcome,tourism
Visitor Arrivals,2012-12-01,8.07834602344155,outcome,tourism
Visitor Arrivals,2013-01-01,2.556309627141884,outcome,tourism
Visitor Arrivals,2013-02-01,5.065691323917054,outcome,tourism
Visitor Arrivals,2013-03-01,5.849962960464539,outcome,tourism
Visitor Arrivals,2013-04-01,2.334771625709586,outcome,tourism
Visitor Arrivals,2013-05-01,2.664049501577859,outcome,tourism
Visitor Arrivals,2013-06-01,4.167179848324287,outcome,tourism
Visitor Arrivals,2013-07-01,3.854035098974395,outcome,tourism
Visitor Arrivals,2013-08-01,2.054126469487905,outcome,tourism
Visitor Arrivals,2013-09-01,-0.1517029930037661,outcome,tourism
Visitor Arrivals,2013-10-01,-0.3285042809545224,outcome,tourism
Visitor Arrivals,2013-11-01,-4.034096689438083,outcome,tourism
Visitor Arrivals,2013-12-01,-3.382017634894197,outcome,tourism
Visitor Arrivals,2014-01-01,3.317510488162601,outcome,tourism
Visitor Arrivals,2014-02-01,-0.1631586770925897,outcome,tourism
Visitor Arrivals,2014-03-01,-1.884197842673652,outcome,tourism
Visitor Arrivals,2014-04-01,2.162653358292221,outcome,tourism
Visitor Arrivals,2014-05-01,1.187240442069504,outcome,tourism
Visitor Arrivals,2014-06-01,1.177453514018278,outcome,tourism
Visitor Arrivals,2014-07-01,2.578889590843558,outcome,tourism
Visitor Arrivals,2014-08-01,0.4406005694472803,outcome,tourism
Visitor Arrivals,2014-09-01,4.666762314132367,outcome,tourism
Visitor Arrivals,2014-10-01,5.84619107125024,outcome,tourism
Visitor Arrivals,2014-11-01,3.49830293410287,outcome,tourism
Visitor Arrivals,2014-12-01,6.864541576368977,outcome,tourism
Visitor Arrivals,2015-01-01,0.8598175644510153,outcome,tourism
Visitor Arrivals,2015-02-01,3.207720718475437,outcome,tourism
Visitor Arrivals,2015-03-01,6.277548350543238,outcome,tourism
Visitor Arrivals,2015-04-01,3.528085068501929,outcome,tourism
Visitor Arrivals,2015-05-01,8.363095874335569,outcome,tourism
Visitor Arrivals,2015-06-01,6.687687768378625,outcome,tourism
Visitor Arrivals,2015-07-01,5.19499038562361,outcome,tourism
Visitor Arrivals,2015-08-01,3.853293247854661,outcome,tourism
Visitor Arrivals,2015-09-01,2.426649704596517,outcome,tourism
Visitor Arrivals,2015-10-01,3.284831561132662,outcome,tourism
Visitor Arrivals,2015-11-01,4.539585655923495,outcome,tourism
Visitor Arrivals,2015-12-01,4.788051656620151,outcome,tourism
Visitor Arrivals,2016-01-01,5.387363701665948,outcome,tourism
Visitor Arrivals,2016-02-01,5.156712444980527,outcome,tourism
Visitor Arrivals,2016-03-01,0.9883085880984854,outcome,tourism
Visitor Arrivals,2016-04-01,1.05474783161128,outcome,tourism
Visitor Arrivals,2016-05-01,0.5620926763337808,outcome,tourism
Visitor Arrivals,2016-06-01,2.262105967944716,outcome,tourism
Visitor Arrivals,2016-07-01,1.8287929580455,outcome,tourism
Visitor Arrivals,2016-08-01,3.161656452939243,outcome,tourism
Visitor Arrivals,2016-09-01,5.777690832664262,outcome,tourism
Visitor Arrivals,2016-10-01,3.91710983141127,outcome,tourism
Visitor Arrivals,2016-11-01,4.075849606662274,outcome,tourism
Visitor Arrivals,2016-12-01,3.234814186936785,outcome,tourism
Visitor Arrivals,2017-01-01,4.320234405480039,outcome,tourism
Visitor Arrivals,2017-02-01,1.5333820416912,outcome,tourism
Visitor Arrivals,2017-03-01,2.575479967502869,outcome,tourism
Visitor Arrivals,2017-04-01,8.858503307992581,outcome,tourism
Visitor Arrivals,2017-05-01,4.290659595325286,outcome,tourism
Visitor Arrivals,2017-06-01,4.28732606446629,outcome,tourism
Visitor Arrivals,2017-07-01,6.862865058669398,outcome,tourism
Visitor Arrivals,2017-08-01,5.973518408448508,outcome,tourism
Visitor Arrivals,2017-09-01,5.53034628552842,outcome,tourism
Visitor Arrivals,2017-10-01,4.316083016390393,outcome,tourism
Visitor Arrivals,2017-11-01,7.601877619014141,outcome,tourism
Visitor Arrivals,2017-12-01,6.028087691374195,outcome,tourism
Visitor Arrivals,2018-01-01,5.88951861139142,outcome,tourism
Visitor Arrivals,2018-02-01,9.756994862094182,outcome,tourism
Visitor Arrivals,2018-03-01,10.34971513195431,outcome,tourism
Visitor Arrivals,2018-04-01,4.0296540218832,outcome,tourism
Visitor Arrivals,2018-05-01,6.142503637991048,outcome,tourism
Visitor Arrivals,2018-06-01,6.154170130158043,outcome,tourism
Visitor Arrivals,2018-07-01,4.391491823104965,outcome,tourism
Visitor Arrivals,2018-08-01,3.876240887244631,outcome,tourism
Visitor Arrivals,2018-09-01,2.876056752488099,outcome,tourism
Visitor Arrivals,2018-10-01,3.708878133628146,outcome,tourism
Visitor Arrivals,2018-11-01,3.797915261983187,outcome,tourism
Visitor Arrivals,2018-12-01,1.928775108634051,outcome,tourism
Visitor Arrivals,2019-01-01,3.347722792600116,outcome,tourism
Visitor Arrivals,2019-02-01,0.3773178501315089,outcome,tourism
Visitor Arrivals,2019-03-01,3.437436483307565,outcome,tourism
Visitor Arrivals,2019-04-01,4.861536598110638,outcome,tourism
Visitor Arrivals,2019-05-01,5.503671450817849,outcome,tourism
Visitor Arrivals,2019-06-01,6.065626098323174,outcome,tourism
Visitor Arrivals,2019-07-01,6.183868225906242,outcome,tourism
Visitor Arrivals,2019-08-01,10.38571513465427,outcome,tourism
Visitor Arrivals,2019-09-01,2.11961315989786,outcome,tourism
Visitor Arrivals,2019-10-01,5.140631175992305,outcome,tourism
Visitor Arrivals,2019-11-01,3.662176853056454,outcome,tourism
Visitor Arrivals,2019-12-01,6.638968349219154,outcome,tourism
Visitor Arrivals,2020-01-01,5.49217295321669,outcome,tourism
Visitor Arrivals,2020-02-01,5.626298341574132,outcome,tourism
Visitor Arrivals,2020-03-01,-53.3636265271061,outcome,tourism
Visitor Arrivals,2020-04-01,-99.40177950737925,outcome,tourism
Visitor Arrivals,2020-05-01,-98.80698751825368,outcome,tourism
Visitor Arrivals,2020-06-01,-98.12745894034607,outcome,tourism
Visitor Arrivals,2020-07-01,-97.73690358655212,outcome,tourism
Visitor Arrivals,2020-08-01,-97.45941135815362,outcome,tourism
Visitor Arrivals,2020-09-01,-97.42893261294174,outcome,tourism
Visitor Arrivals,2020-10-01,-90.0729379043949,outcome,tourism
Visitor Arrivals,2020-11-01,-76.74791178341272,outcome,tourism
Visitor Arrivals,2020-12-01,-74.8300761508602,outcome,tourism
Visitor Days,1991-01-01,-7.118643009229353,outcome,tourism
Visitor Days,1991-02-01,-23.00346783839634,outcome,tourism
Visitor Days,1991-03-01,-9.632595965665702,outcome,tourism
Visitor Days,1991-04-01,-6.091600917809226,outcome,tourism
Visitor Days,1991-05-01,-2.013216073307122,outcome,tourism
Visitor Days,1991-06-01,-3.003448325447811,outcome,tourism
Visitor Days,1991-07-01,-0.5423953364236955,outcome,tourism
Visitor Days,1991-08-01,-1.187027285764575,outcome,tourism
Visitor Days,1991-09-01,4.792415916542181,outcome,tourism
Visitor Days,1991-10-01,-3.033027652902853,outcome,tourism
Visitor Days,1991-11-01,-4.060849962991753,outcome,tourism
Visitor Days,1991-12-01,-0.3662422956330791,outcome,tourism
Visitor Days,1992-01-01,5.929072030741334,outcome,tourism
Visitor Days,1992-02-01,31.86834718580622,outcome,tourism
Visitor Days,1992-03-01,5.780137009605757,outcome,tourism
Visitor Days,1992-04-01,4.066338975223815,outcome,tourism
Visitor Days,1992-05-01,2.292775407560077,outcome,tourism
Visitor Days,1992-06-01,0.4733203438172184,outcome,tourism
Visitor Days,1992-07-01,-4.640193663211834,outcome,tourism
Visitor Days,1992-08-01,-4.149301352783407,outcome,tourism
Visitor Days,1992-09-01,0.0119362039282533,outcome,tourism
Visitor Days,1992-10-01,6.140167106671335,outcome,tourism
Visitor Days,1992-11-01,6.478041885750851,outcome,tourism
Visitor Days,1992-12-01,0.0613115844179335,outcome,tourism
Visitor Days,1993-01-01,-0.4885856534412536,outcome,tourism
Visitor Days,1993-02-01,-6.019117593464318,outcome,tourism
Visitor Days,1993-03-01,0.7643659941757752,outcome,tourism
Visitor Days,1993-04-01,-3.165872275791548,outcome,tourism
Visitor Days,1993-05-01,-2.30176928418494,outcome,tourism
Visitor Days,1993-06-01,-7.580239567177538,outcome,tourism
Visitor Days,1993-07-01,-1.693394770197787,outcome,tourism
Visitor Days,1993-08-01,-1.989540963936609,outcome,tourism
Visitor Days,1993-09-01,-6.913116175105182,outcome,tourism
Visitor Days,1993-10-01,-2.767754523463184,outcome,tourism
Visitor Days,1993-11-01,-5.742712013994977,outcome,tourism
Visitor Days,1993-12-01,-2.387584097782125,outcome,tourism
Visitor Days,1994-01-01,-4.714917419355391,outcome,tourism
Visitor Days,1994-02-01,7.317747267312624,outcome,tourism
Visitor Days,1994-03-01,7.895886771980809,outcome,tourism
Visitor Days,1994-04-01,4.777762930496121,outcome,tourism
Visitor Days,1994-05-01,1.333051292257448,outcome,tourism
Visitor Days,1994-06-01,9.524792671642368,outcome,tourism
Visitor Days,1994-07-01,6.685091373230434,outcome,tourism
Visitor Days,1994-08-01,9.164325959552189,outcome,tourism
Visitor Days,1994-09-01,7.610533841541622,outcome,tourism
Visitor Days,1994-10-01,2.702122547908936,outcome,tourism
Visitor Days,1994-11-01,10.15002123162896,outcome,tourism
Visitor Days,1994-12-01,9.12613535942448,outcome,tourism
Visitor Days,1995-01-01,5.12324066122507,outcome,tourism
Visitor Days,1995-02-01,-4.599050128757598,outcome,tourism
Visitor Days,1995-03-01,-4.759670776575775,outcome,tourism
Visitor Days,1995-04-01,-0.2239849848333475,outcome,tourism
Visitor Days,1995-05-01,2.967282938413218,outcome,tourism
Visitor Days,1995-06-01,1.879201689619125,outcome,tourism
Visitor Days,1995-07-01,2.775791089354818,outcome,tourism
Visitor Days,1995-08-01,0.7580186173425707,outcome,tourism
Visitor Days,1995-09-01,1.439612157056591,outcome,tourism
Visitor Days,1995-10-01,2.878723071323219,outcome,tourism
Visitor Days,1995-11-01,-1.537815745437043,outcome,tourism
Visitor Days,1995-12-01,-0.4511475028776357,outcome,tourism
Visitor Days,1996-01-01,0.309485034572643,outcome,tourism
Visitor Days,1996-02-01,10.3360199365198,outcome,tourism
Visitor Days,1996-03-01,2.252455250776331,outcome,tourism
Visitor Days,1996-04-01,1.704477537002336,outcome,tourism
Visitor Days,1996-05-01,3.82959789311863,outcome,tourism
Visitor Days,1996-06-01,4.107792653221898,outcome,tourism
Visitor Days,1996-07-01,-0.732375266194718,outcome,tourism
Visitor Days,1996-08-01,1.125418316354088,outcome,tourism
Visitor Days,1996-09-01,1.153667968167982,outcome,tourism
Visitor Days,1996-10-01,-3.674542622317012,outcome,tourism
Visitor Days,1996-11-01,-2.420144717333628,outcome,tourism
Visitor Days,1996-12-01,-5.058352381140041,outcome,tourism
Visitor Days,1997-01-01,-5.159421332644854,outcome,tourism
Visitor Days,1997-02-01,-7.687984714614515,outcome,tourism
Visitor Days,1997-03-01,2.158495714987607,outcome,tourism
Visitor Days,1997-04-01,1.332229021478848,outcome,tourism
Visitor Days,1997-05-01,-2.494980134405522,outcome,tourism
Visitor Days,1997-06-01,-5.896910317957504,outcome,tourism
Visitor Days,1997-07-01,-1.614375882897146,outcome,tourism
Visitor Days,1997-08-01,-1.845831606714177,outcome,tourism
Visitor Days,1997-09-01,3.414472210323583,outcome,tourism
Visitor Days,1997-10-01,4.867794542908266,outcome,tourism
Visitor Days,1997-11-01,2.933698265351947,outcome,tourism
Visitor Days,1997-12-01,0.3314292916577921,outcome,tourism
Visitor Days,1998-01-01,14.39288344599774,outcome,tourism
Visitor Days,1998-02-01,3.839807107466786,outcome,tourism
Visitor Days,1998-03-01,-4.768755963951577,outcome,tourism
Visitor Days,1998-04-01,-0.8320564981053269,outcome,tourism
Visitor Days,1998-05-01,-3.552172454329416,outcome,tourism
Visitor Days,1998-06-01,-0.120176052440002,outcome,tourism
Visitor Days,1998-07-01,-0.2782062763923343,outcome,tourism
Visitor Days,1998-08-01,-2.691824492001293,outcome,tourism
Visitor Days,1998-09-01,-8.34414818789716,outcome,tourism
Visitor Days,1998-10-01,-5.369553597123899,outcome,tourism
Visitor Days,1998-11-01,-1.829384637128884,outcome,tourism
Visitor Days,1998-12-01,10.39268349979092,outcome,tourism
Visitor Days,1999-01-01,1.414515059271881,outcome,tourism
Visitor Days,1999-02-01,3.088861109458119,outcome,tourism
Visitor Days,1999-03-01,4.180532897020561,outcome,tourism
Visitor Days,1999-04-01,-1.661710271477324,outcome,tourism
Visitor Days,1999-05-01,3.617098800325702,outcome,tourism
Visitor Days,1999-06-01,4.538846330880131,outcome,tourism
Visitor Days,1999-07-01,7.669000171891738,outcome,tourism
Visitor Days,1999-08-01,5.333564026405901,outcome,tourism
Visitor Days,1999-09-01,8.225717485401841,outcome,tourism
Visitor Days,1999-10-01,13.02897989008336,outcome,tourism
Visitor Days,1999-11-01,6.070003939976454,outcome,tourism
Visitor Days,1999-12-01,-2.424863703965863,outcome,tourism
Visitor Days,2000-01-01,-4.356695049772863,outcome,tourism
Visitor Days,2000-02-01,4.652696131883993,outcome,tourism
Visitor Days,2000-03-01,6.56349562320595,outcome,tourism
Visitor Days,2000-04-01,10.91790567679578,outcome,tourism
Visitor Days,2000-05-01,7.811741444507381,outcome,tourism
Visitor Days,2000-06-01,6.55064732887245,outcome,tourism
Visitor Days,2000-07-01,0.7701959463753738,outcome,tourism
Visitor Days,2000-08-01,0.6029834919858201,outcome,tourism
Visitor Days,2000-09-01,0.5616480965633164,outcome,tourism
Visitor Days,2000-10-01,-2.738537359662963,outcome,tourism
Visitor Days,2000-11-01,0.409745914707238,outcome,tourism
Visitor Days,2000-12-01,3.126587092685051,outcome,tourism
Visitor Days,2001-01-01,5.558402730370493,outcome,tourism
Visitor Days,2001-02-01,-4.149284372079387,outcome,tourism
Visitor Days,2001-03-01,-1.293885828774721,outcome,tourism
Visitor Days,2001-04-01,-1.949198292364251,outcome,tourism
Visitor Days,2001-05-01,-4.657556519689043,outcome,tourism
Visitor Days,2001-06-01,-2.549834046155974,outcome,tourism
Visitor Days,2001-07-01,-0.1625008943992867,outcome,tourism
Visitor Days,2001-08-01,2.914576282039105,outcome,tourism
Visitor Days,2001-09-01,-25.65157988197249,outcome,tourism
Visitor Days,2001-10-01,-23.85575109277954,outcome,tourism
Visitor Days,2001-11-01,-17.09875367166298,outcome,tourism
Visitor Days,2001-12-01,-12.58164934311191,outcome,tourism
Visitor Days,2002-01-01,-11.76720116367297,outcome,tourism
Visitor Days,2002-02-01,-4.04757061337021,outcome,tourism
Visitor Days,2002-03-01,-5.835673559820775,outcome,tourism
Visitor Days,2002-04-01,-9.153220920096272,outcome,tourism
Visitor Days,2002-05-01,1.190575215746925,outcome,tourism
Visitor Days,2002-06-01,-0.0080493862250063,outcome,tourism
Visitor Days,2002-07-01,-2.690306903047934,outcome,tourism
Visitor Days,2002-08-01,0.8301820634488033,outcome,tourism
Visitor Days,2002-09-01,39.17053468602678,outcome,tourism
Visitor Days,2002-10-01,31.09770965982719,outcome,tourism
Visitor Days,2002-11-01,22.70115551395635,outcome,tourism
Visitor Days,2002-12-01,13.52633805387151,outcome,tourism
Visitor Days,2003-01-01,6.048379792005698,outcome,tourism
Visitor Days,2003-02-01,-0.0375229347491234,outcome,tourism
Visitor Days,2003-03-01,-3.41228207942702,outcome,tourism
Visitor Days,2003-04-01,3.667869656925005,outcome,tourism
Visitor Days,2003-05-01,-4.887693872568811,outcome,tourism
Visitor Days,2003-06-01,-5.562242703890352,outcome,tourism
Visitor Days,2003-07-01,-0.4042351088964669,outcome,tourism
Visitor Days,2003-08-01,-0.6951342290008267,outcome,tourism
Visitor Days,2003-09-01,-8.773653637340917,outcome,tourism
Visitor Days,2003-10-01,-3.927633201968594,outcome,tourism
Visitor Days,2003-11-01,-4.693970428817384,outcome,tourism
Visitor Days,2003-12-01,-0.887495549905426,outcome,tourism
Visitor Days,2004-01-01,2.462254925445406,outcome,tourism
Visitor Days,2004-02-01,7.120620369416275,outcome,tourism
Visitor Days,2004-03-01,7.085371325592771,outcome,tourism
Visitor Days,2004-04-01,8.035797104149744,outcome,tourism
Visitor Days,2004-05-01,10.5538806289821,outcome,tourism
Visitor Days,2004-06-01,8.329550227842674,outcome,tourism
Visitor Days,2004-07-01,6.991994092160869,outcome,tourism
Visitor Days,2004-08-01,1.123831927127728,outcome,tourism
Visitor Days,2004-09-01,11.47989569360854,outcome,tourism
Visitor Days,2004-10-01,8.2700223725781,outcome,tourism
Visitor Days,2004-11-01,6.34096140342415,outcome,tourism
Visitor Days,2004-12-01,5.627817430364468,outcome,tourism
Visitor Days,2005-01-01,9.626130145517408,outcome,tourism
Visitor Days,2005-02-01,6.25102008963756,outcome,tourism
Visitor Days,2005-03-01,14.49907583694159,outcome,tourism
Visitor Days,2005-04-01,1.085901866780881,outcome,tourism
Visitor Days,2005-05-01,4.066235554000119,outcome,tourism
Visitor Days,2005-06-01,8.172664128279084,outcome,tourism
Visitor Days,2005-07-01,9.654549245061547,outcome,tourism
Visitor Days,2005-08-01,9.89063370725387,outcome,tourism
Visitor Days,2005-09-01,6.628862177904571,outcome,tourism
Visitor Days,2005-10-01,9.002582102395728,outcome,tourism
Visitor Days,2005-11-01,6.841856768422061,outcome,tourism
Visitor Days,2005-12-01,5.568287126152294,outcome,tourism
Visitor Days,2006-01-01,4.88260330876924,outcome,tourism
Visitor Days,2006-02-01,4.759249475307969,outcome,tourism
Visitor Days,2006-03-01,0.4171511286559904,outcome,tourism
Visitor Days,2006-04-01,6.790196429193185,outcome,tourism
Visitor Days,2006-05-01,3.51482181387861,outcome,tourism
Visitor Days,2006-06-01,2.536184563893928,outcome,tourism
Visitor Days,2006-07-01,-0.7034907144295777,outcome,tourism
Visitor Days,2006-08-01,-0.6602695701804495,outcome,tourism
Visitor Days,2006-09-01,3.709965956193373,outcome,tourism
Visitor Days,2006-10-01,-2.041426292909243,outcome,tourism
Visitor Days,2006-11-01,3.293184164758056,outcome,tourism
Visitor Days,2006-12-01,1.663008304598312,outcome,tourism
Visitor Days,2007-01-01,-4.468282422925796,outcome,tourism
Visitor Days,2007-02-01,-2.31134516851913,outcome,tourism
Visitor Days,2007-03-01,-1.004349432469465,outcome,tourism
Visitor Days,2007-04-01,4.51966298383446,outcome,tourism
Visitor Days,2007-05-01,1.046877753687081,outcome,tourism
Visitor Days,2007-06-01,0.8236704575432574,outcome,tourism
Visitor Days,2007-07-01,-1.844044918377197,outcome,tourism
Visitor Days,2007-08-01,5.120477082152797,outcome,tourism
Visitor Days,2007-09-01,-1.659150562034706,outcome,tourism
Visitor Days,2007-10-01,-0.1944138940801587,outcome,tourism
Visitor Days,2007-11-01,-1.039446827677271,outcome,tourism
Visitor Days,2007-12-01,2.041685951640448,outcome,tourism
Visitor Days,2008-01-01,2.408341972851624,outcome,tourism
Visitor Days,2008-02-01,2.927480190973664,outcome,tourism
Visitor Days,2008-03-01,0.174180463676632,outcome,tourism
Visitor Days,2008-04-01,-11.60786919335504,outcome,tourism
Visitor Days,2008-05-01,-7.389258890952322,outcome,tourism
Visitor Days,2008-06-01,-10.79073021856527,outcome,tourism
Visitor Days,2008-07-01,-11.40657736934125,outcome,tourism
Visitor Days,2008-08-01,-14.7456732843727,outcome,tourism
Visitor Days,2008-09-01,-15.01543711390292,outcome,tourism
Visitor Days,2008-10-01,-10.56363595195786,outcome,tourism
Visitor Days,2008-11-01,-11.70131427828616,outcome,tourism
Visitor Days,2008-12-01,-15.49385927279598,outcome,tourism
Visitor Days,2009-01-01,-11.5017093298241,outcome,tourism
Visitor Days,2009-02-01,-13.9176089124798,outcome,tourism
Visitor Days,2009-03-01,-17.13213709797221,outcome,tourism
Visitor Days,2009-04-01,-1.08850491595156,outcome,tourism
Visitor Days,2009-05-01,-5.886925890515782,outcome,tourism
Visitor Days,2009-06-01,-2.739716381698809,outcome,tourism
Visitor Days,2009-07-01,1.08404841009635,outcome,tourism
Visitor Days,2009-08-01,-0.5758008782836943,outcome,tourism
Visitor Days,2009-09-01,3.639767664879412,outcome,tourism
Visitor Days,2009-10-01,-2.688160855645494,outcome,tourism
Visitor Days,2009-11-01,-2.359563993691216,outcome,tourism
Visitor Days,2009-12-01,2.476194368747242,outcome,tourism
Visitor Days,2010-01-01,1.927317472215462,outcome,tourism
Visitor Days,2010-02-01,2.368349846464746,outcome,tourism
Visitor Days,2010-03-01,9.268131211317796,outcome,tourism
Visitor Days,2010-04-01,0.2069853019512458,outcome,tourism
Visitor Days,2010-05-01,8.890011059311554,outcome,tourism
Visitor Days,2010-06-01,5.793963413675463,outcome,tourism
Visitor Days,2010-07-01,10.9583139706517,outcome,tourism
Visitor Days,2010-08-01,10.37989673645838,outcome,tourism
Visitor Days,2010-09-01,9.383723484646357,outcome,tourism
Visitor Days,2010-10-01,14.5747902057852,outcome,tourism
Visitor Days,2010-11-01,12.57720635420425,outcome,tourism
Visitor Days,2010-12-01,8.174008184300142,outcome,tourism
Visitor Days,2011-01-01,11.40469327995401,outcome,tourism
Visitor Days,2011-02-01,12.4579193105145,outcome,tourism
Visitor Days,2011-03-01,7.186097922044921,outcome,tourism
Visitor Days,2011-04-01,7.406814805020723,outcome,tourism
Visitor Days,2011-05-01,-0.7176101804459822,outcome,tourism
Visitor Days,2011-06-01,2.232633064944478,outcome,tourism
Visitor Days,2011-07-01,-2.343003271192823,outcome,tourism
Visitor Days,2011-08-01,-0.2521899662239258,outcome,tourism
Visitor Days,2011-09-01,4.699129287446846,outcome,tourism
Visitor Days,2011-10-01,1.476401801547533,outcome,tourism
Visitor Days,2011-11-01,2.9634684834007,outcome,tourism
Visitor Days,2011-12-01,8.465964860430542,outcome,tourism
Visitor Days,2012-01-01,7.318537517062795,outcome,tourism
Visitor Days,2012-02-01,5.870429893760232,outcome,tourism
Visitor Days,2012-03-01,9.867832855709713,outcome,tourism
Visitor Days,2012-04-01,8.538286526038807,outcome,tourism
Visitor Days,2012-05-01,11.7494601957048,outcome,tourism
Visitor Days,2012-06-01,9.106149224269956,outcome,tourism
Visitor Days,2012-07-01,9.283091833687717,outcome,tourism
Visitor Days,2012-08-01,10.31522618440586,outcome,tourism
Visitor Days,2012-09-01,6.463293627151545,outcome,tourism
Visitor Days,2012-10-01,7.432466891225897,outcome,tourism
Visitor Days,2012-11-01,11.2771820971364,outcome,tourism
Visitor Days,2012-12-01,5.796321822155681,outcome,tourism
Visitor Days,2013-01-01,-0.2410013013723011,outcome,tourism
Visitor Days,2013-02-01,1.644147353991565,outcome,tourism
Visitor Days,2013-03-01,3.426779874038188,outcome,tourism
Visitor Days,2013-04-01,0.7112115867751623,outcome,tourism
Visitor Days,2013-05-01,0.3417587015035251,outcome,tourism
Visitor Days,2013-06-01,3.289568145593091,outcome,tourism
Visitor Days,2013-07-01,2.843833107231797,outcome,tourism
Visitor Days,2013-08-01,2.71335511643418,outcome,tourism
Visitor Days,2013-09-01,0.2250584865026495,outcome,tourism
Visitor Days,2013-10-01,-0.4534842861563138,outcome,tourism
Visitor Days,2013-11-01,-4.169320472654425,outcome,tourism
Visitor Days,2013-12-01,-3.726165402411086,outcome,tourism
Visitor Days,2014-01-01,3.627839738935856,outcome,tourism
Visitor Days,2014-02-01,0.4587313980327412,outcome,tourism
Visitor Days,2014-03-01,-2.187031410219553,outcome,tourism
Visitor Days,2014-04-01,1.85606390501154,outcome,tourism
Visitor Days,2014-05-01,1.638983109049841,outcome,tourism
Visitor Days,2014-06-01,0.5789658792101138,outcome,tourism
Visitor Days,2014-07-01,-0.0443118668087438,outcome,tourism
Visitor Days,2014-08-01,-0.7870573233934586,outcome,tourism
Visitor Days,2014-09-01,1.840614362578297,outcome,tourism
Visitor Days,2014-10-01,3.950094225383527,outcome,tourism
Visitor Days,2014-11-01,2.936845991798931,outcome,tourism
Visitor Days,2014-12-01,6.027944205812608,outcome,tourism
Visitor Days,2015-01-01,1.149664858284249,outcome,tourism
Visitor Days,2015-02-01,3.301249424483177,outcome,tourism
Visitor Days,2015-03-01,5.581272027196715,outcome,tourism
Visitor Days,2015-04-01,2.372295919814427,outcome,tourism
Visitor Days,2015-05-01,5.925454188793933,outcome,tourism
Visitor Days,2015-06-01,5.403683895170341,outcome,tourism
Visitor Days,2015-07-01,5.724407778067531,outcome,tourism
Visitor Days,2015-08-01,4.002153341904546,outcome,tourism
Visitor Days,2015-09-01,1.061376847090645,outcome,tourism
Visitor Days,2015-10-01,2.789875745653236,outcome,tourism
Visitor Days,2015-11-01,3.698304795325513,outcome,tourism
Visitor Days,2015-12-01,3.19441951523447,outcome,tourism
Visitor Days,2016-01-01,3.359784354017781,outcome,tourism
Visitor Days,2016-02-01,3.156464288008154,outcome,tourism
Visitor Days,2016-03-01,0.4874348801695128,outcome,tourism
Visitor Days,2016-04-01,0.1574799474656441,outcome,tourism
Visitor Days,2016-05-01,0.0355117568758389,outcome,tourism
Visitor Days,2016-06-01,1.372286623585772,outcome,tourism
Visitor Days,2016-07-01,0.2837809189840002,outcome,tourism
Visitor Days,2016-08-01,2.246136541267529,outcome,tourism
Visitor Days,2016-09-01,6.63912612600488,outcome,tourism
Visitor Days,2016-10-01,3.190168872707599,outcome,tourism
Visitor Days,2016-11-01,2.340111478874785,outcome,tourism
Visitor Days,2016-12-01,2.41236229763353,outcome,tourism
Visitor Days,2017-01-01,3.879376573155358,outcome,tourism
Visitor Days,2017-02-01,2.652709905553374,outcome,tourism
Visitor Days,2017-03-01,2.855156497011846,outcome,tourism
Visitor Days,2017-04-01,9.113605450208162,outcome,tourism
Visitor Days,2017-05-01,5.394081758377656,outcome,tourism
Visitor Days,2017-06-01,3.3451487303783,outcome,tourism
Visitor Days,2017-07-01,6.805647556310279,outcome,tourism
Visitor Days,2017-08-01,4.676310873730904,outcome,tourism
Visitor Days,2017-09-01,3.500778111493519,outcome,tourism
Visitor Days,2017-10-01,5.180295088114928,outcome,tourism
Visitor Days,2017-11-01,6.95210450447834,outcome,tourism
Visitor Days,2017-12-01,5.620052208021198,outcome,tourism
Visitor Days,2018-01-01,4.918213294142726,outcome,tourism
Visitor Days,2018-02-01,9.285641736976192,outcome,tourism
Visitor Days,2018-03-01,9.055159502493094,outcome,tourism
Visitor Days,2018-04-01,3.066070693774847,outcome,tourism
Visitor Days,2018-05-01,5.567483037926735,outcome,tourism
Visitor Days,2018-06-01,7.45760539858622,outcome,tourism
Visitor Days,2018-07-01,4.048400974689526,outcome,tourism
Visitor Days,2018-08-01,3.805132850860704,outcome,tourism
Visitor Days,2018-09-01,4.891685438480242,outcome,tourism
Visitor Days,2018-10-01,1.751057522625854,outcome,tourism
Visitor Days,2018-11-01,3.785834362308282,outcome,tourism
Visitor Days,2018-12-01,1.437121619636939,outcome,tourism
Visitor Days,2019-01-01,2.100601020178927,outcome,tourism
Visitor Days,2019-02-01,-2.184942023079706,outcome,tourism
Visitor Days,2019-03-01,0.4307646536277909,outcome,tourism
Visitor Days,2019-04-01,1.42001496810491,outcome,tourism
Visitor Days,2019-05-01,2.771735977606116,outcome,tourism
Visitor Days,2019-06-01,1.545423551340108,outcome,tourism
Visitor Days,2019-07-01,3.948931961184177,outcome,tourism
Visitor Days,2019-08-01,7.610460950809772,outcome,tourism
Visitor Days,2019-09-01,-0.439476531252192,outcome,tourism
Visitor Days,2019-10-01,3.078913495229152,outcome,tourism
Visitor Days,2019-11-01,-0.782823899401297,outcome,tourism
Visitor Days,2019-12-01,6.204985225964288,outcome,tourism
Visitor Days,2020-01-01,3.043730055579585,outcome,tourism
Visitor Days,2020-02-01,4.338197096526075,outcome,tourism
Visitor Days,2020-03-01,-49.31108258427832,outcome,tourism
Visitor Days,2020-04-01,-98.1148364234877,outcome,tourism
Visitor Days,2020-05-01,-95.98362304220716,outcome,tourism
Visitor Days,2020-06-01,-94.34905446099944,outcome,tourism
Visitor Days,2020-07-01,-93.6246526280356,outcome,tourism
Visitor Days,2020-08-01,-90.98714606400422,outcome,tourism
Visitor Days,2020-09-01,-89.9053306953196,outcome,tourism
Visitor Days,2020-10-01,-81.38394852920109,outcome,tourism
Visitor Days,2020-11-01,-65.62356236170304,outcome,tourism
Visitor Days,2020-12-01,-66.33010045902087,outcome,tourism
