unit,time,value,role,group,units
RevPAR_Luxury,2016-03-01,407.33,outcome,class,dollar
RevPAR_Luxury,2016-04-01,358.19,outcome,class,dollar
RevPAR_Luxury,2016-05-01,295.29,outcome,class,dollar
RevPAR_Luxury,2016-06-01,360.66,outcome,class,dollar
RevPAR_Luxury,2016-07-01,406.4,outcome,class,dollar
RevPAR_Luxury,2016-08-01,396.99,outcome,class,dollar
RevPAR_Luxury,2016-09-01,296.9,outcome,class,dollar
RevPAR_Luxury,2016-10-01,305.24,outcome,class,dollar
RevPAR_Luxury,2016-11-01,327.43,outcome,class,dollar
RevPAR_Luxury,2016-12-01,514.05,outcome,class,dollar
RevPAR_Luxury,2017-01-01,425.86,outcome,class,dollar
RevPAR_Luxury,2017-02-01,412.37,outcome,class,dollar
RevPAR_Luxury,2017-03-01,415.15,outcome,class,dollar
RevPAR_Luxury,2017-04-01,392.53,outcome,class,dollar
RevPAR_Luxury,2017-05-01,330.91,outcome,class,dollar
RevPAR_Luxury,2017-06-01,393.83,outcome,class,dollar
RevPAR_Luxury,2017-07-01,445.23,outcome,class,dollar
RevPAR_Luxury,2017-08-01,423.45,outcome,class,dollar
RevPAR_Luxury,2017-09-01,300.05,outcome,class,dollar
RevPAR_Luxury,2017-10-01,322.76,outcome,class,dollar
RevPAR_Luxury,2017-11-01,349.7,outcome,class,dollar
RevPAR_Luxury,2017-12-01,532.94,outcome,class,dollar
RevPAR_Luxury,2018-01-01,474.69,outcome,class,dollar
RevPAR_Luxury,2018-02-01,477.25,outcome,class,dollar
RevPAR_Luxury,2018-03-01,474.8,outcome,class,dollar
RevPAR_Luxury,2018-04-01,413.66,outcome,class,dollar
RevPAR_Luxury,2018-05-01,364.28,outcome,class,dollar
RevPAR_Luxury,2018-06-01,400.69,outcome,class,dollar
RevPAR_Luxury,2018-07-01,454.68,outcome,class,dollar
RevPAR_Luxury,2018-08-01,407.45,outcome,class,dollar
RevPAR_Luxury,2018-09-01,299.46,outcome,class,dollar
RevPAR_Luxury,2018-10-01,331.42,outcome,class,dollar
RevPAR_Luxury,2018-11-01,357.66,outcome,class,dollar
RevPAR_Luxury,2018-12-01,525.78,outcome,class,dollar
RevPAR_Luxury,2019-01-01,445.16,outcome,class,dollar
RevPAR_Luxury,2019-02-01,447.27,outcome,class,dollar
RevPAR_Luxury,2019-03-01,442.82,outcome,class,dollar
RevPAR_Luxury,2019-04-01,422.21,outcome,class,dollar
RevPAR_Luxury,2019-05-01,361.77,outcome,class,dollar
RevPAR_Luxury,2019-06-01,442.99,outcome,class,dollar
RevPAR_Luxury,2019-07-01,505.75,outcome,class,dollar
RevPAR_Luxury,2019-08-01,469.19,outcome,class,dollar
RevPAR_Luxury,2019-09-01,329.03,outcome,class,dollar
RevPAR_Luxury,2019-10-01,349.26,outcome,class,dollar
RevPAR_Luxury,2019-11-01,370.72,outcome,class,dollar
RevPAR_Luxury,2019-12-01,582.35,outcome,class,dollar
RevPAR_Luxury,2020-01-01,493.47,outcome,class,dollar
RevPAR_Luxury,2020-02-01,486.4,outcome,class,dollar
RevPAR_Luxury,2020-03-01,219.31,outcome,class,dollar
RevPAR_Luxury,2020-05-01,13.18,outcome,class,dollar
RevPAR_Luxury,2020-06-01,26.47,outcome,class,dollar
RevPAR_Luxury,2020-07-01,40.46,outcome,class,dollar
RevPAR_Luxury,2020-08-01,10.33,outcome,class,dollar
RevPAR_Luxury,2020-09-01,14.94,outcome,class,dollar
RevPAR_Luxury,2020-10-01,56.87,outcome,class,dollar
RevPAR_Luxury,2020-11-01,95.31,outcome,class,dollar
RevPAR_Luxury,2020-12-01,168.44,outcome,class,dollar
RevPAR_Luxury,2021-01-01,134.85,outcome,class,dollar
RevPAR_Luxury,2021-02-01,188.34,outcome,class,dollar
RevPAR_Luxury,2021-03-01,296.55,outcome,class,dollar
RevPAR_Luxury,2021-04-01,334.73,outcome,class,dollar
RevPAR_Luxury,2021-05-01,353.79,outcome,class,dollar
RevPAR_Luxury,2021-06-01,529.54,outcome,class,dollar
RevPAR_Luxury,2021-07-01,598.91,outcome,class,dollar
RevPAR_Luxury,2021-08-01,532.96,outcome,class,dollar
RevPAR_Luxury,2021-09-01,308.06,outcome,class,dollar
RevPAR_Luxury,2021-10-01,309.41,outcome,class,dollar
RevPAR_Luxury,2021-11-01,416.6,outcome,class,dollar
RevPAR_Luxury,2021-12-01,626.76,outcome,class,dollar
RevPAR_Luxury,2022-01-01,427.28,outcome,class,dollar
RevPAR_Luxury,2022-02-01,472.06,outcome,class,dollar
RevPAR_Luxury,2022-03-01,536.53,outcome,class,dollar
RevPAR_Luxury,2022-04-01,548.1,outcome,class,dollar
RevPAR_Luxury,2022-05-01,453.56,outcome,class,dollar
RevPAR_Luxury,2022-06-01,545.85,outcome,class,dollar
RevPAR_Luxury,2022-07-01,599.23,outcome,class,dollar
RevPAR_Luxury,2022-08-01,537.58,outcome,class,dollar
RevPAR_Luxury,2022-09-01,402.6,outcome,class,dollar
RevPAR_Luxury,2022-10-01,401.31,outcome,class,dollar
RevPAR_Luxury,2022-11-01,448.71,outcome,class,dollar
RevPAR_Luxury,2022-12-01,629.18,outcome,class,dollar
RevPAR_Luxury,2023-01-01,535.95,outcome,class,dollar
RevPAR_Luxury,2023-02-01,524.13,outcome,class,dollar
RevPAR_Luxury,2023-03-01,536.63,outcome,class,dollar
RevPAR_Luxury,2023-04-01,517.45,outcome,class,dollar
RevPAR_Luxury,2023-05-01,436.23,outcome,class,dollar
RevPAR_Luxury,2023-06-01,528.69,outcome,class,dollar
RevPAR_Luxury,2023-07-01,585.92,outcome,class,dollar
RevPAR_Luxury,2023-08-01,489.35,outcome,class,dollar
RevPAR_Luxury,2023-09-01,381.56,outcome,class,dollar
RevPAR_Luxury,2023-10-01,403.62,outcome,class,dollar
RevPAR_Luxury,2023-11-01,443.22,outcome,class,dollar
RevPAR_Luxury,2023-12-01,607.78,outcome,class,dollar
RevPAR_Luxury,2024-01-01,515.46,outcome,class,dollar
RevPAR_Luxury,2024-02-01,502.34,outcome,class,dollar
RevPAR_Luxury,2024-03-01,538.71,outcome,class,dollar
RevPAR_Luxury,2024-04-01,502.29,outcome,class,dollar
RevPAR_Luxury,2024-05-01,418.97,outcome,class,dollar
RevPAR_Luxury,2024-06-01,508.37,outcome,class,dollar
RevPAR_Luxury,2024-07-01,553.85,outcome,class,dollar
RevPAR_Luxury,2024-08-01,500.12,outcome,class,dollar
RevPAR_Luxury,2024-09-01,373.72,outcome,class,dollar
RevPAR_Luxury,2024-10-01,396.07,outcome,class,dollar
RevPAR_Luxury,2024-11-01,469.07,outcome,class,dollar
RevPAR_Luxury,2024-12-01,688.07,outcome,class,dollar
RevPAR_Luxury,2025-01-01,599.87,outcome,class,dollar
RevPAR_Luxury,2025-02-01,616.71,outcome,class,dollar
RevPAR_Luxury,2025-03-01,523.06,outcome,class,dollar
RevPAR_Luxury,2025-04-01,482.45,outcome,class,dollar
RevPAR_Luxury,2025-05-01,489.27,outcome,class,dollar
RevPAR_Luxury,2025-06-01,583.72,outcome,class,dollar
RevPAR_Luxury,2025-07-01,615.94,outcome,class,dollar
RevPAR_Luxury,2025-08-01,575.14,outcome,class,dollar
RevPAR_Luxury,2025-09-01,405.0,outcome,class,dollar
RevPAR_Luxury,2025-10-01,458.85,outcome,class,dollar
RevPAR_Luxury,2025-11-01,519.83,outcome,class,dollar
RevPAR_Luxury,2025-12-01,795.25,outcome,class,dollar
RevPAR_Luxury,2026-01-01,538.18,outcome,class,dollar
RevPAR_Luxury,2026-02-01,548.83,outcome,class,dollar
RevPAR_Luxury,2026-03-01,516.78,outcome,class,dollar
RevPAR_Luxury,2026-04-01,508.21,outcome,class,dollar
RevPAR_Luxury,2026-05-01,454.03,outcome,class,dollar
RevPAR_MidscaleEconomy,2016-03-01,109.1,outcome,class,dollar
RevPAR_MidscaleEconomy,2016-04-01,99.58,outcome,class,dollar
RevPAR_MidscaleEconomy,2016-05-01,101.09,outcome,class,dollar
RevPAR_MidscaleEconomy,2016-06-01,110.22,outcome,class,dollar
RevPAR_MidscaleEconomy,2016-07-01,126.59,outcome,class,dollar
RevPAR_MidscaleEconomy,2016-08-01,114.23,outcome,class,dollar
RevPAR_MidscaleEconomy,2016-09-01,110.97,outcome,class,dollar
RevPAR_MidscaleEconomy,2016-10-01,104.56,outcome,class,dollar
RevPAR_MidscaleEconomy,2016-11-01,93.68,outcome,class,dollar
RevPAR_MidscaleEconomy,2016-12-01,122.34,outcome,class,dollar
RevPAR_MidscaleEconomy,2017-01-01,125.09,outcome,class,dollar
RevPAR_MidscaleEconomy,2017-02-01,135.52,outcome,class,dollar
RevPAR_MidscaleEconomy,2017-03-01,115.91,outcome,class,dollar
RevPAR_MidscaleEconomy,2017-04-01,105.71,outcome,class,dollar
RevPAR_MidscaleEconomy,2017-05-01,107.66,outcome,class,dollar
RevPAR_MidscaleEconomy,2017-06-01,119.23,outcome,class,dollar
RevPAR_MidscaleEconomy,2017-07-01,128.93,outcome,class,dollar
RevPAR_MidscaleEconomy,2017-08-01,113.4,outcome,class,dollar
RevPAR_MidscaleEconomy,2017-09-01,108.09,outcome,class,dollar
RevPAR_MidscaleEconomy,2017-10-01,109.6,outcome,class,dollar
RevPAR_MidscaleEconomy,2017-11-01,110.92,outcome,class,dollar
RevPAR_MidscaleEconomy,2017-12-01,140.49,outcome,class,dollar
RevPAR_MidscaleEconomy,2018-01-01,146.87,outcome,class,dollar
RevPAR_MidscaleEconomy,2018-02-01,154.39,outcome,class,dollar
RevPAR_MidscaleEconomy,2018-03-01,137.06,outcome,class,dollar
RevPAR_MidscaleEconomy,2018-04-01,130.42,outcome,class,dollar
RevPAR_MidscaleEconomy,2018-05-01,127.86,outcome,class,dollar
RevPAR_MidscaleEconomy,2018-06-01,137.66,outcome,class,dollar
RevPAR_MidscaleEconomy,2018-07-01,141.21,outcome,class,dollar
RevPAR_MidscaleEconomy,2018-08-01,123.33,outcome,class,dollar
RevPAR_MidscaleEconomy,2018-09-01,118.65,outcome,class,dollar
RevPAR_MidscaleEconomy,2018-10-01,102.59,outcome,class,dollar
RevPAR_MidscaleEconomy,2018-11-01,113.36,outcome,class,dollar
RevPAR_MidscaleEconomy,2018-12-01,142.75,outcome,class,dollar
RevPAR_MidscaleEconomy,2019-01-01,162.04,outcome,class,dollar
RevPAR_MidscaleEconomy,2019-02-01,154.22,outcome,class,dollar
RevPAR_MidscaleEconomy,2019-03-01,149.63,outcome,class,dollar
RevPAR_MidscaleEconomy,2019-04-01,123.37,outcome,class,dollar
RevPAR_MidscaleEconomy,2019-05-01,135.51,outcome,class,dollar
RevPAR_MidscaleEconomy,2019-06-01,142.43,outcome,class,dollar
RevPAR_MidscaleEconomy,2019-07-01,154.55,outcome,class,dollar
RevPAR_MidscaleEconomy,2019-08-01,145.59,outcome,class,dollar
RevPAR_MidscaleEconomy,2019-09-01,131.18,outcome,class,dollar
RevPAR_MidscaleEconomy,2019-10-01,121.34,outcome,class,dollar
RevPAR_MidscaleEconomy,2019-11-01,135.26,outcome,class,dollar
RevPAR_MidscaleEconomy,2019-12-01,174.7,outcome,class,dollar
RevPAR_MidscaleEconomy,2020-01-01,178.52,outcome,class,dollar
RevPAR_MidscaleEconomy,2020-02-01,177.47,outcome,class,dollar
RevPAR_MidscaleEconomy,2020-03-01,92.78,outcome,class,dollar
RevPAR_MidscaleEconomy,2020-04-01,20.58,outcome,class,dollar
RevPAR_MidscaleEconomy,2020-05-01,29.52,outcome,class,dollar
RevPAR_MidscaleEconomy,2020-07-01,40.45,outcome,class,dollar
RevPAR_MidscaleEconomy,2020-08-01,42.33,outcome,class,dollar
RevPAR_MidscaleEconomy,2020-09-01,41.7,outcome,class,dollar
RevPAR_MidscaleEconomy,2020-10-01,38.1,outcome,class,dollar
RevPAR_MidscaleEconomy,2020-11-01,47.0,outcome,class,dollar
RevPAR_MidscaleEconomy,2020-12-01,57.82,outcome,class,dollar
RevPAR_MidscaleEconomy,2021-01-01,52.46,outcome,class,dollar
RevPAR_MidscaleEconomy,2021-02-01,64.85,outcome,class,dollar
RevPAR_MidscaleEconomy,2021-03-01,92.95,outcome,class,dollar
RevPAR_MidscaleEconomy,2021-04-01,147.96,outcome,class,dollar
RevPAR_MidscaleEconomy,2021-05-01,163.87,outcome,class,dollar
RevPAR_MidscaleEconomy,2021-06-01,122.14,outcome,class,dollar
RevPAR_MidscaleEconomy,2021-07-01,235.24,outcome,class,dollar
RevPAR_MidscaleEconomy,2021-08-01,206.15,outcome,class,dollar
RevPAR_MidscaleEconomy,2021-09-01,158.82,outcome,class,dollar
RevPAR_MidscaleEconomy,2021-10-01,169.38,outcome,class,dollar
RevPAR_MidscaleEconomy,2021-11-01,180.15,outcome,class,dollar
RevPAR_MidscaleEconomy,2021-12-01,246.56,outcome,class,dollar
RevPAR_MidscaleEconomy,2022-01-01,216.68,outcome,class,dollar
RevPAR_MidscaleEconomy,2022-02-01,172.03,outcome,class,dollar
RevPAR_MidscaleEconomy,2022-03-01,168.09,outcome,class,dollar
RevPAR_MidscaleEconomy,2022-04-01,164.95,outcome,class,dollar
RevPAR_MidscaleEconomy,2022-05-01,163.76,outcome,class,dollar
RevPAR_MidscaleEconomy,2022-06-01,178.39,outcome,class,dollar
RevPAR_MidscaleEconomy,2022-07-01,212.56,outcome,class,dollar
RevPAR_MidscaleEconomy,2022-08-01,186.55,outcome,class,dollar
RevPAR_MidscaleEconomy,2022-09-01,171.84,outcome,class,dollar
RevPAR_MidscaleEconomy,2022-10-01,167.51,outcome,class,dollar
RevPAR_MidscaleEconomy,2022-11-01,141.91,outcome,class,dollar
RevPAR_MidscaleEconomy,2022-12-01,182.44,outcome,class,dollar
RevPAR_MidscaleEconomy,2023-01-01,206.39,outcome,class,dollar
RevPAR_MidscaleEconomy,2023-02-01,215.65,outcome,class,dollar
RevPAR_MidscaleEconomy,2023-03-01,199.13,outcome,class,dollar
RevPAR_MidscaleEconomy,2023-04-01,180.86,outcome,class,dollar
RevPAR_MidscaleEconomy,2023-05-01,173.03,outcome,class,dollar
RevPAR_MidscaleEconomy,2023-06-01,195.69,outcome,class,dollar
RevPAR_MidscaleEconomy,2023-07-01,207.36,outcome,class,dollar
RevPAR_MidscaleEconomy,2023-08-01,186.54,outcome,class,dollar
RevPAR_MidscaleEconomy,2023-09-01,182.6,outcome,class,dollar
RevPAR_MidscaleEconomy,2023-10-01,174.47,outcome,class,dollar
RevPAR_MidscaleEconomy,2023-11-01,168.86,outcome,class,dollar
RevPAR_MidscaleEconomy,2023-12-01,209.39,outcome,class,dollar
RevPAR_MidscaleEconomy,2024-01-01,172.38,outcome,class,dollar
RevPAR_MidscaleEconomy,2024-02-01,197.64,outcome,class,dollar
RevPAR_MidscaleEconomy,2024-03-01,175.11,outcome,class,dollar
RevPAR_MidscaleEconomy,2024-04-01,173.62,outcome,class,dollar
RevPAR_MidscaleEconomy,2024-05-01,162.59,outcome,class,dollar
RevPAR_MidscaleEconomy,2024-06-01,184.92,outcome,class,dollar
RevPAR_MidscaleEconomy,2024-07-01,200.85,outcome,class,dollar
RevPAR_MidscaleEconomy,2024-08-01,172.24,outcome,class,dollar
RevPAR_MidscaleEconomy,2024-09-01,143.98,outcome,class,dollar
RevPAR_MidscaleEconomy,2024-10-01,148.32,outcome,class,dollar
RevPAR_MidscaleEconomy,2024-11-01,147.6,outcome,class,dollar
RevPAR_MidscaleEconomy,2024-12-01,194.86,outcome,class,dollar
RevPAR_MidscaleEconomy,2025-01-01,179.35,outcome,class,dollar
RevPAR_MidscaleEconomy,2025-02-01,192.08,outcome,class,dollar
RevPAR_MidscaleEconomy,2025-03-01,184.4,outcome,class,dollar
RevPAR_MidscaleEconomy,2025-04-01,172.53,outcome,class,dollar
RevPAR_MidscaleEconomy,2025-05-01,163.32,outcome,class,dollar
RevPAR_MidscaleEconomy,2025-06-01,175.16,outcome,class,dollar
RevPAR_MidscaleEconomy,2025-07-01,188.35,outcome,class,dollar
RevPAR_MidscaleEconomy,2025-08-01,170.47,outcome,class,dollar
RevPAR_MidscaleEconomy,2025-09-01,144.36,outcome,class,dollar
RevPAR_MidscaleEconomy,2025-10-01,148.21,outcome,class,dollar
RevPAR_MidscaleEconomy,2025-11-01,139.9,outcome,class,dollar
RevPAR_MidscaleEconomy,2025-12-01,205.08,outcome,class,dollar
RevPAR_MidscaleEconomy,2026-01-01,184.47,outcome,class,dollar
RevPAR_MidscaleEconomy,2026-02-01,192.3,outcome,class,dollar
RevPAR_MidscaleEconomy,2026-03-01,175.97,outcome,class,dollar
RevPAR_MidscaleEconomy,2026-04-01,169.74,outcome,class,dollar
RevPAR_MidscaleEconomy,2026-05-01,159.08,outcome,class,dollar
RevPAR_UpperMidscale,2016-03-01,117.66,outcome,class,dollar
RevPAR_UpperMidscale,2016-04-01,108.65,outcome,class,dollar
RevPAR_UpperMidscale,2016-05-01,112.0,outcome,class,dollar
RevPAR_UpperMidscale,2016-06-01,123.46,outcome,class,dollar
RevPAR_UpperMidscale,2016-07-01,144.37,outcome,class,dollar
RevPAR_UpperMidscale,2016-08-01,127.08,outcome,class,dollar
RevPAR_UpperMidscale,2016-09-01,124.71,outcome,class,dollar
RevPAR_UpperMidscale,2016-10-01,116.63,outcome,class,dollar
RevPAR_UpperMidscale,2016-11-01,107.31,outcome,class,dollar
RevPAR_UpperMidscale,2016-12-01,133.73,outcome,class,dollar
RevPAR_UpperMidscale,2017-01-01,134.83,outcome,class,dollar
RevPAR_UpperMidscale,2017-02-01,137.53,outcome,class,dollar
RevPAR_UpperMidscale,2017-03-01,125.26,outcome,class,dollar
RevPAR_UpperMidscale,2017-04-01,117.99,outcome,class,dollar
RevPAR_UpperMidscale,2017-05-01,118.79,outcome,class,dollar
RevPAR_UpperMidscale,2017-06-01,136.12,outcome,class,dollar
RevPAR_UpperMidscale,2017-07-01,147.76,outcome,class,dollar
RevPAR_UpperMidscale,2017-08-01,130.16,outcome,class,dollar
RevPAR_UpperMidscale,2017-09-01,122.36,outcome,class,dollar
RevPAR_UpperMidscale,2017-10-01,118.97,outcome,class,dollar
RevPAR_UpperMidscale,2017-11-01,116.07,outcome,class,dollar
RevPAR_UpperMidscale,2017-12-01,142.55,outcome,class,dollar
RevPAR_UpperMidscale,2018-01-01,142.79,outcome,class,dollar
RevPAR_UpperMidscale,2018-02-01,152.55,outcome,class,dollar
RevPAR_UpperMidscale,2018-03-01,132.32,outcome,class,dollar
RevPAR_UpperMidscale,2018-04-01,125.25,outcome,class,dollar
RevPAR_UpperMidscale,2018-05-01,126.04,outcome,class,dollar
RevPAR_UpperMidscale,2018-06-01,143.75,outcome,class,dollar
RevPAR_UpperMidscale,2018-07-01,153.09,outcome,class,dollar
RevPAR_UpperMidscale,2018-08-01,136.62,outcome,class,dollar
RevPAR_UpperMidscale,2018-09-01,126.22,outcome,class,dollar
RevPAR_UpperMidscale,2018-10-01,119.99,outcome,class,dollar
RevPAR_UpperMidscale,2018-11-01,114.99,outcome,class,dollar
RevPAR_UpperMidscale,2018-12-01,148.55,outcome,class,dollar
RevPAR_UpperMidscale,2019-01-01,137.63,outcome,class,dollar
RevPAR_UpperMidscale,2019-02-01,148.55,outcome,class,dollar
RevPAR_UpperMidscale,2019-03-01,125.73,outcome,class,dollar
RevPAR_UpperMidscale,2019-04-01,124.3,outcome,class,dollar
RevPAR_UpperMidscale,2019-05-01,131.84,outcome,class,dollar
RevPAR_UpperMidscale,2019-06-01,146.76,outcome,class,dollar
RevPAR_UpperMidscale,2019-07-01,153.95,outcome,class,dollar
RevPAR_UpperMidscale,2019-08-01,149.76,outcome,class,dollar
RevPAR_UpperMidscale,2019-09-01,134.35,outcome,class,dollar
RevPAR_UpperMidscale,2019-10-01,124.34,outcome,class,dollar
RevPAR_UpperMidscale,2019-11-01,127.94,outcome,class,dollar
RevPAR_UpperMidscale,2019-12-01,160.17,outcome,class,dollar
RevPAR_UpperMidscale,2020-01-01,161.04,outcome,class,dollar
RevPAR_UpperMidscale,2020-02-01,154.73,outcome,class,dollar
RevPAR_UpperMidscale,2020-03-01,75.22,outcome,class,dollar
RevPAR_UpperMidscale,2020-04-01,17.06,outcome,class,dollar
RevPAR_UpperMidscale,2020-05-01,24.28,outcome,class,dollar
RevPAR_UpperMidscale,2020-06-01,29.12,outcome,class,dollar
RevPAR_UpperMidscale,2020-07-01,41.45,outcome,class,dollar
RevPAR_UpperMidscale,2020-08-01,41.38,outcome,class,dollar
RevPAR_UpperMidscale,2020-09-01,35.36,outcome,class,dollar
RevPAR_UpperMidscale,2020-10-01,36.32,outcome,class,dollar
RevPAR_UpperMidscale,2020-11-01,39.01,outcome,class,dollar
RevPAR_UpperMidscale,2020-12-01,43.17,outcome,class,dollar
RevPAR_UpperMidscale,2021-01-01,42.89,outcome,class,dollar
RevPAR_UpperMidscale,2021-02-01,49.18,outcome,class,dollar
RevPAR_UpperMidscale,2021-03-01,66.9,outcome,class,dollar
RevPAR_UpperMidscale,2021-04-01,79.55,outcome,class,dollar
RevPAR_UpperMidscale,2021-05-01,103.71,outcome,class,dollar
RevPAR_UpperMidscale,2021-06-01,127.69,outcome,class,dollar
RevPAR_UpperMidscale,2021-07-01,158.16,outcome,class,dollar
RevPAR_UpperMidscale,2021-08-01,138.25,outcome,class,dollar
RevPAR_UpperMidscale,2021-09-01,92.41,outcome,class,dollar
RevPAR_UpperMidscale,2021-10-01,90.42,outcome,class,dollar
RevPAR_UpperMidscale,2021-11-01,94.58,outcome,class,dollar
RevPAR_UpperMidscale,2021-12-01,167.54,outcome,class,dollar
RevPAR_UpperMidscale,2022-01-01,181.28,outcome,class,dollar
RevPAR_UpperMidscale,2022-02-01,168.33,outcome,class,dollar
RevPAR_UpperMidscale,2022-03-01,172.96,outcome,class,dollar
RevPAR_UpperMidscale,2022-04-01,169.43,outcome,class,dollar
RevPAR_UpperMidscale,2022-05-01,159.35,outcome,class,dollar
RevPAR_UpperMidscale,2022-06-01,176.52,outcome,class,dollar
RevPAR_UpperMidscale,2022-07-01,213.35,outcome,class,dollar
RevPAR_UpperMidscale,2022-08-01,185.75,outcome,class,dollar
RevPAR_UpperMidscale,2022-09-01,168.75,outcome,class,dollar
RevPAR_UpperMidscale,2022-10-01,157.77,outcome,class,dollar
RevPAR_UpperMidscale,2022-11-01,137.92,outcome,class,dollar
RevPAR_UpperMidscale,2022-12-01,184.22,outcome,class,dollar
RevPAR_UpperMidscale,2023-01-01,186.54,outcome,class,dollar
RevPAR_UpperMidscale,2023-02-01,204.46,outcome,class,dollar
RevPAR_UpperMidscale,2023-03-01,185.96,outcome,class,dollar
RevPAR_UpperMidscale,2023-04-01,161.72,outcome,class,dollar
RevPAR_UpperMidscale,2023-05-01,150.25,outcome,class,dollar
RevPAR_UpperMidscale,2023-06-01,168.72,outcome,class,dollar
RevPAR_UpperMidscale,2023-07-01,169.23,outcome,class,dollar
RevPAR_UpperMidscale,2023-08-01,166.66,outcome,class,dollar
RevPAR_UpperMidscale,2023-09-01,176.29,outcome,class,dollar
RevPAR_UpperMidscale,2023-10-01,174.03,outcome,class,dollar
RevPAR_UpperMidscale,2023-11-01,161.73,outcome,class,dollar
RevPAR_UpperMidscale,2023-12-01,195.31,outcome,class,dollar
RevPAR_UpperMidscale,2024-01-01,181.05,outcome,class,dollar
RevPAR_UpperMidscale,2024-02-01,188.34,outcome,class,dollar
RevPAR_UpperMidscale,2024-03-01,164.64,outcome,class,dollar
RevPAR_UpperMidscale,2024-04-01,155.6,outcome,class,dollar
RevPAR_UpperMidscale,2024-05-01,140.45,outcome,class,dollar
RevPAR_UpperMidscale,2024-06-01,149.9,outcome,class,dollar
RevPAR_UpperMidscale,2024-07-01,158.47,outcome,class,dollar
RevPAR_UpperMidscale,2024-08-01,146.42,outcome,class,dollar
RevPAR_UpperMidscale,2024-09-01,127.94,outcome,class,dollar
RevPAR_UpperMidscale,2024-10-01,135.08,outcome,class,dollar
RevPAR_UpperMidscale,2024-11-01,127.65,outcome,class,dollar
RevPAR_UpperMidscale,2024-12-01,154.41,outcome,class,dollar
RevPAR_UpperMidscale,2025-01-01,152.42,outcome,class,dollar
RevPAR_UpperMidscale,2025-02-01,171.99,outcome,class,dollar
RevPAR_UpperMidscale,2025-03-01,148.28,outcome,class,dollar
RevPAR_UpperMidscale,2025-04-01,139.93,outcome,class,dollar
RevPAR_UpperMidscale,2025-05-01,130.42,outcome,class,dollar
RevPAR_UpperMidscale,2025-06-01,136.37,outcome,class,dollar
RevPAR_UpperMidscale,2025-07-01,146.63,outcome,class,dollar
RevPAR_UpperMidscale,2025-08-01,134.34,outcome,class,dollar
RevPAR_UpperMidscale,2025-09-01,122.39,outcome,class,dollar
RevPAR_UpperMidscale,2025-10-01,129.39,outcome,class,dollar
RevPAR_UpperMidscale,2025-11-01,118.8,outcome,class,dollar
RevPAR_UpperMidscale,2025-12-01,156.23,outcome,class,dollar
RevPAR_UpperMidscale,2026-01-01,154.0,outcome,class,dollar
RevPAR_UpperMidscale,2026-02-01,161.29,outcome,class,dollar
RevPAR_UpperMidscale,2026-03-01,143.24,outcome,class,dollar
RevPAR_UpperMidscale,2026-04-01,137.43,outcome,class,dollar
RevPAR_UpperMidscale,2026-05-01,138.96,outcome,class,dollar
RevPAR_UpperUpscale,2016-03-01,214.31,outcome,class,dollar
RevPAR_UpperUpscale,2016-04-01,202.28,outcome,class,dollar
RevPAR_UpperUpscale,2016-05-01,194.94,outcome,class,dollar
RevPAR_UpperUpscale,2016-06-01,229.43,outcome,class,dollar
RevPAR_UpperUpscale,2016-07-01,248.24,outcome,class,dollar
RevPAR_UpperUpscale,2016-08-01,236.54,outcome,class,dollar
RevPAR_UpperUpscale,2016-09-01,211.47,outcome,class,dollar
RevPAR_UpperUpscale,2016-10-01,207.94,outcome,class,dollar
RevPAR_UpperUpscale,2016-11-01,204.59,outcome,class,dollar
RevPAR_UpperUpscale,2016-12-01,251.21,outcome,class,dollar
RevPAR_UpperUpscale,2017-01-01,245.31,outcome,class,dollar
RevPAR_UpperUpscale,2017-02-01,241.3,outcome,class,dollar
RevPAR_UpperUpscale,2017-03-01,218.61,outcome,class,dollar
RevPAR_UpperUpscale,2017-04-01,215.06,outcome,class,dollar
RevPAR_UpperUpscale,2017-05-01,208.35,outcome,class,dollar
RevPAR_UpperUpscale,2017-06-01,236.33,outcome,class,dollar
RevPAR_UpperUpscale,2017-07-01,257.75,outcome,class,dollar
RevPAR_UpperUpscale,2017-08-01,238.4,outcome,class,dollar
RevPAR_UpperUpscale,2017-09-01,205.57,outcome,class,dollar
RevPAR_UpperUpscale,2017-10-01,214.98,outcome,class,dollar
RevPAR_UpperUpscale,2017-11-01,207.63,outcome,class,dollar
RevPAR_UpperUpscale,2017-12-01,256.01,outcome,class,dollar
RevPAR_UpperUpscale,2018-01-01,244.68,outcome,class,dollar
RevPAR_UpperUpscale,2018-02-01,256.62,outcome,class,dollar
RevPAR_UpperUpscale,2018-03-01,238.45,outcome,class,dollar
RevPAR_UpperUpscale,2018-04-01,225.65,outcome,class,dollar
RevPAR_UpperUpscale,2018-05-01,214.49,outcome,class,dollar
RevPAR_UpperUpscale,2018-06-01,241.98,outcome,class,dollar
RevPAR_UpperUpscale,2018-07-01,261.36,outcome,class,dollar
RevPAR_UpperUpscale,2018-08-01,230.66,outcome,class,dollar
RevPAR_UpperUpscale,2018-09-01,200.27,outcome,class,dollar
RevPAR_UpperUpscale,2018-10-01,203.46,outcome,class,dollar
RevPAR_UpperUpscale,2018-11-01,195.96,outcome,class,dollar
RevPAR_UpperUpscale,2018-12-01,250.17,outcome,class,dollar
RevPAR_UpperUpscale,2019-01-01,242.04,outcome,class,dollar
RevPAR_UpperUpscale,2019-02-01,244.29,outcome,class,dollar
RevPAR_UpperUpscale,2019-03-01,227.63,outcome,class,dollar
RevPAR_UpperUpscale,2019-04-01,220.69,outcome,class,dollar
RevPAR_UpperUpscale,2019-05-01,212.05,outcome,class,dollar
RevPAR_UpperUpscale,2019-06-01,246.38,outcome,class,dollar
RevPAR_UpperUpscale,2019-07-01,270.1,outcome,class,dollar
RevPAR_UpperUpscale,2019-08-01,256.69,outcome,class,dollar
RevPAR_UpperUpscale,2019-09-01,202.09,outcome,class,dollar
RevPAR_UpperUpscale,2019-10-01,206.84,outcome,class,dollar
RevPAR_UpperUpscale,2019-11-01,207.41,outcome,class,dollar
RevPAR_UpperUpscale,2019-12-01,274.97,outcome,class,dollar
RevPAR_UpperUpscale,2020-01-01,258.71,outcome,class,dollar
RevPAR_UpperUpscale,2020-02-01,258.37,outcome,class,dollar
RevPAR_UpperUpscale,2020-03-01,120.32,outcome,class,dollar
RevPAR_UpperUpscale,2020-04-01,7.11,outcome,class,dollar
RevPAR_UpperUpscale,2020-05-01,15.74,outcome,class,dollar
RevPAR_UpperUpscale,2020-06-01,26.72,outcome,class,dollar
RevPAR_UpperUpscale,2020-07-01,38.34,outcome,class,dollar
RevPAR_UpperUpscale,2020-08-01,34.99,outcome,class,dollar
RevPAR_UpperUpscale,2020-09-01,27.63,outcome,class,dollar
RevPAR_UpperUpscale,2020-10-01,28.97,outcome,class,dollar
RevPAR_UpperUpscale,2020-11-01,45.09,outcome,class,dollar
RevPAR_UpperUpscale,2020-12-01,52.54,outcome,class,dollar
RevPAR_UpperUpscale,2021-01-01,44.25,outcome,class,dollar
RevPAR_UpperUpscale,2021-02-01,65.07,outcome,class,dollar
RevPAR_UpperUpscale,2021-03-01,104.36,outcome,class,dollar
RevPAR_UpperUpscale,2021-04-01,131.77,outcome,class,dollar
RevPAR_UpperUpscale,2021-05-01,160.47,outcome,class,dollar
RevPAR_UpperUpscale,2021-06-01,239.57,outcome,class,dollar
RevPAR_UpperUpscale,2021-07-01,293.99,outcome,class,dollar
RevPAR_UpperUpscale,2021-08-01,244.0,outcome,class,dollar
RevPAR_UpperUpscale,2021-09-01,155.91,outcome,class,dollar
RevPAR_UpperUpscale,2021-10-01,151.98,outcome,class,dollar
RevPAR_UpperUpscale,2021-11-01,171.04,outcome,class,dollar
RevPAR_UpperUpscale,2021-12-01,279.35,outcome,class,dollar
RevPAR_UpperUpscale,2022-01-01,207.24,outcome,class,dollar
RevPAR_UpperUpscale,2022-02-01,238.26,outcome,class,dollar
RevPAR_UpperUpscale,2022-03-01,279.6,outcome,class,dollar
RevPAR_UpperUpscale,2022-04-01,274.18,outcome,class,dollar
RevPAR_UpperUpscale,2022-05-01,247.76,outcome,class,dollar
RevPAR_UpperUpscale,2022-06-01,298.11,outcome,class,dollar
RevPAR_UpperUpscale,2022-07-01,338.73,outcome,class,dollar
RevPAR_UpperUpscale,2022-08-01,291.7,outcome,class,dollar
RevPAR_UpperUpscale,2022-09-01,251.19,outcome,class,dollar
RevPAR_UpperUpscale,2022-10-01,244.19,outcome,class,dollar
RevPAR_UpperUpscale,2022-11-01,240.18,outcome,class,dollar
RevPAR_UpperUpscale,2022-12-01,295.46,outcome,class,dollar
RevPAR_UpperUpscale,2023-01-01,266.83,outcome,class,dollar
RevPAR_UpperUpscale,2023-02-01,277.64,outcome,class,dollar
RevPAR_UpperUpscale,2023-03-01,285.75,outcome,class,dollar
RevPAR_UpperUpscale,2023-04-01,273.04,outcome,class,dollar
RevPAR_UpperUpscale,2023-05-01,255.18,outcome,class,dollar
RevPAR_UpperUpscale,2023-06-01,302.01,outcome,class,dollar
RevPAR_UpperUpscale,2023-07-01,317.39,outcome,class,dollar
RevPAR_UpperUpscale,2023-08-01,269.64,outcome,class,dollar
RevPAR_UpperUpscale,2023-09-01,272.99,outcome,class,dollar
RevPAR_UpperUpscale,2023-10-01,262.6,outcome,class,dollar
RevPAR_UpperUpscale,2023-11-01,252.17,outcome,class,dollar
RevPAR_UpperUpscale,2023-12-01,287.51,outcome,class,dollar
RevPAR_UpperUpscale,2024-01-01,272.92,outcome,class,dollar
RevPAR_UpperUpscale,2024-02-01,289.99,outcome,class,dollar
RevPAR_UpperUpscale,2024-03-01,275.04,outcome,class,dollar
RevPAR_UpperUpscale,2024-04-01,250.79,outcome,class,dollar
RevPAR_UpperUpscale,2024-05-01,243.47,outcome,class,dollar
RevPAR_UpperUpscale,2024-06-01,284.75,outcome,class,dollar
RevPAR_UpperUpscale,2024-07-01,304.11,outcome,class,dollar
RevPAR_UpperUpscale,2024-08-01,263.15,outcome,class,dollar
RevPAR_UpperUpscale,2024-09-01,218.14,outcome,class,dollar
RevPAR_UpperUpscale,2024-10-01,224.26,outcome,class,dollar
RevPAR_UpperUpscale,2024-11-01,215.5,outcome,class,dollar
RevPAR_UpperUpscale,2024-12-01,279.68,outcome,class,dollar
RevPAR_UpperUpscale,2025-01-01,256.24,outcome,class,dollar
RevPAR_UpperUpscale,2025-02-01,272.77,outcome,class,dollar
RevPAR_UpperUpscale,2025-03-01,261.97,outcome,class,dollar
RevPAR_UpperUpscale,2025-04-01,250.73,outcome,class,dollar
RevPAR_UpperUpscale,2025-05-01,226.17,outcome,class,dollar
RevPAR_UpperUpscale,2025-06-01,262.54,outcome,class,dollar
RevPAR_UpperUpscale,2025-07-01,284.15,outcome,class,dollar
RevPAR_UpperUpscale,2025-08-01,246.64,outcome,class,dollar
RevPAR_UpperUpscale,2025-09-01,215.77,outcome,class,dollar
RevPAR_UpperUpscale,2025-10-01,224.13,outcome,class,dollar
RevPAR_UpperUpscale,2025-11-01,227.06,outcome,class,dollar
RevPAR_UpperUpscale,2025-12-01,306.79,outcome,class,dollar
RevPAR_UpperUpscale,2026-01-01,272.13,outcome,class,dollar
RevPAR_UpperUpscale,2026-02-01,285.63,outcome,class,dollar
RevPAR_UpperUpscale,2026-03-01,266.96,outcome,class,dollar
RevPAR_UpperUpscale,2026-04-01,256.77,outcome,class,dollar
RevPAR_UpperUpscale,2026-05-01,246.16,outcome,class,dollar
RevPAR_Upscale,2016-03-01,140.73,outcome,class,dollar
RevPAR_Upscale,2016-04-01,122.5,outcome,class,dollar
RevPAR_Upscale,2016-05-01,122.62,outcome,class,dollar
RevPAR_Upscale,2016-06-01,138.15,outcome,class,dollar
RevPAR_Upscale,2016-07-01,155.66,outcome,class,dollar
RevPAR_Upscale,2016-08-01,142.43,outcome,class,dollar
RevPAR_Upscale,2016-09-01,133.82,outcome,class,dollar
RevPAR_Upscale,2016-10-01,130.61,outcome,class,dollar
RevPAR_Upscale,2016-11-01,123.98,outcome,class,dollar
RevPAR_Upscale,2016-12-01,159.31,outcome,class,dollar
RevPAR_Upscale,2017-01-01,157.83,outcome,class,dollar
RevPAR_Upscale,2017-02-01,162.78,outcome,class,dollar
RevPAR_Upscale,2017-03-01,151.1,outcome,class,dollar
RevPAR_Upscale,2017-04-01,136.05,outcome,class,dollar
RevPAR_Upscale,2017-05-01,131.85,outcome,class,dollar
RevPAR_Upscale,2017-06-01,152.78,outcome,class,dollar
RevPAR_Upscale,2017-07-01,165.89,outcome,class,dollar
RevPAR_Upscale,2017-08-01,142.76,outcome,class,dollar
RevPAR_Upscale,2017-09-01,128.26,outcome,class,dollar
RevPAR_Upscale,2017-10-01,132.66,outcome,class,dollar
RevPAR_Upscale,2017-11-01,132.61,outcome,class,dollar
RevPAR_Upscale,2017-12-01,164.28,outcome,class,dollar
RevPAR_Upscale,2018-01-01,166.84,outcome,class,dollar
RevPAR_Upscale,2018-02-01,180.9,outcome,class,dollar
RevPAR_Upscale,2018-03-01,162.34,outcome,class,dollar
RevPAR_Upscale,2018-04-01,150.74,outcome,class,dollar
RevPAR_Upscale,2018-05-01,147.37,outcome,class,dollar
RevPAR_Upscale,2018-06-01,163.5,outcome,class,dollar
RevPAR_Upscale,2018-07-01,175.34,outcome,class,dollar
RevPAR_Upscale,2018-08-01,157.97,outcome,class,dollar
RevPAR_Upscale,2018-09-01,140.95,outcome,class,dollar
RevPAR_Upscale,2018-10-01,143.26,outcome,class,dollar
RevPAR_Upscale,2018-11-01,138.73,outcome,class,dollar
RevPAR_Upscale,2018-12-01,170.86,outcome,class,dollar
RevPAR_Upscale,2019-01-01,169.96,outcome,class,dollar
RevPAR_Upscale,2019-02-01,180.62,outcome,class,dollar
RevPAR_Upscale,2019-03-01,160.7,outcome,class,dollar
RevPAR_Upscale,2019-04-01,152.47,outcome,class,dollar
RevPAR_Upscale,2019-05-01,143.37,outcome,class,dollar
RevPAR_Upscale,2019-06-01,162.46,outcome,class,dollar
RevPAR_Upscale,2019-07-01,173.65,outcome,class,dollar
RevPAR_Upscale,2019-08-01,159.94,outcome,class,dollar
RevPAR_Upscale,2019-09-01,140.17,outcome,class,dollar
RevPAR_Upscale,2019-10-01,157.63,outcome,class,dollar
RevPAR_Upscale,2019-11-01,153.32,outcome,class,dollar
RevPAR_Upscale,2019-12-01,194.47,outcome,class,dollar
RevPAR_Upscale,2020-01-01,200.12,outcome,class,dollar
RevPAR_Upscale,2020-02-01,202.48,outcome,class,dollar
RevPAR_Upscale,2020-03-01,104.13,outcome,class,dollar
RevPAR_Upscale,2020-04-01,11.19,outcome,class,dollar
RevPAR_Upscale,2020-05-01,12.96,outcome,class,dollar
RevPAR_Upscale,2020-06-01,19.53,outcome,class,dollar
RevPAR_Upscale,2020-07-01,30.15,outcome,class,dollar
RevPAR_Upscale,2020-08-01,32.4,outcome,class,dollar
RevPAR_Upscale,2020-09-01,25.63,outcome,class,dollar
RevPAR_Upscale,2020-10-01,29.03,outcome,class,dollar
RevPAR_Upscale,2020-11-01,39.87,outcome,class,dollar
RevPAR_Upscale,2020-12-01,55.63,outcome,class,dollar
RevPAR_Upscale,2021-01-01,51.34,outcome,class,dollar
RevPAR_Upscale,2021-02-01,64.44,outcome,class,dollar
RevPAR_Upscale,2021-03-01,95.3,outcome,class,dollar
RevPAR_Upscale,2021-04-01,115.87,outcome,class,dollar
RevPAR_Upscale,2021-05-01,138.96,outcome,class,dollar
RevPAR_Upscale,2021-06-01,191.23,outcome,class,dollar
RevPAR_Upscale,2021-07-01,224.82,outcome,class,dollar
RevPAR_Upscale,2021-08-01,197.55,outcome,class,dollar
RevPAR_Upscale,2021-09-01,139.93,outcome,class,dollar
RevPAR_Upscale,2021-10-01,141.98,outcome,class,dollar
RevPAR_Upscale,2021-11-01,157.5,outcome,class,dollar
RevPAR_Upscale,2021-12-01,223.49,outcome,class,dollar
RevPAR_Upscale,2022-01-01,173.88,outcome,class,dollar
RevPAR_Upscale,2022-02-01,193.94,outcome,class,dollar
RevPAR_Upscale,2022-03-01,204.96,outcome,class,dollar
RevPAR_Upscale,2022-04-01,202.18,outcome,class,dollar
RevPAR_Upscale,2022-05-01,186.5,outcome,class,dollar
RevPAR_Upscale,2022-06-01,217.5,outcome,class,dollar
RevPAR_Upscale,2022-07-01,246.67,outcome,class,dollar
RevPAR_Upscale,2022-08-01,217.74,outcome,class,dollar
RevPAR_Upscale,2022-09-01,192.05,outcome,class,dollar
RevPAR_Upscale,2022-10-01,194.44,outcome,class,dollar
RevPAR_Upscale,2022-11-01,185.11,outcome,class,dollar
RevPAR_Upscale,2022-12-01,225.88,outcome,class,dollar
RevPAR_Upscale,2023-01-01,219.81,outcome,class,dollar
RevPAR_Upscale,2023-02-01,233.8,outcome,class,dollar
RevPAR_Upscale,2023-03-01,224.03,outcome,class,dollar
RevPAR_Upscale,2023-04-01,201.57,outcome,class,dollar
RevPAR_Upscale,2023-05-01,189.48,outcome,class,dollar
RevPAR_Upscale,2023-06-01,217.14,outcome,class,dollar
RevPAR_Upscale,2023-07-01,217.25,outcome,class,dollar
RevPAR_Upscale,2023-08-01,202.65,outcome,class,dollar
RevPAR_Upscale,2023-09-01,215.23,outcome,class,dollar
RevPAR_Upscale,2023-10-01,211.43,outcome,class,dollar
RevPAR_Upscale,2023-11-01,194.39,outcome,class,dollar
RevPAR_Upscale,2023-12-01,216.02,outcome,class,dollar
RevPAR_Upscale,2024-01-01,224.25,outcome,class,dollar
RevPAR_Upscale,2024-02-01,237.69,outcome,class,dollar
RevPAR_Upscale,2024-03-01,211.04,outcome,class,dollar
RevPAR_Upscale,2024-04-01,197.09,outcome,class,dollar
RevPAR_Upscale,2024-05-01,183.36,outcome,class,dollar
RevPAR_Upscale,2024-06-01,191.05,outcome,class,dollar
RevPAR_Upscale,2024-07-01,199.67,outcome,class,dollar
RevPAR_Upscale,2024-08-01,179.44,outcome,class,dollar
RevPAR_Upscale,2024-09-01,159.91,outcome,class,dollar
RevPAR_Upscale,2024-10-01,170.11,outcome,class,dollar
RevPAR_Upscale,2024-11-01,158.32,outcome,class,dollar
RevPAR_Upscale,2024-12-01,191.61,outcome,class,dollar
RevPAR_Upscale,2025-01-01,190.61,outcome,class,dollar
RevPAR_Upscale,2025-02-01,206.45,outcome,class,dollar
RevPAR_Upscale,2025-03-01,180.94,outcome,class,dollar
RevPAR_Upscale,2025-04-01,165.47,outcome,class,dollar
RevPAR_Upscale,2025-05-01,152.41,outcome,class,dollar
RevPAR_Upscale,2025-06-01,163.46,outcome,class,dollar
RevPAR_Upscale,2025-07-01,173.19,outcome,class,dollar
RevPAR_Upscale,2025-08-01,161.68,outcome,class,dollar
RevPAR_Upscale,2025-09-01,146.76,outcome,class,dollar
RevPAR_Upscale,2025-10-01,154.2,outcome,class,dollar
RevPAR_Upscale,2025-11-01,143.99,outcome,class,dollar
RevPAR_Upscale,2025-12-01,193.85,outcome,class,dollar
RevPAR_Upscale,2026-01-01,181.57,outcome,class,dollar
RevPAR_Upscale,2026-02-01,193.96,outcome,class,dollar
RevPAR_Upscale,2026-03-01,169.24,outcome,class,dollar
RevPAR_Upscale,2026-04-01,159.35,outcome,class,dollar
RevPAR_Upscale,2026-05-01,150.52,outcome,class,dollar
Financial_Emp,1990-01-01,30700.0,donor,insulated,jobs
Financial_Emp,1990-02-01,30800.0,donor,insulated,jobs
Financial_Emp,1990-03-01,30900.0,donor,insulated,jobs
Financial_Emp,1990-04-01,31000.0,donor,insulated,jobs
Financial_Emp,1990-05-01,31200.0,donor,insulated,jobs
Financial_Emp,1990-06-01,31500.0,donor,insulated,jobs
Financial_Emp,1990-07-01,31700.0,donor,insulated,jobs
Financial_Emp,1990-08-01,31800.0,donor,insulated,jobs
Financial_Emp,1990-09-01,31800.0,donor,insulated,jobs
Financial_Emp,1990-10-01,32000.0,donor,insulated,jobs
Financial_Emp,1990-11-01,32000.0,donor,insulated,jobs
Financial_Emp,1990-12-01,31900.0,donor,insulated,jobs
Financial_Emp,1991-01-01,31600.0,donor,insulated,jobs
Financial_Emp,1991-02-01,31300.0,donor,insulated,jobs
Financial_Emp,1991-03-01,31400.0,donor,insulated,jobs
Financial_Emp,1991-04-01,31400.0,donor,insulated,jobs
Financial_Emp,1991-05-01,31500.0,donor,insulated,jobs
Financial_Emp,1991-06-01,31600.0,donor,insulated,jobs
Financial_Emp,1991-07-01,31700.0,donor,insulated,jobs
Financial_Emp,1991-08-01,31700.0,donor,insulated,jobs
Financial_Emp,1991-09-01,31500.0,donor,insulated,jobs
Financial_Emp,1991-10-01,31700.0,donor,insulated,jobs
Financial_Emp,1991-11-01,31900.0,donor,insulated,jobs
Financial_Emp,1991-12-01,31900.0,donor,insulated,jobs
Financial_Emp,1992-01-01,31000.0,donor,insulated,jobs
Financial_Emp,1992-02-01,31000.0,donor,insulated,jobs
Financial_Emp,1992-03-01,31100.0,donor,insulated,jobs
Financial_Emp,1992-04-01,31100.0,donor,insulated,jobs
Financial_Emp,1992-05-01,31100.0,donor,insulated,jobs
Financial_Emp,1992-06-01,31200.0,donor,insulated,jobs
Financial_Emp,1992-07-01,31200.0,donor,insulated,jobs
Financial_Emp,1992-08-01,31200.0,donor,insulated,jobs
Financial_Emp,1992-09-01,31300.0,donor,insulated,jobs
Financial_Emp,1992-10-01,31600.0,donor,insulated,jobs
Financial_Emp,1992-11-01,31400.0,donor,insulated,jobs
Financial_Emp,1992-12-01,31500.0,donor,insulated,jobs
Financial_Emp,1993-01-01,31900.0,donor,insulated,jobs
Financial_Emp,1993-02-01,31900.0,donor,insulated,jobs
Financial_Emp,1993-03-01,32000.0,donor,insulated,jobs
Financial_Emp,1993-04-01,32299.999999999996,donor,insulated,jobs
Financial_Emp,1993-05-01,32400.0,donor,insulated,jobs
Financial_Emp,1993-06-01,32500.0,donor,insulated,jobs
Financial_Emp,1993-07-01,32500.0,donor,insulated,jobs
Financial_Emp,1993-08-01,32400.0,donor,insulated,jobs
Financial_Emp,1993-09-01,32400.0,donor,insulated,jobs
Financial_Emp,1993-10-01,32400.0,donor,insulated,jobs
Financial_Emp,1993-11-01,32500.0,donor,insulated,jobs
Financial_Emp,1993-12-01,32200.000000000004,donor,insulated,jobs
Financial_Emp,1994-01-01,32700.000000000004,donor,insulated,jobs
Financial_Emp,1994-02-01,32700.000000000004,donor,insulated,jobs
Financial_Emp,1994-03-01,32600.0,donor,insulated,jobs
Financial_Emp,1994-04-01,31700.0,donor,insulated,jobs
Financial_Emp,1994-05-01,31700.0,donor,insulated,jobs
Financial_Emp,1994-06-01,31800.0,donor,insulated,jobs
Financial_Emp,1994-07-01,31800.0,donor,insulated,jobs
Financial_Emp,1994-08-01,31700.0,donor,insulated,jobs
Financial_Emp,1994-09-01,31900.0,donor,insulated,jobs
Financial_Emp,1994-10-01,31600.0,donor,insulated,jobs
Financial_Emp,1994-11-01,31500.0,donor,insulated,jobs
Financial_Emp,1994-12-01,31200.0,donor,insulated,jobs
Financial_Emp,1995-01-01,31100.0,donor,insulated,jobs
Financial_Emp,1995-02-01,31000.0,donor,insulated,jobs
Financial_Emp,1995-03-01,31000.0,donor,insulated,jobs
Financial_Emp,1995-04-01,30800.0,donor,insulated,jobs
Financial_Emp,1995-05-01,30800.0,donor,insulated,jobs
Financial_Emp,1995-06-01,30900.0,donor,insulated,jobs
Financial_Emp,1995-07-01,30700.0,donor,insulated,jobs
Financial_Emp,1995-08-01,31000.0,donor,insulated,jobs
Financial_Emp,1995-09-01,31000.0,donor,insulated,jobs
Financial_Emp,1995-10-01,31000.0,donor,insulated,jobs
Financial_Emp,1995-11-01,31000.0,donor,insulated,jobs
Financial_Emp,1995-12-01,30600.0,donor,insulated,jobs
Financial_Emp,1996-01-01,30800.0,donor,insulated,jobs
Financial_Emp,1996-02-01,30900.0,donor,insulated,jobs
Financial_Emp,1996-03-01,30900.0,donor,insulated,jobs
Financial_Emp,1996-04-01,30600.0,donor,insulated,jobs
Financial_Emp,1996-05-01,30700.0,donor,insulated,jobs
Financial_Emp,1996-06-01,30700.0,donor,insulated,jobs
Financial_Emp,1996-07-01,30700.0,donor,insulated,jobs
Financial_Emp,1996-08-01,30600.0,donor,insulated,jobs
Financial_Emp,1996-09-01,30800.0,donor,insulated,jobs
Financial_Emp,1996-10-01,30400.0,donor,insulated,jobs
Financial_Emp,1996-11-01,30600.0,donor,insulated,jobs
Financial_Emp,1996-12-01,30500.0,donor,insulated,jobs
Financial_Emp,1997-01-01,30600.0,donor,insulated,jobs
Financial_Emp,1997-02-01,30600.0,donor,insulated,jobs
Financial_Emp,1997-03-01,30700.0,donor,insulated,jobs
Financial_Emp,1997-04-01,30200.0,donor,insulated,jobs
Financial_Emp,1997-05-01,30200.0,donor,insulated,jobs
Financial_Emp,1997-06-01,30100.0,donor,insulated,jobs
Financial_Emp,1997-07-01,30200.0,donor,insulated,jobs
Financial_Emp,1997-08-01,30000.0,donor,insulated,jobs
Financial_Emp,1997-09-01,30200.0,donor,insulated,jobs
Financial_Emp,1997-10-01,29900.0,donor,insulated,jobs
Financial_Emp,1997-11-01,29900.0,donor,insulated,jobs
Financial_Emp,1997-12-01,30100.0,donor,insulated,jobs
Financial_Emp,1998-01-01,30200.0,donor,insulated,jobs
Financial_Emp,1998-02-01,29800.0,donor,insulated,jobs
Financial_Emp,1998-03-01,30000.0,donor,insulated,jobs
Financial_Emp,1998-04-01,30000.0,donor,insulated,jobs
Financial_Emp,1998-05-01,30000.0,donor,insulated,jobs
Financial_Emp,1998-06-01,30000.0,donor,insulated,jobs
Financial_Emp,1998-07-01,30500.0,donor,insulated,jobs
Financial_Emp,1998-08-01,30300.0,donor,insulated,jobs
Financial_Emp,1998-09-01,30300.0,donor,insulated,jobs
Financial_Emp,1998-10-01,30200.0,donor,insulated,jobs
Financial_Emp,1998-11-01,30400.0,donor,insulated,jobs
Financial_Emp,1998-12-01,30300.0,donor,insulated,jobs
Financial_Emp,1999-01-01,30000.0,donor,insulated,jobs
Financial_Emp,1999-02-01,30100.0,donor,insulated,jobs
Financial_Emp,1999-03-01,29900.0,donor,insulated,jobs
Financial_Emp,1999-04-01,29900.0,donor,insulated,jobs
Financial_Emp,1999-05-01,29800.0,donor,insulated,jobs
Financial_Emp,1999-06-01,29900.0,donor,insulated,jobs
Financial_Emp,1999-07-01,29600.0,donor,insulated,jobs
Financial_Emp,1999-08-01,29400.0,donor,insulated,jobs
Financial_Emp,1999-09-01,29400.0,donor,insulated,jobs
Financial_Emp,1999-10-01,29400.0,donor,insulated,jobs
Financial_Emp,1999-11-01,29200.0,donor,insulated,jobs
Financial_Emp,1999-12-01,29300.0,donor,insulated,jobs
Financial_Emp,2000-01-01,28900.0,donor,insulated,jobs
Financial_Emp,2000-02-01,29000.0,donor,insulated,jobs
Financial_Emp,2000-03-01,28800.0,donor,insulated,jobs
Financial_Emp,2000-04-01,28700.0,donor,insulated,jobs
Financial_Emp,2000-05-01,28700.0,donor,insulated,jobs
Financial_Emp,2000-06-01,28800.0,donor,insulated,jobs
Financial_Emp,2000-07-01,29000.0,donor,insulated,jobs
Financial_Emp,2000-08-01,28900.0,donor,insulated,jobs
Financial_Emp,2000-09-01,28800.0,donor,insulated,jobs
Financial_Emp,2000-10-01,28900.0,donor,insulated,jobs
Financial_Emp,2000-11-01,28700.0,donor,insulated,jobs
Financial_Emp,2000-12-01,28900.0,donor,insulated,jobs
Financial_Emp,2001-01-01,28600.0,donor,insulated,jobs
Financial_Emp,2001-02-01,28600.0,donor,insulated,jobs
Financial_Emp,2001-03-01,28700.0,donor,insulated,jobs
Financial_Emp,2001-04-01,28500.0,donor,insulated,jobs
Financial_Emp,2001-05-01,28500.0,donor,insulated,jobs
Financial_Emp,2001-06-01,28500.0,donor,insulated,jobs
Financial_Emp,2001-07-01,28400.0,donor,insulated,jobs
Financial_Emp,2001-08-01,28300.0,donor,insulated,jobs
Financial_Emp,2001-09-01,28300.0,donor,insulated,jobs
Financial_Emp,2001-10-01,28000.0,donor,insulated,jobs
Financial_Emp,2001-11-01,27900.0,donor,insulated,jobs
Financial_Emp,2001-12-01,27700.0,donor,insulated,jobs
Financial_Emp,2002-01-01,27800.0,donor,insulated,jobs
Financial_Emp,2002-02-01,27700.0,donor,insulated,jobs
Financial_Emp,2002-03-01,27900.0,donor,insulated,jobs
Financial_Emp,2002-04-01,27800.0,donor,insulated,jobs
Financial_Emp,2002-05-01,27900.0,donor,insulated,jobs
Financial_Emp,2002-06-01,28000.0,donor,insulated,jobs
Financial_Emp,2002-07-01,28100.0,donor,insulated,jobs
Financial_Emp,2002-08-01,28000.0,donor,insulated,jobs
Financial_Emp,2002-09-01,28100.0,donor,insulated,jobs
Financial_Emp,2002-10-01,28300.0,donor,insulated,jobs
Financial_Emp,2002-11-01,28400.0,donor,insulated,jobs
Financial_Emp,2002-12-01,28400.0,donor,insulated,jobs
Financial_Emp,2003-01-01,28300.0,donor,insulated,jobs
Financial_Emp,2003-02-01,28400.0,donor,insulated,jobs
Financial_Emp,2003-03-01,28400.0,donor,insulated,jobs
Financial_Emp,2003-04-01,28400.0,donor,insulated,jobs
Financial_Emp,2003-05-01,28600.0,donor,insulated,jobs
Financial_Emp,2003-06-01,28800.0,donor,insulated,jobs
Financial_Emp,2003-07-01,29000.0,donor,insulated,jobs
Financial_Emp,2003-08-01,29100.0,donor,insulated,jobs
Financial_Emp,2003-09-01,29000.0,donor,insulated,jobs
Financial_Emp,2003-10-01,29100.0,donor,insulated,jobs
Financial_Emp,2003-11-01,28900.0,donor,insulated,jobs
Financial_Emp,2003-12-01,28900.0,donor,insulated,jobs
Financial_Emp,2004-01-01,29200.0,donor,insulated,jobs
Financial_Emp,2004-02-01,29100.0,donor,insulated,jobs
Financial_Emp,2004-03-01,29000.0,donor,insulated,jobs
Financial_Emp,2004-04-01,29200.0,donor,insulated,jobs
Financial_Emp,2004-05-01,29100.0,donor,insulated,jobs
Financial_Emp,2004-06-01,29200.0,donor,insulated,jobs
Financial_Emp,2004-07-01,29300.0,donor,insulated,jobs
Financial_Emp,2004-08-01,29100.0,donor,insulated,jobs
Financial_Emp,2004-09-01,29100.0,donor,insulated,jobs
Financial_Emp,2004-10-01,29400.0,donor,insulated,jobs
Financial_Emp,2004-11-01,29500.0,donor,insulated,jobs
Financial_Emp,2004-12-01,29400.0,donor,insulated,jobs
Financial_Emp,2005-01-01,29400.0,donor,insulated,jobs
Financial_Emp,2005-02-01,29600.0,donor,insulated,jobs
Financial_Emp,2005-03-01,29400.0,donor,insulated,jobs
Financial_Emp,2005-04-01,29400.0,donor,insulated,jobs
Financial_Emp,2005-05-01,29500.0,donor,insulated,jobs
Financial_Emp,2005-06-01,29500.0,donor,insulated,jobs
Financial_Emp,2005-07-01,29700.0,donor,insulated,jobs
Financial_Emp,2005-08-01,29800.0,donor,insulated,jobs
Financial_Emp,2005-09-01,29900.0,donor,insulated,jobs
Financial_Emp,2005-10-01,29900.0,donor,insulated,jobs
Financial_Emp,2005-11-01,30100.0,donor,insulated,jobs
Financial_Emp,2005-12-01,30000.0,donor,insulated,jobs
Financial_Emp,2006-01-01,30200.0,donor,insulated,jobs
Financial_Emp,2006-02-01,30200.0,donor,insulated,jobs
Financial_Emp,2006-03-01,30400.0,donor,insulated,jobs
Financial_Emp,2006-04-01,30400.0,donor,insulated,jobs
Financial_Emp,2006-05-01,30400.0,donor,insulated,jobs
Financial_Emp,2006-06-01,30500.0,donor,insulated,jobs
Financial_Emp,2006-07-01,30400.0,donor,insulated,jobs
Financial_Emp,2006-08-01,30500.0,donor,insulated,jobs
Financial_Emp,2006-09-01,30400.0,donor,insulated,jobs
Financial_Emp,2006-10-01,30300.0,donor,insulated,jobs
Financial_Emp,2006-11-01,30500.0,donor,insulated,jobs
Financial_Emp,2006-12-01,30500.0,donor,insulated,jobs
Financial_Emp,2007-01-01,30600.0,donor,insulated,jobs
Financial_Emp,2007-02-01,30600.0,donor,insulated,jobs
Financial_Emp,2007-03-01,30700.0,donor,insulated,jobs
Financial_Emp,2007-04-01,30400.0,donor,insulated,jobs
Financial_Emp,2007-05-01,30500.0,donor,insulated,jobs
Financial_Emp,2007-06-01,30700.0,donor,insulated,jobs
Financial_Emp,2007-07-01,30600.0,donor,insulated,jobs
Financial_Emp,2007-08-01,30500.0,donor,insulated,jobs
Financial_Emp,2007-09-01,30400.0,donor,insulated,jobs
Financial_Emp,2007-10-01,30500.0,donor,insulated,jobs
Financial_Emp,2007-11-01,30400.0,donor,insulated,jobs
Financial_Emp,2007-12-01,30400.0,donor,insulated,jobs
Financial_Emp,2008-01-01,30200.0,donor,insulated,jobs
Financial_Emp,2008-02-01,30400.0,donor,insulated,jobs
Financial_Emp,2008-03-01,30200.0,donor,insulated,jobs
Financial_Emp,2008-04-01,30200.0,donor,insulated,jobs
Financial_Emp,2008-05-01,30300.0,donor,insulated,jobs
Financial_Emp,2008-06-01,30200.0,donor,insulated,jobs
Financial_Emp,2008-07-01,30000.0,donor,insulated,jobs
Financial_Emp,2008-08-01,29900.0,donor,insulated,jobs
Financial_Emp,2008-09-01,29700.0,donor,insulated,jobs
Financial_Emp,2008-10-01,29200.0,donor,insulated,jobs
Financial_Emp,2008-11-01,29400.0,donor,insulated,jobs
Financial_Emp,2008-12-01,29100.0,donor,insulated,jobs
Financial_Emp,2009-01-01,28700.0,donor,insulated,jobs
Financial_Emp,2009-02-01,28600.0,donor,insulated,jobs
Financial_Emp,2009-03-01,28500.0,donor,insulated,jobs
Financial_Emp,2009-04-01,28300.0,donor,insulated,jobs
Financial_Emp,2009-05-01,28400.0,donor,insulated,jobs
Financial_Emp,2009-06-01,28400.0,donor,insulated,jobs
Financial_Emp,2009-07-01,28100.0,donor,insulated,jobs
Financial_Emp,2009-08-01,28100.0,donor,insulated,jobs
Financial_Emp,2009-09-01,28100.0,donor,insulated,jobs
Financial_Emp,2009-10-01,28000.0,donor,insulated,jobs
Financial_Emp,2009-11-01,28000.0,donor,insulated,jobs
Financial_Emp,2009-12-01,27900.0,donor,insulated,jobs
Financial_Emp,2010-01-01,27900.0,donor,insulated,jobs
Financial_Emp,2010-02-01,27800.0,donor,insulated,jobs
Financial_Emp,2010-03-01,27800.0,donor,insulated,jobs
Financial_Emp,2010-04-01,27500.0,donor,insulated,jobs
Financial_Emp,2010-05-01,27400.0,donor,insulated,jobs
Financial_Emp,2010-06-01,27400.0,donor,insulated,jobs
Financial_Emp,2010-07-01,27400.0,donor,insulated,jobs
Financial_Emp,2010-08-01,27400.0,donor,insulated,jobs
Financial_Emp,2010-09-01,27300.0,donor,insulated,jobs
Financial_Emp,2010-10-01,27500.0,donor,insulated,jobs
Financial_Emp,2010-11-01,27400.0,donor,insulated,jobs
Financial_Emp,2010-12-01,27400.0,donor,insulated,jobs
Financial_Emp,2011-01-01,27400.0,donor,insulated,jobs
Financial_Emp,2011-02-01,27400.0,donor,insulated,jobs
Financial_Emp,2011-03-01,27200.0,donor,insulated,jobs
Financial_Emp,2011-04-01,27200.0,donor,insulated,jobs
Financial_Emp,2011-05-01,27200.0,donor,insulated,jobs
Financial_Emp,2011-06-01,27200.0,donor,insulated,jobs
Financial_Emp,2011-07-01,27300.0,donor,insulated,jobs
Financial_Emp,2011-08-01,27200.0,donor,insulated,jobs
Financial_Emp,2011-09-01,27100.0,donor,insulated,jobs
Financial_Emp,2011-10-01,27200.0,donor,insulated,jobs
Financial_Emp,2011-11-01,27400.0,donor,insulated,jobs
Financial_Emp,2011-12-01,27200.0,donor,insulated,jobs
Financial_Emp,2012-01-01,27300.0,donor,insulated,jobs
Financial_Emp,2012-02-01,27300.0,donor,insulated,jobs
Financial_Emp,2012-03-01,27200.0,donor,insulated,jobs
Financial_Emp,2012-04-01,27200.0,donor,insulated,jobs
Financial_Emp,2012-05-01,27300.0,donor,insulated,jobs
Financial_Emp,2012-06-01,27500.0,donor,insulated,jobs
Financial_Emp,2012-07-01,27400.0,donor,insulated,jobs
Financial_Emp,2012-08-01,27400.0,donor,insulated,jobs
Financial_Emp,2012-09-01,27500.0,donor,insulated,jobs
Financial_Emp,2012-10-01,27500.0,donor,insulated,jobs
Financial_Emp,2012-11-01,27600.0,donor,insulated,jobs
Financial_Emp,2012-12-01,27500.0,donor,insulated,jobs
Financial_Emp,2013-01-01,27700.0,donor,insulated,jobs
Financial_Emp,2013-02-01,27600.0,donor,insulated,jobs
Financial_Emp,2013-03-01,27700.0,donor,insulated,jobs
Financial_Emp,2013-04-01,27800.0,donor,insulated,jobs
Financial_Emp,2013-05-01,27900.0,donor,insulated,jobs
Financial_Emp,2013-06-01,27900.0,donor,insulated,jobs
Financial_Emp,2013-07-01,27800.0,donor,insulated,jobs
Financial_Emp,2013-08-01,27800.0,donor,insulated,jobs
Financial_Emp,2013-09-01,28000.0,donor,insulated,jobs
Financial_Emp,2013-10-01,27900.0,donor,insulated,jobs
Financial_Emp,2013-11-01,28000.0,donor,insulated,jobs
Financial_Emp,2013-12-01,28000.0,donor,insulated,jobs
Financial_Emp,2014-01-01,28000.0,donor,insulated,jobs
Financial_Emp,2014-02-01,28000.0,donor,insulated,jobs
Financial_Emp,2014-03-01,28100.0,donor,insulated,jobs
Financial_Emp,2014-04-01,28100.0,donor,insulated,jobs
Financial_Emp,2014-05-01,28200.0,donor,insulated,jobs
Financial_Emp,2014-06-01,28200.0,donor,insulated,jobs
Financial_Emp,2014-07-01,28500.0,donor,insulated,jobs
Financial_Emp,2014-08-01,28500.0,donor,insulated,jobs
Financial_Emp,2014-09-01,28400.0,donor,insulated,jobs
Financial_Emp,2014-10-01,28500.0,donor,insulated,jobs
Financial_Emp,2014-11-01,28500.0,donor,insulated,jobs
Financial_Emp,2014-12-01,28700.0,donor,insulated,jobs
Financial_Emp,2015-01-01,28700.0,donor,insulated,jobs
Financial_Emp,2015-02-01,28700.0,donor,insulated,jobs
Financial_Emp,2015-03-01,28800.0,donor,insulated,jobs
Financial_Emp,2015-04-01,28900.0,donor,insulated,jobs
Financial_Emp,2015-05-01,28900.0,donor,insulated,jobs
Financial_Emp,2015-06-01,29000.0,donor,insulated,jobs
Financial_Emp,2015-07-01,28900.0,donor,insulated,jobs
Financial_Emp,2015-08-01,28900.0,donor,insulated,jobs
Financial_Emp,2015-09-01,28700.0,donor,insulated,jobs
Financial_Emp,2015-10-01,28700.0,donor,insulated,jobs
Financial_Emp,2015-11-01,28700.0,donor,insulated,jobs
Financial_Emp,2015-12-01,28800.0,donor,insulated,jobs
Financial_Emp,2016-01-01,29100.0,donor,insulated,jobs
Financial_Emp,2016-02-01,29100.0,donor,insulated,jobs
Financial_Emp,2016-03-01,29000.0,donor,insulated,jobs
Financial_Emp,2016-04-01,29100.0,donor,insulated,jobs
Financial_Emp,2016-05-01,29100.0,donor,insulated,jobs
Financial_Emp,2016-06-01,29100.0,donor,insulated,jobs
Financial_Emp,2016-07-01,29500.0,donor,insulated,jobs
Financial_Emp,2016-08-01,29600.0,donor,insulated,jobs
Financial_Emp,2016-09-01,29500.0,donor,insulated,jobs
Financial_Emp,2016-10-01,29400.0,donor,insulated,jobs
Financial_Emp,2016-11-01,29400.0,donor,insulated,jobs
Financial_Emp,2016-12-01,29400.0,donor,insulated,jobs
Financial_Emp,2017-01-01,29500.0,donor,insulated,jobs
Financial_Emp,2017-02-01,29400.0,donor,insulated,jobs
Financial_Emp,2017-03-01,29500.0,donor,insulated,jobs
Financial_Emp,2017-04-01,29300.0,donor,insulated,jobs
Financial_Emp,2017-05-01,29400.0,donor,insulated,jobs
Financial_Emp,2017-06-01,29500.0,donor,insulated,jobs
Financial_Emp,2017-07-01,29500.0,donor,insulated,jobs
Financial_Emp,2017-08-01,29500.0,donor,insulated,jobs
Financial_Emp,2017-09-01,29500.0,donor,insulated,jobs
Financial_Emp,2017-10-01,29500.0,donor,insulated,jobs
Financial_Emp,2017-11-01,29600.0,donor,insulated,jobs
Financial_Emp,2017-12-01,29600.0,donor,insulated,jobs
Financial_Emp,2018-01-01,29600.0,donor,insulated,jobs
Financial_Emp,2018-02-01,29500.0,donor,insulated,jobs
Financial_Emp,2018-03-01,29700.0,donor,insulated,jobs
Financial_Emp,2018-04-01,29700.0,donor,insulated,jobs
Financial_Emp,2018-05-01,29600.0,donor,insulated,jobs
Financial_Emp,2018-06-01,29700.0,donor,insulated,jobs
Financial_Emp,2018-07-01,29700.0,donor,insulated,jobs
Financial_Emp,2018-08-01,29700.0,donor,insulated,jobs
Financial_Emp,2018-09-01,29600.0,donor,insulated,jobs
Financial_Emp,2018-10-01,29800.0,donor,insulated,jobs
Financial_Emp,2018-11-01,29700.0,donor,insulated,jobs
Financial_Emp,2018-12-01,29700.0,donor,insulated,jobs
Financial_Emp,2019-01-01,29600.0,donor,insulated,jobs
Financial_Emp,2019-02-01,29700.0,donor,insulated,jobs
Financial_Emp,2019-03-01,29800.0,donor,insulated,jobs
Financial_Emp,2019-04-01,30000.0,donor,insulated,jobs
Financial_Emp,2019-05-01,30100.0,donor,insulated,jobs
Financial_Emp,2019-06-01,30200.0,donor,insulated,jobs
Financial_Emp,2019-07-01,30200.0,donor,insulated,jobs
Financial_Emp,2019-08-01,30100.0,donor,insulated,jobs
Financial_Emp,2019-09-01,30000.0,donor,insulated,jobs
Financial_Emp,2019-10-01,30200.0,donor,insulated,jobs
Financial_Emp,2019-11-01,30100.0,donor,insulated,jobs
Financial_Emp,2019-12-01,30000.0,donor,insulated,jobs
Financial_Emp,2020-01-01,30000.0,donor,insulated,jobs
Financial_Emp,2020-02-01,29900.0,donor,insulated,jobs
Financial_Emp,2020-03-01,29800.0,donor,insulated,jobs
Financial_Emp,2020-04-01,26800.0,donor,insulated,jobs
Financial_Emp,2020-05-01,26800.0,donor,insulated,jobs
Financial_Emp,2020-06-01,26600.0,donor,insulated,jobs
Financial_Emp,2020-07-01,26400.0,donor,insulated,jobs
Financial_Emp,2020-08-01,26400.0,donor,insulated,jobs
Financial_Emp,2020-09-01,26000.0,donor,insulated,jobs
Financial_Emp,2020-10-01,26300.0,donor,insulated,jobs
Financial_Emp,2020-11-01,26500.0,donor,insulated,jobs
Financial_Emp,2020-12-01,26500.0,donor,insulated,jobs
Financial_Emp,2021-01-01,26600.0,donor,insulated,jobs
Financial_Emp,2021-02-01,26600.0,donor,insulated,jobs
Financial_Emp,2021-03-01,26700.0,donor,insulated,jobs
Financial_Emp,2021-04-01,27000.0,donor,insulated,jobs
Financial_Emp,2021-05-01,27100.0,donor,insulated,jobs
Financial_Emp,2021-06-01,27300.0,donor,insulated,jobs
Financial_Emp,2021-07-01,27400.0,donor,insulated,jobs
Financial_Emp,2021-08-01,27500.0,donor,insulated,jobs
Financial_Emp,2021-09-01,27400.0,donor,insulated,jobs
Financial_Emp,2021-10-01,27800.0,donor,insulated,jobs
Financial_Emp,2021-11-01,27700.0,donor,insulated,jobs
Financial_Emp,2021-12-01,27900.0,donor,insulated,jobs
Financial_Emp,2022-01-01,27700.0,donor,insulated,jobs
Financial_Emp,2022-02-01,27600.0,donor,insulated,jobs
Financial_Emp,2022-03-01,27800.0,donor,insulated,jobs
Financial_Emp,2022-04-01,27800.0,donor,insulated,jobs
Financial_Emp,2022-05-01,27800.0,donor,insulated,jobs
Financial_Emp,2022-06-01,27800.0,donor,insulated,jobs
Financial_Emp,2022-07-01,27800.0,donor,insulated,jobs
Financial_Emp,2022-08-01,27800.0,donor,insulated,jobs
Financial_Emp,2022-09-01,27900.0,donor,insulated,jobs
Financial_Emp,2022-10-01,27900.0,donor,insulated,jobs
Financial_Emp,2022-11-01,27800.0,donor,insulated,jobs
Financial_Emp,2022-12-01,27800.0,donor,insulated,jobs
Financial_Emp,2023-01-01,27900.0,donor,insulated,jobs
Financial_Emp,2023-02-01,28000.0,donor,insulated,jobs
Financial_Emp,2023-03-01,28000.0,donor,insulated,jobs
Financial_Emp,2023-04-01,27900.0,donor,insulated,jobs
Financial_Emp,2023-05-01,27800.0,donor,insulated,jobs
Financial_Emp,2023-06-01,27900.0,donor,insulated,jobs
Financial_Emp,2023-07-01,27800.0,donor,insulated,jobs
Financial_Emp,2023-08-01,27800.0,donor,insulated,jobs
Financial_Emp,2023-09-01,27500.0,donor,insulated,jobs
Financial_Emp,2023-10-01,27500.0,donor,insulated,jobs
Financial_Emp,2023-11-01,27400.0,donor,insulated,jobs
Financial_Emp,2023-12-01,27500.0,donor,insulated,jobs
Financial_Emp,2024-01-01,27500.0,donor,insulated,jobs
Financial_Emp,2024-02-01,27400.0,donor,insulated,jobs
Financial_Emp,2024-03-01,27400.0,donor,insulated,jobs
Financial_Emp,2024-04-01,27300.0,donor,insulated,jobs
Financial_Emp,2024-05-01,27500.0,donor,insulated,jobs
Financial_Emp,2024-06-01,27500.0,donor,insulated,jobs
Financial_Emp,2024-07-01,27300.0,donor,insulated,jobs
Financial_Emp,2024-08-01,27500.0,donor,insulated,jobs
Financial_Emp,2024-09-01,27500.0,donor,insulated,jobs
Financial_Emp,2024-10-01,27300.0,donor,insulated,jobs
Financial_Emp,2024-11-01,27400.0,donor,insulated,jobs
Financial_Emp,2024-12-01,27300.0,donor,insulated,jobs
Financial_Emp,2025-01-01,27200.0,donor,insulated,jobs
Financial_Emp,2025-02-01,27000.0,donor,insulated,jobs
Financial_Emp,2025-03-01,27000.0,donor,insulated,jobs
Financial_Emp,2025-04-01,27000.0,donor,insulated,jobs
Financial_Emp,2025-05-01,27100.0,donor,insulated,jobs
Financial_Emp,2025-06-01,27000.0,donor,insulated,jobs
Financial_Emp,2025-07-01,27000.0,donor,insulated,jobs
Financial_Emp,2025-08-01,26900.0,donor,insulated,jobs
Financial_Emp,2025-09-01,27000.0,donor,insulated,jobs
Financial_Emp,2025-10-01,26900.0,donor,insulated,jobs
Financial_Emp,2025-11-01,26800.0,donor,insulated,jobs
Financial_Emp,2025-12-01,26700.0,donor,insulated,jobs
Financial_Emp,2026-01-01,26600.0,donor,insulated,jobs
Financial_Emp,2026-02-01,26600.0,donor,insulated,jobs
Financial_Emp,2026-03-01,26600.0,donor,insulated,jobs
Financial_Emp,2026-04-01,26500.0,donor,insulated,jobs
Financial_Emp,2026-05-01,26500.0,donor,insulated,jobs
Government_Emp,1990-01-01,103000.0,donor,insulated,jobs
Government_Emp,1990-02-01,102800.0,donor,insulated,jobs
Government_Emp,1990-03-01,104300.0,donor,insulated,jobs
Government_Emp,1990-04-01,105800.0,donor,insulated,jobs
Government_Emp,1990-05-01,106500.0,donor,insulated,jobs
Government_Emp,1990-06-01,105700.0,donor,insulated,jobs
Government_Emp,1990-07-01,106800.0,donor,insulated,jobs
Government_Emp,1990-08-01,106300.0,donor,insulated,jobs
Government_Emp,1990-09-01,106300.0,donor,insulated,jobs
Government_Emp,1990-10-01,106600.0,donor,insulated,jobs
Government_Emp,1990-11-01,107300.0,donor,insulated,jobs
Government_Emp,1990-12-01,106800.0,donor,insulated,jobs
Government_Emp,1991-01-01,109500.0,donor,insulated,jobs
Government_Emp,1991-02-01,107600.0,donor,insulated,jobs
Government_Emp,1991-03-01,107500.0,donor,insulated,jobs
Government_Emp,1991-04-01,107800.0,donor,insulated,jobs
Government_Emp,1991-05-01,107700.0,donor,insulated,jobs
Government_Emp,1991-06-01,108000.0,donor,insulated,jobs
Government_Emp,1991-07-01,109300.0,donor,insulated,jobs
Government_Emp,1991-08-01,109700.0,donor,insulated,jobs
Government_Emp,1991-09-01,109700.0,donor,insulated,jobs
Government_Emp,1991-10-01,110400.0,donor,insulated,jobs
Government_Emp,1991-11-01,110500.0,donor,insulated,jobs
Government_Emp,1991-12-01,110500.0,donor,insulated,jobs
Government_Emp,1992-01-01,110700.0,donor,insulated,jobs
Government_Emp,1992-02-01,110700.0,donor,insulated,jobs
Government_Emp,1992-03-01,110700.0,donor,insulated,jobs
Government_Emp,1992-04-01,110800.0,donor,insulated,jobs
Government_Emp,1992-05-01,110200.0,donor,insulated,jobs
Government_Emp,1992-06-01,110900.0,donor,insulated,jobs
Government_Emp,1992-07-01,111100.0,donor,insulated,jobs
Government_Emp,1992-08-01,111200.0,donor,insulated,jobs
Government_Emp,1992-09-01,111100.0,donor,insulated,jobs
Government_Emp,1992-10-01,111200.0,donor,insulated,jobs
Government_Emp,1992-11-01,111700.0,donor,insulated,jobs
Government_Emp,1992-12-01,111600.0,donor,insulated,jobs
Government_Emp,1993-01-01,110500.0,donor,insulated,jobs
Government_Emp,1993-02-01,111100.0,donor,insulated,jobs
Government_Emp,1993-03-01,111600.0,donor,insulated,jobs
Government_Emp,1993-04-01,111700.0,donor,insulated,jobs
Government_Emp,1993-05-01,111900.0,donor,insulated,jobs
Government_Emp,1993-06-01,111300.0,donor,insulated,jobs
Government_Emp,1993-07-01,111200.0,donor,insulated,jobs
Government_Emp,1993-08-01,111300.0,donor,insulated,jobs
Government_Emp,1993-09-01,110900.0,donor,insulated,jobs
Government_Emp,1993-10-01,112000.0,donor,insulated,jobs
Government_Emp,1993-11-01,111600.0,donor,insulated,jobs
Government_Emp,1993-12-01,112000.0,donor,insulated,jobs
Government_Emp,1994-01-01,111700.0,donor,insulated,jobs
Government_Emp,1994-02-01,111900.0,donor,insulated,jobs
Government_Emp,1994-03-01,112100.0,donor,insulated,jobs
Government_Emp,1994-04-01,112000.0,donor,insulated,jobs
Government_Emp,1994-05-01,109600.0,donor,insulated,jobs
Government_Emp,1994-06-01,112400.0,donor,insulated,jobs
Government_Emp,1994-07-01,112600.0,donor,insulated,jobs
Government_Emp,1994-08-01,112400.0,donor,insulated,jobs
Government_Emp,1994-09-01,111500.0,donor,insulated,jobs
Government_Emp,1994-10-01,112600.0,donor,insulated,jobs
Government_Emp,1994-11-01,112400.0,donor,insulated,jobs
Government_Emp,1994-12-01,112400.0,donor,insulated,jobs
Government_Emp,1995-01-01,113800.0,donor,insulated,jobs
Government_Emp,1995-02-01,113200.0,donor,insulated,jobs
Government_Emp,1995-03-01,113400.0,donor,insulated,jobs
Government_Emp,1995-04-01,113700.0,donor,insulated,jobs
Government_Emp,1995-05-01,112300.0,donor,insulated,jobs
Government_Emp,1995-06-01,111800.0,donor,insulated,jobs
Government_Emp,1995-07-01,111600.0,donor,insulated,jobs
Government_Emp,1995-08-01,109600.0,donor,insulated,jobs
Government_Emp,1995-09-01,108700.0,donor,insulated,jobs
Government_Emp,1995-10-01,109900.0,donor,insulated,jobs
Government_Emp,1995-11-01,109800.0,donor,insulated,jobs
Government_Emp,1995-12-01,109700.0,donor,insulated,jobs
Government_Emp,1996-01-01,109600.0,donor,insulated,jobs
Government_Emp,1996-02-01,111000.0,donor,insulated,jobs
Government_Emp,1996-03-01,111300.0,donor,insulated,jobs
Government_Emp,1996-04-01,111100.0,donor,insulated,jobs
Government_Emp,1996-05-01,110900.0,donor,insulated,jobs
Government_Emp,1996-06-01,110500.0,donor,insulated,jobs
Government_Emp,1996-07-01,111800.0,donor,insulated,jobs
Government_Emp,1996-08-01,111200.0,donor,insulated,jobs
Government_Emp,1996-09-01,108100.0,donor,insulated,jobs
Government_Emp,1996-10-01,110400.0,donor,insulated,jobs
Government_Emp,1996-11-01,110700.0,donor,insulated,jobs
Government_Emp,1996-12-01,110700.0,donor,insulated,jobs
Government_Emp,1997-01-01,111100.0,donor,insulated,jobs
Government_Emp,1997-02-01,111400.0,donor,insulated,jobs
Government_Emp,1997-03-01,111000.0,donor,insulated,jobs
Government_Emp,1997-04-01,111300.0,donor,insulated,jobs
Government_Emp,1997-05-01,111600.0,donor,insulated,jobs
Government_Emp,1997-06-01,111900.0,donor,insulated,jobs
Government_Emp,1997-07-01,111800.0,donor,insulated,jobs
Government_Emp,1997-08-01,113300.0,donor,insulated,jobs
Government_Emp,1997-09-01,110700.0,donor,insulated,jobs
Government_Emp,1997-10-01,111800.0,donor,insulated,jobs
Government_Emp,1997-11-01,111700.0,donor,insulated,jobs
Government_Emp,1997-12-01,111600.0,donor,insulated,jobs
Government_Emp,1998-01-01,111600.0,donor,insulated,jobs
Government_Emp,1998-02-01,111400.0,donor,insulated,jobs
Government_Emp,1998-03-01,111900.0,donor,insulated,jobs
Government_Emp,1998-04-01,111700.0,donor,insulated,jobs
Government_Emp,1998-05-01,111900.0,donor,insulated,jobs
Government_Emp,1998-06-01,111700.0,donor,insulated,jobs
Government_Emp,1998-07-01,112300.0,donor,insulated,jobs
Government_Emp,1998-08-01,113300.0,donor,insulated,jobs
Government_Emp,1998-09-01,113200.0,donor,insulated,jobs
Government_Emp,1998-10-01,111800.0,donor,insulated,jobs
Government_Emp,1998-11-01,111500.0,donor,insulated,jobs
Government_Emp,1998-12-01,111700.0,donor,insulated,jobs
Government_Emp,1999-01-01,111100.0,donor,insulated,jobs
Government_Emp,1999-02-01,111500.0,donor,insulated,jobs
Government_Emp,1999-03-01,111600.0,donor,insulated,jobs
Government_Emp,1999-04-01,111600.0,donor,insulated,jobs
Government_Emp,1999-05-01,111400.0,donor,insulated,jobs
Government_Emp,1999-06-01,112000.0,donor,insulated,jobs
Government_Emp,1999-07-01,113000.0,donor,insulated,jobs
Government_Emp,1999-08-01,115900.0,donor,insulated,jobs
Government_Emp,1999-09-01,114100.0,donor,insulated,jobs
Government_Emp,1999-10-01,113400.0,donor,insulated,jobs
Government_Emp,1999-11-01,113200.0,donor,insulated,jobs
Government_Emp,1999-12-01,113200.0,donor,insulated,jobs
Government_Emp,2000-01-01,113200.0,donor,insulated,jobs
Government_Emp,2000-02-01,113400.0,donor,insulated,jobs
Government_Emp,2000-03-01,114300.0,donor,insulated,jobs
Government_Emp,2000-04-01,115200.0,donor,insulated,jobs
Government_Emp,2000-05-01,116200.0,donor,insulated,jobs
Government_Emp,2000-06-01,115500.0,donor,insulated,jobs
Government_Emp,2000-07-01,115500.0,donor,insulated,jobs
Government_Emp,2000-08-01,114400.0,donor,insulated,jobs
Government_Emp,2000-09-01,115100.0,donor,insulated,jobs
Government_Emp,2000-10-01,114500.0,donor,insulated,jobs
Government_Emp,2000-11-01,114300.0,donor,insulated,jobs
Government_Emp,2000-12-01,114700.0,donor,insulated,jobs
Government_Emp,2001-01-01,110400.0,donor,insulated,jobs
Government_Emp,2001-02-01,114200.0,donor,insulated,jobs
Government_Emp,2001-03-01,114200.0,donor,insulated,jobs
Government_Emp,2001-04-01,113700.0,donor,insulated,jobs
Government_Emp,2001-05-01,111600.0,donor,insulated,jobs
Government_Emp,2001-06-01,115100.0,donor,insulated,jobs
Government_Emp,2001-07-01,114800.0,donor,insulated,jobs
Government_Emp,2001-08-01,115200.0,donor,insulated,jobs
Government_Emp,2001-09-01,116200.0,donor,insulated,jobs
Government_Emp,2001-10-01,115900.0,donor,insulated,jobs
Government_Emp,2001-11-01,116400.0,donor,insulated,jobs
Government_Emp,2001-12-01,116500.0,donor,insulated,jobs
Government_Emp,2002-01-01,117100.0,donor,insulated,jobs
Government_Emp,2002-02-01,117200.0,donor,insulated,jobs
Government_Emp,2002-03-01,117700.0,donor,insulated,jobs
Government_Emp,2002-04-01,113300.0,donor,insulated,jobs
Government_Emp,2002-05-01,118000.0,donor,insulated,jobs
Government_Emp,2002-06-01,122100.0,donor,insulated,jobs
Government_Emp,2002-07-01,118300.0,donor,insulated,jobs
Government_Emp,2002-08-01,118100.0,donor,insulated,jobs
Government_Emp,2002-09-01,118200.0,donor,insulated,jobs
Government_Emp,2002-10-01,119000.0,donor,insulated,jobs
Government_Emp,2002-11-01,117700.0,donor,insulated,jobs
Government_Emp,2002-12-01,119200.0,donor,insulated,jobs
Government_Emp,2003-01-01,119600.0,donor,insulated,jobs
Government_Emp,2003-02-01,119700.0,donor,insulated,jobs
Government_Emp,2003-03-01,119600.0,donor,insulated,jobs
Government_Emp,2003-04-01,117800.0,donor,insulated,jobs
Government_Emp,2003-05-01,119200.0,donor,insulated,jobs
Government_Emp,2003-06-01,119600.0,donor,insulated,jobs
Government_Emp,2003-07-01,120300.0,donor,insulated,jobs
Government_Emp,2003-08-01,118800.0,donor,insulated,jobs
Government_Emp,2003-09-01,117900.0,donor,insulated,jobs
Government_Emp,2003-10-01,119300.0,donor,insulated,jobs
Government_Emp,2003-11-01,117600.0,donor,insulated,jobs
Government_Emp,2003-12-01,118900.0,donor,insulated,jobs
Government_Emp,2004-01-01,119200.0,donor,insulated,jobs
Government_Emp,2004-02-01,119200.0,donor,insulated,jobs
Government_Emp,2004-03-01,119800.0,donor,insulated,jobs
Government_Emp,2004-04-01,119800.0,donor,insulated,jobs
Government_Emp,2004-05-01,120100.0,donor,insulated,jobs
Government_Emp,2004-06-01,119800.0,donor,insulated,jobs
Government_Emp,2004-07-01,120500.0,donor,insulated,jobs
Government_Emp,2004-08-01,120400.0,donor,insulated,jobs
Government_Emp,2004-09-01,120200.0,donor,insulated,jobs
Government_Emp,2004-10-01,120200.0,donor,insulated,jobs
Government_Emp,2004-11-01,120200.0,donor,insulated,jobs
Government_Emp,2004-12-01,120000.0,donor,insulated,jobs
Government_Emp,2005-01-01,119100.0,donor,insulated,jobs
Government_Emp,2005-02-01,119400.0,donor,insulated,jobs
Government_Emp,2005-03-01,119600.0,donor,insulated,jobs
Government_Emp,2005-04-01,119600.0,donor,insulated,jobs
Government_Emp,2005-05-01,119900.0,donor,insulated,jobs
Government_Emp,2005-06-01,120400.0,donor,insulated,jobs
Government_Emp,2005-07-01,120700.0,donor,insulated,jobs
Government_Emp,2005-08-01,121400.0,donor,insulated,jobs
Government_Emp,2005-09-01,119600.0,donor,insulated,jobs
Government_Emp,2005-10-01,119800.0,donor,insulated,jobs
Government_Emp,2005-11-01,117000.0,donor,insulated,jobs
Government_Emp,2005-12-01,119900.0,donor,insulated,jobs
Government_Emp,2006-01-01,118400.0,donor,insulated,jobs
Government_Emp,2006-02-01,120400.0,donor,insulated,jobs
Government_Emp,2006-03-01,120500.0,donor,insulated,jobs
Government_Emp,2006-04-01,121100.0,donor,insulated,jobs
Government_Emp,2006-05-01,121200.0,donor,insulated,jobs
Government_Emp,2006-06-01,121400.0,donor,insulated,jobs
Government_Emp,2006-07-01,121200.0,donor,insulated,jobs
Government_Emp,2006-08-01,121600.0,donor,insulated,jobs
Government_Emp,2006-09-01,123100.0,donor,insulated,jobs
Government_Emp,2006-10-01,121900.0,donor,insulated,jobs
Government_Emp,2006-11-01,122500.0,donor,insulated,jobs
Government_Emp,2006-12-01,122500.0,donor,insulated,jobs
Government_Emp,2007-01-01,122800.0,donor,insulated,jobs
Government_Emp,2007-02-01,122800.0,donor,insulated,jobs
Government_Emp,2007-03-01,122600.0,donor,insulated,jobs
Government_Emp,2007-04-01,118900.0,donor,insulated,jobs
Government_Emp,2007-05-01,122500.0,donor,insulated,jobs
Government_Emp,2007-06-01,122600.0,donor,insulated,jobs
Government_Emp,2007-07-01,122400.0,donor,insulated,jobs
Government_Emp,2007-08-01,120700.0,donor,insulated,jobs
Government_Emp,2007-09-01,123700.0,donor,insulated,jobs
Government_Emp,2007-10-01,123300.0,donor,insulated,jobs
Government_Emp,2007-11-01,119700.0,donor,insulated,jobs
Government_Emp,2007-12-01,123900.0,donor,insulated,jobs
Government_Emp,2008-01-01,123200.0,donor,insulated,jobs
Government_Emp,2008-02-01,123500.0,donor,insulated,jobs
Government_Emp,2008-03-01,124200.0,donor,insulated,jobs
Government_Emp,2008-04-01,124100.0,donor,insulated,jobs
Government_Emp,2008-05-01,124800.0,donor,insulated,jobs
Government_Emp,2008-06-01,124900.0,donor,insulated,jobs
Government_Emp,2008-07-01,125100.0,donor,insulated,jobs
Government_Emp,2008-08-01,127800.0,donor,insulated,jobs
Government_Emp,2008-09-01,125100.0,donor,insulated,jobs
Government_Emp,2008-10-01,125500.0,donor,insulated,jobs
Government_Emp,2008-11-01,130400.0,donor,insulated,jobs
Government_Emp,2008-12-01,125600.0,donor,insulated,jobs
Government_Emp,2009-01-01,126600.0,donor,insulated,jobs
Government_Emp,2009-02-01,125400.0,donor,insulated,jobs
Government_Emp,2009-03-01,125900.0,donor,insulated,jobs
Government_Emp,2009-04-01,126800.0,donor,insulated,jobs
Government_Emp,2009-05-01,126400.0,donor,insulated,jobs
Government_Emp,2009-06-01,127000.0,donor,insulated,jobs
Government_Emp,2009-07-01,126700.0,donor,insulated,jobs
Government_Emp,2009-08-01,126100.0,donor,insulated,jobs
Government_Emp,2009-09-01,123800.0,donor,insulated,jobs
Government_Emp,2009-10-01,123600.0,donor,insulated,jobs
Government_Emp,2009-11-01,123800.0,donor,insulated,jobs
Government_Emp,2009-12-01,123700.0,donor,insulated,jobs
Government_Emp,2010-01-01,125800.0,donor,insulated,jobs
Government_Emp,2010-02-01,123600.0,donor,insulated,jobs
Government_Emp,2010-03-01,124400.0,donor,insulated,jobs
Government_Emp,2010-04-01,124900.0,donor,insulated,jobs
Government_Emp,2010-05-01,126000.0,donor,insulated,jobs
Government_Emp,2010-06-01,125200.0,donor,insulated,jobs
Government_Emp,2010-07-01,127100.0,donor,insulated,jobs
Government_Emp,2010-08-01,124800.0,donor,insulated,jobs
Government_Emp,2010-09-01,124100.0,donor,insulated,jobs
Government_Emp,2010-10-01,124100.0,donor,insulated,jobs
Government_Emp,2010-11-01,128199.99999999999,donor,insulated,jobs
Government_Emp,2010-12-01,124200.0,donor,insulated,jobs
Government_Emp,2011-01-01,123900.0,donor,insulated,jobs
Government_Emp,2011-02-01,124800.0,donor,insulated,jobs
Government_Emp,2011-03-01,124700.0,donor,insulated,jobs
Government_Emp,2011-04-01,124500.0,donor,insulated,jobs
Government_Emp,2011-05-01,124500.0,donor,insulated,jobs
Government_Emp,2011-06-01,124400.0,donor,insulated,jobs
Government_Emp,2011-07-01,126100.0,donor,insulated,jobs
Government_Emp,2011-08-01,123600.0,donor,insulated,jobs
Government_Emp,2011-09-01,124800.0,donor,insulated,jobs
Government_Emp,2011-10-01,124900.0,donor,insulated,jobs
Government_Emp,2011-11-01,124400.0,donor,insulated,jobs
Government_Emp,2011-12-01,125000.0,donor,insulated,jobs
Government_Emp,2012-01-01,116700.0,donor,insulated,jobs
Government_Emp,2012-02-01,125700.0,donor,insulated,jobs
Government_Emp,2012-03-01,125600.0,donor,insulated,jobs
Government_Emp,2012-04-01,126400.0,donor,insulated,jobs
Government_Emp,2012-05-01,125700.0,donor,insulated,jobs
Government_Emp,2012-06-01,125600.0,donor,insulated,jobs
Government_Emp,2012-07-01,125900.0,donor,insulated,jobs
Government_Emp,2012-08-01,130199.99999999999,donor,insulated,jobs
Government_Emp,2012-09-01,125400.0,donor,insulated,jobs
Government_Emp,2012-10-01,125500.0,donor,insulated,jobs
Government_Emp,2012-11-01,128199.99999999999,donor,insulated,jobs
Government_Emp,2012-12-01,125800.0,donor,insulated,jobs
Government_Emp,2013-01-01,117600.0,donor,insulated,jobs
Government_Emp,2013-02-01,125900.0,donor,insulated,jobs
Government_Emp,2013-03-01,125800.0,donor,insulated,jobs
Government_Emp,2013-04-01,123400.0,donor,insulated,jobs
Government_Emp,2013-05-01,126000.0,donor,insulated,jobs
Government_Emp,2013-06-01,125300.0,donor,insulated,jobs
Government_Emp,2013-07-01,125700.0,donor,insulated,jobs
Government_Emp,2013-08-01,123400.0,donor,insulated,jobs
Government_Emp,2013-09-01,125700.0,donor,insulated,jobs
Government_Emp,2013-10-01,126100.0,donor,insulated,jobs
Government_Emp,2013-11-01,123200.0,donor,insulated,jobs
Government_Emp,2013-12-01,125900.0,donor,insulated,jobs
Government_Emp,2014-01-01,126000.0,donor,insulated,jobs
Government_Emp,2014-02-01,126000.0,donor,insulated,jobs
Government_Emp,2014-03-01,125700.0,donor,insulated,jobs
Government_Emp,2014-04-01,125400.0,donor,insulated,jobs
Government_Emp,2014-05-01,126000.0,donor,insulated,jobs
Government_Emp,2014-06-01,126400.0,donor,insulated,jobs
Government_Emp,2014-07-01,126400.0,donor,insulated,jobs
Government_Emp,2014-08-01,128400.0,donor,insulated,jobs
Government_Emp,2014-09-01,126100.0,donor,insulated,jobs
Government_Emp,2014-10-01,125700.0,donor,insulated,jobs
Government_Emp,2014-11-01,129100.0,donor,insulated,jobs
Government_Emp,2014-12-01,123000.0,donor,insulated,jobs
Government_Emp,2015-01-01,126500.0,donor,insulated,jobs
Government_Emp,2015-02-01,126000.0,donor,insulated,jobs
Government_Emp,2015-03-01,125900.0,donor,insulated,jobs
Government_Emp,2015-04-01,127100.0,donor,insulated,jobs
Government_Emp,2015-05-01,126200.0,donor,insulated,jobs
Government_Emp,2015-06-01,126300.0,donor,insulated,jobs
Government_Emp,2015-07-01,126300.0,donor,insulated,jobs
Government_Emp,2015-08-01,130300.00000000001,donor,insulated,jobs
Government_Emp,2015-09-01,126200.0,donor,insulated,jobs
Government_Emp,2015-10-01,126400.0,donor,insulated,jobs
Government_Emp,2015-11-01,123800.0,donor,insulated,jobs
Government_Emp,2015-12-01,126400.0,donor,insulated,jobs
Government_Emp,2016-01-01,123700.0,donor,insulated,jobs
Government_Emp,2016-02-01,125400.0,donor,insulated,jobs
Government_Emp,2016-03-01,126000.0,donor,insulated,jobs
Government_Emp,2016-04-01,125000.0,donor,insulated,jobs
Government_Emp,2016-05-01,125700.0,donor,insulated,jobs
Government_Emp,2016-06-01,126000.0,donor,insulated,jobs
Government_Emp,2016-07-01,126300.0,donor,insulated,jobs
Government_Emp,2016-08-01,128300.00000000001,donor,insulated,jobs
Government_Emp,2016-09-01,126600.0,donor,insulated,jobs
Government_Emp,2016-10-01,126400.0,donor,insulated,jobs
Government_Emp,2016-11-01,128199.99999999999,donor,insulated,jobs
Government_Emp,2016-12-01,126700.0,donor,insulated,jobs
Government_Emp,2017-01-01,127000.0,donor,insulated,jobs
Government_Emp,2017-02-01,127000.0,donor,insulated,jobs
Government_Emp,2017-03-01,126800.0,donor,insulated,jobs
Government_Emp,2017-04-01,127400.0,donor,insulated,jobs
Government_Emp,2017-05-01,126200.0,donor,insulated,jobs
Government_Emp,2017-06-01,126100.0,donor,insulated,jobs
Government_Emp,2017-07-01,124300.0,donor,insulated,jobs
Government_Emp,2017-08-01,120500.0,donor,insulated,jobs
Government_Emp,2017-09-01,125400.0,donor,insulated,jobs
Government_Emp,2017-10-01,125400.0,donor,insulated,jobs
Government_Emp,2017-11-01,125000.0,donor,insulated,jobs
Government_Emp,2017-12-01,125400.0,donor,insulated,jobs
Government_Emp,2018-01-01,124400.0,donor,insulated,jobs
Government_Emp,2018-02-01,125200.0,donor,insulated,jobs
Government_Emp,2018-03-01,125000.0,donor,insulated,jobs
Government_Emp,2018-04-01,124700.0,donor,insulated,jobs
Government_Emp,2018-05-01,125100.0,donor,insulated,jobs
Government_Emp,2018-06-01,125000.0,donor,insulated,jobs
Government_Emp,2018-07-01,125300.0,donor,insulated,jobs
Government_Emp,2018-08-01,126500.0,donor,insulated,jobs
Government_Emp,2018-09-01,125400.0,donor,insulated,jobs
Government_Emp,2018-10-01,125600.0,donor,insulated,jobs
Government_Emp,2018-11-01,128800.00000000001,donor,insulated,jobs
Government_Emp,2018-12-01,126500.0,donor,insulated,jobs
Government_Emp,2019-01-01,125300.0,donor,insulated,jobs
Government_Emp,2019-02-01,126600.0,donor,insulated,jobs
Government_Emp,2019-03-01,126600.0,donor,insulated,jobs
Government_Emp,2019-04-01,126000.0,donor,insulated,jobs
Government_Emp,2019-05-01,126700.0,donor,insulated,jobs
Government_Emp,2019-06-01,126600.0,donor,insulated,jobs
Government_Emp,2019-07-01,125100.0,donor,insulated,jobs
Government_Emp,2019-08-01,123100.0,donor,insulated,jobs
Government_Emp,2019-09-01,127300.0,donor,insulated,jobs
Government_Emp,2019-10-01,127200.0,donor,insulated,jobs
Government_Emp,2019-11-01,127200.0,donor,insulated,jobs
Government_Emp,2019-12-01,127100.0,donor,insulated,jobs
Government_Emp,2020-01-01,127900.0,donor,insulated,jobs
Government_Emp,2020-02-01,127800.0,donor,insulated,jobs
Government_Emp,2020-03-01,128199.99999999999,donor,insulated,jobs
Government_Emp,2020-04-01,115000.0,donor,insulated,jobs
Government_Emp,2020-05-01,112700.0,donor,insulated,jobs
Government_Emp,2020-06-01,117400.0,donor,insulated,jobs
Government_Emp,2020-07-01,122900.0,donor,insulated,jobs
Government_Emp,2020-08-01,124400.0,donor,insulated,jobs
Government_Emp,2020-09-01,120700.0,donor,insulated,jobs
Government_Emp,2020-10-01,118900.0,donor,insulated,jobs
Government_Emp,2020-11-01,118600.0,donor,insulated,jobs
Government_Emp,2020-12-01,119000.0,donor,insulated,jobs
Government_Emp,2021-01-01,119900.0,donor,insulated,jobs
Government_Emp,2021-02-01,118400.0,donor,insulated,jobs
Government_Emp,2021-03-01,118900.0,donor,insulated,jobs
Government_Emp,2021-04-01,120900.0,donor,insulated,jobs
Government_Emp,2021-05-01,120400.0,donor,insulated,jobs
Government_Emp,2021-06-01,120300.0,donor,insulated,jobs
Government_Emp,2021-07-01,122800.0,donor,insulated,jobs
Government_Emp,2021-08-01,120800.0,donor,insulated,jobs
Government_Emp,2021-09-01,120400.0,donor,insulated,jobs
Government_Emp,2021-10-01,120000.0,donor,insulated,jobs
Government_Emp,2021-11-01,119800.0,donor,insulated,jobs
Government_Emp,2021-12-01,120000.0,donor,insulated,jobs
Government_Emp,2022-01-01,119900.0,donor,insulated,jobs
Government_Emp,2022-02-01,119900.0,donor,insulated,jobs
Government_Emp,2022-03-01,119700.0,donor,insulated,jobs
Government_Emp,2022-04-01,120100.0,donor,insulated,jobs
Government_Emp,2022-05-01,119600.0,donor,insulated,jobs
Government_Emp,2022-06-01,120200.0,donor,insulated,jobs
Government_Emp,2022-07-01,121400.0,donor,insulated,jobs
Government_Emp,2022-08-01,122600.0,donor,insulated,jobs
Government_Emp,2022-09-01,121800.0,donor,insulated,jobs
Government_Emp,2022-10-01,121200.0,donor,insulated,jobs
Government_Emp,2022-11-01,121600.0,donor,insulated,jobs
Government_Emp,2022-12-01,121800.0,donor,insulated,jobs
Government_Emp,2023-01-01,118800.0,donor,insulated,jobs
Government_Emp,2023-02-01,122300.0,donor,insulated,jobs
Government_Emp,2023-03-01,122400.0,donor,insulated,jobs
Government_Emp,2023-04-01,123300.0,donor,insulated,jobs
Government_Emp,2023-05-01,122800.0,donor,insulated,jobs
Government_Emp,2023-06-01,122500.0,donor,insulated,jobs
Government_Emp,2023-07-01,123000.0,donor,insulated,jobs
Government_Emp,2023-08-01,122200.0,donor,insulated,jobs
Government_Emp,2023-09-01,124600.0,donor,insulated,jobs
Government_Emp,2023-10-01,125000.0,donor,insulated,jobs
Government_Emp,2023-11-01,125100.0,donor,insulated,jobs
Government_Emp,2023-12-01,125300.0,donor,insulated,jobs
Government_Emp,2024-01-01,124700.0,donor,insulated,jobs
Government_Emp,2024-02-01,125700.0,donor,insulated,jobs
Government_Emp,2024-03-01,125500.0,donor,insulated,jobs
Government_Emp,2024-04-01,123900.0,donor,insulated,jobs
Government_Emp,2024-05-01,125400.0,donor,insulated,jobs
Government_Emp,2024-06-01,125400.0,donor,insulated,jobs
Government_Emp,2024-07-01,125400.0,donor,insulated,jobs
Government_Emp,2024-08-01,124700.0,donor,insulated,jobs
Government_Emp,2024-09-01,126000.0,donor,insulated,jobs
Government_Emp,2024-10-01,127200.0,donor,insulated,jobs
Government_Emp,2024-11-01,127400.0,donor,insulated,jobs
Government_Emp,2024-12-01,126800.0,donor,insulated,jobs
Government_Emp,2025-01-01,128300.00000000001,donor,insulated,jobs
Government_Emp,2025-02-01,127200.0,donor,insulated,jobs
Government_Emp,2025-03-01,129000.0,donor,insulated,jobs
Government_Emp,2025-04-01,126500.0,donor,insulated,jobs
Government_Emp,2025-05-01,126900.0,donor,insulated,jobs
Government_Emp,2025-06-01,126700.0,donor,insulated,jobs
Government_Emp,2025-07-01,126500.0,donor,insulated,jobs
Government_Emp,2025-08-01,126400.0,donor,insulated,jobs
Government_Emp,2025-09-01,126300.0,donor,insulated,jobs
Government_Emp,2025-10-01,124600.0,donor,insulated,jobs
Government_Emp,2025-11-01,125400.0,donor,insulated,jobs
Government_Emp,2025-12-01,124600.0,donor,insulated,jobs
Government_Emp,2026-01-01,124900.0,donor,insulated,jobs
Government_Emp,2026-02-01,124900.0,donor,insulated,jobs
Government_Emp,2026-03-01,124800.0,donor,insulated,jobs
Government_Emp,2026-04-01,125300.0,donor,insulated,jobs
Government_Emp,2026-05-01,125400.0,donor,insulated,jobs
HealthCare_Emp,1990-01-01,36800.0,donor,insulated,jobs
HealthCare_Emp,1990-02-01,36900.0,donor,insulated,jobs
HealthCare_Emp,1990-03-01,37000.0,donor,insulated,jobs
HealthCare_Emp,1990-04-01,37300.0,donor,insulated,jobs
HealthCare_Emp,1990-05-01,37500.0,donor,insulated,jobs
HealthCare_Emp,1990-06-01,37800.0,donor,insulated,jobs
HealthCare_Emp,1990-07-01,38100.0,donor,insulated,jobs
HealthCare_Emp,1990-08-01,38300.0,donor,insulated,jobs
HealthCare_Emp,1990-09-01,38600.0,donor,insulated,jobs
HealthCare_Emp,1990-10-01,38600.0,donor,insulated,jobs
HealthCare_Emp,1990-11-01,38900.0,donor,insulated,jobs
HealthCare_Emp,1990-12-01,38800.0,donor,insulated,jobs
HealthCare_Emp,1991-01-01,40000.0,donor,insulated,jobs
HealthCare_Emp,1991-02-01,40200.0,donor,insulated,jobs
HealthCare_Emp,1991-03-01,40300.0,donor,insulated,jobs
HealthCare_Emp,1991-04-01,40100.0,donor,insulated,jobs
HealthCare_Emp,1991-05-01,40100.0,donor,insulated,jobs
HealthCare_Emp,1991-06-01,40200.0,donor,insulated,jobs
HealthCare_Emp,1991-07-01,40300.0,donor,insulated,jobs
HealthCare_Emp,1991-08-01,40600.0,donor,insulated,jobs
HealthCare_Emp,1991-09-01,40600.0,donor,insulated,jobs
HealthCare_Emp,1991-10-01,41000.0,donor,insulated,jobs
HealthCare_Emp,1991-11-01,41000.0,donor,insulated,jobs
HealthCare_Emp,1991-12-01,41200.0,donor,insulated,jobs
HealthCare_Emp,1992-01-01,41100.0,donor,insulated,jobs
HealthCare_Emp,1992-02-01,41000.0,donor,insulated,jobs
HealthCare_Emp,1992-03-01,41200.0,donor,insulated,jobs
HealthCare_Emp,1992-04-01,41300.0,donor,insulated,jobs
HealthCare_Emp,1992-05-01,41300.0,donor,insulated,jobs
HealthCare_Emp,1992-06-01,41300.0,donor,insulated,jobs
HealthCare_Emp,1992-07-01,41300.0,donor,insulated,jobs
HealthCare_Emp,1992-08-01,41800.0,donor,insulated,jobs
HealthCare_Emp,1992-09-01,42000.0,donor,insulated,jobs
HealthCare_Emp,1992-10-01,41500.0,donor,insulated,jobs
HealthCare_Emp,1992-11-01,41400.0,donor,insulated,jobs
HealthCare_Emp,1992-12-01,41500.0,donor,insulated,jobs
HealthCare_Emp,1993-01-01,41300.0,donor,insulated,jobs
HealthCare_Emp,1993-02-01,41800.0,donor,insulated,jobs
HealthCare_Emp,1993-03-01,41800.0,donor,insulated,jobs
HealthCare_Emp,1993-04-01,41700.0,donor,insulated,jobs
HealthCare_Emp,1993-05-01,41900.0,donor,insulated,jobs
HealthCare_Emp,1993-06-01,42000.0,donor,insulated,jobs
HealthCare_Emp,1993-07-01,42000.0,donor,insulated,jobs
HealthCare_Emp,1993-08-01,41800.0,donor,insulated,jobs
HealthCare_Emp,1993-09-01,42000.0,donor,insulated,jobs
HealthCare_Emp,1993-10-01,42200.0,donor,insulated,jobs
HealthCare_Emp,1993-11-01,42200.0,donor,insulated,jobs
HealthCare_Emp,1993-12-01,42300.0,donor,insulated,jobs
HealthCare_Emp,1994-01-01,42700.0,donor,insulated,jobs
HealthCare_Emp,1994-02-01,42600.0,donor,insulated,jobs
HealthCare_Emp,1994-03-01,42600.0,donor,insulated,jobs
HealthCare_Emp,1994-04-01,42800.0,donor,insulated,jobs
HealthCare_Emp,1994-05-01,42600.0,donor,insulated,jobs
HealthCare_Emp,1994-06-01,42700.0,donor,insulated,jobs
HealthCare_Emp,1994-07-01,42900.0,donor,insulated,jobs
HealthCare_Emp,1994-08-01,42100.0,donor,insulated,jobs
HealthCare_Emp,1994-09-01,42800.0,donor,insulated,jobs
HealthCare_Emp,1994-10-01,42700.0,donor,insulated,jobs
HealthCare_Emp,1994-11-01,42800.0,donor,insulated,jobs
HealthCare_Emp,1994-12-01,42700.0,donor,insulated,jobs
HealthCare_Emp,1995-01-01,42900.0,donor,insulated,jobs
HealthCare_Emp,1995-02-01,42800.0,donor,insulated,jobs
HealthCare_Emp,1995-03-01,42800.0,donor,insulated,jobs
HealthCare_Emp,1995-04-01,42900.0,donor,insulated,jobs
HealthCare_Emp,1995-05-01,43300.0,donor,insulated,jobs
HealthCare_Emp,1995-06-01,43000.0,donor,insulated,jobs
HealthCare_Emp,1995-07-01,42500.0,donor,insulated,jobs
HealthCare_Emp,1995-08-01,42200.0,donor,insulated,jobs
HealthCare_Emp,1995-09-01,43000.0,donor,insulated,jobs
HealthCare_Emp,1995-10-01,42800.0,donor,insulated,jobs
HealthCare_Emp,1995-11-01,42800.0,donor,insulated,jobs
HealthCare_Emp,1995-12-01,42900.0,donor,insulated,jobs
HealthCare_Emp,1996-01-01,43000.0,donor,insulated,jobs
HealthCare_Emp,1996-02-01,43000.0,donor,insulated,jobs
HealthCare_Emp,1996-03-01,43200.0,donor,insulated,jobs
HealthCare_Emp,1996-04-01,43100.0,donor,insulated,jobs
HealthCare_Emp,1996-05-01,43200.0,donor,insulated,jobs
HealthCare_Emp,1996-06-01,43100.0,donor,insulated,jobs
HealthCare_Emp,1996-07-01,43500.0,donor,insulated,jobs
HealthCare_Emp,1996-08-01,43700.0,donor,insulated,jobs
HealthCare_Emp,1996-09-01,43700.0,donor,insulated,jobs
HealthCare_Emp,1996-10-01,43800.0,donor,insulated,jobs
HealthCare_Emp,1996-11-01,44100.0,donor,insulated,jobs
HealthCare_Emp,1996-12-01,44200.0,donor,insulated,jobs
HealthCare_Emp,1997-01-01,44600.0,donor,insulated,jobs
HealthCare_Emp,1997-02-01,44600.0,donor,insulated,jobs
HealthCare_Emp,1997-03-01,44900.0,donor,insulated,jobs
HealthCare_Emp,1997-04-01,44900.0,donor,insulated,jobs
HealthCare_Emp,1997-05-01,45300.0,donor,insulated,jobs
HealthCare_Emp,1997-06-01,45500.0,donor,insulated,jobs
HealthCare_Emp,1997-07-01,45500.0,donor,insulated,jobs
HealthCare_Emp,1997-08-01,46100.0,donor,insulated,jobs
HealthCare_Emp,1997-09-01,45600.0,donor,insulated,jobs
HealthCare_Emp,1997-10-01,45700.0,donor,insulated,jobs
HealthCare_Emp,1997-11-01,45800.0,donor,insulated,jobs
HealthCare_Emp,1997-12-01,46300.0,donor,insulated,jobs
HealthCare_Emp,1998-01-01,46200.0,donor,insulated,jobs
HealthCare_Emp,1998-02-01,46400.0,donor,insulated,jobs
HealthCare_Emp,1998-03-01,46500.0,donor,insulated,jobs
HealthCare_Emp,1998-04-01,46800.0,donor,insulated,jobs
HealthCare_Emp,1998-05-01,47100.0,donor,insulated,jobs
HealthCare_Emp,1998-06-01,47200.0,donor,insulated,jobs
HealthCare_Emp,1998-07-01,47500.0,donor,insulated,jobs
HealthCare_Emp,1998-08-01,48000.0,donor,insulated,jobs
HealthCare_Emp,1998-09-01,47700.0,donor,insulated,jobs
HealthCare_Emp,1998-10-01,47900.0,donor,insulated,jobs
HealthCare_Emp,1998-11-01,48000.0,donor,insulated,jobs
HealthCare_Emp,1998-12-01,47900.0,donor,insulated,jobs
HealthCare_Emp,1999-01-01,47400.0,donor,insulated,jobs
HealthCare_Emp,1999-02-01,47600.0,donor,insulated,jobs
HealthCare_Emp,1999-03-01,47600.0,donor,insulated,jobs
HealthCare_Emp,1999-04-01,48200.0,donor,insulated,jobs
HealthCare_Emp,1999-05-01,48300.0,donor,insulated,jobs
HealthCare_Emp,1999-06-01,48200.0,donor,insulated,jobs
HealthCare_Emp,1999-07-01,48400.0,donor,insulated,jobs
HealthCare_Emp,1999-08-01,48900.0,donor,insulated,jobs
HealthCare_Emp,1999-09-01,48100.0,donor,insulated,jobs
HealthCare_Emp,1999-10-01,48600.0,donor,insulated,jobs
HealthCare_Emp,1999-11-01,48700.0,donor,insulated,jobs
HealthCare_Emp,1999-12-01,48500.0,donor,insulated,jobs
HealthCare_Emp,2000-01-01,48500.0,donor,insulated,jobs
HealthCare_Emp,2000-02-01,48800.0,donor,insulated,jobs
HealthCare_Emp,2000-03-01,49100.0,donor,insulated,jobs
HealthCare_Emp,2000-04-01,48900.0,donor,insulated,jobs
HealthCare_Emp,2000-05-01,48800.0,donor,insulated,jobs
HealthCare_Emp,2000-06-01,50000.0,donor,insulated,jobs
HealthCare_Emp,2000-07-01,49400.0,donor,insulated,jobs
HealthCare_Emp,2000-08-01,49200.0,donor,insulated,jobs
HealthCare_Emp,2000-09-01,49700.0,donor,insulated,jobs
HealthCare_Emp,2000-10-01,49700.0,donor,insulated,jobs
HealthCare_Emp,2000-11-01,49800.0,donor,insulated,jobs
HealthCare_Emp,2000-12-01,50100.0,donor,insulated,jobs
HealthCare_Emp,2001-01-01,50400.0,donor,insulated,jobs
HealthCare_Emp,2001-02-01,50400.0,donor,insulated,jobs
HealthCare_Emp,2001-03-01,50400.0,donor,insulated,jobs
HealthCare_Emp,2001-04-01,50600.0,donor,insulated,jobs
HealthCare_Emp,2001-05-01,50700.0,donor,insulated,jobs
HealthCare_Emp,2001-06-01,51100.0,donor,insulated,jobs
HealthCare_Emp,2001-07-01,50800.0,donor,insulated,jobs
HealthCare_Emp,2001-08-01,50800.0,donor,insulated,jobs
HealthCare_Emp,2001-09-01,51100.0,donor,insulated,jobs
HealthCare_Emp,2001-10-01,51000.0,donor,insulated,jobs
HealthCare_Emp,2001-11-01,51200.0,donor,insulated,jobs
HealthCare_Emp,2001-12-01,51200.0,donor,insulated,jobs
HealthCare_Emp,2002-01-01,51500.0,donor,insulated,jobs
HealthCare_Emp,2002-02-01,51500.0,donor,insulated,jobs
HealthCare_Emp,2002-03-01,51500.0,donor,insulated,jobs
HealthCare_Emp,2002-04-01,51800.0,donor,insulated,jobs
HealthCare_Emp,2002-05-01,51800.0,donor,insulated,jobs
HealthCare_Emp,2002-06-01,52100.0,donor,insulated,jobs
HealthCare_Emp,2002-07-01,52300.0,donor,insulated,jobs
HealthCare_Emp,2002-08-01,51900.0,donor,insulated,jobs
HealthCare_Emp,2002-09-01,52400.0,donor,insulated,jobs
HealthCare_Emp,2002-10-01,52500.0,donor,insulated,jobs
HealthCare_Emp,2002-11-01,52600.0,donor,insulated,jobs
HealthCare_Emp,2002-12-01,52000.0,donor,insulated,jobs
HealthCare_Emp,2003-01-01,52700.0,donor,insulated,jobs
HealthCare_Emp,2003-02-01,52900.0,donor,insulated,jobs
HealthCare_Emp,2003-03-01,53200.0,donor,insulated,jobs
HealthCare_Emp,2003-04-01,53300.0,donor,insulated,jobs
HealthCare_Emp,2003-05-01,53300.0,donor,insulated,jobs
HealthCare_Emp,2003-06-01,53200.0,donor,insulated,jobs
HealthCare_Emp,2003-07-01,53400.0,donor,insulated,jobs
HealthCare_Emp,2003-08-01,53400.0,donor,insulated,jobs
HealthCare_Emp,2003-09-01,53900.0,donor,insulated,jobs
HealthCare_Emp,2003-10-01,54200.0,donor,insulated,jobs
HealthCare_Emp,2003-11-01,54300.0,donor,insulated,jobs
HealthCare_Emp,2003-12-01,54500.0,donor,insulated,jobs
HealthCare_Emp,2004-01-01,54600.0,donor,insulated,jobs
HealthCare_Emp,2004-02-01,54700.0,donor,insulated,jobs
HealthCare_Emp,2004-03-01,54900.0,donor,insulated,jobs
HealthCare_Emp,2004-04-01,54800.0,donor,insulated,jobs
HealthCare_Emp,2004-05-01,55300.0,donor,insulated,jobs
HealthCare_Emp,2004-06-01,55300.0,donor,insulated,jobs
HealthCare_Emp,2004-07-01,55600.0,donor,insulated,jobs
HealthCare_Emp,2004-08-01,55800.0,donor,insulated,jobs
HealthCare_Emp,2004-09-01,55900.0,donor,insulated,jobs
HealthCare_Emp,2004-10-01,56400.0,donor,insulated,jobs
HealthCare_Emp,2004-11-01,56600.0,donor,insulated,jobs
HealthCare_Emp,2004-12-01,56900.0,donor,insulated,jobs
HealthCare_Emp,2005-01-01,57200.0,donor,insulated,jobs
HealthCare_Emp,2005-02-01,57200.0,donor,insulated,jobs
HealthCare_Emp,2005-03-01,57200.0,donor,insulated,jobs
HealthCare_Emp,2005-04-01,57200.0,donor,insulated,jobs
HealthCare_Emp,2005-05-01,57100.0,donor,insulated,jobs
HealthCare_Emp,2005-06-01,57200.0,donor,insulated,jobs
HealthCare_Emp,2005-07-01,57200.0,donor,insulated,jobs
HealthCare_Emp,2005-08-01,57300.0,donor,insulated,jobs
HealthCare_Emp,2005-09-01,57400.0,donor,insulated,jobs
HealthCare_Emp,2005-10-01,57300.0,donor,insulated,jobs
HealthCare_Emp,2005-11-01,57400.0,donor,insulated,jobs
HealthCare_Emp,2005-12-01,57400.0,donor,insulated,jobs
HealthCare_Emp,2006-01-01,57300.0,donor,insulated,jobs
HealthCare_Emp,2006-02-01,57400.0,donor,insulated,jobs
HealthCare_Emp,2006-03-01,57700.0,donor,insulated,jobs
HealthCare_Emp,2006-04-01,58000.0,donor,insulated,jobs
HealthCare_Emp,2006-05-01,58200.0,donor,insulated,jobs
HealthCare_Emp,2006-06-01,58300.0,donor,insulated,jobs
HealthCare_Emp,2006-07-01,58100.0,donor,insulated,jobs
HealthCare_Emp,2006-08-01,59000.0,donor,insulated,jobs
HealthCare_Emp,2006-09-01,58500.0,donor,insulated,jobs
HealthCare_Emp,2006-10-01,59200.0,donor,insulated,jobs
HealthCare_Emp,2006-11-01,59300.0,donor,insulated,jobs
HealthCare_Emp,2006-12-01,59300.0,donor,insulated,jobs
HealthCare_Emp,2007-01-01,59200.0,donor,insulated,jobs
HealthCare_Emp,2007-02-01,59600.0,donor,insulated,jobs
HealthCare_Emp,2007-03-01,59600.0,donor,insulated,jobs
HealthCare_Emp,2007-04-01,59700.0,donor,insulated,jobs
HealthCare_Emp,2007-05-01,59800.0,donor,insulated,jobs
HealthCare_Emp,2007-06-01,59800.0,donor,insulated,jobs
HealthCare_Emp,2007-07-01,59800.0,donor,insulated,jobs
HealthCare_Emp,2007-08-01,59900.0,donor,insulated,jobs
HealthCare_Emp,2007-09-01,60000.0,donor,insulated,jobs
HealthCare_Emp,2007-10-01,59900.0,donor,insulated,jobs
HealthCare_Emp,2007-11-01,59900.0,donor,insulated,jobs
HealthCare_Emp,2007-12-01,59900.0,donor,insulated,jobs
HealthCare_Emp,2008-01-01,60200.0,donor,insulated,jobs
HealthCare_Emp,2008-02-01,60400.0,donor,insulated,jobs
HealthCare_Emp,2008-03-01,60400.0,donor,insulated,jobs
HealthCare_Emp,2008-04-01,60600.0,donor,insulated,jobs
HealthCare_Emp,2008-05-01,60600.0,donor,insulated,jobs
HealthCare_Emp,2008-06-01,60900.0,donor,insulated,jobs
HealthCare_Emp,2008-07-01,60800.0,donor,insulated,jobs
HealthCare_Emp,2008-08-01,61000.0,donor,insulated,jobs
HealthCare_Emp,2008-09-01,61000.0,donor,insulated,jobs
HealthCare_Emp,2008-10-01,61200.0,donor,insulated,jobs
HealthCare_Emp,2008-11-01,61300.0,donor,insulated,jobs
HealthCare_Emp,2008-12-01,61400.0,donor,insulated,jobs
HealthCare_Emp,2009-01-01,61300.0,donor,insulated,jobs
HealthCare_Emp,2009-02-01,61200.0,donor,insulated,jobs
HealthCare_Emp,2009-03-01,61300.0,donor,insulated,jobs
HealthCare_Emp,2009-04-01,61100.0,donor,insulated,jobs
HealthCare_Emp,2009-05-01,61100.0,donor,insulated,jobs
HealthCare_Emp,2009-06-01,61900.0,donor,insulated,jobs
HealthCare_Emp,2009-07-01,61400.0,donor,insulated,jobs
HealthCare_Emp,2009-08-01,61300.0,donor,insulated,jobs
HealthCare_Emp,2009-09-01,61500.0,donor,insulated,jobs
HealthCare_Emp,2009-10-01,61500.0,donor,insulated,jobs
HealthCare_Emp,2009-11-01,61600.0,donor,insulated,jobs
HealthCare_Emp,2009-12-01,61500.0,donor,insulated,jobs
HealthCare_Emp,2010-01-01,62200.0,donor,insulated,jobs
HealthCare_Emp,2010-02-01,62000.0,donor,insulated,jobs
HealthCare_Emp,2010-03-01,62200.0,donor,insulated,jobs
HealthCare_Emp,2010-04-01,62500.0,donor,insulated,jobs
HealthCare_Emp,2010-05-01,62500.0,donor,insulated,jobs
HealthCare_Emp,2010-06-01,62600.0,donor,insulated,jobs
HealthCare_Emp,2010-07-01,62400.0,donor,insulated,jobs
HealthCare_Emp,2010-08-01,62600.0,donor,insulated,jobs
HealthCare_Emp,2010-09-01,62200.0,donor,insulated,jobs
HealthCare_Emp,2010-10-01,62600.0,donor,insulated,jobs
HealthCare_Emp,2010-11-01,62700.0,donor,insulated,jobs
HealthCare_Emp,2010-12-01,62600.0,donor,insulated,jobs
HealthCare_Emp,2011-01-01,62100.0,donor,insulated,jobs
HealthCare_Emp,2011-02-01,62600.0,donor,insulated,jobs
HealthCare_Emp,2011-03-01,62500.0,donor,insulated,jobs
HealthCare_Emp,2011-04-01,62700.0,donor,insulated,jobs
HealthCare_Emp,2011-05-01,62700.0,donor,insulated,jobs
HealthCare_Emp,2011-06-01,62600.0,donor,insulated,jobs
HealthCare_Emp,2011-07-01,63200.0,donor,insulated,jobs
HealthCare_Emp,2011-08-01,63400.0,donor,insulated,jobs
HealthCare_Emp,2011-09-01,63300.0,donor,insulated,jobs
HealthCare_Emp,2011-10-01,63200.0,donor,insulated,jobs
HealthCare_Emp,2011-11-01,63400.0,donor,insulated,jobs
HealthCare_Emp,2011-12-01,63300.0,donor,insulated,jobs
HealthCare_Emp,2012-01-01,62700.0,donor,insulated,jobs
HealthCare_Emp,2012-02-01,63300.0,donor,insulated,jobs
HealthCare_Emp,2012-03-01,62300.0,donor,insulated,jobs
HealthCare_Emp,2012-04-01,63200.0,donor,insulated,jobs
HealthCare_Emp,2012-05-01,63600.0,donor,insulated,jobs
HealthCare_Emp,2012-06-01,63500.0,donor,insulated,jobs
HealthCare_Emp,2012-07-01,64000.0,donor,insulated,jobs
HealthCare_Emp,2012-08-01,64000.0,donor,insulated,jobs
HealthCare_Emp,2012-09-01,64300.0,donor,insulated,jobs
HealthCare_Emp,2012-10-01,64800.0,donor,insulated,jobs
HealthCare_Emp,2012-11-01,64599.99999999999,donor,insulated,jobs
HealthCare_Emp,2012-12-01,64900.00000000001,donor,insulated,jobs
HealthCare_Emp,2013-01-01,65300.0,donor,insulated,jobs
HealthCare_Emp,2013-02-01,65400.00000000001,donor,insulated,jobs
HealthCare_Emp,2013-03-01,65500.0,donor,insulated,jobs
HealthCare_Emp,2013-04-01,65600.0,donor,insulated,jobs
HealthCare_Emp,2013-05-01,65600.0,donor,insulated,jobs
HealthCare_Emp,2013-06-01,66000.0,donor,insulated,jobs
HealthCare_Emp,2013-07-01,65800.0,donor,insulated,jobs
HealthCare_Emp,2013-08-01,66000.0,donor,insulated,jobs
HealthCare_Emp,2013-09-01,66000.0,donor,insulated,jobs
HealthCare_Emp,2013-10-01,65900.0,donor,insulated,jobs
HealthCare_Emp,2013-11-01,66500.0,donor,insulated,jobs
HealthCare_Emp,2013-12-01,66000.0,donor,insulated,jobs
HealthCare_Emp,2014-01-01,65900.0,donor,insulated,jobs
HealthCare_Emp,2014-02-01,66000.0,donor,insulated,jobs
HealthCare_Emp,2014-03-01,66100.0,donor,insulated,jobs
HealthCare_Emp,2014-04-01,66400.0,donor,insulated,jobs
HealthCare_Emp,2014-05-01,66600.0,donor,insulated,jobs
HealthCare_Emp,2014-06-01,66500.0,donor,insulated,jobs
HealthCare_Emp,2014-07-01,66700.0,donor,insulated,jobs
HealthCare_Emp,2014-08-01,66900.0,donor,insulated,jobs
HealthCare_Emp,2014-09-01,67200.0,donor,insulated,jobs
HealthCare_Emp,2014-10-01,67200.0,donor,insulated,jobs
HealthCare_Emp,2014-11-01,67600.0,donor,insulated,jobs
HealthCare_Emp,2014-12-01,67600.0,donor,insulated,jobs
HealthCare_Emp,2015-01-01,68000.0,donor,insulated,jobs
HealthCare_Emp,2015-02-01,68600.0,donor,insulated,jobs
HealthCare_Emp,2015-03-01,68500.0,donor,insulated,jobs
HealthCare_Emp,2015-04-01,68200.0,donor,insulated,jobs
HealthCare_Emp,2015-05-01,68700.0,donor,insulated,jobs
HealthCare_Emp,2015-06-01,69300.0,donor,insulated,jobs
HealthCare_Emp,2015-07-01,69000.0,donor,insulated,jobs
HealthCare_Emp,2015-08-01,69100.0,donor,insulated,jobs
HealthCare_Emp,2015-09-01,69100.0,donor,insulated,jobs
HealthCare_Emp,2015-10-01,69700.0,donor,insulated,jobs
HealthCare_Emp,2015-11-01,69700.0,donor,insulated,jobs
HealthCare_Emp,2015-12-01,69800.0,donor,insulated,jobs
HealthCare_Emp,2016-01-01,69600.0,donor,insulated,jobs
HealthCare_Emp,2016-02-01,69700.0,donor,insulated,jobs
HealthCare_Emp,2016-03-01,69900.0,donor,insulated,jobs
HealthCare_Emp,2016-04-01,70200.0,donor,insulated,jobs
HealthCare_Emp,2016-05-01,70200.0,donor,insulated,jobs
HealthCare_Emp,2016-06-01,70300.0,donor,insulated,jobs
HealthCare_Emp,2016-07-01,70600.0,donor,insulated,jobs
HealthCare_Emp,2016-08-01,70600.0,donor,insulated,jobs
HealthCare_Emp,2016-09-01,70700.0,donor,insulated,jobs
HealthCare_Emp,2016-10-01,70800.0,donor,insulated,jobs
HealthCare_Emp,2016-11-01,70800.0,donor,insulated,jobs
HealthCare_Emp,2016-12-01,70900.0,donor,insulated,jobs
HealthCare_Emp,2017-01-01,71200.0,donor,insulated,jobs
HealthCare_Emp,2017-02-01,71100.0,donor,insulated,jobs
HealthCare_Emp,2017-03-01,71300.0,donor,insulated,jobs
HealthCare_Emp,2017-04-01,71700.0,donor,insulated,jobs
HealthCare_Emp,2017-05-01,71700.0,donor,insulated,jobs
HealthCare_Emp,2017-06-01,71500.0,donor,insulated,jobs
HealthCare_Emp,2017-07-01,73000.0,donor,insulated,jobs
HealthCare_Emp,2017-08-01,73000.0,donor,insulated,jobs
HealthCare_Emp,2017-09-01,73300.0,donor,insulated,jobs
HealthCare_Emp,2017-10-01,73100.0,donor,insulated,jobs
HealthCare_Emp,2017-11-01,72800.0,donor,insulated,jobs
HealthCare_Emp,2017-12-01,73400.0,donor,insulated,jobs
HealthCare_Emp,2018-01-01,73300.0,donor,insulated,jobs
HealthCare_Emp,2018-02-01,73200.0,donor,insulated,jobs
HealthCare_Emp,2018-03-01,73400.0,donor,insulated,jobs
HealthCare_Emp,2018-04-01,72900.0,donor,insulated,jobs
HealthCare_Emp,2018-05-01,72700.0,donor,insulated,jobs
HealthCare_Emp,2018-06-01,73200.0,donor,insulated,jobs
HealthCare_Emp,2018-07-01,72700.0,donor,insulated,jobs
HealthCare_Emp,2018-08-01,73100.0,donor,insulated,jobs
HealthCare_Emp,2018-09-01,73000.0,donor,insulated,jobs
HealthCare_Emp,2018-10-01,73000.0,donor,insulated,jobs
HealthCare_Emp,2018-11-01,73300.0,donor,insulated,jobs
HealthCare_Emp,2018-12-01,73400.0,donor,insulated,jobs
HealthCare_Emp,2019-01-01,73000.0,donor,insulated,jobs
HealthCare_Emp,2019-02-01,73300.0,donor,insulated,jobs
HealthCare_Emp,2019-03-01,73600.0,donor,insulated,jobs
HealthCare_Emp,2019-04-01,73500.0,donor,insulated,jobs
HealthCare_Emp,2019-05-01,73200.0,donor,insulated,jobs
HealthCare_Emp,2019-06-01,72800.0,donor,insulated,jobs
HealthCare_Emp,2019-07-01,73600.0,donor,insulated,jobs
HealthCare_Emp,2019-08-01,73700.0,donor,insulated,jobs
HealthCare_Emp,2019-09-01,74100.0,donor,insulated,jobs
HealthCare_Emp,2019-10-01,74100.0,donor,insulated,jobs
HealthCare_Emp,2019-11-01,74100.0,donor,insulated,jobs
HealthCare_Emp,2019-12-01,74000.0,donor,insulated,jobs
HealthCare_Emp,2020-01-01,74600.0,donor,insulated,jobs
HealthCare_Emp,2020-02-01,74300.0,donor,insulated,jobs
HealthCare_Emp,2020-03-01,73900.0,donor,insulated,jobs
HealthCare_Emp,2020-04-01,65800.0,donor,insulated,jobs
HealthCare_Emp,2020-05-01,68500.0,donor,insulated,jobs
HealthCare_Emp,2020-06-01,70800.0,donor,insulated,jobs
HealthCare_Emp,2020-07-01,71200.0,donor,insulated,jobs
HealthCare_Emp,2020-08-01,70300.0,donor,insulated,jobs
HealthCare_Emp,2020-09-01,70000.0,donor,insulated,jobs
HealthCare_Emp,2020-10-01,70800.0,donor,insulated,jobs
HealthCare_Emp,2020-11-01,71500.0,donor,insulated,jobs
HealthCare_Emp,2020-12-01,72100.0,donor,insulated,jobs
HealthCare_Emp,2021-01-01,71300.0,donor,insulated,jobs
HealthCare_Emp,2021-02-01,71400.0,donor,insulated,jobs
HealthCare_Emp,2021-03-01,71600.0,donor,insulated,jobs
HealthCare_Emp,2021-04-01,72100.0,donor,insulated,jobs
HealthCare_Emp,2021-05-01,72200.0,donor,insulated,jobs
HealthCare_Emp,2021-06-01,72600.0,donor,insulated,jobs
HealthCare_Emp,2021-07-01,72700.0,donor,insulated,jobs
HealthCare_Emp,2021-08-01,72200.0,donor,insulated,jobs
HealthCare_Emp,2021-09-01,72100.0,donor,insulated,jobs
HealthCare_Emp,2021-10-01,72200.0,donor,insulated,jobs
HealthCare_Emp,2021-11-01,72200.0,donor,insulated,jobs
HealthCare_Emp,2021-12-01,71800.0,donor,insulated,jobs
HealthCare_Emp,2022-01-01,72000.0,donor,insulated,jobs
HealthCare_Emp,2022-02-01,72700.0,donor,insulated,jobs
HealthCare_Emp,2022-03-01,72500.0,donor,insulated,jobs
HealthCare_Emp,2022-04-01,72400.0,donor,insulated,jobs
HealthCare_Emp,2022-05-01,72300.0,donor,insulated,jobs
HealthCare_Emp,2022-06-01,71900.0,donor,insulated,jobs
HealthCare_Emp,2022-07-01,72100.0,donor,insulated,jobs
HealthCare_Emp,2022-08-01,72100.0,donor,insulated,jobs
HealthCare_Emp,2022-09-01,72100.0,donor,insulated,jobs
HealthCare_Emp,2022-10-01,72800.0,donor,insulated,jobs
HealthCare_Emp,2022-11-01,73000.0,donor,insulated,jobs
HealthCare_Emp,2022-12-01,73500.0,donor,insulated,jobs
HealthCare_Emp,2023-01-01,73700.0,donor,insulated,jobs
HealthCare_Emp,2023-02-01,73400.0,donor,insulated,jobs
HealthCare_Emp,2023-03-01,73300.0,donor,insulated,jobs
HealthCare_Emp,2023-04-01,73800.0,donor,insulated,jobs
HealthCare_Emp,2023-05-01,74000.0,donor,insulated,jobs
HealthCare_Emp,2023-06-01,74300.0,donor,insulated,jobs
HealthCare_Emp,2023-07-01,74300.0,donor,insulated,jobs
HealthCare_Emp,2023-08-01,74500.0,donor,insulated,jobs
HealthCare_Emp,2023-09-01,74700.0,donor,insulated,jobs
HealthCare_Emp,2023-10-01,74800.0,donor,insulated,jobs
HealthCare_Emp,2023-11-01,74800.0,donor,insulated,jobs
HealthCare_Emp,2023-12-01,74800.0,donor,insulated,jobs
HealthCare_Emp,2024-01-01,75100.0,donor,insulated,jobs
HealthCare_Emp,2024-02-01,75300.0,donor,insulated,jobs
HealthCare_Emp,2024-03-01,75400.0,donor,insulated,jobs
HealthCare_Emp,2024-04-01,75100.0,donor,insulated,jobs
HealthCare_Emp,2024-05-01,75200.0,donor,insulated,jobs
HealthCare_Emp,2024-06-01,75300.0,donor,insulated,jobs
HealthCare_Emp,2024-07-01,75500.0,donor,insulated,jobs
HealthCare_Emp,2024-08-01,75800.0,donor,insulated,jobs
HealthCare_Emp,2024-09-01,75800.0,donor,insulated,jobs
HealthCare_Emp,2024-10-01,75800.0,donor,insulated,jobs
HealthCare_Emp,2024-11-01,76000.0,donor,insulated,jobs
HealthCare_Emp,2024-12-01,75800.0,donor,insulated,jobs
HealthCare_Emp,2025-01-01,76500.0,donor,insulated,jobs
HealthCare_Emp,2025-02-01,76100.0,donor,insulated,jobs
HealthCare_Emp,2025-03-01,76100.0,donor,insulated,jobs
HealthCare_Emp,2025-04-01,76400.0,donor,insulated,jobs
HealthCare_Emp,2025-05-01,76600.0,donor,insulated,jobs
HealthCare_Emp,2025-06-01,76200.0,donor,insulated,jobs
HealthCare_Emp,2025-07-01,76800.0,donor,insulated,jobs
HealthCare_Emp,2025-08-01,76700.0,donor,insulated,jobs
HealthCare_Emp,2025-09-01,76900.0,donor,insulated,jobs
HealthCare_Emp,2025-10-01,77700.0,donor,insulated,jobs
HealthCare_Emp,2025-11-01,77700.0,donor,insulated,jobs
HealthCare_Emp,2025-12-01,77600.0,donor,insulated,jobs
HealthCare_Emp,2026-01-01,78200.0,donor,insulated,jobs
HealthCare_Emp,2026-02-01,77900.0,donor,insulated,jobs
HealthCare_Emp,2026-03-01,78100.0,donor,insulated,jobs
HealthCare_Emp,2026-04-01,78700.0,donor,insulated,jobs
HealthCare_Emp,2026-05-01,78400.0,donor,insulated,jobs
NatRes_Constr_Emp,1990-01-01,34600.0,donor,insulated,jobs
NatRes_Constr_Emp,1990-02-01,35300.0,donor,insulated,jobs
NatRes_Constr_Emp,1990-03-01,35200.0,donor,insulated,jobs
NatRes_Constr_Emp,1990-04-01,34900.0,donor,insulated,jobs
NatRes_Constr_Emp,1990-05-01,35000.0,donor,insulated,jobs
NatRes_Constr_Emp,1990-06-01,35400.0,donor,insulated,jobs
NatRes_Constr_Emp,1990-07-01,35500.0,donor,insulated,jobs
NatRes_Constr_Emp,1990-08-01,35500.0,donor,insulated,jobs
NatRes_Constr_Emp,1990-09-01,35600.0,donor,insulated,jobs
NatRes_Constr_Emp,1990-10-01,36600.0,donor,insulated,jobs
NatRes_Constr_Emp,1990-11-01,36600.0,donor,insulated,jobs
NatRes_Constr_Emp,1990-12-01,36900.0,donor,insulated,jobs
NatRes_Constr_Emp,1991-01-01,37000.0,donor,insulated,jobs
NatRes_Constr_Emp,1991-02-01,36800.0,donor,insulated,jobs
NatRes_Constr_Emp,1991-03-01,36700.0,donor,insulated,jobs
NatRes_Constr_Emp,1991-04-01,36800.0,donor,insulated,jobs
NatRes_Constr_Emp,1991-05-01,36700.0,donor,insulated,jobs
NatRes_Constr_Emp,1991-06-01,36600.0,donor,insulated,jobs
NatRes_Constr_Emp,1991-07-01,36200.0,donor,insulated,jobs
NatRes_Constr_Emp,1991-08-01,35900.0,donor,insulated,jobs
NatRes_Constr_Emp,1991-09-01,35500.0,donor,insulated,jobs
NatRes_Constr_Emp,1991-10-01,35300.0,donor,insulated,jobs
NatRes_Constr_Emp,1991-11-01,35000.0,donor,insulated,jobs
NatRes_Constr_Emp,1991-12-01,35000.0,donor,insulated,jobs
NatRes_Constr_Emp,1992-01-01,34600.0,donor,insulated,jobs
NatRes_Constr_Emp,1992-02-01,34200.0,donor,insulated,jobs
NatRes_Constr_Emp,1992-03-01,34100.0,donor,insulated,jobs
NatRes_Constr_Emp,1992-04-01,34200.0,donor,insulated,jobs
NatRes_Constr_Emp,1992-05-01,33900.0,donor,insulated,jobs
NatRes_Constr_Emp,1992-06-01,33900.0,donor,insulated,jobs
NatRes_Constr_Emp,1992-07-01,34200.0,donor,insulated,jobs
NatRes_Constr_Emp,1992-08-01,33400.0,donor,insulated,jobs
NatRes_Constr_Emp,1992-09-01,32700.000000000004,donor,insulated,jobs
NatRes_Constr_Emp,1992-10-01,34100.0,donor,insulated,jobs
NatRes_Constr_Emp,1992-11-01,34500.0,donor,insulated,jobs
NatRes_Constr_Emp,1992-12-01,34800.0,donor,insulated,jobs
NatRes_Constr_Emp,1993-01-01,35500.0,donor,insulated,jobs
NatRes_Constr_Emp,1993-02-01,35900.0,donor,insulated,jobs
NatRes_Constr_Emp,1993-03-01,35600.0,donor,insulated,jobs
NatRes_Constr_Emp,1993-04-01,35600.0,donor,insulated,jobs
NatRes_Constr_Emp,1993-05-01,35200.0,donor,insulated,jobs
NatRes_Constr_Emp,1993-06-01,34800.0,donor,insulated,jobs
NatRes_Constr_Emp,1993-07-01,35000.0,donor,insulated,jobs
NatRes_Constr_Emp,1993-08-01,34100.0,donor,insulated,jobs
NatRes_Constr_Emp,1993-09-01,34000.0,donor,insulated,jobs
NatRes_Constr_Emp,1993-10-01,33700.0,donor,insulated,jobs
NatRes_Constr_Emp,1993-11-01,33100.0,donor,insulated,jobs
NatRes_Constr_Emp,1993-12-01,32400.0,donor,insulated,jobs
NatRes_Constr_Emp,1994-01-01,31800.0,donor,insulated,jobs
NatRes_Constr_Emp,1994-02-01,31600.0,donor,insulated,jobs
NatRes_Constr_Emp,1994-03-01,31600.0,donor,insulated,jobs
NatRes_Constr_Emp,1994-04-01,31800.0,donor,insulated,jobs
NatRes_Constr_Emp,1994-05-01,31400.0,donor,insulated,jobs
NatRes_Constr_Emp,1994-06-01,31100.0,donor,insulated,jobs
NatRes_Constr_Emp,1994-07-01,31100.0,donor,insulated,jobs
NatRes_Constr_Emp,1994-08-01,30900.0,donor,insulated,jobs
NatRes_Constr_Emp,1994-09-01,30700.0,donor,insulated,jobs
NatRes_Constr_Emp,1994-10-01,30300.0,donor,insulated,jobs
NatRes_Constr_Emp,1994-11-01,29900.0,donor,insulated,jobs
NatRes_Constr_Emp,1994-12-01,29300.0,donor,insulated,jobs
NatRes_Constr_Emp,1995-01-01,28800.0,donor,insulated,jobs
NatRes_Constr_Emp,1995-02-01,28500.0,donor,insulated,jobs
NatRes_Constr_Emp,1995-03-01,28600.0,donor,insulated,jobs
NatRes_Constr_Emp,1995-04-01,28100.0,donor,insulated,jobs
NatRes_Constr_Emp,1995-05-01,27900.0,donor,insulated,jobs
NatRes_Constr_Emp,1995-06-01,28000.0,donor,insulated,jobs
NatRes_Constr_Emp,1995-07-01,27700.0,donor,insulated,jobs
NatRes_Constr_Emp,1995-08-01,27700.0,donor,insulated,jobs
NatRes_Constr_Emp,1995-09-01,27600.0,donor,insulated,jobs
NatRes_Constr_Emp,1995-10-01,27200.0,donor,insulated,jobs
NatRes_Constr_Emp,1995-11-01,27100.0,donor,insulated,jobs
NatRes_Constr_Emp,1995-12-01,26600.0,donor,insulated,jobs
NatRes_Constr_Emp,1996-01-01,26300.0,donor,insulated,jobs
NatRes_Constr_Emp,1996-02-01,25800.0,donor,insulated,jobs
NatRes_Constr_Emp,1996-03-01,25500.0,donor,insulated,jobs
NatRes_Constr_Emp,1996-04-01,25400.0,donor,insulated,jobs
NatRes_Constr_Emp,1996-05-01,25300.0,donor,insulated,jobs
NatRes_Constr_Emp,1996-06-01,25300.0,donor,insulated,jobs
NatRes_Constr_Emp,1996-07-01,25000.0,donor,insulated,jobs
NatRes_Constr_Emp,1996-08-01,25000.0,donor,insulated,jobs
NatRes_Constr_Emp,1996-09-01,24900.0,donor,insulated,jobs
NatRes_Constr_Emp,1996-10-01,25000.0,donor,insulated,jobs
NatRes_Constr_Emp,1996-11-01,24000.0,donor,insulated,jobs
NatRes_Constr_Emp,1996-12-01,24800.0,donor,insulated,jobs
NatRes_Constr_Emp,1997-01-01,24600.0,donor,insulated,jobs
NatRes_Constr_Emp,1997-02-01,24500.0,donor,insulated,jobs
NatRes_Constr_Emp,1997-03-01,24300.0,donor,insulated,jobs
NatRes_Constr_Emp,1997-04-01,23800.0,donor,insulated,jobs
NatRes_Constr_Emp,1997-05-01,23700.0,donor,insulated,jobs
NatRes_Constr_Emp,1997-06-01,23500.0,donor,insulated,jobs
NatRes_Constr_Emp,1997-07-01,23600.0,donor,insulated,jobs
NatRes_Constr_Emp,1997-08-01,23500.0,donor,insulated,jobs
NatRes_Constr_Emp,1997-09-01,23500.0,donor,insulated,jobs
NatRes_Constr_Emp,1997-10-01,23600.0,donor,insulated,jobs
NatRes_Constr_Emp,1997-11-01,23500.0,donor,insulated,jobs
NatRes_Constr_Emp,1997-12-01,23400.0,donor,insulated,jobs
NatRes_Constr_Emp,1998-01-01,23100.0,donor,insulated,jobs
NatRes_Constr_Emp,1998-02-01,23400.0,donor,insulated,jobs
NatRes_Constr_Emp,1998-03-01,23300.0,donor,insulated,jobs
NatRes_Constr_Emp,1998-04-01,23100.0,donor,insulated,jobs
NatRes_Constr_Emp,1998-05-01,23000.0,donor,insulated,jobs
NatRes_Constr_Emp,1998-06-01,22900.0,donor,insulated,jobs
NatRes_Constr_Emp,1998-07-01,23100.0,donor,insulated,jobs
NatRes_Constr_Emp,1998-08-01,23000.0,donor,insulated,jobs
NatRes_Constr_Emp,1998-09-01,22900.0,donor,insulated,jobs
NatRes_Constr_Emp,1998-10-01,23000.0,donor,insulated,jobs
NatRes_Constr_Emp,1998-11-01,22900.0,donor,insulated,jobs
NatRes_Constr_Emp,1998-12-01,23200.0,donor,insulated,jobs
NatRes_Constr_Emp,1999-01-01,22900.0,donor,insulated,jobs
NatRes_Constr_Emp,1999-02-01,22900.0,donor,insulated,jobs
NatRes_Constr_Emp,1999-03-01,22600.0,donor,insulated,jobs
NatRes_Constr_Emp,1999-04-01,22900.0,donor,insulated,jobs
NatRes_Constr_Emp,1999-05-01,22800.0,donor,insulated,jobs
NatRes_Constr_Emp,1999-06-01,22900.0,donor,insulated,jobs
NatRes_Constr_Emp,1999-07-01,23000.0,donor,insulated,jobs
NatRes_Constr_Emp,1999-08-01,22800.0,donor,insulated,jobs
NatRes_Constr_Emp,1999-09-01,23000.0,donor,insulated,jobs
NatRes_Constr_Emp,1999-10-01,23100.0,donor,insulated,jobs
NatRes_Constr_Emp,1999-11-01,23200.0,donor,insulated,jobs
NatRes_Constr_Emp,1999-12-01,23600.0,donor,insulated,jobs
NatRes_Constr_Emp,2000-01-01,24100.0,donor,insulated,jobs
NatRes_Constr_Emp,2000-02-01,24200.0,donor,insulated,jobs
NatRes_Constr_Emp,2000-03-01,24500.0,donor,insulated,jobs
NatRes_Constr_Emp,2000-04-01,24900.0,donor,insulated,jobs
NatRes_Constr_Emp,2000-05-01,25000.0,donor,insulated,jobs
NatRes_Constr_Emp,2000-06-01,25100.0,donor,insulated,jobs
NatRes_Constr_Emp,2000-07-01,25500.0,donor,insulated,jobs
NatRes_Constr_Emp,2000-08-01,25600.0,donor,insulated,jobs
NatRes_Constr_Emp,2000-09-01,25800.0,donor,insulated,jobs
NatRes_Constr_Emp,2000-10-01,25700.0,donor,insulated,jobs
NatRes_Constr_Emp,2000-11-01,25700.0,donor,insulated,jobs
NatRes_Constr_Emp,2000-12-01,26000.0,donor,insulated,jobs
NatRes_Constr_Emp,2001-01-01,25800.0,donor,insulated,jobs
NatRes_Constr_Emp,2001-02-01,25800.0,donor,insulated,jobs
NatRes_Constr_Emp,2001-03-01,25600.0,donor,insulated,jobs
NatRes_Constr_Emp,2001-04-01,25300.0,donor,insulated,jobs
NatRes_Constr_Emp,2001-05-01,25300.0,donor,insulated,jobs
NatRes_Constr_Emp,2001-06-01,25000.0,donor,insulated,jobs
NatRes_Constr_Emp,2001-07-01,24900.0,donor,insulated,jobs
NatRes_Constr_Emp,2001-08-01,25000.0,donor,insulated,jobs
NatRes_Constr_Emp,2001-09-01,24900.0,donor,insulated,jobs
NatRes_Constr_Emp,2001-10-01,24700.0,donor,insulated,jobs
NatRes_Constr_Emp,2001-11-01,24900.0,donor,insulated,jobs
NatRes_Constr_Emp,2001-12-01,24900.0,donor,insulated,jobs
NatRes_Constr_Emp,2002-01-01,25500.0,donor,insulated,jobs
NatRes_Constr_Emp,2002-02-01,25500.0,donor,insulated,jobs
NatRes_Constr_Emp,2002-03-01,25800.0,donor,insulated,jobs
NatRes_Constr_Emp,2002-04-01,26000.0,donor,insulated,jobs
NatRes_Constr_Emp,2002-05-01,26100.0,donor,insulated,jobs
NatRes_Constr_Emp,2002-06-01,26600.0,donor,insulated,jobs
NatRes_Constr_Emp,2002-07-01,26700.0,donor,insulated,jobs
NatRes_Constr_Emp,2002-08-01,27000.0,donor,insulated,jobs
NatRes_Constr_Emp,2002-09-01,26700.0,donor,insulated,jobs
NatRes_Constr_Emp,2002-10-01,27100.0,donor,insulated,jobs
NatRes_Constr_Emp,2002-11-01,27400.0,donor,insulated,jobs
NatRes_Constr_Emp,2002-12-01,27400.0,donor,insulated,jobs
NatRes_Constr_Emp,2003-01-01,27800.0,donor,insulated,jobs
NatRes_Constr_Emp,2003-02-01,27900.0,donor,insulated,jobs
NatRes_Constr_Emp,2003-03-01,28000.0,donor,insulated,jobs
NatRes_Constr_Emp,2003-04-01,28400.0,donor,insulated,jobs
NatRes_Constr_Emp,2003-05-01,28600.0,donor,insulated,jobs
NatRes_Constr_Emp,2003-06-01,28600.0,donor,insulated,jobs
NatRes_Constr_Emp,2003-07-01,28700.0,donor,insulated,jobs
NatRes_Constr_Emp,2003-08-01,28800.0,donor,insulated,jobs
NatRes_Constr_Emp,2003-09-01,28700.0,donor,insulated,jobs
NatRes_Constr_Emp,2003-10-01,28900.0,donor,insulated,jobs
NatRes_Constr_Emp,2003-11-01,28800.0,donor,insulated,jobs
NatRes_Constr_Emp,2003-12-01,28600.0,donor,insulated,jobs
NatRes_Constr_Emp,2004-01-01,28800.0,donor,insulated,jobs
NatRes_Constr_Emp,2004-02-01,29100.0,donor,insulated,jobs
NatRes_Constr_Emp,2004-03-01,28400.0,donor,insulated,jobs
NatRes_Constr_Emp,2004-04-01,29400.0,donor,insulated,jobs
NatRes_Constr_Emp,2004-05-01,29700.0,donor,insulated,jobs
NatRes_Constr_Emp,2004-06-01,30000.0,donor,insulated,jobs
NatRes_Constr_Emp,2004-07-01,30300.0,donor,insulated,jobs
NatRes_Constr_Emp,2004-08-01,30200.0,donor,insulated,jobs
NatRes_Constr_Emp,2004-09-01,30400.0,donor,insulated,jobs
NatRes_Constr_Emp,2004-10-01,30900.0,donor,insulated,jobs
NatRes_Constr_Emp,2004-11-01,31200.0,donor,insulated,jobs
NatRes_Constr_Emp,2004-12-01,31600.0,donor,insulated,jobs
NatRes_Constr_Emp,2005-01-01,32000.0,donor,insulated,jobs
NatRes_Constr_Emp,2005-02-01,32299.999999999996,donor,insulated,jobs
NatRes_Constr_Emp,2005-03-01,32800.0,donor,insulated,jobs
NatRes_Constr_Emp,2005-04-01,33400.0,donor,insulated,jobs
NatRes_Constr_Emp,2005-05-01,33800.0,donor,insulated,jobs
NatRes_Constr_Emp,2005-06-01,34200.0,donor,insulated,jobs
NatRes_Constr_Emp,2005-07-01,34400.0,donor,insulated,jobs
NatRes_Constr_Emp,2005-08-01,34700.0,donor,insulated,jobs
NatRes_Constr_Emp,2005-09-01,35100.0,donor,insulated,jobs
NatRes_Constr_Emp,2005-10-01,35100.0,donor,insulated,jobs
NatRes_Constr_Emp,2005-11-01,35300.0,donor,insulated,jobs
NatRes_Constr_Emp,2005-12-01,35700.0,donor,insulated,jobs
NatRes_Constr_Emp,2006-01-01,35800.0,donor,insulated,jobs
NatRes_Constr_Emp,2006-02-01,36000.0,donor,insulated,jobs
NatRes_Constr_Emp,2006-03-01,36000.0,donor,insulated,jobs
NatRes_Constr_Emp,2006-04-01,36100.0,donor,insulated,jobs
NatRes_Constr_Emp,2006-05-01,36600.0,donor,insulated,jobs
NatRes_Constr_Emp,2006-06-01,37000.0,donor,insulated,jobs
NatRes_Constr_Emp,2006-07-01,37100.0,donor,insulated,jobs
NatRes_Constr_Emp,2006-08-01,37600.0,donor,insulated,jobs
NatRes_Constr_Emp,2006-09-01,38100.0,donor,insulated,jobs
NatRes_Constr_Emp,2006-10-01,38100.0,donor,insulated,jobs
NatRes_Constr_Emp,2006-11-01,38800.0,donor,insulated,jobs
NatRes_Constr_Emp,2006-12-01,39400.0,donor,insulated,jobs
NatRes_Constr_Emp,2007-01-01,38900.0,donor,insulated,jobs
NatRes_Constr_Emp,2007-02-01,39200.0,donor,insulated,jobs
NatRes_Constr_Emp,2007-03-01,39200.0,donor,insulated,jobs
NatRes_Constr_Emp,2007-04-01,39400.0,donor,insulated,jobs
NatRes_Constr_Emp,2007-05-01,39600.0,donor,insulated,jobs
NatRes_Constr_Emp,2007-06-01,40100.0,donor,insulated,jobs
NatRes_Constr_Emp,2007-07-01,40000.0,donor,insulated,jobs
NatRes_Constr_Emp,2007-08-01,40200.0,donor,insulated,jobs
NatRes_Constr_Emp,2007-09-01,40300.0,donor,insulated,jobs
NatRes_Constr_Emp,2007-10-01,40400.0,donor,insulated,jobs
NatRes_Constr_Emp,2007-11-01,40600.0,donor,insulated,jobs
NatRes_Constr_Emp,2007-12-01,40400.0,donor,insulated,jobs
NatRes_Constr_Emp,2008-01-01,40400.0,donor,insulated,jobs
NatRes_Constr_Emp,2008-02-01,40400.0,donor,insulated,jobs
NatRes_Constr_Emp,2008-03-01,40100.0,donor,insulated,jobs
NatRes_Constr_Emp,2008-04-01,39800.0,donor,insulated,jobs
NatRes_Constr_Emp,2008-05-01,39100.0,donor,insulated,jobs
NatRes_Constr_Emp,2008-06-01,38900.0,donor,insulated,jobs
NatRes_Constr_Emp,2008-07-01,38600.0,donor,insulated,jobs
NatRes_Constr_Emp,2008-08-01,38300.0,donor,insulated,jobs
NatRes_Constr_Emp,2008-09-01,38000.0,donor,insulated,jobs
NatRes_Constr_Emp,2008-10-01,37400.0,donor,insulated,jobs
NatRes_Constr_Emp,2008-11-01,36800.0,donor,insulated,jobs
NatRes_Constr_Emp,2008-12-01,36100.0,donor,insulated,jobs
NatRes_Constr_Emp,2009-01-01,35400.0,donor,insulated,jobs
NatRes_Constr_Emp,2009-02-01,34600.0,donor,insulated,jobs
NatRes_Constr_Emp,2009-03-01,33900.0,donor,insulated,jobs
NatRes_Constr_Emp,2009-04-01,33100.0,donor,insulated,jobs
NatRes_Constr_Emp,2009-05-01,32700.000000000004,donor,insulated,jobs
NatRes_Constr_Emp,2009-06-01,32500.0,donor,insulated,jobs
NatRes_Constr_Emp,2009-07-01,32000.0,donor,insulated,jobs
NatRes_Constr_Emp,2009-08-01,31200.0,donor,insulated,jobs
NatRes_Constr_Emp,2009-09-01,30800.0,donor,insulated,jobs
NatRes_Constr_Emp,2009-10-01,30600.0,donor,insulated,jobs
NatRes_Constr_Emp,2009-11-01,30300.0,donor,insulated,jobs
NatRes_Constr_Emp,2009-12-01,30200.0,donor,insulated,jobs
NatRes_Constr_Emp,2010-01-01,30600.0,donor,insulated,jobs
NatRes_Constr_Emp,2010-02-01,30300.0,donor,insulated,jobs
NatRes_Constr_Emp,2010-03-01,30200.0,donor,insulated,jobs
NatRes_Constr_Emp,2010-04-01,30100.0,donor,insulated,jobs
NatRes_Constr_Emp,2010-05-01,29800.0,donor,insulated,jobs
NatRes_Constr_Emp,2010-06-01,29500.0,donor,insulated,jobs
NatRes_Constr_Emp,2010-07-01,29500.0,donor,insulated,jobs
NatRes_Constr_Emp,2010-08-01,29200.0,donor,insulated,jobs
NatRes_Constr_Emp,2010-09-01,29200.0,donor,insulated,jobs
NatRes_Constr_Emp,2010-10-01,29600.0,donor,insulated,jobs
NatRes_Constr_Emp,2010-11-01,29700.0,donor,insulated,jobs
NatRes_Constr_Emp,2010-12-01,29800.0,donor,insulated,jobs
NatRes_Constr_Emp,2011-01-01,29200.0,donor,insulated,jobs
NatRes_Constr_Emp,2011-02-01,29500.0,donor,insulated,jobs
NatRes_Constr_Emp,2011-03-01,29400.0,donor,insulated,jobs
NatRes_Constr_Emp,2011-04-01,29800.0,donor,insulated,jobs
NatRes_Constr_Emp,2011-05-01,29600.0,donor,insulated,jobs
NatRes_Constr_Emp,2011-06-01,29900.0,donor,insulated,jobs
NatRes_Constr_Emp,2011-07-01,30000.0,donor,insulated,jobs
NatRes_Constr_Emp,2011-08-01,29900.0,donor,insulated,jobs
NatRes_Constr_Emp,2011-09-01,30000.0,donor,insulated,jobs
NatRes_Constr_Emp,2011-10-01,29900.0,donor,insulated,jobs
NatRes_Constr_Emp,2011-11-01,29800.0,donor,insulated,jobs
NatRes_Constr_Emp,2011-12-01,29900.0,donor,insulated,jobs
NatRes_Constr_Emp,2012-01-01,30200.0,donor,insulated,jobs
NatRes_Constr_Emp,2012-02-01,30000.0,donor,insulated,jobs
NatRes_Constr_Emp,2012-03-01,29900.0,donor,insulated,jobs
NatRes_Constr_Emp,2012-04-01,29900.0,donor,insulated,jobs
NatRes_Constr_Emp,2012-05-01,30000.0,donor,insulated,jobs
NatRes_Constr_Emp,2012-06-01,30300.0,donor,insulated,jobs
NatRes_Constr_Emp,2012-07-01,30100.0,donor,insulated,jobs
NatRes_Constr_Emp,2012-08-01,30400.0,donor,insulated,jobs
NatRes_Constr_Emp,2012-09-01,30700.0,donor,insulated,jobs
NatRes_Constr_Emp,2012-10-01,31100.0,donor,insulated,jobs
NatRes_Constr_Emp,2012-11-01,31200.0,donor,insulated,jobs
NatRes_Constr_Emp,2012-12-01,31200.0,donor,insulated,jobs
NatRes_Constr_Emp,2013-01-01,31600.0,donor,insulated,jobs
NatRes_Constr_Emp,2013-02-01,31700.0,donor,insulated,jobs
NatRes_Constr_Emp,2013-03-01,31900.0,donor,insulated,jobs
NatRes_Constr_Emp,2013-04-01,32100.0,donor,insulated,jobs
NatRes_Constr_Emp,2013-05-01,32500.0,donor,insulated,jobs
NatRes_Constr_Emp,2013-06-01,31900.0,donor,insulated,jobs
NatRes_Constr_Emp,2013-07-01,32000.0,donor,insulated,jobs
NatRes_Constr_Emp,2013-08-01,32100.0,donor,insulated,jobs
NatRes_Constr_Emp,2013-09-01,32000.0,donor,insulated,jobs
NatRes_Constr_Emp,2013-10-01,32100.0,donor,insulated,jobs
NatRes_Constr_Emp,2013-11-01,32299.999999999996,donor,insulated,jobs
NatRes_Constr_Emp,2013-12-01,32500.0,donor,insulated,jobs
NatRes_Constr_Emp,2014-01-01,32500.0,donor,insulated,jobs
NatRes_Constr_Emp,2014-02-01,32600.0,donor,insulated,jobs
NatRes_Constr_Emp,2014-03-01,32600.0,donor,insulated,jobs
NatRes_Constr_Emp,2014-04-01,32500.0,donor,insulated,jobs
NatRes_Constr_Emp,2014-05-01,33000.0,donor,insulated,jobs
NatRes_Constr_Emp,2014-06-01,32900.0,donor,insulated,jobs
NatRes_Constr_Emp,2014-07-01,33200.0,donor,insulated,jobs
NatRes_Constr_Emp,2014-08-01,33400.0,donor,insulated,jobs
NatRes_Constr_Emp,2014-09-01,33800.0,donor,insulated,jobs
NatRes_Constr_Emp,2014-10-01,34200.0,donor,insulated,jobs
NatRes_Constr_Emp,2014-11-01,34000.0,donor,insulated,jobs
NatRes_Constr_Emp,2014-12-01,33900.0,donor,insulated,jobs
NatRes_Constr_Emp,2015-01-01,33900.0,donor,insulated,jobs
NatRes_Constr_Emp,2015-02-01,34000.0,donor,insulated,jobs
NatRes_Constr_Emp,2015-03-01,34500.0,donor,insulated,jobs
NatRes_Constr_Emp,2015-04-01,34900.0,donor,insulated,jobs
NatRes_Constr_Emp,2015-05-01,35300.0,donor,insulated,jobs
NatRes_Constr_Emp,2015-06-01,35700.0,donor,insulated,jobs
NatRes_Constr_Emp,2015-07-01,36400.0,donor,insulated,jobs
NatRes_Constr_Emp,2015-08-01,36400.0,donor,insulated,jobs
NatRes_Constr_Emp,2015-09-01,36700.0,donor,insulated,jobs
NatRes_Constr_Emp,2015-10-01,38100.0,donor,insulated,jobs
NatRes_Constr_Emp,2015-11-01,38300.0,donor,insulated,jobs
NatRes_Constr_Emp,2015-12-01,38800.0,donor,insulated,jobs
NatRes_Constr_Emp,2016-01-01,39300.0,donor,insulated,jobs
NatRes_Constr_Emp,2016-02-01,39500.0,donor,insulated,jobs
NatRes_Constr_Emp,2016-03-01,39500.0,donor,insulated,jobs
NatRes_Constr_Emp,2016-04-01,39400.0,donor,insulated,jobs
NatRes_Constr_Emp,2016-05-01,39500.0,donor,insulated,jobs
NatRes_Constr_Emp,2016-06-01,39300.0,donor,insulated,jobs
NatRes_Constr_Emp,2016-07-01,39600.0,donor,insulated,jobs
NatRes_Constr_Emp,2016-08-01,39400.0,donor,insulated,jobs
NatRes_Constr_Emp,2016-09-01,39000.0,donor,insulated,jobs
NatRes_Constr_Emp,2016-10-01,38600.0,donor,insulated,jobs
NatRes_Constr_Emp,2016-11-01,38500.0,donor,insulated,jobs
NatRes_Constr_Emp,2016-12-01,38100.0,donor,insulated,jobs
NatRes_Constr_Emp,2017-01-01,38000.0,donor,insulated,jobs
NatRes_Constr_Emp,2017-02-01,37900.0,donor,insulated,jobs
NatRes_Constr_Emp,2017-03-01,37900.0,donor,insulated,jobs
NatRes_Constr_Emp,2017-04-01,37600.0,donor,insulated,jobs
NatRes_Constr_Emp,2017-05-01,37600.0,donor,insulated,jobs
NatRes_Constr_Emp,2017-06-01,37600.0,donor,insulated,jobs
NatRes_Constr_Emp,2017-07-01,37100.0,donor,insulated,jobs
NatRes_Constr_Emp,2017-08-01,37200.0,donor,insulated,jobs
NatRes_Constr_Emp,2017-09-01,37100.0,donor,insulated,jobs
NatRes_Constr_Emp,2017-10-01,36800.0,donor,insulated,jobs
NatRes_Constr_Emp,2017-11-01,36900.0,donor,insulated,jobs
NatRes_Constr_Emp,2017-12-01,36900.0,donor,insulated,jobs
NatRes_Constr_Emp,2018-01-01,37100.0,donor,insulated,jobs
NatRes_Constr_Emp,2018-02-01,37000.0,donor,insulated,jobs
NatRes_Constr_Emp,2018-03-01,37200.0,donor,insulated,jobs
NatRes_Constr_Emp,2018-04-01,37400.0,donor,insulated,jobs
NatRes_Constr_Emp,2018-05-01,37500.0,donor,insulated,jobs
NatRes_Constr_Emp,2018-06-01,37700.0,donor,insulated,jobs
NatRes_Constr_Emp,2018-07-01,37700.0,donor,insulated,jobs
NatRes_Constr_Emp,2018-08-01,37700.0,donor,insulated,jobs
NatRes_Constr_Emp,2018-09-01,37900.0,donor,insulated,jobs
NatRes_Constr_Emp,2018-10-01,38300.0,donor,insulated,jobs
NatRes_Constr_Emp,2018-11-01,37800.0,donor,insulated,jobs
NatRes_Constr_Emp,2018-12-01,37800.0,donor,insulated,jobs
NatRes_Constr_Emp,2019-01-01,37700.0,donor,insulated,jobs
NatRes_Constr_Emp,2019-02-01,37600.0,donor,insulated,jobs
NatRes_Constr_Emp,2019-03-01,37900.0,donor,insulated,jobs
NatRes_Constr_Emp,2019-04-01,37700.0,donor,insulated,jobs
NatRes_Constr_Emp,2019-05-01,37500.0,donor,insulated,jobs
NatRes_Constr_Emp,2019-06-01,37300.0,donor,insulated,jobs
NatRes_Constr_Emp,2019-07-01,37500.0,donor,insulated,jobs
NatRes_Constr_Emp,2019-08-01,37600.0,donor,insulated,jobs
NatRes_Constr_Emp,2019-09-01,37700.0,donor,insulated,jobs
NatRes_Constr_Emp,2019-10-01,37700.0,donor,insulated,jobs
NatRes_Constr_Emp,2019-11-01,37800.0,donor,insulated,jobs
NatRes_Constr_Emp,2019-12-01,37600.0,donor,insulated,jobs
NatRes_Constr_Emp,2020-01-01,37500.0,donor,insulated,jobs
NatRes_Constr_Emp,2020-02-01,37400.0,donor,insulated,jobs
NatRes_Constr_Emp,2020-03-01,37200.0,donor,insulated,jobs
NatRes_Constr_Emp,2020-04-01,34600.0,donor,insulated,jobs
NatRes_Constr_Emp,2020-05-01,37100.0,donor,insulated,jobs
NatRes_Constr_Emp,2020-06-01,37300.0,donor,insulated,jobs
NatRes_Constr_Emp,2020-07-01,36000.0,donor,insulated,jobs
NatRes_Constr_Emp,2020-08-01,36700.0,donor,insulated,jobs
NatRes_Constr_Emp,2020-09-01,36600.0,donor,insulated,jobs
NatRes_Constr_Emp,2020-10-01,36600.0,donor,insulated,jobs
NatRes_Constr_Emp,2020-11-01,36900.0,donor,insulated,jobs
NatRes_Constr_Emp,2020-12-01,37300.0,donor,insulated,jobs
NatRes_Constr_Emp,2021-01-01,37100.0,donor,insulated,jobs
NatRes_Constr_Emp,2021-02-01,37300.0,donor,insulated,jobs
NatRes_Constr_Emp,2021-03-01,37300.0,donor,insulated,jobs
NatRes_Constr_Emp,2021-04-01,37300.0,donor,insulated,jobs
NatRes_Constr_Emp,2021-05-01,37500.0,donor,insulated,jobs
NatRes_Constr_Emp,2021-06-01,37200.0,donor,insulated,jobs
NatRes_Constr_Emp,2021-07-01,37000.0,donor,insulated,jobs
NatRes_Constr_Emp,2021-08-01,36700.0,donor,insulated,jobs
NatRes_Constr_Emp,2021-09-01,36500.0,donor,insulated,jobs
NatRes_Constr_Emp,2021-10-01,37000.0,donor,insulated,jobs
NatRes_Constr_Emp,2021-11-01,36900.0,donor,insulated,jobs
NatRes_Constr_Emp,2021-12-01,36900.0,donor,insulated,jobs
NatRes_Constr_Emp,2022-01-01,36500.0,donor,insulated,jobs
NatRes_Constr_Emp,2022-02-01,36800.0,donor,insulated,jobs
NatRes_Constr_Emp,2022-03-01,37100.0,donor,insulated,jobs
NatRes_Constr_Emp,2022-04-01,37200.0,donor,insulated,jobs
NatRes_Constr_Emp,2022-05-01,37100.0,donor,insulated,jobs
NatRes_Constr_Emp,2022-06-01,36700.0,donor,insulated,jobs
NatRes_Constr_Emp,2022-07-01,37200.0,donor,insulated,jobs
NatRes_Constr_Emp,2022-08-01,37300.0,donor,insulated,jobs
NatRes_Constr_Emp,2022-09-01,37400.0,donor,insulated,jobs
NatRes_Constr_Emp,2022-10-01,37600.0,donor,insulated,jobs
NatRes_Constr_Emp,2022-11-01,37600.0,donor,insulated,jobs
NatRes_Constr_Emp,2022-12-01,37800.0,donor,insulated,jobs
NatRes_Constr_Emp,2023-01-01,38000.0,donor,insulated,jobs
NatRes_Constr_Emp,2023-02-01,38300.0,donor,insulated,jobs
NatRes_Constr_Emp,2023-03-01,37900.0,donor,insulated,jobs
NatRes_Constr_Emp,2023-04-01,38000.0,donor,insulated,jobs
NatRes_Constr_Emp,2023-05-01,38000.0,donor,insulated,jobs
NatRes_Constr_Emp,2023-06-01,38100.0,donor,insulated,jobs
NatRes_Constr_Emp,2023-07-01,38100.0,donor,insulated,jobs
NatRes_Constr_Emp,2023-08-01,38000.0,donor,insulated,jobs
NatRes_Constr_Emp,2023-09-01,38100.0,donor,insulated,jobs
NatRes_Constr_Emp,2023-10-01,38300.0,donor,insulated,jobs
NatRes_Constr_Emp,2023-11-01,38300.0,donor,insulated,jobs
NatRes_Constr_Emp,2023-12-01,38400.0,donor,insulated,jobs
NatRes_Constr_Emp,2024-01-01,38600.0,donor,insulated,jobs
NatRes_Constr_Emp,2024-02-01,38900.0,donor,insulated,jobs
NatRes_Constr_Emp,2024-03-01,38900.0,donor,insulated,jobs
NatRes_Constr_Emp,2024-04-01,39200.0,donor,insulated,jobs
NatRes_Constr_Emp,2024-05-01,39100.0,donor,insulated,jobs
NatRes_Constr_Emp,2024-06-01,39300.0,donor,insulated,jobs
NatRes_Constr_Emp,2024-07-01,39400.0,donor,insulated,jobs
NatRes_Constr_Emp,2024-08-01,39600.0,donor,insulated,jobs
NatRes_Constr_Emp,2024-09-01,39700.0,donor,insulated,jobs
NatRes_Constr_Emp,2024-10-01,39600.0,donor,insulated,jobs
NatRes_Constr_Emp,2024-11-01,39600.0,donor,insulated,jobs
NatRes_Constr_Emp,2024-12-01,39600.0,donor,insulated,jobs
NatRes_Constr_Emp,2025-01-01,39900.0,donor,insulated,jobs
NatRes_Constr_Emp,2025-02-01,39800.0,donor,insulated,jobs
NatRes_Constr_Emp,2025-03-01,40000.0,donor,insulated,jobs
NatRes_Constr_Emp,2025-04-01,40000.0,donor,insulated,jobs
NatRes_Constr_Emp,2025-05-01,40100.0,donor,insulated,jobs
NatRes_Constr_Emp,2025-06-01,39800.0,donor,insulated,jobs
NatRes_Constr_Emp,2025-07-01,40200.0,donor,insulated,jobs
NatRes_Constr_Emp,2025-08-01,40500.0,donor,insulated,jobs
NatRes_Constr_Emp,2025-09-01,40600.0,donor,insulated,jobs
NatRes_Constr_Emp,2025-10-01,40400.0,donor,insulated,jobs
NatRes_Constr_Emp,2025-11-01,40900.0,donor,insulated,jobs
NatRes_Constr_Emp,2025-12-01,41100.0,donor,insulated,jobs
NatRes_Constr_Emp,2026-01-01,41300.0,donor,insulated,jobs
NatRes_Constr_Emp,2026-02-01,41300.0,donor,insulated,jobs
NatRes_Constr_Emp,2026-03-01,40800.0,donor,insulated,jobs
NatRes_Constr_Emp,2026-04-01,41000.0,donor,insulated,jobs
NatRes_Constr_Emp,2026-05-01,41000.0,donor,insulated,jobs
Wholesale_Emp,1990-01-01,17300.0,donor,insulated,jobs
Wholesale_Emp,1990-02-01,17500.0,donor,insulated,jobs
Wholesale_Emp,1990-03-01,17400.0,donor,insulated,jobs
Wholesale_Emp,1990-04-01,17400.0,donor,insulated,jobs
Wholesale_Emp,1990-05-01,17500.0,donor,insulated,jobs
Wholesale_Emp,1990-06-01,17600.0,donor,insulated,jobs
Wholesale_Emp,1990-07-01,17600.0,donor,insulated,jobs
Wholesale_Emp,1990-08-01,17700.0,donor,insulated,jobs
Wholesale_Emp,1990-09-01,17600.0,donor,insulated,jobs
Wholesale_Emp,1990-10-01,17700.0,donor,insulated,jobs
Wholesale_Emp,1990-11-01,17700.0,donor,insulated,jobs
Wholesale_Emp,1990-12-01,17700.0,donor,insulated,jobs
Wholesale_Emp,1991-01-01,17400.0,donor,insulated,jobs
Wholesale_Emp,1991-02-01,17400.0,donor,insulated,jobs
Wholesale_Emp,1991-03-01,17300.0,donor,insulated,jobs
Wholesale_Emp,1991-04-01,17300.0,donor,insulated,jobs
Wholesale_Emp,1991-05-01,17300.0,donor,insulated,jobs
Wholesale_Emp,1991-06-01,17300.0,donor,insulated,jobs
Wholesale_Emp,1991-07-01,17300.0,donor,insulated,jobs
Wholesale_Emp,1991-08-01,17400.0,donor,insulated,jobs
Wholesale_Emp,1991-09-01,17400.0,donor,insulated,jobs
Wholesale_Emp,1991-10-01,17500.0,donor,insulated,jobs
Wholesale_Emp,1991-11-01,17700.0,donor,insulated,jobs
Wholesale_Emp,1991-12-01,17200.0,donor,insulated,jobs
Wholesale_Emp,1992-01-01,17300.0,donor,insulated,jobs
Wholesale_Emp,1992-02-01,17100.0,donor,insulated,jobs
Wholesale_Emp,1992-03-01,17100.0,donor,insulated,jobs
Wholesale_Emp,1992-04-01,17200.0,donor,insulated,jobs
Wholesale_Emp,1992-05-01,17100.0,donor,insulated,jobs
Wholesale_Emp,1992-06-01,17100.0,donor,insulated,jobs
Wholesale_Emp,1992-07-01,17200.0,donor,insulated,jobs
Wholesale_Emp,1992-08-01,17200.0,donor,insulated,jobs
Wholesale_Emp,1992-09-01,17000.0,donor,insulated,jobs
Wholesale_Emp,1992-10-01,16900.0,donor,insulated,jobs
Wholesale_Emp,1992-11-01,17000.0,donor,insulated,jobs
Wholesale_Emp,1992-12-01,17000.0,donor,insulated,jobs
Wholesale_Emp,1993-01-01,17000.0,donor,insulated,jobs
Wholesale_Emp,1993-02-01,17000.0,donor,insulated,jobs
Wholesale_Emp,1993-03-01,16800.0,donor,insulated,jobs
Wholesale_Emp,1993-04-01,17100.0,donor,insulated,jobs
Wholesale_Emp,1993-05-01,17000.0,donor,insulated,jobs
Wholesale_Emp,1993-06-01,17000.0,donor,insulated,jobs
Wholesale_Emp,1993-07-01,16800.0,donor,insulated,jobs
Wholesale_Emp,1993-08-01,16700.0,donor,insulated,jobs
Wholesale_Emp,1993-09-01,16600.0,donor,insulated,jobs
Wholesale_Emp,1993-10-01,16400.0,donor,insulated,jobs
Wholesale_Emp,1993-11-01,16600.0,donor,insulated,jobs
Wholesale_Emp,1993-12-01,16400.0,donor,insulated,jobs
Wholesale_Emp,1994-01-01,16400.0,donor,insulated,jobs
Wholesale_Emp,1994-02-01,16400.0,donor,insulated,jobs
Wholesale_Emp,1994-03-01,16400.0,donor,insulated,jobs
Wholesale_Emp,1994-04-01,16400.0,donor,insulated,jobs
Wholesale_Emp,1994-05-01,16500.0,donor,insulated,jobs
Wholesale_Emp,1994-06-01,16500.0,donor,insulated,jobs
Wholesale_Emp,1994-07-01,16500.0,donor,insulated,jobs
Wholesale_Emp,1994-08-01,16500.0,donor,insulated,jobs
Wholesale_Emp,1994-09-01,16400.0,donor,insulated,jobs
Wholesale_Emp,1994-10-01,16400.0,donor,insulated,jobs
Wholesale_Emp,1994-11-01,16300.0,donor,insulated,jobs
Wholesale_Emp,1994-12-01,16300.0,donor,insulated,jobs
Wholesale_Emp,1995-01-01,16400.0,donor,insulated,jobs
Wholesale_Emp,1995-02-01,16400.0,donor,insulated,jobs
Wholesale_Emp,1995-03-01,16300.0,donor,insulated,jobs
Wholesale_Emp,1995-04-01,16300.0,donor,insulated,jobs
Wholesale_Emp,1995-05-01,16300.0,donor,insulated,jobs
Wholesale_Emp,1995-06-01,16400.0,donor,insulated,jobs
Wholesale_Emp,1995-07-01,16100.000000000002,donor,insulated,jobs
Wholesale_Emp,1995-08-01,16000.0,donor,insulated,jobs
Wholesale_Emp,1995-09-01,16100.000000000002,donor,insulated,jobs
Wholesale_Emp,1995-10-01,16000.0,donor,insulated,jobs
Wholesale_Emp,1995-11-01,16000.0,donor,insulated,jobs
Wholesale_Emp,1995-12-01,15900.0,donor,insulated,jobs
Wholesale_Emp,1996-01-01,16100.000000000002,donor,insulated,jobs
Wholesale_Emp,1996-02-01,16100.000000000002,donor,insulated,jobs
Wholesale_Emp,1996-03-01,16100.000000000002,donor,insulated,jobs
Wholesale_Emp,1996-04-01,15900.0,donor,insulated,jobs
Wholesale_Emp,1996-05-01,15900.0,donor,insulated,jobs
Wholesale_Emp,1996-06-01,16000.0,donor,insulated,jobs
Wholesale_Emp,1996-07-01,16000.0,donor,insulated,jobs
Wholesale_Emp,1996-08-01,15900.0,donor,insulated,jobs
Wholesale_Emp,1996-09-01,15900.0,donor,insulated,jobs
Wholesale_Emp,1996-10-01,15800.0,donor,insulated,jobs
Wholesale_Emp,1996-11-01,15800.0,donor,insulated,jobs
Wholesale_Emp,1996-12-01,15700.0,donor,insulated,jobs
Wholesale_Emp,1997-01-01,15700.0,donor,insulated,jobs
Wholesale_Emp,1997-02-01,15700.0,donor,insulated,jobs
Wholesale_Emp,1997-03-01,15700.0,donor,insulated,jobs
Wholesale_Emp,1997-04-01,15700.0,donor,insulated,jobs
Wholesale_Emp,1997-05-01,15600.0,donor,insulated,jobs
Wholesale_Emp,1997-06-01,15700.0,donor,insulated,jobs
Wholesale_Emp,1997-07-01,15700.0,donor,insulated,jobs
Wholesale_Emp,1997-08-01,15700.0,donor,insulated,jobs
Wholesale_Emp,1997-09-01,15800.0,donor,insulated,jobs
Wholesale_Emp,1997-10-01,15800.0,donor,insulated,jobs
Wholesale_Emp,1997-11-01,15800.0,donor,insulated,jobs
Wholesale_Emp,1997-12-01,15800.0,donor,insulated,jobs
Wholesale_Emp,1998-01-01,15800.0,donor,insulated,jobs
Wholesale_Emp,1998-02-01,15900.0,donor,insulated,jobs
Wholesale_Emp,1998-03-01,15900.0,donor,insulated,jobs
Wholesale_Emp,1998-04-01,16000.0,donor,insulated,jobs
Wholesale_Emp,1998-05-01,15900.0,donor,insulated,jobs
Wholesale_Emp,1998-06-01,15900.0,donor,insulated,jobs
Wholesale_Emp,1998-07-01,15900.0,donor,insulated,jobs
Wholesale_Emp,1998-08-01,15800.0,donor,insulated,jobs
Wholesale_Emp,1998-09-01,16000.0,donor,insulated,jobs
Wholesale_Emp,1998-10-01,16000.0,donor,insulated,jobs
Wholesale_Emp,1998-11-01,16000.0,donor,insulated,jobs
Wholesale_Emp,1998-12-01,16000.0,donor,insulated,jobs
Wholesale_Emp,1999-01-01,15800.0,donor,insulated,jobs
Wholesale_Emp,1999-02-01,15700.0,donor,insulated,jobs
Wholesale_Emp,1999-03-01,15800.0,donor,insulated,jobs
Wholesale_Emp,1999-04-01,15900.0,donor,insulated,jobs
Wholesale_Emp,1999-05-01,15800.0,donor,insulated,jobs
Wholesale_Emp,1999-06-01,15800.0,donor,insulated,jobs
Wholesale_Emp,1999-07-01,15800.0,donor,insulated,jobs
Wholesale_Emp,1999-08-01,15800.0,donor,insulated,jobs
Wholesale_Emp,1999-09-01,15900.0,donor,insulated,jobs
Wholesale_Emp,1999-10-01,16000.0,donor,insulated,jobs
Wholesale_Emp,1999-11-01,16000.0,donor,insulated,jobs
Wholesale_Emp,1999-12-01,16100.000000000002,donor,insulated,jobs
Wholesale_Emp,2000-01-01,16200.0,donor,insulated,jobs
Wholesale_Emp,2000-02-01,16200.0,donor,insulated,jobs
Wholesale_Emp,2000-03-01,16300.0,donor,insulated,jobs
Wholesale_Emp,2000-04-01,16200.0,donor,insulated,jobs
Wholesale_Emp,2000-05-01,16100.000000000002,donor,insulated,jobs
Wholesale_Emp,2000-06-01,16400.0,donor,insulated,jobs
Wholesale_Emp,2000-07-01,16400.0,donor,insulated,jobs
Wholesale_Emp,2000-08-01,16400.0,donor,insulated,jobs
Wholesale_Emp,2000-09-01,16500.0,donor,insulated,jobs
Wholesale_Emp,2000-10-01,16500.0,donor,insulated,jobs
Wholesale_Emp,2000-11-01,16600.0,donor,insulated,jobs
Wholesale_Emp,2000-12-01,16400.0,donor,insulated,jobs
Wholesale_Emp,2001-01-01,16600.0,donor,insulated,jobs
Wholesale_Emp,2001-02-01,16600.0,donor,insulated,jobs
Wholesale_Emp,2001-03-01,16600.0,donor,insulated,jobs
Wholesale_Emp,2001-04-01,16600.0,donor,insulated,jobs
Wholesale_Emp,2001-05-01,16600.0,donor,insulated,jobs
Wholesale_Emp,2001-06-01,16700.0,donor,insulated,jobs
Wholesale_Emp,2001-07-01,16600.0,donor,insulated,jobs
Wholesale_Emp,2001-08-01,16600.0,donor,insulated,jobs
Wholesale_Emp,2001-09-01,16600.0,donor,insulated,jobs
Wholesale_Emp,2001-10-01,16400.0,donor,insulated,jobs
Wholesale_Emp,2001-11-01,16200.0,donor,insulated,jobs
Wholesale_Emp,2001-12-01,16300.0,donor,insulated,jobs
Wholesale_Emp,2002-01-01,16300.0,donor,insulated,jobs
Wholesale_Emp,2002-02-01,16300.0,donor,insulated,jobs
Wholesale_Emp,2002-03-01,16400.0,donor,insulated,jobs
Wholesale_Emp,2002-04-01,16400.0,donor,insulated,jobs
Wholesale_Emp,2002-05-01,16400.0,donor,insulated,jobs
Wholesale_Emp,2002-06-01,16500.0,donor,insulated,jobs
Wholesale_Emp,2002-07-01,16600.0,donor,insulated,jobs
Wholesale_Emp,2002-08-01,16500.0,donor,insulated,jobs
Wholesale_Emp,2002-09-01,16700.0,donor,insulated,jobs
Wholesale_Emp,2002-10-01,16800.0,donor,insulated,jobs
Wholesale_Emp,2002-11-01,16800.0,donor,insulated,jobs
Wholesale_Emp,2002-12-01,16900.0,donor,insulated,jobs
Wholesale_Emp,2003-01-01,16800.0,donor,insulated,jobs
Wholesale_Emp,2003-02-01,16800.0,donor,insulated,jobs
Wholesale_Emp,2003-03-01,16900.0,donor,insulated,jobs
Wholesale_Emp,2003-04-01,16900.0,donor,insulated,jobs
Wholesale_Emp,2003-05-01,16900.0,donor,insulated,jobs
Wholesale_Emp,2003-06-01,16900.0,donor,insulated,jobs
Wholesale_Emp,2003-07-01,17000.0,donor,insulated,jobs
Wholesale_Emp,2003-08-01,16900.0,donor,insulated,jobs
Wholesale_Emp,2003-09-01,16900.0,donor,insulated,jobs
Wholesale_Emp,2003-10-01,17000.0,donor,insulated,jobs
Wholesale_Emp,2003-11-01,16900.0,donor,insulated,jobs
Wholesale_Emp,2003-12-01,16900.0,donor,insulated,jobs
Wholesale_Emp,2004-01-01,17000.0,donor,insulated,jobs
Wholesale_Emp,2004-02-01,17100.0,donor,insulated,jobs
Wholesale_Emp,2004-03-01,17100.0,donor,insulated,jobs
Wholesale_Emp,2004-04-01,17200.0,donor,insulated,jobs
Wholesale_Emp,2004-05-01,17200.0,donor,insulated,jobs
Wholesale_Emp,2004-06-01,17300.0,donor,insulated,jobs
Wholesale_Emp,2004-07-01,17300.0,donor,insulated,jobs
Wholesale_Emp,2004-08-01,17200.0,donor,insulated,jobs
Wholesale_Emp,2004-09-01,17200.0,donor,insulated,jobs
Wholesale_Emp,2004-10-01,17400.0,donor,insulated,jobs
Wholesale_Emp,2004-11-01,17400.0,donor,insulated,jobs
Wholesale_Emp,2004-12-01,17400.0,donor,insulated,jobs
Wholesale_Emp,2005-01-01,17400.0,donor,insulated,jobs
Wholesale_Emp,2005-02-01,17600.0,donor,insulated,jobs
Wholesale_Emp,2005-03-01,17700.0,donor,insulated,jobs
Wholesale_Emp,2005-04-01,17700.0,donor,insulated,jobs
Wholesale_Emp,2005-05-01,17700.0,donor,insulated,jobs
Wholesale_Emp,2005-06-01,17800.0,donor,insulated,jobs
Wholesale_Emp,2005-07-01,17900.0,donor,insulated,jobs
Wholesale_Emp,2005-08-01,17900.0,donor,insulated,jobs
Wholesale_Emp,2005-09-01,18000.0,donor,insulated,jobs
Wholesale_Emp,2005-10-01,18100.0,donor,insulated,jobs
Wholesale_Emp,2005-11-01,18000.0,donor,insulated,jobs
Wholesale_Emp,2005-12-01,18100.0,donor,insulated,jobs
Wholesale_Emp,2006-01-01,18000.0,donor,insulated,jobs
Wholesale_Emp,2006-02-01,18000.0,donor,insulated,jobs
Wholesale_Emp,2006-03-01,18000.0,donor,insulated,jobs
Wholesale_Emp,2006-04-01,18100.0,donor,insulated,jobs
Wholesale_Emp,2006-05-01,18100.0,donor,insulated,jobs
Wholesale_Emp,2006-06-01,18300.0,donor,insulated,jobs
Wholesale_Emp,2006-07-01,18200.0,donor,insulated,jobs
Wholesale_Emp,2006-08-01,18400.0,donor,insulated,jobs
Wholesale_Emp,2006-09-01,18300.0,donor,insulated,jobs
Wholesale_Emp,2006-10-01,18300.0,donor,insulated,jobs
Wholesale_Emp,2006-11-01,18500.0,donor,insulated,jobs
Wholesale_Emp,2006-12-01,18500.0,donor,insulated,jobs
Wholesale_Emp,2007-01-01,18500.0,donor,insulated,jobs
Wholesale_Emp,2007-02-01,18500.0,donor,insulated,jobs
Wholesale_Emp,2007-03-01,18700.0,donor,insulated,jobs
Wholesale_Emp,2007-04-01,18600.0,donor,insulated,jobs
Wholesale_Emp,2007-05-01,18600.0,donor,insulated,jobs
Wholesale_Emp,2007-06-01,18800.0,donor,insulated,jobs
Wholesale_Emp,2007-07-01,18800.0,donor,insulated,jobs
Wholesale_Emp,2007-08-01,18900.0,donor,insulated,jobs
Wholesale_Emp,2007-09-01,18900.0,donor,insulated,jobs
Wholesale_Emp,2007-10-01,18900.0,donor,insulated,jobs
Wholesale_Emp,2007-11-01,19200.0,donor,insulated,jobs
Wholesale_Emp,2007-12-01,19200.0,donor,insulated,jobs
Wholesale_Emp,2008-01-01,19100.0,donor,insulated,jobs
Wholesale_Emp,2008-02-01,19200.0,donor,insulated,jobs
Wholesale_Emp,2008-03-01,19300.0,donor,insulated,jobs
Wholesale_Emp,2008-04-01,19200.0,donor,insulated,jobs
Wholesale_Emp,2008-05-01,19300.0,donor,insulated,jobs
Wholesale_Emp,2008-06-01,19200.0,donor,insulated,jobs
Wholesale_Emp,2008-07-01,19200.0,donor,insulated,jobs
Wholesale_Emp,2008-08-01,19100.0,donor,insulated,jobs
Wholesale_Emp,2008-09-01,19000.0,donor,insulated,jobs
Wholesale_Emp,2008-10-01,18900.0,donor,insulated,jobs
Wholesale_Emp,2008-11-01,18800.0,donor,insulated,jobs
Wholesale_Emp,2008-12-01,18700.0,donor,insulated,jobs
Wholesale_Emp,2009-01-01,18600.0,donor,insulated,jobs
Wholesale_Emp,2009-02-01,18500.0,donor,insulated,jobs
Wholesale_Emp,2009-03-01,18400.0,donor,insulated,jobs
Wholesale_Emp,2009-04-01,18300.0,donor,insulated,jobs
Wholesale_Emp,2009-05-01,18200.0,donor,insulated,jobs
Wholesale_Emp,2009-06-01,18100.0,donor,insulated,jobs
Wholesale_Emp,2009-07-01,18100.0,donor,insulated,jobs
Wholesale_Emp,2009-08-01,18000.0,donor,insulated,jobs
Wholesale_Emp,2009-09-01,18000.0,donor,insulated,jobs
Wholesale_Emp,2009-10-01,17900.0,donor,insulated,jobs
Wholesale_Emp,2009-11-01,17900.0,donor,insulated,jobs
Wholesale_Emp,2009-12-01,17900.0,donor,insulated,jobs
Wholesale_Emp,2010-01-01,17900.0,donor,insulated,jobs
Wholesale_Emp,2010-02-01,17900.0,donor,insulated,jobs
Wholesale_Emp,2010-03-01,18000.0,donor,insulated,jobs
Wholesale_Emp,2010-04-01,18000.0,donor,insulated,jobs
Wholesale_Emp,2010-05-01,18000.0,donor,insulated,jobs
Wholesale_Emp,2010-06-01,17900.0,donor,insulated,jobs
Wholesale_Emp,2010-07-01,18000.0,donor,insulated,jobs
Wholesale_Emp,2010-08-01,17900.0,donor,insulated,jobs
Wholesale_Emp,2010-09-01,17800.0,donor,insulated,jobs
Wholesale_Emp,2010-10-01,18000.0,donor,insulated,jobs
Wholesale_Emp,2010-11-01,17900.0,donor,insulated,jobs
Wholesale_Emp,2010-12-01,17800.0,donor,insulated,jobs
Wholesale_Emp,2011-01-01,17700.0,donor,insulated,jobs
Wholesale_Emp,2011-02-01,17700.0,donor,insulated,jobs
Wholesale_Emp,2011-03-01,17700.0,donor,insulated,jobs
Wholesale_Emp,2011-04-01,17700.0,donor,insulated,jobs
Wholesale_Emp,2011-05-01,17800.0,donor,insulated,jobs
Wholesale_Emp,2011-06-01,17700.0,donor,insulated,jobs
Wholesale_Emp,2011-07-01,17800.0,donor,insulated,jobs
Wholesale_Emp,2011-08-01,17800.0,donor,insulated,jobs
Wholesale_Emp,2011-09-01,17800.0,donor,insulated,jobs
Wholesale_Emp,2011-10-01,17900.0,donor,insulated,jobs
Wholesale_Emp,2011-11-01,17800.0,donor,insulated,jobs
Wholesale_Emp,2011-12-01,17900.0,donor,insulated,jobs
Wholesale_Emp,2012-01-01,17900.0,donor,insulated,jobs
Wholesale_Emp,2012-02-01,17900.0,donor,insulated,jobs
Wholesale_Emp,2012-03-01,18000.0,donor,insulated,jobs
Wholesale_Emp,2012-04-01,17900.0,donor,insulated,jobs
Wholesale_Emp,2012-05-01,17900.0,donor,insulated,jobs
Wholesale_Emp,2012-06-01,18000.0,donor,insulated,jobs
Wholesale_Emp,2012-07-01,18000.0,donor,insulated,jobs
Wholesale_Emp,2012-08-01,18100.0,donor,insulated,jobs
Wholesale_Emp,2012-09-01,18100.0,donor,insulated,jobs
Wholesale_Emp,2012-10-01,18100.0,donor,insulated,jobs
Wholesale_Emp,2012-11-01,18100.0,donor,insulated,jobs
Wholesale_Emp,2012-12-01,18000.0,donor,insulated,jobs
Wholesale_Emp,2013-01-01,18100.0,donor,insulated,jobs
Wholesale_Emp,2013-02-01,18100.0,donor,insulated,jobs
Wholesale_Emp,2013-03-01,18200.0,donor,insulated,jobs
Wholesale_Emp,2013-04-01,18100.0,donor,insulated,jobs
Wholesale_Emp,2013-05-01,18100.0,donor,insulated,jobs
Wholesale_Emp,2013-06-01,18000.0,donor,insulated,jobs
Wholesale_Emp,2013-07-01,18000.0,donor,insulated,jobs
Wholesale_Emp,2013-08-01,18000.0,donor,insulated,jobs
Wholesale_Emp,2013-09-01,18000.0,donor,insulated,jobs
Wholesale_Emp,2013-10-01,18000.0,donor,insulated,jobs
Wholesale_Emp,2013-11-01,17900.0,donor,insulated,jobs
Wholesale_Emp,2013-12-01,17900.0,donor,insulated,jobs
Wholesale_Emp,2014-01-01,18100.0,donor,insulated,jobs
Wholesale_Emp,2014-02-01,18000.0,donor,insulated,jobs
Wholesale_Emp,2014-03-01,18100.0,donor,insulated,jobs
Wholesale_Emp,2014-04-01,18000.0,donor,insulated,jobs
Wholesale_Emp,2014-05-01,18100.0,donor,insulated,jobs
Wholesale_Emp,2014-06-01,18100.0,donor,insulated,jobs
Wholesale_Emp,2014-07-01,18000.0,donor,insulated,jobs
Wholesale_Emp,2014-08-01,18000.0,donor,insulated,jobs
Wholesale_Emp,2014-09-01,18100.0,donor,insulated,jobs
Wholesale_Emp,2014-10-01,18200.0,donor,insulated,jobs
Wholesale_Emp,2014-11-01,18200.0,donor,insulated,jobs
Wholesale_Emp,2014-12-01,18300.0,donor,insulated,jobs
Wholesale_Emp,2015-01-01,18200.0,donor,insulated,jobs
Wholesale_Emp,2015-02-01,18300.0,donor,insulated,jobs
Wholesale_Emp,2015-03-01,18300.0,donor,insulated,jobs
Wholesale_Emp,2015-04-01,18300.0,donor,insulated,jobs
Wholesale_Emp,2015-05-01,18300.0,donor,insulated,jobs
Wholesale_Emp,2015-06-01,18300.0,donor,insulated,jobs
Wholesale_Emp,2015-07-01,18400.0,donor,insulated,jobs
Wholesale_Emp,2015-08-01,18400.0,donor,insulated,jobs
Wholesale_Emp,2015-09-01,18400.0,donor,insulated,jobs
Wholesale_Emp,2015-10-01,18300.0,donor,insulated,jobs
Wholesale_Emp,2015-11-01,18200.0,donor,insulated,jobs
Wholesale_Emp,2015-12-01,18200.0,donor,insulated,jobs
Wholesale_Emp,2016-01-01,18100.0,donor,insulated,jobs
Wholesale_Emp,2016-02-01,18200.0,donor,insulated,jobs
Wholesale_Emp,2016-03-01,18000.0,donor,insulated,jobs
Wholesale_Emp,2016-04-01,18300.0,donor,insulated,jobs
Wholesale_Emp,2016-05-01,18200.0,donor,insulated,jobs
Wholesale_Emp,2016-06-01,18300.0,donor,insulated,jobs
Wholesale_Emp,2016-07-01,18300.0,donor,insulated,jobs
Wholesale_Emp,2016-08-01,18400.0,donor,insulated,jobs
Wholesale_Emp,2016-09-01,18300.0,donor,insulated,jobs
Wholesale_Emp,2016-10-01,18400.0,donor,insulated,jobs
Wholesale_Emp,2016-11-01,18300.0,donor,insulated,jobs
Wholesale_Emp,2016-12-01,18300.0,donor,insulated,jobs
Wholesale_Emp,2017-01-01,18300.0,donor,insulated,jobs
Wholesale_Emp,2017-02-01,18400.0,donor,insulated,jobs
Wholesale_Emp,2017-03-01,18300.0,donor,insulated,jobs
Wholesale_Emp,2017-04-01,18400.0,donor,insulated,jobs
Wholesale_Emp,2017-05-01,18300.0,donor,insulated,jobs
Wholesale_Emp,2017-06-01,18400.0,donor,insulated,jobs
Wholesale_Emp,2017-07-01,18300.0,donor,insulated,jobs
Wholesale_Emp,2017-08-01,18400.0,donor,insulated,jobs
Wholesale_Emp,2017-09-01,18400.0,donor,insulated,jobs
Wholesale_Emp,2017-10-01,18400.0,donor,insulated,jobs
Wholesale_Emp,2017-11-01,18400.0,donor,insulated,jobs
Wholesale_Emp,2017-12-01,18400.0,donor,insulated,jobs
Wholesale_Emp,2018-01-01,18300.0,donor,insulated,jobs
Wholesale_Emp,2018-02-01,18400.0,donor,insulated,jobs
Wholesale_Emp,2018-03-01,18300.0,donor,insulated,jobs
Wholesale_Emp,2018-04-01,18300.0,donor,insulated,jobs
Wholesale_Emp,2018-05-01,18300.0,donor,insulated,jobs
Wholesale_Emp,2018-06-01,18400.0,donor,insulated,jobs
Wholesale_Emp,2018-07-01,18400.0,donor,insulated,jobs
Wholesale_Emp,2018-08-01,18300.0,donor,insulated,jobs
Wholesale_Emp,2018-09-01,18300.0,donor,insulated,jobs
Wholesale_Emp,2018-10-01,18300.0,donor,insulated,jobs
Wholesale_Emp,2018-11-01,18200.0,donor,insulated,jobs
Wholesale_Emp,2018-12-01,18400.0,donor,insulated,jobs
Wholesale_Emp,2019-01-01,18500.0,donor,insulated,jobs
Wholesale_Emp,2019-02-01,18500.0,donor,insulated,jobs
Wholesale_Emp,2019-03-01,18500.0,donor,insulated,jobs
Wholesale_Emp,2019-04-01,18300.0,donor,insulated,jobs
Wholesale_Emp,2019-05-01,18300.0,donor,insulated,jobs
Wholesale_Emp,2019-06-01,18300.0,donor,insulated,jobs
Wholesale_Emp,2019-07-01,18200.0,donor,insulated,jobs
Wholesale_Emp,2019-08-01,18200.0,donor,insulated,jobs
Wholesale_Emp,2019-09-01,18300.0,donor,insulated,jobs
Wholesale_Emp,2019-10-01,18300.0,donor,insulated,jobs
Wholesale_Emp,2019-11-01,18200.0,donor,insulated,jobs
Wholesale_Emp,2019-12-01,18200.0,donor,insulated,jobs
Wholesale_Emp,2020-01-01,18300.0,donor,insulated,jobs
Wholesale_Emp,2020-02-01,18200.0,donor,insulated,jobs
Wholesale_Emp,2020-03-01,18100.0,donor,insulated,jobs
Wholesale_Emp,2020-04-01,16100.000000000002,donor,insulated,jobs
Wholesale_Emp,2020-05-01,16100.000000000002,donor,insulated,jobs
Wholesale_Emp,2020-06-01,16100.000000000002,donor,insulated,jobs
Wholesale_Emp,2020-07-01,15800.0,donor,insulated,jobs
Wholesale_Emp,2020-08-01,15700.0,donor,insulated,jobs
Wholesale_Emp,2020-09-01,15800.0,donor,insulated,jobs
Wholesale_Emp,2020-10-01,15800.0,donor,insulated,jobs
Wholesale_Emp,2020-11-01,15900.0,donor,insulated,jobs
Wholesale_Emp,2020-12-01,16000.0,donor,insulated,jobs
Wholesale_Emp,2021-01-01,15900.0,donor,insulated,jobs
Wholesale_Emp,2021-02-01,16000.0,donor,insulated,jobs
Wholesale_Emp,2021-03-01,16200.0,donor,insulated,jobs
Wholesale_Emp,2021-04-01,16300.0,donor,insulated,jobs
Wholesale_Emp,2021-05-01,16300.0,donor,insulated,jobs
Wholesale_Emp,2021-06-01,16400.0,donor,insulated,jobs
Wholesale_Emp,2021-07-01,16600.0,donor,insulated,jobs
Wholesale_Emp,2021-08-01,16600.0,donor,insulated,jobs
Wholesale_Emp,2021-09-01,16600.0,donor,insulated,jobs
Wholesale_Emp,2021-10-01,17000.0,donor,insulated,jobs
Wholesale_Emp,2021-11-01,17000.0,donor,insulated,jobs
Wholesale_Emp,2021-12-01,17000.0,donor,insulated,jobs
Wholesale_Emp,2022-01-01,17100.0,donor,insulated,jobs
Wholesale_Emp,2022-02-01,17100.0,donor,insulated,jobs
Wholesale_Emp,2022-03-01,17100.0,donor,insulated,jobs
Wholesale_Emp,2022-04-01,17200.0,donor,insulated,jobs
Wholesale_Emp,2022-05-01,17300.0,donor,insulated,jobs
Wholesale_Emp,2022-06-01,17300.0,donor,insulated,jobs
Wholesale_Emp,2022-07-01,17400.0,donor,insulated,jobs
Wholesale_Emp,2022-08-01,17300.0,donor,insulated,jobs
Wholesale_Emp,2022-09-01,17400.0,donor,insulated,jobs
Wholesale_Emp,2022-10-01,17400.0,donor,insulated,jobs
Wholesale_Emp,2022-11-01,17400.0,donor,insulated,jobs
Wholesale_Emp,2022-12-01,17300.0,donor,insulated,jobs
Wholesale_Emp,2023-01-01,17500.0,donor,insulated,jobs
Wholesale_Emp,2023-02-01,17400.0,donor,insulated,jobs
Wholesale_Emp,2023-03-01,17400.0,donor,insulated,jobs
Wholesale_Emp,2023-04-01,17400.0,donor,insulated,jobs
Wholesale_Emp,2023-05-01,17400.0,donor,insulated,jobs
Wholesale_Emp,2023-06-01,17300.0,donor,insulated,jobs
Wholesale_Emp,2023-07-01,17300.0,donor,insulated,jobs
Wholesale_Emp,2023-08-01,17400.0,donor,insulated,jobs
Wholesale_Emp,2023-09-01,17300.0,donor,insulated,jobs
Wholesale_Emp,2023-10-01,17300.0,donor,insulated,jobs
Wholesale_Emp,2023-11-01,17400.0,donor,insulated,jobs
Wholesale_Emp,2023-12-01,17400.0,donor,insulated,jobs
Wholesale_Emp,2024-01-01,17400.0,donor,insulated,jobs
Wholesale_Emp,2024-02-01,17400.0,donor,insulated,jobs
Wholesale_Emp,2024-03-01,17400.0,donor,insulated,jobs
Wholesale_Emp,2024-04-01,17300.0,donor,insulated,jobs
Wholesale_Emp,2024-05-01,17400.0,donor,insulated,jobs
Wholesale_Emp,2024-06-01,17400.0,donor,insulated,jobs
Wholesale_Emp,2024-07-01,17300.0,donor,insulated,jobs
Wholesale_Emp,2024-08-01,17300.0,donor,insulated,jobs
Wholesale_Emp,2024-09-01,17300.0,donor,insulated,jobs
Wholesale_Emp,2024-10-01,17300.0,donor,insulated,jobs
Wholesale_Emp,2024-11-01,17300.0,donor,insulated,jobs
Wholesale_Emp,2024-12-01,17200.0,donor,insulated,jobs
Wholesale_Emp,2025-01-01,17300.0,donor,insulated,jobs
Wholesale_Emp,2025-02-01,17300.0,donor,insulated,jobs
Wholesale_Emp,2025-03-01,17300.0,donor,insulated,jobs
Wholesale_Emp,2025-04-01,17200.0,donor,insulated,jobs
Wholesale_Emp,2025-05-01,17200.0,donor,insulated,jobs
Wholesale_Emp,2025-06-01,17100.0,donor,insulated,jobs
Wholesale_Emp,2025-07-01,17100.0,donor,insulated,jobs
Wholesale_Emp,2025-08-01,17300.0,donor,insulated,jobs
Wholesale_Emp,2025-09-01,17200.0,donor,insulated,jobs
Wholesale_Emp,2025-10-01,17400.0,donor,insulated,jobs
Wholesale_Emp,2025-11-01,17700.0,donor,insulated,jobs
Wholesale_Emp,2025-12-01,17500.0,donor,insulated,jobs
Wholesale_Emp,2026-01-01,17600.0,donor,insulated,jobs
Wholesale_Emp,2026-02-01,17600.0,donor,insulated,jobs
Wholesale_Emp,2026-03-01,17600.0,donor,insulated,jobs
Wholesale_Emp,2026-04-01,17500.0,donor,insulated,jobs
Wholesale_Emp,2026-05-01,17500.0,donor,insulated,jobs
ADR_HawaiiIsl,1990-01-01,133.87,outcome,island,dollar
ADR_HawaiiIsl,1990-02-01,128.24,outcome,island,dollar
ADR_HawaiiIsl,1990-03-01,130.42,outcome,island,dollar
ADR_HawaiiIsl,1990-04-01,125.5,outcome,island,dollar
ADR_HawaiiIsl,1990-05-01,122.12,outcome,island,dollar
ADR_HawaiiIsl,1990-06-01,119.99,outcome,island,dollar
ADR_HawaiiIsl,1990-07-01,118.48,outcome,island,dollar
ADR_HawaiiIsl,1990-08-01,126.02,outcome,island,dollar
ADR_HawaiiIsl,1990-09-01,126.34,outcome,island,dollar
ADR_HawaiiIsl,1990-10-01,127.43,outcome,island,dollar
ADR_HawaiiIsl,1990-11-01,122.41,outcome,island,dollar
ADR_HawaiiIsl,1990-12-01,129.33,outcome,island,dollar
ADR_HawaiiIsl,1991-01-01,132.28,outcome,island,dollar
ADR_HawaiiIsl,1991-02-01,128.26,outcome,island,dollar
ADR_HawaiiIsl,1991-03-01,132.75,outcome,island,dollar
ADR_HawaiiIsl,1991-04-01,121.1,outcome,island,dollar
ADR_HawaiiIsl,1991-05-01,122.15,outcome,island,dollar
ADR_HawaiiIsl,1991-06-01,119.08,outcome,island,dollar
ADR_HawaiiIsl,1991-07-01,130.18,outcome,island,dollar
ADR_HawaiiIsl,1991-08-01,113.74,outcome,island,dollar
ADR_HawaiiIsl,1991-09-01,104.32,outcome,island,dollar
ADR_HawaiiIsl,1991-10-01,121.24,outcome,island,dollar
ADR_HawaiiIsl,1991-11-01,122.45,outcome,island,dollar
ADR_HawaiiIsl,1991-12-01,124.16,outcome,island,dollar
ADR_HawaiiIsl,1992-01-01,118.23,outcome,island,dollar
ADR_HawaiiIsl,1992-02-01,120.62,outcome,island,dollar
ADR_HawaiiIsl,1992-03-01,117.04,outcome,island,dollar
ADR_HawaiiIsl,1992-04-01,123.05,outcome,island,dollar
ADR_HawaiiIsl,1992-05-01,114.36,outcome,island,dollar
ADR_HawaiiIsl,1992-06-01,122.6,outcome,island,dollar
ADR_HawaiiIsl,1992-07-01,114.98,outcome,island,dollar
ADR_HawaiiIsl,1992-08-01,120.32,outcome,island,dollar
ADR_HawaiiIsl,1992-09-01,119.37,outcome,island,dollar
ADR_HawaiiIsl,1992-10-01,122.49,outcome,island,dollar
ADR_HawaiiIsl,1992-11-01,123.89,outcome,island,dollar
ADR_HawaiiIsl,1992-12-01,119.51,outcome,island,dollar
ADR_HawaiiIsl,1993-01-01,102.38,outcome,island,dollar
ADR_HawaiiIsl,1993-02-01,124.68,outcome,island,dollar
ADR_HawaiiIsl,1993-03-01,117.19,outcome,island,dollar
ADR_HawaiiIsl,1993-04-01,123.51,outcome,island,dollar
ADR_HawaiiIsl,1993-05-01,125.68,outcome,island,dollar
ADR_HawaiiIsl,1993-06-01,121.5,outcome,island,dollar
ADR_HawaiiIsl,1993-07-01,121.53,outcome,island,dollar
ADR_HawaiiIsl,1993-08-01,123.81,outcome,island,dollar
ADR_HawaiiIsl,1993-09-01,116.92,outcome,island,dollar
ADR_HawaiiIsl,1993-10-01,110.14,outcome,island,dollar
ADR_HawaiiIsl,1993-11-01,116.25,outcome,island,dollar
ADR_HawaiiIsl,1993-12-01,96.4,outcome,island,dollar
ADR_HawaiiIsl,1994-01-01,115.56,outcome,island,dollar
ADR_HawaiiIsl,1994-02-01,118.44,outcome,island,dollar
ADR_HawaiiIsl,1994-03-01,120.75,outcome,island,dollar
ADR_HawaiiIsl,1994-04-01,115.96,outcome,island,dollar
ADR_HawaiiIsl,1994-05-01,121.01,outcome,island,dollar
ADR_HawaiiIsl,1994-06-01,118.61,outcome,island,dollar
ADR_HawaiiIsl,1994-07-01,117.55,outcome,island,dollar
ADR_HawaiiIsl,1994-08-01,124.96,outcome,island,dollar
ADR_HawaiiIsl,1994-09-01,123.36,outcome,island,dollar
ADR_HawaiiIsl,1994-10-01,119.63,outcome,island,dollar
ADR_HawaiiIsl,1994-11-01,116.71,outcome,island,dollar
ADR_HawaiiIsl,1994-12-01,108.17,outcome,island,dollar
ADR_HawaiiIsl,1995-01-01,113.18,outcome,island,dollar
ADR_HawaiiIsl,1995-02-01,117.37,outcome,island,dollar
ADR_HawaiiIsl,1995-03-01,116.94,outcome,island,dollar
ADR_HawaiiIsl,1995-04-01,119.84,outcome,island,dollar
ADR_HawaiiIsl,1995-05-01,112.77,outcome,island,dollar
ADR_HawaiiIsl,1995-06-01,110.98,outcome,island,dollar
ADR_HawaiiIsl,1995-07-01,112.41,outcome,island,dollar
ADR_HawaiiIsl,1995-08-01,105.02,outcome,island,dollar
ADR_HawaiiIsl,1995-09-01,105.53,outcome,island,dollar
ADR_HawaiiIsl,1995-10-01,108.71,outcome,island,dollar
ADR_HawaiiIsl,1995-11-01,110.64,outcome,island,dollar
ADR_HawaiiIsl,1995-12-01,102.2,outcome,island,dollar
ADR_HawaiiIsl,1996-01-01,105.55,outcome,island,dollar
ADR_HawaiiIsl,1996-02-01,105.51,outcome,island,dollar
ADR_HawaiiIsl,1996-03-01,99.98,outcome,island,dollar
ADR_HawaiiIsl,1996-04-01,106.97,outcome,island,dollar
ADR_HawaiiIsl,1996-05-01,108.28,outcome,island,dollar
ADR_HawaiiIsl,1996-06-01,116.01,outcome,island,dollar
ADR_HawaiiIsl,1996-07-01,105.84,outcome,island,dollar
ADR_HawaiiIsl,1996-08-01,108.21,outcome,island,dollar
ADR_HawaiiIsl,1996-09-01,115.57,outcome,island,dollar
ADR_HawaiiIsl,1996-10-01,117.39,outcome,island,dollar
ADR_HawaiiIsl,1996-11-01,114.58,outcome,island,dollar
ADR_HawaiiIsl,1996-12-01,114.74,outcome,island,dollar
ADR_HawaiiIsl,1997-01-01,114.77,outcome,island,dollar
ADR_HawaiiIsl,1997-02-01,115.73,outcome,island,dollar
ADR_HawaiiIsl,1997-03-01,119.91,outcome,island,dollar
ADR_HawaiiIsl,1997-04-01,115.17,outcome,island,dollar
ADR_HawaiiIsl,1997-05-01,120.04,outcome,island,dollar
ADR_HawaiiIsl,1997-06-01,118.7,outcome,island,dollar
ADR_HawaiiIsl,1997-07-01,124.62,outcome,island,dollar
ADR_HawaiiIsl,1997-08-01,129.18,outcome,island,dollar
ADR_HawaiiIsl,1997-09-01,132.8,outcome,island,dollar
ADR_HawaiiIsl,1997-10-01,130.28,outcome,island,dollar
ADR_HawaiiIsl,1997-11-01,130.2,outcome,island,dollar
ADR_HawaiiIsl,1997-12-01,132.89,outcome,island,dollar
ADR_HawaiiIsl,1998-01-01,137.65,outcome,island,dollar
ADR_HawaiiIsl,1998-02-01,135.98,outcome,island,dollar
ADR_HawaiiIsl,1998-03-01,143.49,outcome,island,dollar
ADR_HawaiiIsl,1998-04-01,142.48,outcome,island,dollar
ADR_HawaiiIsl,1998-05-01,148.21,outcome,island,dollar
ADR_HawaiiIsl,1998-06-01,142.36,outcome,island,dollar
ADR_HawaiiIsl,1998-07-01,147.41,outcome,island,dollar
ADR_HawaiiIsl,1998-08-01,137.01,outcome,island,dollar
ADR_HawaiiIsl,1998-09-01,138.68,outcome,island,dollar
ADR_HawaiiIsl,1998-10-01,142.37,outcome,island,dollar
ADR_HawaiiIsl,1998-11-01,133.65,outcome,island,dollar
ADR_HawaiiIsl,1998-12-01,168.3,outcome,island,dollar
ADR_HawaiiIsl,1999-01-01,148.55,outcome,island,dollar
ADR_HawaiiIsl,1999-02-01,147.75,outcome,island,dollar
ADR_HawaiiIsl,1999-03-01,158.18,outcome,island,dollar
ADR_HawaiiIsl,1999-04-01,153.95,outcome,island,dollar
ADR_HawaiiIsl,1999-05-01,159.06,outcome,island,dollar
ADR_HawaiiIsl,1999-06-01,156.98,outcome,island,dollar
ADR_HawaiiIsl,1999-07-01,161.79,outcome,island,dollar
ADR_HawaiiIsl,1999-08-01,164.09,outcome,island,dollar
ADR_HawaiiIsl,1999-09-01,165.52,outcome,island,dollar
ADR_HawaiiIsl,1999-10-01,162.83,outcome,island,dollar
ADR_HawaiiIsl,1999-11-01,169.31,outcome,island,dollar
ADR_HawaiiIsl,1999-12-01,192.35,outcome,island,dollar
ADR_HawaiiIsl,2000-01-01,170.52,outcome,island,dollar
ADR_HawaiiIsl,2000-02-01,168.77,outcome,island,dollar
ADR_HawaiiIsl,2000-03-01,160.1,outcome,island,dollar
ADR_HawaiiIsl,2000-04-01,164.26,outcome,island,dollar
ADR_HawaiiIsl,2000-05-01,163.87,outcome,island,dollar
ADR_HawaiiIsl,2000-06-01,164.6,outcome,island,dollar
ADR_HawaiiIsl,2000-07-01,161.21,outcome,island,dollar
ADR_HawaiiIsl,2000-08-01,164.14,outcome,island,dollar
ADR_HawaiiIsl,2000-09-01,169.63,outcome,island,dollar
ADR_HawaiiIsl,2000-10-01,165.83,outcome,island,dollar
ADR_HawaiiIsl,2000-11-01,172.01,outcome,island,dollar
ADR_HawaiiIsl,2000-12-01,177.26,outcome,island,dollar
ADR_HawaiiIsl,2001-01-01,171.19,outcome,island,dollar
ADR_HawaiiIsl,2001-02-01,176.25,outcome,island,dollar
ADR_HawaiiIsl,2001-03-01,165.3,outcome,island,dollar
ADR_HawaiiIsl,2001-04-01,171.77,outcome,island,dollar
ADR_HawaiiIsl,2001-05-01,177.36,outcome,island,dollar
ADR_HawaiiIsl,2001-06-01,176.41,outcome,island,dollar
ADR_HawaiiIsl,2001-07-01,178.41,outcome,island,dollar
ADR_HawaiiIsl,2001-08-01,179.44,outcome,island,dollar
ADR_HawaiiIsl,2001-09-01,172.33,outcome,island,dollar
ADR_HawaiiIsl,2001-10-01,170.65,outcome,island,dollar
ADR_HawaiiIsl,2001-11-01,170.17,outcome,island,dollar
ADR_HawaiiIsl,2001-12-01,172.63,outcome,island,dollar
ADR_HawaiiIsl,2002-01-01,173.09,outcome,island,dollar
ADR_HawaiiIsl,2002-02-01,175.64,outcome,island,dollar
ADR_HawaiiIsl,2002-03-01,175.35,outcome,island,dollar
ADR_HawaiiIsl,2002-04-01,173.71,outcome,island,dollar
ADR_HawaiiIsl,2002-05-01,173.86,outcome,island,dollar
ADR_HawaiiIsl,2002-06-01,173.04,outcome,island,dollar
ADR_HawaiiIsl,2002-07-01,169.79,outcome,island,dollar
ADR_HawaiiIsl,2002-08-01,171.86,outcome,island,dollar
ADR_HawaiiIsl,2002-09-01,168.56,outcome,island,dollar
ADR_HawaiiIsl,2002-10-01,174.14,outcome,island,dollar
ADR_HawaiiIsl,2002-11-01,169.81,outcome,island,dollar
ADR_HawaiiIsl,2002-12-01,177.69,outcome,island,dollar
ADR_HawaiiIsl,2003-01-01,158.29,outcome,island,dollar
ADR_HawaiiIsl,2003-02-01,150.54,outcome,island,dollar
ADR_HawaiiIsl,2003-03-01,158.56,outcome,island,dollar
ADR_HawaiiIsl,2003-04-01,159.21,outcome,island,dollar
ADR_HawaiiIsl,2003-05-01,154.04,outcome,island,dollar
ADR_HawaiiIsl,2003-06-01,156.62,outcome,island,dollar
ADR_HawaiiIsl,2003-07-01,155.73,outcome,island,dollar
ADR_HawaiiIsl,2003-08-01,155.71,outcome,island,dollar
ADR_HawaiiIsl,2003-09-01,158.49,outcome,island,dollar
ADR_HawaiiIsl,2003-10-01,159.85,outcome,island,dollar
ADR_HawaiiIsl,2003-11-01,157.79,outcome,island,dollar
ADR_HawaiiIsl,2003-12-01,157.57,outcome,island,dollar
ADR_HawaiiIsl,2004-01-01,156.16,outcome,island,dollar
ADR_HawaiiIsl,2004-02-01,156.15,outcome,island,dollar
ADR_HawaiiIsl,2004-03-01,159.12,outcome,island,dollar
ADR_HawaiiIsl,2004-04-01,164.38,outcome,island,dollar
ADR_HawaiiIsl,2004-05-01,163.44,outcome,island,dollar
ADR_HawaiiIsl,2004-06-01,165.86,outcome,island,dollar
ADR_HawaiiIsl,2004-07-01,166.2,outcome,island,dollar
ADR_HawaiiIsl,2004-08-01,168.15,outcome,island,dollar
ADR_HawaiiIsl,2004-09-01,167.06,outcome,island,dollar
ADR_HawaiiIsl,2004-10-01,170.07,outcome,island,dollar
ADR_HawaiiIsl,2004-11-01,173.21,outcome,island,dollar
ADR_HawaiiIsl,2004-12-01,170.14,outcome,island,dollar
ADR_HawaiiIsl,2005-01-01,167.35,outcome,island,dollar
ADR_HawaiiIsl,2005-02-01,170.45,outcome,island,dollar
ADR_HawaiiIsl,2005-03-01,173.04,outcome,island,dollar
ADR_HawaiiIsl,2005-04-01,168.04,outcome,island,dollar
ADR_HawaiiIsl,2005-05-01,173.73,outcome,island,dollar
ADR_HawaiiIsl,2005-06-01,171.49,outcome,island,dollar
ADR_HawaiiIsl,2005-07-01,172.54,outcome,island,dollar
ADR_HawaiiIsl,2005-08-01,174.93,outcome,island,dollar
ADR_HawaiiIsl,2005-09-01,178.3,outcome,island,dollar
ADR_HawaiiIsl,2005-10-01,179.7,outcome,island,dollar
ADR_HawaiiIsl,2005-11-01,178.25,outcome,island,dollar
ADR_HawaiiIsl,2005-12-01,171.67,outcome,island,dollar
ADR_HawaiiIsl,2006-01-01,180.7,outcome,island,dollar
ADR_HawaiiIsl,2006-02-01,184.78,outcome,island,dollar
ADR_HawaiiIsl,2006-03-01,184.0,outcome,island,dollar
ADR_HawaiiIsl,2006-04-01,191.09,outcome,island,dollar
ADR_HawaiiIsl,2006-05-01,190.43,outcome,island,dollar
ADR_HawaiiIsl,2006-06-01,192.4,outcome,island,dollar
ADR_HawaiiIsl,2006-07-01,196.7,outcome,island,dollar
ADR_HawaiiIsl,2006-08-01,195.17,outcome,island,dollar
ADR_HawaiiIsl,2006-09-01,198.2,outcome,island,dollar
ADR_HawaiiIsl,2006-10-01,191.87,outcome,island,dollar
ADR_HawaiiIsl,2006-11-01,197.62,outcome,island,dollar
ADR_HawaiiIsl,2006-12-01,192.57,outcome,island,dollar
ADR_HawaiiIsl,2007-01-01,197.39,outcome,island,dollar
ADR_HawaiiIsl,2007-02-01,195.83,outcome,island,dollar
ADR_HawaiiIsl,2007-03-01,203.35,outcome,island,dollar
ADR_HawaiiIsl,2007-04-01,203.17,outcome,island,dollar
ADR_HawaiiIsl,2007-05-01,200.57,outcome,island,dollar
ADR_HawaiiIsl,2007-06-01,201.48,outcome,island,dollar
ADR_HawaiiIsl,2007-07-01,203.7,outcome,island,dollar
ADR_HawaiiIsl,2007-08-01,202.04,outcome,island,dollar
ADR_HawaiiIsl,2007-09-01,199.54,outcome,island,dollar
ADR_HawaiiIsl,2007-10-01,205.06,outcome,island,dollar
ADR_HawaiiIsl,2007-11-01,202.24,outcome,island,dollar
ADR_HawaiiIsl,2007-12-01,210.81,outcome,island,dollar
ADR_HawaiiIsl,2008-01-01,212.88,outcome,island,dollar
ADR_HawaiiIsl,2008-02-01,207.53,outcome,island,dollar
ADR_HawaiiIsl,2008-03-01,211.77,outcome,island,dollar
ADR_HawaiiIsl,2008-04-01,194.09,outcome,island,dollar
ADR_HawaiiIsl,2008-05-01,204.52,outcome,island,dollar
ADR_HawaiiIsl,2008-06-01,209.79,outcome,island,dollar
ADR_HawaiiIsl,2008-07-01,204.8,outcome,island,dollar
ADR_HawaiiIsl,2008-08-01,203.55,outcome,island,dollar
ADR_HawaiiIsl,2008-09-01,188.33,outcome,island,dollar
ADR_HawaiiIsl,2008-10-01,191.31,outcome,island,dollar
ADR_HawaiiIsl,2008-11-01,189.0,outcome,island,dollar
ADR_HawaiiIsl,2008-12-01,195.67,outcome,island,dollar
ADR_HawaiiIsl,2009-01-01,191.23,outcome,island,dollar
ADR_HawaiiIsl,2009-02-01,183.44,outcome,island,dollar
ADR_HawaiiIsl,2009-03-01,180.47,outcome,island,dollar
ADR_HawaiiIsl,2009-04-01,189.08,outcome,island,dollar
ADR_HawaiiIsl,2009-05-01,179.9,outcome,island,dollar
ADR_HawaiiIsl,2009-06-01,179.99,outcome,island,dollar
ADR_HawaiiIsl,2009-07-01,178.26,outcome,island,dollar
ADR_HawaiiIsl,2009-08-01,187.29,outcome,island,dollar
ADR_HawaiiIsl,2009-09-01,187.02,outcome,island,dollar
ADR_HawaiiIsl,2009-10-01,182.05,outcome,island,dollar
ADR_HawaiiIsl,2009-11-01,190.43,outcome,island,dollar
ADR_HawaiiIsl,2009-12-01,189.45,outcome,island,dollar
ADR_HawaiiIsl,2010-01-01,178.56,outcome,island,dollar
ADR_HawaiiIsl,2010-02-01,178.28,outcome,island,dollar
ADR_HawaiiIsl,2010-03-01,174.13,outcome,island,dollar
ADR_HawaiiIsl,2010-04-01,191.8,outcome,island,dollar
ADR_HawaiiIsl,2010-05-01,180.29,outcome,island,dollar
ADR_HawaiiIsl,2010-06-01,181.59,outcome,island,dollar
ADR_HawaiiIsl,2010-07-01,183.08,outcome,island,dollar
ADR_HawaiiIsl,2010-08-01,184.89,outcome,island,dollar
ADR_HawaiiIsl,2010-09-01,183.95,outcome,island,dollar
ADR_HawaiiIsl,2010-10-01,192.68,outcome,island,dollar
ADR_HawaiiIsl,2010-11-01,190.5,outcome,island,dollar
ADR_HawaiiIsl,2010-12-01,186.36,outcome,island,dollar
ADR_HawaiiIsl,2011-01-01,185.8,outcome,island,dollar
ADR_HawaiiIsl,2011-02-01,194.94,outcome,island,dollar
ADR_HawaiiIsl,2011-03-01,165.36,outcome,island,dollar
ADR_HawaiiIsl,2011-04-01,166.12,outcome,island,dollar
ADR_HawaiiIsl,2011-05-01,188.31,outcome,island,dollar
ADR_HawaiiIsl,2011-06-01,188.54,outcome,island,dollar
ADR_HawaiiIsl,2011-07-01,192.54,outcome,island,dollar
ADR_HawaiiIsl,2011-08-01,187.55,outcome,island,dollar
ADR_HawaiiIsl,2011-09-01,190.11,outcome,island,dollar
ADR_HawaiiIsl,2011-10-01,185.14,outcome,island,dollar
ADR_HawaiiIsl,2011-11-01,189.02,outcome,island,dollar
ADR_HawaiiIsl,2011-12-01,191.74,outcome,island,dollar
ADR_HawaiiIsl,2012-01-01,186.44,outcome,island,dollar
ADR_HawaiiIsl,2012-02-01,191.5,outcome,island,dollar
ADR_HawaiiIsl,2012-03-01,188.45,outcome,island,dollar
ADR_HawaiiIsl,2012-04-01,193.81,outcome,island,dollar
ADR_HawaiiIsl,2012-05-01,189.22,outcome,island,dollar
ADR_HawaiiIsl,2012-06-01,190.8,outcome,island,dollar
ADR_HawaiiIsl,2012-07-01,189.87,outcome,island,dollar
ADR_HawaiiIsl,2012-08-01,193.44,outcome,island,dollar
ADR_HawaiiIsl,2012-09-01,192.82,outcome,island,dollar
ADR_HawaiiIsl,2012-10-01,199.47,outcome,island,dollar
ADR_HawaiiIsl,2012-11-01,199.77,outcome,island,dollar
ADR_HawaiiIsl,2012-12-01,192.44,outcome,island,dollar
ADR_HawaiiIsl,2013-01-01,213.71,outcome,island,dollar
ADR_HawaiiIsl,2013-02-01,215.74,outcome,island,dollar
ADR_HawaiiIsl,2013-03-01,221.7,outcome,island,dollar
ADR_HawaiiIsl,2013-04-01,214.39,outcome,island,dollar
ADR_HawaiiIsl,2013-05-01,215.1,outcome,island,dollar
ADR_HawaiiIsl,2013-06-01,219.61,outcome,island,dollar
ADR_HawaiiIsl,2013-07-01,224.32,outcome,island,dollar
ADR_HawaiiIsl,2013-08-01,228.63,outcome,island,dollar
ADR_HawaiiIsl,2013-09-01,220.76,outcome,island,dollar
ADR_HawaiiIsl,2013-10-01,223.13,outcome,island,dollar
ADR_HawaiiIsl,2013-11-01,219.97,outcome,island,dollar
ADR_HawaiiIsl,2013-12-01,225.79,outcome,island,dollar
ADR_HawaiiIsl,2014-01-01,220.54,outcome,island,dollar
ADR_HawaiiIsl,2014-02-01,221.61,outcome,island,dollar
ADR_HawaiiIsl,2014-03-01,226.54,outcome,island,dollar
ADR_HawaiiIsl,2014-04-01,232.94,outcome,island,dollar
ADR_HawaiiIsl,2014-05-01,232.05,outcome,island,dollar
ADR_HawaiiIsl,2014-06-01,229.47,outcome,island,dollar
ADR_HawaiiIsl,2014-07-01,232.33,outcome,island,dollar
ADR_HawaiiIsl,2014-08-01,229.12,outcome,island,dollar
ADR_HawaiiIsl,2014-09-01,250.25,outcome,island,dollar
ADR_HawaiiIsl,2014-10-01,211.47,outcome,island,dollar
ADR_HawaiiIsl,2014-11-01,237.41,outcome,island,dollar
ADR_HawaiiIsl,2014-12-01,237.87,outcome,island,dollar
ADR_HawaiiIsl,2015-01-01,228.54,outcome,island,dollar
ADR_HawaiiIsl,2015-02-01,236.92,outcome,island,dollar
ADR_HawaiiIsl,2015-03-01,229.73,outcome,island,dollar
ADR_HawaiiIsl,2015-04-01,227.18,outcome,island,dollar
ADR_HawaiiIsl,2015-05-01,227.32,outcome,island,dollar
ADR_HawaiiIsl,2015-06-01,230.36,outcome,island,dollar
ADR_HawaiiIsl,2015-07-01,235.76,outcome,island,dollar
ADR_HawaiiIsl,2015-08-01,231.16,outcome,island,dollar
ADR_HawaiiIsl,2015-09-01,227.45,outcome,island,dollar
ADR_HawaiiIsl,2015-10-01,230.06,outcome,island,dollar
ADR_HawaiiIsl,2015-11-01,228.42,outcome,island,dollar
ADR_HawaiiIsl,2015-12-01,237.83,outcome,island,dollar
ADR_HawaiiIsl,2016-01-01,238.34,outcome,island,dollar
ADR_HawaiiIsl,2016-02-01,231.85,outcome,island,dollar
ADR_HawaiiIsl,2016-03-01,237.38,outcome,island,dollar
ADR_HawaiiIsl,2016-04-01,234.82,outcome,island,dollar
ADR_HawaiiIsl,2016-05-01,237.99,outcome,island,dollar
ADR_HawaiiIsl,2016-06-01,239.93,outcome,island,dollar
ADR_HawaiiIsl,2016-07-01,240.26,outcome,island,dollar
ADR_HawaiiIsl,2016-08-01,243.35,outcome,island,dollar
ADR_HawaiiIsl,2016-09-01,248.49,outcome,island,dollar
ADR_HawaiiIsl,2016-10-01,242.17,outcome,island,dollar
ADR_HawaiiIsl,2016-11-01,257.15,outcome,island,dollar
ADR_HawaiiIsl,2016-12-01,245.35,outcome,island,dollar
ADR_HawaiiIsl,2017-01-01,244.33,outcome,island,dollar
ADR_HawaiiIsl,2017-02-01,243.67,outcome,island,dollar
ADR_HawaiiIsl,2017-03-01,245.23,outcome,island,dollar
ADR_HawaiiIsl,2017-04-01,249.53,outcome,island,dollar
ADR_HawaiiIsl,2017-05-01,248.61,outcome,island,dollar
ADR_HawaiiIsl,2017-06-01,249.32,outcome,island,dollar
ADR_HawaiiIsl,2017-07-01,247.69,outcome,island,dollar
ADR_HawaiiIsl,2017-08-01,247.9,outcome,island,dollar
ADR_HawaiiIsl,2017-09-01,247.57,outcome,island,dollar
ADR_HawaiiIsl,2017-10-01,255.64,outcome,island,dollar
ADR_HawaiiIsl,2017-11-01,247.58,outcome,island,dollar
ADR_HawaiiIsl,2017-12-01,251.82,outcome,island,dollar
ADR_HawaiiIsl,2018-01-01,261.82,outcome,island,dollar
ADR_HawaiiIsl,2018-02-01,279.78,outcome,island,dollar
ADR_HawaiiIsl,2018-03-01,272.69,outcome,island,dollar
ADR_HawaiiIsl,2018-04-01,254.06,outcome,island,dollar
ADR_HawaiiIsl,2018-05-01,262.69,outcome,island,dollar
ADR_HawaiiIsl,2018-06-01,248.27,outcome,island,dollar
ADR_HawaiiIsl,2018-07-01,247.85,outcome,island,dollar
ADR_HawaiiIsl,2018-08-01,243.25,outcome,island,dollar
ADR_HawaiiIsl,2018-09-01,250.97,outcome,island,dollar
ADR_HawaiiIsl,2018-10-01,264.14,outcome,island,dollar
ADR_HawaiiIsl,2018-11-01,258.73,outcome,island,dollar
ADR_HawaiiIsl,2018-12-01,258.4,outcome,island,dollar
ADR_HawaiiIsl,2019-01-01,270.77,outcome,island,dollar
ADR_HawaiiIsl,2019-02-01,261.29,outcome,island,dollar
ADR_HawaiiIsl,2019-03-01,257.03,outcome,island,dollar
ADR_HawaiiIsl,2019-04-01,257.17,outcome,island,dollar
ADR_HawaiiIsl,2019-05-01,263.16,outcome,island,dollar
ADR_HawaiiIsl,2019-06-01,258.04,outcome,island,dollar
ADR_HawaiiIsl,2019-07-01,266.63,outcome,island,dollar
ADR_HawaiiIsl,2019-08-01,277.28,outcome,island,dollar
ADR_HawaiiIsl,2019-09-01,268.65,outcome,island,dollar
ADR_HawaiiIsl,2019-10-01,267.92,outcome,island,dollar
ADR_HawaiiIsl,2019-11-01,265.83,outcome,island,dollar
ADR_HawaiiIsl,2019-12-01,269.23,outcome,island,dollar
ADR_HawaiiIsl,2020-01-01,289.49,outcome,island,dollar
ADR_HawaiiIsl,2020-02-01,285.7,outcome,island,dollar
ADR_HawaiiIsl,2020-03-01,259.54,outcome,island,dollar
ADR_HawaiiIsl,2020-04-01,103.89,outcome,island,dollar
ADR_HawaiiIsl,2020-05-01,130.07,outcome,island,dollar
ADR_HawaiiIsl,2020-06-01,142.68,outcome,island,dollar
ADR_HawaiiIsl,2020-07-01,163.31,outcome,island,dollar
ADR_HawaiiIsl,2020-08-01,127.61,outcome,island,dollar
ADR_HawaiiIsl,2020-09-01,158.08,outcome,island,dollar
ADR_HawaiiIsl,2020-10-01,157.84,outcome,island,dollar
ADR_HawaiiIsl,2020-11-01,235.72,outcome,island,dollar
ADR_HawaiiIsl,2020-12-01,267.52,outcome,island,dollar
ADR_HawaiiIsl,2021-01-01,246.76,outcome,island,dollar
ADR_HawaiiIsl,2021-02-01,258.83,outcome,island,dollar
ADR_HawaiiIsl,2021-03-01,300.39,outcome,island,dollar
ADR_HawaiiIsl,2021-04-01,315.74,outcome,island,dollar
ADR_HawaiiIsl,2021-05-01,340.34,outcome,island,dollar
ADR_HawaiiIsl,2021-06-01,361.33,outcome,island,dollar
ADR_HawaiiIsl,2021-07-01,370.73,outcome,island,dollar
ADR_HawaiiIsl,2021-08-01,378.16,outcome,island,dollar
ADR_HawaiiIsl,2021-09-01,371.7,outcome,island,dollar
ADR_HawaiiIsl,2021-10-01,372.97,outcome,island,dollar
ADR_HawaiiIsl,2021-11-01,382.75,outcome,island,dollar
ADR_HawaiiIsl,2021-12-01,395.93,outcome,island,dollar
ADR_HawaiiIsl,2022-01-01,366.48,outcome,island,dollar
ADR_HawaiiIsl,2022-02-01,380.74,outcome,island,dollar
ADR_HawaiiIsl,2022-03-01,397.39,outcome,island,dollar
ADR_HawaiiIsl,2022-04-01,414.83,outcome,island,dollar
ADR_HawaiiIsl,2022-05-01,416.1,outcome,island,dollar
ADR_HawaiiIsl,2022-06-01,416.41,outcome,island,dollar
ADR_HawaiiIsl,2022-07-01,411.49,outcome,island,dollar
ADR_HawaiiIsl,2022-08-01,402.08,outcome,island,dollar
ADR_HawaiiIsl,2022-09-01,405.1,outcome,island,dollar
ADR_HawaiiIsl,2022-10-01,407.45,outcome,island,dollar
ADR_HawaiiIsl,2022-11-01,400.82,outcome,island,dollar
ADR_HawaiiIsl,2022-12-01,386.08,outcome,island,dollar
ADR_HawaiiIsl,2023-01-01,399.38,outcome,island,dollar
ADR_HawaiiIsl,2023-02-01,409.0,outcome,island,dollar
ADR_HawaiiIsl,2023-03-01,406.93,outcome,island,dollar
ADR_HawaiiIsl,2023-04-01,416.4,outcome,island,dollar
ADR_HawaiiIsl,2023-05-01,416.51,outcome,island,dollar
ADR_HawaiiIsl,2023-06-01,415.73,outcome,island,dollar
ADR_HawaiiIsl,2023-07-01,433.75,outcome,island,dollar
ADR_HawaiiIsl,2023-08-01,429.35,outcome,island,dollar
ADR_HawaiiIsl,2023-09-01,451.45,outcome,island,dollar
ADR_HawaiiIsl,2023-10-01,450.55,outcome,island,dollar
ADR_HawaiiIsl,2023-11-01,456.47,outcome,island,dollar
ADR_HawaiiIsl,2023-12-01,447.91,outcome,island,dollar
ADR_HawaiiIsl,2024-01-01,426.04,outcome,island,dollar
ADR_HawaiiIsl,2024-02-01,427.1,outcome,island,dollar
ADR_HawaiiIsl,2024-03-01,449.1,outcome,island,dollar
ADR_HawaiiIsl,2024-04-01,429.33,outcome,island,dollar
ADR_HawaiiIsl,2024-05-01,409.07,outcome,island,dollar
ADR_HawaiiIsl,2024-06-01,429.2,outcome,island,dollar
ADR_HawaiiIsl,2024-07-01,427.59,outcome,island,dollar
ADR_HawaiiIsl,2024-08-01,425.17,outcome,island,dollar
ADR_HawaiiIsl,2024-09-01,422.87,outcome,island,dollar
ADR_HawaiiIsl,2024-10-01,424.9,outcome,island,dollar
ADR_HawaiiIsl,2024-11-01,414.8,outcome,island,dollar
ADR_HawaiiIsl,2024-12-01,427.87,outcome,island,dollar
ADR_HawaiiIsl,2025-01-01,428.14,outcome,island,dollar
ADR_HawaiiIsl,2025-02-01,435.25,outcome,island,dollar
ADR_HawaiiIsl,2025-03-01,428.03,outcome,island,dollar
ADR_HawaiiIsl,2025-04-01,426.77,outcome,island,dollar
ADR_HawaiiIsl,2025-05-01,436.64,outcome,island,dollar
ADR_HawaiiIsl,2025-06-01,436.77,outcome,island,dollar
ADR_HawaiiIsl,2025-07-01,437.35,outcome,island,dollar
ADR_HawaiiIsl,2025-08-01,438.52,outcome,island,dollar
ADR_HawaiiIsl,2025-09-01,431.22,outcome,island,dollar
ADR_HawaiiIsl,2025-10-01,428.38,outcome,island,dollar
ADR_HawaiiIsl,2025-11-01,460.51,outcome,island,dollar
ADR_HawaiiIsl,2025-12-01,471.52,outcome,island,dollar
ADR_HawaiiIsl,2026-01-01,463.53,outcome,island,dollar
ADR_HawaiiIsl,2026-02-01,457.71,outcome,island,dollar
ADR_HawaiiIsl,2026-03-01,459.81,outcome,island,dollar
ADR_HawaiiIsl,2026-04-01,469.68,outcome,island,dollar
ADR_HawaiiIsl,2026-05-01,480.48,outcome,island,dollar
ADR_Kauai,1990-01-01,92.39,outcome,island,dollar
ADR_Kauai,1990-02-01,95.05,outcome,island,dollar
ADR_Kauai,1990-03-01,92.9,outcome,island,dollar
ADR_Kauai,1990-04-01,94.73,outcome,island,dollar
ADR_Kauai,1990-05-01,89.58,outcome,island,dollar
ADR_Kauai,1990-06-01,88.35,outcome,island,dollar
ADR_Kauai,1990-07-01,87.32,outcome,island,dollar
ADR_Kauai,1990-08-01,88.05,outcome,island,dollar
ADR_Kauai,1990-09-01,91.98,outcome,island,dollar
ADR_Kauai,1990-10-01,93.79,outcome,island,dollar
ADR_Kauai,1990-11-01,94.42,outcome,island,dollar
ADR_Kauai,1990-12-01,95.66,outcome,island,dollar
ADR_Kauai,1991-01-01,96.47,outcome,island,dollar
ADR_Kauai,1991-02-01,91.95,outcome,island,dollar
ADR_Kauai,1991-03-01,90.83,outcome,island,dollar
ADR_Kauai,1991-04-01,87.37,outcome,island,dollar
ADR_Kauai,1991-05-01,95.87,outcome,island,dollar
ADR_Kauai,1991-06-01,91.32,outcome,island,dollar
ADR_Kauai,1991-07-01,97.12,outcome,island,dollar
ADR_Kauai,1991-08-01,94.6,outcome,island,dollar
ADR_Kauai,1991-09-01,95.57,outcome,island,dollar
ADR_Kauai,1991-10-01,104.85,outcome,island,dollar
ADR_Kauai,1991-11-01,103.32,outcome,island,dollar
ADR_Kauai,1991-12-01,102.8,outcome,island,dollar
ADR_Kauai,1992-01-01,107.45,outcome,island,dollar
ADR_Kauai,1992-02-01,102.39,outcome,island,dollar
ADR_Kauai,1992-03-01,108.89,outcome,island,dollar
ADR_Kauai,1992-04-01,107.31,outcome,island,dollar
ADR_Kauai,1992-05-01,97.79,outcome,island,dollar
ADR_Kauai,1992-06-01,109.92,outcome,island,dollar
ADR_Kauai,1992-07-01,98.66,outcome,island,dollar
ADR_Kauai,1992-08-01,104.36,outcome,island,dollar
ADR_Kauai,1992-09-01,5.06,outcome,island,dollar
ADR_Kauai,1992-10-01,70.16,outcome,island,dollar
ADR_Kauai,1992-11-01,69.88,outcome,island,dollar
ADR_Kauai,1992-12-01,64.58,outcome,island,dollar
ADR_Kauai,1993-01-01,60.95,outcome,island,dollar
ADR_Kauai,1993-02-01,61.41,outcome,island,dollar
ADR_Kauai,1993-03-01,57.98,outcome,island,dollar
ADR_Kauai,1993-04-01,60.47,outcome,island,dollar
ADR_Kauai,1993-05-01,69.03,outcome,island,dollar
ADR_Kauai,1993-06-01,64.56,outcome,island,dollar
ADR_Kauai,1993-07-01,66.04,outcome,island,dollar
ADR_Kauai,1993-08-01,66.99,outcome,island,dollar
ADR_Kauai,1993-09-01,70.4,outcome,island,dollar
ADR_Kauai,1993-10-01,73.02,outcome,island,dollar
ADR_Kauai,1993-11-01,71.36,outcome,island,dollar
ADR_Kauai,1993-12-01,67.12,outcome,island,dollar
ADR_Kauai,1994-01-01,114.38,outcome,island,dollar
ADR_Kauai,1994-02-01,82.09,outcome,island,dollar
ADR_Kauai,1994-03-01,114.35,outcome,island,dollar
ADR_Kauai,1994-04-01,109.8,outcome,island,dollar
ADR_Kauai,1994-05-01,104.08,outcome,island,dollar
ADR_Kauai,1994-06-01,105.46,outcome,island,dollar
ADR_Kauai,1994-07-01,109.85,outcome,island,dollar
ADR_Kauai,1994-08-01,102.76,outcome,island,dollar
ADR_Kauai,1994-09-01,112.97,outcome,island,dollar
ADR_Kauai,1994-10-01,112.42,outcome,island,dollar
ADR_Kauai,1994-11-01,118.33,outcome,island,dollar
ADR_Kauai,1994-12-01,121.57,outcome,island,dollar
ADR_Kauai,1995-01-01,146.24,outcome,island,dollar
ADR_Kauai,1995-02-01,127.26,outcome,island,dollar
ADR_Kauai,1995-03-01,126.19,outcome,island,dollar
ADR_Kauai,1995-04-01,122.29,outcome,island,dollar
ADR_Kauai,1995-05-01,124.46,outcome,island,dollar
ADR_Kauai,1995-06-01,118.41,outcome,island,dollar
ADR_Kauai,1995-07-01,119.54,outcome,island,dollar
ADR_Kauai,1995-08-01,119.31,outcome,island,dollar
ADR_Kauai,1995-09-01,119.16,outcome,island,dollar
ADR_Kauai,1995-10-01,123.44,outcome,island,dollar
ADR_Kauai,1995-11-01,124.88,outcome,island,dollar
ADR_Kauai,1995-12-01,126.53,outcome,island,dollar
ADR_Kauai,1996-01-01,118.8,outcome,island,dollar
ADR_Kauai,1996-02-01,119.87,outcome,island,dollar
ADR_Kauai,1996-03-01,123.45,outcome,island,dollar
ADR_Kauai,1996-04-01,123.13,outcome,island,dollar
ADR_Kauai,1996-05-01,124.24,outcome,island,dollar
ADR_Kauai,1996-06-01,126.37,outcome,island,dollar
ADR_Kauai,1996-07-01,123.81,outcome,island,dollar
ADR_Kauai,1996-08-01,126.48,outcome,island,dollar
ADR_Kauai,1996-09-01,128.96,outcome,island,dollar
ADR_Kauai,1996-10-01,130.75,outcome,island,dollar
ADR_Kauai,1996-11-01,129.43,outcome,island,dollar
ADR_Kauai,1996-12-01,137.03,outcome,island,dollar
ADR_Kauai,1997-01-01,137.88,outcome,island,dollar
ADR_Kauai,1997-02-01,135.01,outcome,island,dollar
ADR_Kauai,1997-03-01,133.28,outcome,island,dollar
ADR_Kauai,1997-04-01,135.04,outcome,island,dollar
ADR_Kauai,1997-05-01,134.85,outcome,island,dollar
ADR_Kauai,1997-06-01,131.99,outcome,island,dollar
ADR_Kauai,1997-07-01,134.77,outcome,island,dollar
ADR_Kauai,1997-08-01,135.24,outcome,island,dollar
ADR_Kauai,1997-09-01,135.43,outcome,island,dollar
ADR_Kauai,1997-10-01,133.02,outcome,island,dollar
ADR_Kauai,1997-11-01,139.43,outcome,island,dollar
ADR_Kauai,1997-12-01,129.61,outcome,island,dollar
ADR_Kauai,1998-01-01,130.87,outcome,island,dollar
ADR_Kauai,1998-02-01,130.61,outcome,island,dollar
ADR_Kauai,1998-03-01,133.73,outcome,island,dollar
ADR_Kauai,1998-04-01,134.11,outcome,island,dollar
ADR_Kauai,1998-05-01,136.18,outcome,island,dollar
ADR_Kauai,1998-06-01,137.82,outcome,island,dollar
ADR_Kauai,1998-07-01,137.66,outcome,island,dollar
ADR_Kauai,1998-08-01,143.9,outcome,island,dollar
ADR_Kauai,1998-09-01,142.67,outcome,island,dollar
ADR_Kauai,1998-10-01,144.4,outcome,island,dollar
ADR_Kauai,1998-11-01,138.1,outcome,island,dollar
ADR_Kauai,1998-12-01,144.52,outcome,island,dollar
ADR_Kauai,1999-01-01,142.05,outcome,island,dollar
ADR_Kauai,1999-02-01,143.01,outcome,island,dollar
ADR_Kauai,1999-03-01,141.82,outcome,island,dollar
ADR_Kauai,1999-04-01,144.41,outcome,island,dollar
ADR_Kauai,1999-05-01,145.46,outcome,island,dollar
ADR_Kauai,1999-06-01,143.89,outcome,island,dollar
ADR_Kauai,1999-07-01,142.2,outcome,island,dollar
ADR_Kauai,1999-08-01,139.42,outcome,island,dollar
ADR_Kauai,1999-09-01,148.32,outcome,island,dollar
ADR_Kauai,1999-10-01,147.32,outcome,island,dollar
ADR_Kauai,1999-11-01,148.72,outcome,island,dollar
ADR_Kauai,1999-12-01,155.09,outcome,island,dollar
ADR_Kauai,2000-01-01,152.39,outcome,island,dollar
ADR_Kauai,2000-02-01,150.47,outcome,island,dollar
ADR_Kauai,2000-03-01,149.57,outcome,island,dollar
ADR_Kauai,2000-04-01,148.64,outcome,island,dollar
ADR_Kauai,2000-05-01,146.69,outcome,island,dollar
ADR_Kauai,2000-06-01,145.67,outcome,island,dollar
ADR_Kauai,2000-07-01,150.22,outcome,island,dollar
ADR_Kauai,2000-08-01,144.3,outcome,island,dollar
ADR_Kauai,2000-09-01,144.97,outcome,island,dollar
ADR_Kauai,2000-10-01,149.34,outcome,island,dollar
ADR_Kauai,2000-11-01,151.53,outcome,island,dollar
ADR_Kauai,2000-12-01,150.76,outcome,island,dollar
ADR_Kauai,2001-01-01,149.61,outcome,island,dollar
ADR_Kauai,2001-02-01,149.83,outcome,island,dollar
ADR_Kauai,2001-03-01,147.31,outcome,island,dollar
ADR_Kauai,2001-04-01,152.96,outcome,island,dollar
ADR_Kauai,2001-05-01,152.93,outcome,island,dollar
ADR_Kauai,2001-06-01,155.18,outcome,island,dollar
ADR_Kauai,2001-07-01,152.88,outcome,island,dollar
ADR_Kauai,2001-08-01,158.61,outcome,island,dollar
ADR_Kauai,2001-09-01,148.61,outcome,island,dollar
ADR_Kauai,2001-10-01,151.95,outcome,island,dollar
ADR_Kauai,2001-11-01,148.05,outcome,island,dollar
ADR_Kauai,2001-12-01,142.57,outcome,island,dollar
ADR_Kauai,2002-01-01,145.41,outcome,island,dollar
ADR_Kauai,2002-02-01,157.04,outcome,island,dollar
ADR_Kauai,2002-03-01,156.98,outcome,island,dollar
ADR_Kauai,2002-04-01,158.82,outcome,island,dollar
ADR_Kauai,2002-05-01,157.39,outcome,island,dollar
ADR_Kauai,2002-06-01,155.6,outcome,island,dollar
ADR_Kauai,2002-07-01,155.43,outcome,island,dollar
ADR_Kauai,2002-08-01,156.3,outcome,island,dollar
ADR_Kauai,2002-09-01,161.11,outcome,island,dollar
ADR_Kauai,2002-10-01,161.5,outcome,island,dollar
ADR_Kauai,2002-11-01,162.16,outcome,island,dollar
ADR_Kauai,2002-12-01,165.33,outcome,island,dollar
ADR_Kauai,2003-01-01,175.49,outcome,island,dollar
ADR_Kauai,2003-02-01,167.79,outcome,island,dollar
ADR_Kauai,2003-03-01,170.13,outcome,island,dollar
ADR_Kauai,2003-04-01,166.52,outcome,island,dollar
ADR_Kauai,2003-05-01,167.63,outcome,island,dollar
ADR_Kauai,2003-06-01,167.87,outcome,island,dollar
ADR_Kauai,2003-07-01,168.17,outcome,island,dollar
ADR_Kauai,2003-08-01,165.9,outcome,island,dollar
ADR_Kauai,2003-09-01,170.15,outcome,island,dollar
ADR_Kauai,2003-10-01,169.94,outcome,island,dollar
ADR_Kauai,2003-11-01,170.75,outcome,island,dollar
ADR_Kauai,2003-12-01,169.7,outcome,island,dollar
ADR_Kauai,2004-01-01,172.51,outcome,island,dollar
ADR_Kauai,2004-02-01,171.06,outcome,island,dollar
ADR_Kauai,2004-03-01,172.82,outcome,island,dollar
ADR_Kauai,2004-04-01,175.39,outcome,island,dollar
ADR_Kauai,2004-05-01,175.74,outcome,island,dollar
ADR_Kauai,2004-06-01,178.85,outcome,island,dollar
ADR_Kauai,2004-07-01,178.32,outcome,island,dollar
ADR_Kauai,2004-08-01,179.46,outcome,island,dollar
ADR_Kauai,2004-09-01,180.11,outcome,island,dollar
ADR_Kauai,2004-10-01,177.25,outcome,island,dollar
ADR_Kauai,2004-11-01,178.51,outcome,island,dollar
ADR_Kauai,2004-12-01,178.11,outcome,island,dollar
ADR_Kauai,2005-01-01,173.24,outcome,island,dollar
ADR_Kauai,2005-02-01,176.63,outcome,island,dollar
ADR_Kauai,2005-03-01,183.95,outcome,island,dollar
ADR_Kauai,2005-04-01,173.39,outcome,island,dollar
ADR_Kauai,2005-05-01,179.38,outcome,island,dollar
ADR_Kauai,2005-06-01,177.98,outcome,island,dollar
ADR_Kauai,2005-07-01,184.02,outcome,island,dollar
ADR_Kauai,2005-08-01,187.25,outcome,island,dollar
ADR_Kauai,2005-09-01,187.73,outcome,island,dollar
ADR_Kauai,2005-10-01,189.28,outcome,island,dollar
ADR_Kauai,2005-11-01,191.54,outcome,island,dollar
ADR_Kauai,2005-12-01,189.6,outcome,island,dollar
ADR_Kauai,2006-01-01,184.23,outcome,island,dollar
ADR_Kauai,2006-02-01,183.91,outcome,island,dollar
ADR_Kauai,2006-03-01,180.74,outcome,island,dollar
ADR_Kauai,2006-04-01,190.97,outcome,island,dollar
ADR_Kauai,2006-05-01,186.2,outcome,island,dollar
ADR_Kauai,2006-06-01,191.97,outcome,island,dollar
ADR_Kauai,2006-07-01,194.95,outcome,island,dollar
ADR_Kauai,2006-08-01,194.72,outcome,island,dollar
ADR_Kauai,2006-09-01,193.06,outcome,island,dollar
ADR_Kauai,2006-10-01,189.89,outcome,island,dollar
ADR_Kauai,2006-11-01,189.63,outcome,island,dollar
ADR_Kauai,2006-12-01,195.86,outcome,island,dollar
ADR_Kauai,2007-01-01,200.22,outcome,island,dollar
ADR_Kauai,2007-02-01,211.16,outcome,island,dollar
ADR_Kauai,2007-03-01,201.89,outcome,island,dollar
ADR_Kauai,2007-04-01,207.06,outcome,island,dollar
ADR_Kauai,2007-05-01,206.23,outcome,island,dollar
ADR_Kauai,2007-06-01,209.9,outcome,island,dollar
ADR_Kauai,2007-07-01,204.76,outcome,island,dollar
ADR_Kauai,2007-08-01,207.37,outcome,island,dollar
ADR_Kauai,2007-09-01,203.45,outcome,island,dollar
ADR_Kauai,2007-10-01,206.54,outcome,island,dollar
ADR_Kauai,2007-11-01,209.21,outcome,island,dollar
ADR_Kauai,2007-12-01,213.15,outcome,island,dollar
ADR_Kauai,2008-01-01,212.3,outcome,island,dollar
ADR_Kauai,2008-02-01,208.01,outcome,island,dollar
ADR_Kauai,2008-03-01,214.06,outcome,island,dollar
ADR_Kauai,2008-04-01,202.58,outcome,island,dollar
ADR_Kauai,2008-05-01,206.4,outcome,island,dollar
ADR_Kauai,2008-06-01,213.55,outcome,island,dollar
ADR_Kauai,2008-07-01,211.02,outcome,island,dollar
ADR_Kauai,2008-08-01,207.27,outcome,island,dollar
ADR_Kauai,2008-09-01,203.07,outcome,island,dollar
ADR_Kauai,2008-10-01,199.82,outcome,island,dollar
ADR_Kauai,2008-11-01,198.54,outcome,island,dollar
ADR_Kauai,2008-12-01,192.99,outcome,island,dollar
ADR_Kauai,2009-01-01,193.72,outcome,island,dollar
ADR_Kauai,2009-02-01,194.88,outcome,island,dollar
ADR_Kauai,2009-03-01,190.7,outcome,island,dollar
ADR_Kauai,2009-04-01,192.74,outcome,island,dollar
ADR_Kauai,2009-05-01,192.12,outcome,island,dollar
ADR_Kauai,2009-06-01,181.26,outcome,island,dollar
ADR_Kauai,2009-07-01,181.89,outcome,island,dollar
ADR_Kauai,2009-08-01,181.47,outcome,island,dollar
ADR_Kauai,2009-09-01,186.62,outcome,island,dollar
ADR_Kauai,2009-10-01,193.64,outcome,island,dollar
ADR_Kauai,2009-11-01,189.97,outcome,island,dollar
ADR_Kauai,2009-12-01,184.84,outcome,island,dollar
ADR_Kauai,2010-01-01,189.0,outcome,island,dollar
ADR_Kauai,2010-02-01,182.19,outcome,island,dollar
ADR_Kauai,2010-03-01,183.77,outcome,island,dollar
ADR_Kauai,2010-04-01,186.07,outcome,island,dollar
ADR_Kauai,2010-05-01,184.39,outcome,island,dollar
ADR_Kauai,2010-06-01,178.11,outcome,island,dollar
ADR_Kauai,2010-07-01,184.32,outcome,island,dollar
ADR_Kauai,2010-08-01,185.5,outcome,island,dollar
ADR_Kauai,2010-09-01,188.14,outcome,island,dollar
ADR_Kauai,2010-10-01,187.3,outcome,island,dollar
ADR_Kauai,2010-11-01,194.6,outcome,island,dollar
ADR_Kauai,2010-12-01,193.16,outcome,island,dollar
ADR_Kauai,2011-01-01,193.59,outcome,island,dollar
ADR_Kauai,2011-02-01,194.94,outcome,island,dollar
ADR_Kauai,2011-03-01,197.58,outcome,island,dollar
ADR_Kauai,2011-04-01,202.46,outcome,island,dollar
ADR_Kauai,2011-05-01,201.47,outcome,island,dollar
ADR_Kauai,2011-06-01,208.84,outcome,island,dollar
ADR_Kauai,2011-07-01,201.27,outcome,island,dollar
ADR_Kauai,2011-08-01,205.75,outcome,island,dollar
ADR_Kauai,2011-09-01,208.81,outcome,island,dollar
ADR_Kauai,2011-10-01,207.93,outcome,island,dollar
ADR_Kauai,2011-11-01,205.75,outcome,island,dollar
ADR_Kauai,2011-12-01,209.16,outcome,island,dollar
ADR_Kauai,2012-01-01,206.0,outcome,island,dollar
ADR_Kauai,2012-02-01,202.26,outcome,island,dollar
ADR_Kauai,2012-03-01,210.61,outcome,island,dollar
ADR_Kauai,2012-04-01,210.13,outcome,island,dollar
ADR_Kauai,2012-05-01,209.26,outcome,island,dollar
ADR_Kauai,2012-06-01,212.31,outcome,island,dollar
ADR_Kauai,2012-07-01,211.29,outcome,island,dollar
ADR_Kauai,2012-08-01,214.19,outcome,island,dollar
ADR_Kauai,2012-09-01,216.38,outcome,island,dollar
ADR_Kauai,2012-10-01,214.62,outcome,island,dollar
ADR_Kauai,2012-11-01,216.13,outcome,island,dollar
ADR_Kauai,2012-12-01,213.57,outcome,island,dollar
ADR_Kauai,2013-01-01,218.35,outcome,island,dollar
ADR_Kauai,2013-02-01,226.41,outcome,island,dollar
ADR_Kauai,2013-03-01,229.13,outcome,island,dollar
ADR_Kauai,2013-04-01,225.4,outcome,island,dollar
ADR_Kauai,2013-05-01,229.98,outcome,island,dollar
ADR_Kauai,2013-06-01,227.74,outcome,island,dollar
ADR_Kauai,2013-07-01,231.18,outcome,island,dollar
ADR_Kauai,2013-08-01,230.99,outcome,island,dollar
ADR_Kauai,2013-09-01,228.2,outcome,island,dollar
ADR_Kauai,2013-10-01,230.81,outcome,island,dollar
ADR_Kauai,2013-11-01,229.85,outcome,island,dollar
ADR_Kauai,2013-12-01,229.94,outcome,island,dollar
ADR_Kauai,2014-01-01,229.54,outcome,island,dollar
ADR_Kauai,2014-02-01,225.69,outcome,island,dollar
ADR_Kauai,2014-03-01,218.81,outcome,island,dollar
ADR_Kauai,2014-04-01,228.69,outcome,island,dollar
ADR_Kauai,2014-05-01,225.16,outcome,island,dollar
ADR_Kauai,2014-06-01,225.89,outcome,island,dollar
ADR_Kauai,2014-07-01,227.8,outcome,island,dollar
ADR_Kauai,2014-08-01,229.25,outcome,island,dollar
ADR_Kauai,2014-09-01,232.41,outcome,island,dollar
ADR_Kauai,2014-10-01,231.51,outcome,island,dollar
ADR_Kauai,2014-11-01,230.25,outcome,island,dollar
ADR_Kauai,2014-12-01,234.75,outcome,island,dollar
ADR_Kauai,2015-01-01,229.86,outcome,island,dollar
ADR_Kauai,2015-02-01,235.01,outcome,island,dollar
ADR_Kauai,2015-03-01,236.27,outcome,island,dollar
ADR_Kauai,2015-04-01,241.01,outcome,island,dollar
ADR_Kauai,2015-05-01,244.12,outcome,island,dollar
ADR_Kauai,2015-06-01,242.64,outcome,island,dollar
ADR_Kauai,2015-07-01,241.94,outcome,island,dollar
ADR_Kauai,2015-08-01,247.32,outcome,island,dollar
ADR_Kauai,2015-09-01,242.2,outcome,island,dollar
ADR_Kauai,2015-10-01,246.58,outcome,island,dollar
ADR_Kauai,2015-11-01,254.34,outcome,island,dollar
ADR_Kauai,2015-12-01,248.1,outcome,island,dollar
ADR_Kauai,2016-01-01,246.18,outcome,island,dollar
ADR_Kauai,2016-02-01,254.32,outcome,island,dollar
ADR_Kauai,2016-03-01,254.45,outcome,island,dollar
ADR_Kauai,2016-04-01,248.1,outcome,island,dollar
ADR_Kauai,2016-05-01,248.43,outcome,island,dollar
ADR_Kauai,2016-06-01,251.52,outcome,island,dollar
ADR_Kauai,2016-07-01,255.6,outcome,island,dollar
ADR_Kauai,2016-08-01,248.78,outcome,island,dollar
ADR_Kauai,2016-09-01,258.69,outcome,island,dollar
ADR_Kauai,2016-10-01,258.56,outcome,island,dollar
ADR_Kauai,2016-11-01,253.55,outcome,island,dollar
ADR_Kauai,2016-12-01,256.94,outcome,island,dollar
ADR_Kauai,2017-01-01,261.68,outcome,island,dollar
ADR_Kauai,2017-02-01,259.42,outcome,island,dollar
ADR_Kauai,2017-03-01,256.92,outcome,island,dollar
ADR_Kauai,2017-04-01,257.18,outcome,island,dollar
ADR_Kauai,2017-05-01,263.48,outcome,island,dollar
ADR_Kauai,2017-06-01,263.95,outcome,island,dollar
ADR_Kauai,2017-07-01,266.98,outcome,island,dollar
ADR_Kauai,2017-08-01,267.32,outcome,island,dollar
ADR_Kauai,2017-09-01,266.57,outcome,island,dollar
ADR_Kauai,2017-10-01,264.82,outcome,island,dollar
ADR_Kauai,2017-11-01,266.05,outcome,island,dollar
ADR_Kauai,2017-12-01,270.89,outcome,island,dollar
ADR_Kauai,2018-01-01,283.43,outcome,island,dollar
ADR_Kauai,2018-02-01,301.55,outcome,island,dollar
ADR_Kauai,2018-03-01,296.41,outcome,island,dollar
ADR_Kauai,2018-04-01,288.31,outcome,island,dollar
ADR_Kauai,2018-05-01,289.16,outcome,island,dollar
ADR_Kauai,2018-06-01,290.72,outcome,island,dollar
ADR_Kauai,2018-07-01,290.29,outcome,island,dollar
ADR_Kauai,2018-08-01,290.29,outcome,island,dollar
ADR_Kauai,2018-09-01,291.14,outcome,island,dollar
ADR_Kauai,2018-10-01,294.03,outcome,island,dollar
ADR_Kauai,2018-11-01,291.99,outcome,island,dollar
ADR_Kauai,2018-12-01,298.62,outcome,island,dollar
ADR_Kauai,2019-01-01,302.0,outcome,island,dollar
ADR_Kauai,2019-02-01,297.33,outcome,island,dollar
ADR_Kauai,2019-03-01,278.1,outcome,island,dollar
ADR_Kauai,2019-04-01,279.83,outcome,island,dollar
ADR_Kauai,2019-05-01,276.59,outcome,island,dollar
ADR_Kauai,2019-06-01,275.24,outcome,island,dollar
ADR_Kauai,2019-07-01,276.29,outcome,island,dollar
ADR_Kauai,2019-08-01,277.49,outcome,island,dollar
ADR_Kauai,2019-09-01,276.69,outcome,island,dollar
ADR_Kauai,2019-10-01,285.37,outcome,island,dollar
ADR_Kauai,2019-11-01,283.69,outcome,island,dollar
ADR_Kauai,2019-12-01,290.71,outcome,island,dollar
ADR_Kauai,2020-01-01,306.21,outcome,island,dollar
ADR_Kauai,2020-02-01,311.37,outcome,island,dollar
ADR_Kauai,2020-03-01,287.98,outcome,island,dollar
ADR_Kauai,2020-04-01,131.78,outcome,island,dollar
ADR_Kauai,2020-05-01,140.56,outcome,island,dollar
ADR_Kauai,2020-06-01,143.47,outcome,island,dollar
ADR_Kauai,2020-07-01,148.47,outcome,island,dollar
ADR_Kauai,2020-08-01,154.2,outcome,island,dollar
ADR_Kauai,2020-09-01,187.85,outcome,island,dollar
ADR_Kauai,2020-10-01,246.87,outcome,island,dollar
ADR_Kauai,2020-11-01,247.68,outcome,island,dollar
ADR_Kauai,2020-12-01,129.92,outcome,island,dollar
ADR_Kauai,2021-01-01,156.32,outcome,island,dollar
ADR_Kauai,2021-02-01,175.15,outcome,island,dollar
ADR_Kauai,2021-03-01,193.3,outcome,island,dollar
ADR_Kauai,2021-04-01,248.02,outcome,island,dollar
ADR_Kauai,2021-05-01,288.41,outcome,island,dollar
ADR_Kauai,2021-06-01,331.09,outcome,island,dollar
ADR_Kauai,2021-07-01,340.44,outcome,island,dollar
ADR_Kauai,2021-08-01,344.94,outcome,island,dollar
ADR_Kauai,2021-09-01,351.98,outcome,island,dollar
ADR_Kauai,2021-10-01,347.65,outcome,island,dollar
ADR_Kauai,2021-11-01,362.64,outcome,island,dollar
ADR_Kauai,2021-12-01,361.72,outcome,island,dollar
ADR_Kauai,2022-01-01,358.55,outcome,island,dollar
ADR_Kauai,2022-02-01,369.82,outcome,island,dollar
ADR_Kauai,2022-03-01,457.69,outcome,island,dollar
ADR_Kauai,2022-04-01,379.27,outcome,island,dollar
ADR_Kauai,2022-05-01,382.39,outcome,island,dollar
ADR_Kauai,2022-06-01,406.44,outcome,island,dollar
ADR_Kauai,2022-07-01,420.88,outcome,island,dollar
ADR_Kauai,2022-08-01,402.32,outcome,island,dollar
ADR_Kauai,2022-09-01,395.86,outcome,island,dollar
ADR_Kauai,2022-10-01,401.25,outcome,island,dollar
ADR_Kauai,2022-11-01,401.92,outcome,island,dollar
ADR_Kauai,2022-12-01,398.2,outcome,island,dollar
ADR_Kauai,2023-01-01,411.06,outcome,island,dollar
ADR_Kauai,2023-02-01,413.18,outcome,island,dollar
ADR_Kauai,2023-03-01,395.74,outcome,island,dollar
ADR_Kauai,2023-04-01,407.2,outcome,island,dollar
ADR_Kauai,2023-05-01,415.86,outcome,island,dollar
ADR_Kauai,2023-06-01,419.03,outcome,island,dollar
ADR_Kauai,2023-07-01,426.75,outcome,island,dollar
ADR_Kauai,2023-08-01,431.29,outcome,island,dollar
ADR_Kauai,2023-09-01,432.14,outcome,island,dollar
ADR_Kauai,2023-10-01,431.44,outcome,island,dollar
ADR_Kauai,2023-11-01,429.76,outcome,island,dollar
ADR_Kauai,2023-12-01,442.07,outcome,island,dollar
ADR_Kauai,2024-01-01,417.91,outcome,island,dollar
ADR_Kauai,2024-02-01,424.25,outcome,island,dollar
ADR_Kauai,2024-03-01,436.31,outcome,island,dollar
ADR_Kauai,2024-04-01,431.28,outcome,island,dollar
ADR_Kauai,2024-05-01,433.51,outcome,island,dollar
ADR_Kauai,2024-06-01,441.1,outcome,island,dollar
ADR_Kauai,2024-07-01,422.09,outcome,island,dollar
ADR_Kauai,2024-08-01,416.62,outcome,island,dollar
ADR_Kauai,2024-09-01,427.47,outcome,island,dollar
ADR_Kauai,2024-10-01,410.15,outcome,island,dollar
ADR_Kauai,2024-11-01,404.36,outcome,island,dollar
ADR_Kauai,2024-12-01,407.68,outcome,island,dollar
ADR_Kauai,2025-01-01,409.47,outcome,island,dollar
ADR_Kauai,2025-02-01,410.31,outcome,island,dollar
ADR_Kauai,2025-03-01,410.36,outcome,island,dollar
ADR_Kauai,2025-04-01,413.32,outcome,island,dollar
ADR_Kauai,2025-05-01,413.5,outcome,island,dollar
ADR_Kauai,2025-06-01,419.99,outcome,island,dollar
ADR_Kauai,2025-07-01,413.35,outcome,island,dollar
ADR_Kauai,2025-08-01,418.92,outcome,island,dollar
ADR_Kauai,2025-09-01,417.21,outcome,island,dollar
ADR_Kauai,2025-10-01,418.92,outcome,island,dollar
ADR_Kauai,2025-11-01,424.19,outcome,island,dollar
ADR_Kauai,2025-12-01,442.74,outcome,island,dollar
ADR_Kauai,2026-01-01,423.55,outcome,island,dollar
ADR_Kauai,2026-02-01,426.92,outcome,island,dollar
ADR_Kauai,2026-03-01,426.58,outcome,island,dollar
ADR_Kauai,2026-04-01,432.11,outcome,island,dollar
ADR_Kauai,2026-05-01,431.45,outcome,island,dollar
ADR_Maui,1990-01-01,134.47,outcome,island,dollar
ADR_Maui,1990-02-01,134.77,outcome,island,dollar
ADR_Maui,1990-03-01,130.91,outcome,island,dollar
ADR_Maui,1990-04-01,132.33,outcome,island,dollar
ADR_Maui,1990-05-01,131.79,outcome,island,dollar
ADR_Maui,1990-06-01,128.35,outcome,island,dollar
ADR_Maui,1990-07-01,126.78,outcome,island,dollar
ADR_Maui,1990-08-01,127.2,outcome,island,dollar
ADR_Maui,1990-09-01,126.31,outcome,island,dollar
ADR_Maui,1990-10-01,126.06,outcome,island,dollar
ADR_Maui,1990-11-01,127.8,outcome,island,dollar
ADR_Maui,1990-12-01,124.51,outcome,island,dollar
ADR_Maui,1991-01-01,126.94,outcome,island,dollar
ADR_Maui,1991-02-01,126.45,outcome,island,dollar
ADR_Maui,1991-03-01,128.84,outcome,island,dollar
ADR_Maui,1991-04-01,121.8,outcome,island,dollar
ADR_Maui,1991-05-01,123.41,outcome,island,dollar
ADR_Maui,1991-06-01,123.67,outcome,island,dollar
ADR_Maui,1991-07-01,122.27,outcome,island,dollar
ADR_Maui,1991-08-01,122.87,outcome,island,dollar
ADR_Maui,1991-09-01,120.28,outcome,island,dollar
ADR_Maui,1991-10-01,122.81,outcome,island,dollar
ADR_Maui,1991-11-01,121.53,outcome,island,dollar
ADR_Maui,1991-12-01,123.86,outcome,island,dollar
ADR_Maui,1992-01-01,123.45,outcome,island,dollar
ADR_Maui,1992-02-01,121.7,outcome,island,dollar
ADR_Maui,1992-03-01,119.71,outcome,island,dollar
ADR_Maui,1992-04-01,123.23,outcome,island,dollar
ADR_Maui,1992-05-01,121.02,outcome,island,dollar
ADR_Maui,1992-06-01,123.27,outcome,island,dollar
ADR_Maui,1992-07-01,126.37,outcome,island,dollar
ADR_Maui,1992-08-01,123.73,outcome,island,dollar
ADR_Maui,1992-09-01,126.48,outcome,island,dollar
ADR_Maui,1992-10-01,124.21,outcome,island,dollar
ADR_Maui,1992-11-01,122.74,outcome,island,dollar
ADR_Maui,1992-12-01,122.79,outcome,island,dollar
ADR_Maui,1993-01-01,122.51,outcome,island,dollar
ADR_Maui,1993-02-01,121.04,outcome,island,dollar
ADR_Maui,1993-03-01,121.91,outcome,island,dollar
ADR_Maui,1993-04-01,122.9,outcome,island,dollar
ADR_Maui,1993-05-01,123.68,outcome,island,dollar
ADR_Maui,1993-06-01,123.69,outcome,island,dollar
ADR_Maui,1993-07-01,121.96,outcome,island,dollar
ADR_Maui,1993-08-01,123.96,outcome,island,dollar
ADR_Maui,1993-09-01,124.0,outcome,island,dollar
ADR_Maui,1993-10-01,124.42,outcome,island,dollar
ADR_Maui,1993-11-01,124.04,outcome,island,dollar
ADR_Maui,1993-12-01,123.43,outcome,island,dollar
ADR_Maui,1994-01-01,123.08,outcome,island,dollar
ADR_Maui,1994-02-01,124.46,outcome,island,dollar
ADR_Maui,1994-03-01,126.65,outcome,island,dollar
ADR_Maui,1994-04-01,124.37,outcome,island,dollar
ADR_Maui,1994-05-01,124.78,outcome,island,dollar
ADR_Maui,1994-06-01,126.86,outcome,island,dollar
ADR_Maui,1994-07-01,127.91,outcome,island,dollar
ADR_Maui,1994-08-01,127.24,outcome,island,dollar
ADR_Maui,1994-09-01,127.08,outcome,island,dollar
ADR_Maui,1994-10-01,127.22,outcome,island,dollar
ADR_Maui,1994-11-01,127.45,outcome,island,dollar
ADR_Maui,1994-12-01,130.8,outcome,island,dollar
ADR_Maui,1995-01-01,127.74,outcome,island,dollar
ADR_Maui,1995-02-01,130.39,outcome,island,dollar
ADR_Maui,1995-03-01,130.47,outcome,island,dollar
ADR_Maui,1995-04-01,131.24,outcome,island,dollar
ADR_Maui,1995-05-01,133.68,outcome,island,dollar
ADR_Maui,1995-06-01,131.22,outcome,island,dollar
ADR_Maui,1995-07-01,133.36,outcome,island,dollar
ADR_Maui,1995-08-01,132.64,outcome,island,dollar
ADR_Maui,1995-09-01,134.67,outcome,island,dollar
ADR_Maui,1995-10-01,135.46,outcome,island,dollar
ADR_Maui,1995-11-01,138.14,outcome,island,dollar
ADR_Maui,1995-12-01,135.57,outcome,island,dollar
ADR_Maui,1996-01-01,142.95,outcome,island,dollar
ADR_Maui,1996-02-01,140.06,outcome,island,dollar
ADR_Maui,1996-03-01,140.5,outcome,island,dollar
ADR_Maui,1996-04-01,145.32,outcome,island,dollar
ADR_Maui,1996-05-01,144.68,outcome,island,dollar
ADR_Maui,1996-06-01,143.12,outcome,island,dollar
ADR_Maui,1996-07-01,146.85,outcome,island,dollar
ADR_Maui,1996-08-01,147.83,outcome,island,dollar
ADR_Maui,1996-09-01,148.1,outcome,island,dollar
ADR_Maui,1996-10-01,149.04,outcome,island,dollar
ADR_Maui,1996-11-01,147.59,outcome,island,dollar
ADR_Maui,1996-12-01,151.86,outcome,island,dollar
ADR_Maui,1997-01-01,148.54,outcome,island,dollar
ADR_Maui,1997-02-01,149.08,outcome,island,dollar
ADR_Maui,1997-03-01,150.91,outcome,island,dollar
ADR_Maui,1997-04-01,149.1,outcome,island,dollar
ADR_Maui,1997-05-01,151.44,outcome,island,dollar
ADR_Maui,1997-06-01,154.18,outcome,island,dollar
ADR_Maui,1997-07-01,149.04,outcome,island,dollar
ADR_Maui,1997-08-01,149.71,outcome,island,dollar
ADR_Maui,1997-09-01,152.65,outcome,island,dollar
ADR_Maui,1997-10-01,152.63,outcome,island,dollar
ADR_Maui,1997-11-01,154.67,outcome,island,dollar
ADR_Maui,1997-12-01,151.42,outcome,island,dollar
ADR_Maui,1998-01-01,151.92,outcome,island,dollar
ADR_Maui,1998-02-01,155.71,outcome,island,dollar
ADR_Maui,1998-03-01,156.6,outcome,island,dollar
ADR_Maui,1998-04-01,157.82,outcome,island,dollar
ADR_Maui,1998-05-01,155.52,outcome,island,dollar
ADR_Maui,1998-06-01,155.96,outcome,island,dollar
ADR_Maui,1998-07-01,154.03,outcome,island,dollar
ADR_Maui,1998-08-01,157.48,outcome,island,dollar
ADR_Maui,1998-09-01,158.65,outcome,island,dollar
ADR_Maui,1998-10-01,154.67,outcome,island,dollar
ADR_Maui,1998-11-01,154.7,outcome,island,dollar
ADR_Maui,1998-12-01,155.65,outcome,island,dollar
ADR_Maui,1999-01-01,155.84,outcome,island,dollar
ADR_Maui,1999-02-01,157.2,outcome,island,dollar
ADR_Maui,1999-03-01,155.98,outcome,island,dollar
ADR_Maui,1999-04-01,156.46,outcome,island,dollar
ADR_Maui,1999-05-01,157.12,outcome,island,dollar
ADR_Maui,1999-06-01,159.07,outcome,island,dollar
ADR_Maui,1999-07-01,161.61,outcome,island,dollar
ADR_Maui,1999-08-01,159.74,outcome,island,dollar
ADR_Maui,1999-09-01,161.14,outcome,island,dollar
ADR_Maui,1999-10-01,165.56,outcome,island,dollar
ADR_Maui,1999-11-01,163.92,outcome,island,dollar
ADR_Maui,1999-12-01,180.46,outcome,island,dollar
ADR_Maui,2000-01-01,173.62,outcome,island,dollar
ADR_Maui,2000-02-01,169.46,outcome,island,dollar
ADR_Maui,2000-03-01,168.11,outcome,island,dollar
ADR_Maui,2000-04-01,164.23,outcome,island,dollar
ADR_Maui,2000-05-01,168.8,outcome,island,dollar
ADR_Maui,2000-06-01,164.97,outcome,island,dollar
ADR_Maui,2000-07-01,167.27,outcome,island,dollar
ADR_Maui,2000-08-01,168.44,outcome,island,dollar
ADR_Maui,2000-09-01,170.5,outcome,island,dollar
ADR_Maui,2000-10-01,173.72,outcome,island,dollar
ADR_Maui,2000-11-01,174.67,outcome,island,dollar
ADR_Maui,2000-12-01,172.99,outcome,island,dollar
ADR_Maui,2001-01-01,178.37,outcome,island,dollar
ADR_Maui,2001-02-01,182.3,outcome,island,dollar
ADR_Maui,2001-03-01,178.71,outcome,island,dollar
ADR_Maui,2001-04-01,184.8,outcome,island,dollar
ADR_Maui,2001-05-01,183.13,outcome,island,dollar
ADR_Maui,2001-06-01,183.58,outcome,island,dollar
ADR_Maui,2001-07-01,183.01,outcome,island,dollar
ADR_Maui,2001-08-01,185.17,outcome,island,dollar
ADR_Maui,2001-09-01,180.32,outcome,island,dollar
ADR_Maui,2001-10-01,178.96,outcome,island,dollar
ADR_Maui,2001-11-01,181.74,outcome,island,dollar
ADR_Maui,2001-12-01,185.02,outcome,island,dollar
ADR_Maui,2002-01-01,181.93,outcome,island,dollar
ADR_Maui,2002-02-01,180.08,outcome,island,dollar
ADR_Maui,2002-03-01,184.16,outcome,island,dollar
ADR_Maui,2002-04-01,184.5,outcome,island,dollar
ADR_Maui,2002-05-01,177.39,outcome,island,dollar
ADR_Maui,2002-06-01,178.83,outcome,island,dollar
ADR_Maui,2002-07-01,178.84,outcome,island,dollar
ADR_Maui,2002-08-01,178.86,outcome,island,dollar
ADR_Maui,2002-09-01,181.13,outcome,island,dollar
ADR_Maui,2002-10-01,181.7,outcome,island,dollar
ADR_Maui,2002-11-01,183.17,outcome,island,dollar
ADR_Maui,2002-12-01,183.59,outcome,island,dollar
ADR_Maui,2003-01-01,188.48,outcome,island,dollar
ADR_Maui,2003-02-01,184.42,outcome,island,dollar
ADR_Maui,2003-03-01,182.97,outcome,island,dollar
ADR_Maui,2003-04-01,183.18,outcome,island,dollar
ADR_Maui,2003-05-01,186.02,outcome,island,dollar
ADR_Maui,2003-06-01,185.71,outcome,island,dollar
ADR_Maui,2003-07-01,185.33,outcome,island,dollar
ADR_Maui,2003-08-01,186.64,outcome,island,dollar
ADR_Maui,2003-09-01,187.01,outcome,island,dollar
ADR_Maui,2003-10-01,185.45,outcome,island,dollar
ADR_Maui,2003-11-01,185.65,outcome,island,dollar
ADR_Maui,2003-12-01,187.0,outcome,island,dollar
ADR_Maui,2004-01-01,184.69,outcome,island,dollar
ADR_Maui,2004-02-01,187.45,outcome,island,dollar
ADR_Maui,2004-03-01,189.53,outcome,island,dollar
ADR_Maui,2004-04-01,189.03,outcome,island,dollar
ADR_Maui,2004-05-01,190.74,outcome,island,dollar
ADR_Maui,2004-06-01,194.23,outcome,island,dollar
ADR_Maui,2004-07-01,196.51,outcome,island,dollar
ADR_Maui,2004-08-01,196.59,outcome,island,dollar
ADR_Maui,2004-09-01,196.89,outcome,island,dollar
ADR_Maui,2004-10-01,198.95,outcome,island,dollar
ADR_Maui,2004-11-01,198.09,outcome,island,dollar
ADR_Maui,2004-12-01,201.79,outcome,island,dollar
ADR_Maui,2005-01-01,201.53,outcome,island,dollar
ADR_Maui,2005-02-01,206.14,outcome,island,dollar
ADR_Maui,2005-03-01,211.53,outcome,island,dollar
ADR_Maui,2005-04-01,193.22,outcome,island,dollar
ADR_Maui,2005-05-01,201.69,outcome,island,dollar
ADR_Maui,2005-06-01,209.39,outcome,island,dollar
ADR_Maui,2005-07-01,214.74,outcome,island,dollar
ADR_Maui,2005-08-01,217.84,outcome,island,dollar
ADR_Maui,2005-09-01,224.69,outcome,island,dollar
ADR_Maui,2005-10-01,230.1,outcome,island,dollar
ADR_Maui,2005-11-01,232.93,outcome,island,dollar
ADR_Maui,2005-12-01,231.24,outcome,island,dollar
ADR_Maui,2006-01-01,232.55,outcome,island,dollar
ADR_Maui,2006-02-01,237.62,outcome,island,dollar
ADR_Maui,2006-03-01,238.56,outcome,island,dollar
ADR_Maui,2006-04-01,240.66,outcome,island,dollar
ADR_Maui,2006-05-01,242.35,outcome,island,dollar
ADR_Maui,2006-06-01,245.59,outcome,island,dollar
ADR_Maui,2006-07-01,249.8,outcome,island,dollar
ADR_Maui,2006-08-01,251.99,outcome,island,dollar
ADR_Maui,2006-09-01,246.27,outcome,island,dollar
ADR_Maui,2006-10-01,244.85,outcome,island,dollar
ADR_Maui,2006-11-01,251.96,outcome,island,dollar
ADR_Maui,2006-12-01,250.75,outcome,island,dollar
ADR_Maui,2007-01-01,253.37,outcome,island,dollar
ADR_Maui,2007-02-01,256.49,outcome,island,dollar
ADR_Maui,2007-03-01,254.13,outcome,island,dollar
ADR_Maui,2007-04-01,257.42,outcome,island,dollar
ADR_Maui,2007-05-01,262.68,outcome,island,dollar
ADR_Maui,2007-06-01,211.49,outcome,island,dollar
ADR_Maui,2007-07-01,266.67,outcome,island,dollar
ADR_Maui,2007-08-01,265.79,outcome,island,dollar
ADR_Maui,2007-09-01,261.73,outcome,island,dollar
ADR_Maui,2007-10-01,265.85,outcome,island,dollar
ADR_Maui,2007-11-01,267.77,outcome,island,dollar
ADR_Maui,2007-12-01,260.06,outcome,island,dollar
ADR_Maui,2008-01-01,270.83,outcome,island,dollar
ADR_Maui,2008-02-01,273.27,outcome,island,dollar
ADR_Maui,2008-03-01,283.49,outcome,island,dollar
ADR_Maui,2008-04-01,252.1,outcome,island,dollar
ADR_Maui,2008-05-01,272.19,outcome,island,dollar
ADR_Maui,2008-06-01,276.63,outcome,island,dollar
ADR_Maui,2008-07-01,270.75,outcome,island,dollar
ADR_Maui,2008-08-01,271.32,outcome,island,dollar
ADR_Maui,2008-09-01,268.81,outcome,island,dollar
ADR_Maui,2008-10-01,261.64,outcome,island,dollar
ADR_Maui,2008-11-01,256.94,outcome,island,dollar
ADR_Maui,2008-12-01,261.39,outcome,island,dollar
ADR_Maui,2009-01-01,262.28,outcome,island,dollar
ADR_Maui,2009-02-01,244.2,outcome,island,dollar
ADR_Maui,2009-03-01,238.46,outcome,island,dollar
ADR_Maui,2009-04-01,238.37,outcome,island,dollar
ADR_Maui,2009-05-01,237.78,outcome,island,dollar
ADR_Maui,2009-06-01,229.42,outcome,island,dollar
ADR_Maui,2009-07-01,227.2,outcome,island,dollar
ADR_Maui,2009-08-01,225.73,outcome,island,dollar
ADR_Maui,2009-09-01,234.45,outcome,island,dollar
ADR_Maui,2009-10-01,234.3,outcome,island,dollar
ADR_Maui,2009-11-01,227.08,outcome,island,dollar
ADR_Maui,2009-12-01,231.79,outcome,island,dollar
ADR_Maui,2010-01-01,218.37,outcome,island,dollar
ADR_Maui,2010-02-01,222.78,outcome,island,dollar
ADR_Maui,2010-03-01,217.76,outcome,island,dollar
ADR_Maui,2010-04-01,221.87,outcome,island,dollar
ADR_Maui,2010-05-01,223.15,outcome,island,dollar
ADR_Maui,2010-06-01,225.6,outcome,island,dollar
ADR_Maui,2010-07-01,225.8,outcome,island,dollar
ADR_Maui,2010-08-01,229.75,outcome,island,dollar
ADR_Maui,2010-09-01,226.86,outcome,island,dollar
ADR_Maui,2010-10-01,229.2,outcome,island,dollar
ADR_Maui,2010-11-01,234.71,outcome,island,dollar
ADR_Maui,2010-12-01,235.82,outcome,island,dollar
ADR_Maui,2011-01-01,234.78,outcome,island,dollar
ADR_Maui,2011-02-01,236.42,outcome,island,dollar
ADR_Maui,2011-03-01,244.92,outcome,island,dollar
ADR_Maui,2011-04-01,248.95,outcome,island,dollar
ADR_Maui,2011-05-01,242.56,outcome,island,dollar
ADR_Maui,2011-06-01,242.35,outcome,island,dollar
ADR_Maui,2011-07-01,246.47,outcome,island,dollar
ADR_Maui,2011-08-01,246.11,outcome,island,dollar
ADR_Maui,2011-09-01,248.98,outcome,island,dollar
ADR_Maui,2011-10-01,250.76,outcome,island,dollar
ADR_Maui,2011-11-01,252.74,outcome,island,dollar
ADR_Maui,2011-12-01,255.25,outcome,island,dollar
ADR_Maui,2012-01-01,254.48,outcome,island,dollar
ADR_Maui,2012-02-01,256.45,outcome,island,dollar
ADR_Maui,2012-03-01,250.93,outcome,island,dollar
ADR_Maui,2012-04-01,261.58,outcome,island,dollar
ADR_Maui,2012-05-01,261.43,outcome,island,dollar
ADR_Maui,2012-06-01,262.54,outcome,island,dollar
ADR_Maui,2012-07-01,260.89,outcome,island,dollar
ADR_Maui,2012-08-01,262.71,outcome,island,dollar
ADR_Maui,2012-09-01,262.5,outcome,island,dollar
ADR_Maui,2012-10-01,263.52,outcome,island,dollar
ADR_Maui,2012-11-01,267.04,outcome,island,dollar
ADR_Maui,2012-12-01,258.25,outcome,island,dollar
ADR_Maui,2013-01-01,276.68,outcome,island,dollar
ADR_Maui,2013-02-01,276.14,outcome,island,dollar
ADR_Maui,2013-03-01,286.67,outcome,island,dollar
ADR_Maui,2013-04-01,274.14,outcome,island,dollar
ADR_Maui,2013-05-01,284.74,outcome,island,dollar
ADR_Maui,2013-06-01,289.45,outcome,island,dollar
ADR_Maui,2013-07-01,296.46,outcome,island,dollar
ADR_Maui,2013-08-01,296.68,outcome,island,dollar
ADR_Maui,2013-09-01,293.94,outcome,island,dollar
ADR_Maui,2013-10-01,294.9,outcome,island,dollar
ADR_Maui,2013-11-01,292.23,outcome,island,dollar
ADR_Maui,2013-12-01,292.94,outcome,island,dollar
ADR_Maui,2014-01-01,297.87,outcome,island,dollar
ADR_Maui,2014-02-01,295.3,outcome,island,dollar
ADR_Maui,2014-03-01,286.15,outcome,island,dollar
ADR_Maui,2014-04-01,289.23,outcome,island,dollar
ADR_Maui,2014-05-01,286.91,outcome,island,dollar
ADR_Maui,2014-06-01,289.47,outcome,island,dollar
ADR_Maui,2014-07-01,288.33,outcome,island,dollar
ADR_Maui,2014-08-01,288.67,outcome,island,dollar
ADR_Maui,2014-09-01,296.51,outcome,island,dollar
ADR_Maui,2014-10-01,301.52,outcome,island,dollar
ADR_Maui,2014-11-01,301.14,outcome,island,dollar
ADR_Maui,2014-12-01,308.93,outcome,island,dollar
ADR_Maui,2015-01-01,312.21,outcome,island,dollar
ADR_Maui,2015-02-01,313.65,outcome,island,dollar
ADR_Maui,2015-03-01,316.08,outcome,island,dollar
ADR_Maui,2015-04-01,317.33,outcome,island,dollar
ADR_Maui,2015-05-01,318.11,outcome,island,dollar
ADR_Maui,2015-06-01,313.0,outcome,island,dollar
ADR_Maui,2015-07-01,314.91,outcome,island,dollar
ADR_Maui,2015-08-01,317.33,outcome,island,dollar
ADR_Maui,2015-09-01,312.34,outcome,island,dollar
ADR_Maui,2015-10-01,310.01,outcome,island,dollar
ADR_Maui,2015-11-01,312.91,outcome,island,dollar
ADR_Maui,2015-12-01,316.72,outcome,island,dollar
ADR_Maui,2016-01-01,303.73,outcome,island,dollar
ADR_Maui,2016-02-01,321.44,outcome,island,dollar
ADR_Maui,2016-03-01,326.67,outcome,island,dollar
ADR_Maui,2016-04-01,316.54,outcome,island,dollar
ADR_Maui,2016-05-01,318.87,outcome,island,dollar
ADR_Maui,2016-06-01,330.54,outcome,island,dollar
ADR_Maui,2016-07-01,332.94,outcome,island,dollar
ADR_Maui,2016-08-01,337.29,outcome,island,dollar
ADR_Maui,2016-09-01,340.27,outcome,island,dollar
ADR_Maui,2016-10-01,340.14,outcome,island,dollar
ADR_Maui,2016-11-01,344.19,outcome,island,dollar
ADR_Maui,2016-12-01,352.6,outcome,island,dollar
ADR_Maui,2017-01-01,344.13,outcome,island,dollar
ADR_Maui,2017-02-01,342.41,outcome,island,dollar
ADR_Maui,2017-03-01,342.96,outcome,island,dollar
ADR_Maui,2017-04-01,352.21,outcome,island,dollar
ADR_Maui,2017-05-01,350.22,outcome,island,dollar
ADR_Maui,2017-06-01,345.48,outcome,island,dollar
ADR_Maui,2017-07-01,349.34,outcome,island,dollar
ADR_Maui,2017-08-01,351.74,outcome,island,dollar
ADR_Maui,2017-09-01,352.29,outcome,island,dollar
ADR_Maui,2017-10-01,362.48,outcome,island,dollar
ADR_Maui,2017-11-01,362.38,outcome,island,dollar
ADR_Maui,2017-12-01,368.9,outcome,island,dollar
ADR_Maui,2018-01-01,386.41,outcome,island,dollar
ADR_Maui,2018-02-01,385.6,outcome,island,dollar
ADR_Maui,2018-03-01,385.27,outcome,island,dollar
ADR_Maui,2018-04-01,370.24,outcome,island,dollar
ADR_Maui,2018-05-01,380.33,outcome,island,dollar
ADR_Maui,2018-06-01,381.94,outcome,island,dollar
ADR_Maui,2018-07-01,378.08,outcome,island,dollar
ADR_Maui,2018-08-01,380.47,outcome,island,dollar
ADR_Maui,2018-09-01,379.4,outcome,island,dollar
ADR_Maui,2018-10-01,376.16,outcome,island,dollar
ADR_Maui,2018-11-01,384.93,outcome,island,dollar
ADR_Maui,2018-12-01,388.1,outcome,island,dollar
ADR_Maui,2019-01-01,387.98,outcome,island,dollar
ADR_Maui,2019-02-01,382.63,outcome,island,dollar
ADR_Maui,2019-03-01,384.29,outcome,island,dollar
ADR_Maui,2019-04-01,387.38,outcome,island,dollar
ADR_Maui,2019-05-01,380.69,outcome,island,dollar
ADR_Maui,2019-06-01,391.7,outcome,island,dollar
ADR_Maui,2019-07-01,406.1,outcome,island,dollar
ADR_Maui,2019-08-01,400.81,outcome,island,dollar
ADR_Maui,2019-09-01,397.34,outcome,island,dollar
ADR_Maui,2019-10-01,400.64,outcome,island,dollar
ADR_Maui,2019-11-01,406.17,outcome,island,dollar
ADR_Maui,2019-12-01,421.14,outcome,island,dollar
ADR_Maui,2020-01-01,432.22,outcome,island,dollar
ADR_Maui,2020-02-01,445.55,outcome,island,dollar
ADR_Maui,2020-03-01,382.64,outcome,island,dollar
ADR_Maui,2020-04-01,118.85,outcome,island,dollar
ADR_Maui,2020-05-01,126.17,outcome,island,dollar
ADR_Maui,2020-06-01,214.88,outcome,island,dollar
ADR_Maui,2020-07-01,191.23,outcome,island,dollar
ADR_Maui,2020-08-01,212.79,outcome,island,dollar
ADR_Maui,2020-09-01,182.79,outcome,island,dollar
ADR_Maui,2020-10-01,272.31,outcome,island,dollar
ADR_Maui,2020-11-01,426.44,outcome,island,dollar
ADR_Maui,2020-12-01,395.25,outcome,island,dollar
ADR_Maui,2021-01-01,415.8,outcome,island,dollar
ADR_Maui,2021-02-01,425.65,outcome,island,dollar
ADR_Maui,2021-03-01,438.0,outcome,island,dollar
ADR_Maui,2021-04-01,474.52,outcome,island,dollar
ADR_Maui,2021-05-01,502.16,outcome,island,dollar
ADR_Maui,2021-06-01,484.9,outcome,island,dollar
ADR_Maui,2021-07-01,570.38,outcome,island,dollar
ADR_Maui,2021-08-01,606.01,outcome,island,dollar
ADR_Maui,2021-09-01,589.09,outcome,island,dollar
ADR_Maui,2021-10-01,573.25,outcome,island,dollar
ADR_Maui,2021-11-01,601.24,outcome,island,dollar
ADR_Maui,2021-12-01,588.75,outcome,island,dollar
ADR_Maui,2022-01-01,581.37,outcome,island,dollar
ADR_Maui,2022-02-01,564.21,outcome,island,dollar
ADR_Maui,2022-03-01,597.53,outcome,island,dollar
ADR_Maui,2022-04-01,601.41,outcome,island,dollar
ADR_Maui,2022-05-01,598.56,outcome,island,dollar
ADR_Maui,2022-06-01,622.53,outcome,island,dollar
ADR_Maui,2022-07-01,630.83,outcome,island,dollar
ADR_Maui,2022-08-01,631.67,outcome,island,dollar
ADR_Maui,2022-09-01,640.02,outcome,island,dollar
ADR_Maui,2022-10-01,624.97,outcome,island,dollar
ADR_Maui,2022-11-01,609.8,outcome,island,dollar
ADR_Maui,2022-12-01,591.17,outcome,island,dollar
ADR_Maui,2023-01-01,597.92,outcome,island,dollar
ADR_Maui,2023-02-01,629.71,outcome,island,dollar
ADR_Maui,2023-03-01,606.86,outcome,island,dollar
ADR_Maui,2023-04-01,601.38,outcome,island,dollar
ADR_Maui,2023-05-01,584.62,outcome,island,dollar
ADR_Maui,2023-06-01,600.51,outcome,island,dollar
ADR_Maui,2023-07-01,606.22,outcome,island,dollar
ADR_Maui,2023-08-01,582.45,outcome,island,dollar
ADR_Maui,2023-09-01,640.85,outcome,island,dollar
ADR_Maui,2023-10-01,597.54,outcome,island,dollar
ADR_Maui,2023-11-01,561.37,outcome,island,dollar
ADR_Maui,2023-12-01,489.13,outcome,island,dollar
ADR_Maui,2024-01-01,525.38,outcome,island,dollar
ADR_Maui,2024-02-01,518.32,outcome,island,dollar
ADR_Maui,2024-03-01,544.03,outcome,island,dollar
ADR_Maui,2024-04-01,546.87,outcome,island,dollar
ADR_Maui,2024-05-01,558.08,outcome,island,dollar
ADR_Maui,2024-06-01,542.5,outcome,island,dollar
ADR_Maui,2024-07-01,536.11,outcome,island,dollar
ADR_Maui,2024-08-01,539.3,outcome,island,dollar
ADR_Maui,2024-09-01,549.95,outcome,island,dollar
ADR_Maui,2024-10-01,548.38,outcome,island,dollar
ADR_Maui,2024-11-01,565.73,outcome,island,dollar
ADR_Maui,2024-12-01,551.67,outcome,island,dollar
ADR_Maui,2025-01-01,554.63,outcome,island,dollar
ADR_Maui,2025-02-01,548.84,outcome,island,dollar
ADR_Maui,2025-03-01,540.22,outcome,island,dollar
ADR_Maui,2025-04-01,528.86,outcome,island,dollar
ADR_Maui,2025-05-01,532.35,outcome,island,dollar
ADR_Maui,2025-06-01,536.2,outcome,island,dollar
ADR_Maui,2025-07-01,525.67,outcome,island,dollar
ADR_Maui,2025-08-01,526.76,outcome,island,dollar
ADR_Maui,2025-09-01,518.15,outcome,island,dollar
ADR_Maui,2025-10-01,518.85,outcome,island,dollar
ADR_Maui,2025-11-01,526.45,outcome,island,dollar
ADR_Maui,2025-12-01,537.91,outcome,island,dollar
ADR_Maui,2026-01-01,515.22,outcome,island,dollar
ADR_Maui,2026-02-01,530.07,outcome,island,dollar
ADR_Maui,2026-03-01,525.46,outcome,island,dollar
ADR_Maui,2026-04-01,534.07,outcome,island,dollar
ADR_Maui,2026-05-01,530.14,outcome,island,dollar
ADR_Oahu,1990-01-01,93.09,outcome,island,dollar
ADR_Oahu,1990-02-01,93.53,outcome,island,dollar
ADR_Oahu,1990-03-01,92.41,outcome,island,dollar
ADR_Oahu,1990-04-01,93.37,outcome,island,dollar
ADR_Oahu,1990-05-01,92.07,outcome,island,dollar
ADR_Oahu,1990-06-01,93.35,outcome,island,dollar
ADR_Oahu,1990-07-01,92.23,outcome,island,dollar
ADR_Oahu,1990-08-01,92.61,outcome,island,dollar
ADR_Oahu,1990-09-01,91.93,outcome,island,dollar
ADR_Oahu,1990-10-01,95.2,outcome,island,dollar
ADR_Oahu,1990-11-01,95.31,outcome,island,dollar
ADR_Oahu,1990-12-01,93.66,outcome,island,dollar
ADR_Oahu,1991-01-01,96.06,outcome,island,dollar
ADR_Oahu,1991-02-01,91.36,outcome,island,dollar
ADR_Oahu,1991-03-01,91.91,outcome,island,dollar
ADR_Oahu,1991-04-01,91.97,outcome,island,dollar
ADR_Oahu,1991-05-01,92.4,outcome,island,dollar
ADR_Oahu,1991-06-01,92.59,outcome,island,dollar
ADR_Oahu,1991-07-01,95.05,outcome,island,dollar
ADR_Oahu,1991-08-01,94.38,outcome,island,dollar
ADR_Oahu,1991-09-01,94.23,outcome,island,dollar
ADR_Oahu,1991-10-01,93.58,outcome,island,dollar
ADR_Oahu,1991-11-01,93.25,outcome,island,dollar
ADR_Oahu,1991-12-01,96.32,outcome,island,dollar
ADR_Oahu,1992-01-01,97.31,outcome,island,dollar
ADR_Oahu,1992-02-01,99.26,outcome,island,dollar
ADR_Oahu,1992-03-01,100.07,outcome,island,dollar
ADR_Oahu,1992-04-01,98.58,outcome,island,dollar
ADR_Oahu,1992-05-01,97.81,outcome,island,dollar
ADR_Oahu,1992-06-01,97.66,outcome,island,dollar
ADR_Oahu,1992-07-01,97.4,outcome,island,dollar
ADR_Oahu,1992-08-01,98.23,outcome,island,dollar
ADR_Oahu,1992-09-01,98.06,outcome,island,dollar
ADR_Oahu,1992-10-01,95.67,outcome,island,dollar
ADR_Oahu,1992-11-01,99.21,outcome,island,dollar
ADR_Oahu,1992-12-01,97.3,outcome,island,dollar
ADR_Oahu,1993-01-01,97.3,outcome,island,dollar
ADR_Oahu,1993-02-01,97.03,outcome,island,dollar
ADR_Oahu,1993-03-01,97.43,outcome,island,dollar
ADR_Oahu,1993-04-01,96.62,outcome,island,dollar
ADR_Oahu,1993-05-01,97.81,outcome,island,dollar
ADR_Oahu,1993-06-01,97.52,outcome,island,dollar
ADR_Oahu,1993-07-01,96.89,outcome,island,dollar
ADR_Oahu,1993-08-01,95.65,outcome,island,dollar
ADR_Oahu,1993-09-01,96.08,outcome,island,dollar
ADR_Oahu,1993-10-01,94.78,outcome,island,dollar
ADR_Oahu,1993-11-01,93.31,outcome,island,dollar
ADR_Oahu,1993-12-01,92.77,outcome,island,dollar
ADR_Oahu,1994-01-01,90.43,outcome,island,dollar
ADR_Oahu,1994-02-01,93.01,outcome,island,dollar
ADR_Oahu,1994-03-01,93.2,outcome,island,dollar
ADR_Oahu,1994-04-01,97.19,outcome,island,dollar
ADR_Oahu,1994-05-01,98.66,outcome,island,dollar
ADR_Oahu,1994-06-01,96.98,outcome,island,dollar
ADR_Oahu,1994-07-01,96.77,outcome,island,dollar
ADR_Oahu,1994-08-01,99.14,outcome,island,dollar
ADR_Oahu,1994-09-01,100.48,outcome,island,dollar
ADR_Oahu,1994-10-01,115.05,outcome,island,dollar
ADR_Oahu,1994-11-01,112.25,outcome,island,dollar
ADR_Oahu,1994-12-01,118.73,outcome,island,dollar
ADR_Oahu,1995-01-01,107.44,outcome,island,dollar
ADR_Oahu,1995-02-01,95.46,outcome,island,dollar
ADR_Oahu,1995-03-01,97.51,outcome,island,dollar
ADR_Oahu,1995-04-01,98.89,outcome,island,dollar
ADR_Oahu,1995-05-01,102.29,outcome,island,dollar
ADR_Oahu,1995-06-01,102.53,outcome,island,dollar
ADR_Oahu,1995-07-01,102.21,outcome,island,dollar
ADR_Oahu,1995-08-01,101.91,outcome,island,dollar
ADR_Oahu,1995-09-01,103.53,outcome,island,dollar
ADR_Oahu,1995-10-01,106.38,outcome,island,dollar
ADR_Oahu,1995-11-01,105.4,outcome,island,dollar
ADR_Oahu,1995-12-01,103.84,outcome,island,dollar
ADR_Oahu,1996-01-01,104.84,outcome,island,dollar
ADR_Oahu,1996-02-01,107.08,outcome,island,dollar
ADR_Oahu,1996-03-01,106.77,outcome,island,dollar
ADR_Oahu,1996-04-01,103.81,outcome,island,dollar
ADR_Oahu,1996-05-01,103.44,outcome,island,dollar
ADR_Oahu,1996-06-01,105.59,outcome,island,dollar
ADR_Oahu,1996-07-01,105.46,outcome,island,dollar
ADR_Oahu,1996-08-01,105.07,outcome,island,dollar
ADR_Oahu,1996-09-01,107.04,outcome,island,dollar
ADR_Oahu,1996-10-01,106.81,outcome,island,dollar
ADR_Oahu,1996-11-01,107.73,outcome,island,dollar
ADR_Oahu,1996-12-01,109.07,outcome,island,dollar
ADR_Oahu,1997-01-01,112.51,outcome,island,dollar
ADR_Oahu,1997-02-01,112.01,outcome,island,dollar
ADR_Oahu,1997-03-01,113.89,outcome,island,dollar
ADR_Oahu,1997-04-01,113.19,outcome,island,dollar
ADR_Oahu,1997-05-01,111.4,outcome,island,dollar
ADR_Oahu,1997-06-01,113.58,outcome,island,dollar
ADR_Oahu,1997-07-01,114.3,outcome,island,dollar
ADR_Oahu,1997-08-01,114.77,outcome,island,dollar
ADR_Oahu,1997-09-01,114.12,outcome,island,dollar
ADR_Oahu,1997-10-01,111.8,outcome,island,dollar
ADR_Oahu,1997-11-01,111.19,outcome,island,dollar
ADR_Oahu,1997-12-01,115.06,outcome,island,dollar
ADR_Oahu,1998-01-01,113.99,outcome,island,dollar
ADR_Oahu,1998-02-01,114.78,outcome,island,dollar
ADR_Oahu,1998-03-01,113.45,outcome,island,dollar
ADR_Oahu,1998-04-01,112.57,outcome,island,dollar
ADR_Oahu,1998-05-01,110.46,outcome,island,dollar
ADR_Oahu,1998-06-01,111.3,outcome,island,dollar
ADR_Oahu,1998-07-01,111.18,outcome,island,dollar
ADR_Oahu,1998-08-01,111.74,outcome,island,dollar
ADR_Oahu,1998-09-01,109.96,outcome,island,dollar
ADR_Oahu,1998-10-01,110.18,outcome,island,dollar
ADR_Oahu,1998-11-01,109.79,outcome,island,dollar
ADR_Oahu,1998-12-01,109.56,outcome,island,dollar
ADR_Oahu,1999-01-01,105.22,outcome,island,dollar
ADR_Oahu,1999-02-01,105.52,outcome,island,dollar
ADR_Oahu,1999-03-01,105.65,outcome,island,dollar
ADR_Oahu,1999-04-01,108.47,outcome,island,dollar
ADR_Oahu,1999-05-01,108.76,outcome,island,dollar
ADR_Oahu,1999-06-01,107.86,outcome,island,dollar
ADR_Oahu,1999-07-01,106.73,outcome,island,dollar
ADR_Oahu,1999-08-01,108.27,outcome,island,dollar
ADR_Oahu,1999-09-01,109.55,outcome,island,dollar
ADR_Oahu,1999-10-01,111.77,outcome,island,dollar
ADR_Oahu,1999-11-01,108.91,outcome,island,dollar
ADR_Oahu,1999-12-01,110.83,outcome,island,dollar
ADR_Oahu,2000-01-01,113.6,outcome,island,dollar
ADR_Oahu,2000-02-01,110.21,outcome,island,dollar
ADR_Oahu,2000-03-01,111.21,outcome,island,dollar
ADR_Oahu,2000-04-01,112.33,outcome,island,dollar
ADR_Oahu,2000-05-01,114.27,outcome,island,dollar
ADR_Oahu,2000-06-01,113.73,outcome,island,dollar
ADR_Oahu,2000-07-01,117.19,outcome,island,dollar
ADR_Oahu,2000-08-01,115.2,outcome,island,dollar
ADR_Oahu,2000-09-01,117.76,outcome,island,dollar
ADR_Oahu,2000-10-01,118.03,outcome,island,dollar
ADR_Oahu,2000-11-01,121.92,outcome,island,dollar
ADR_Oahu,2000-12-01,118.35,outcome,island,dollar
ADR_Oahu,2001-01-01,118.92,outcome,island,dollar
ADR_Oahu,2001-02-01,118.69,outcome,island,dollar
ADR_Oahu,2001-03-01,119.07,outcome,island,dollar
ADR_Oahu,2001-04-01,119.64,outcome,island,dollar
ADR_Oahu,2001-05-01,120.28,outcome,island,dollar
ADR_Oahu,2001-06-01,119.28,outcome,island,dollar
ADR_Oahu,2001-07-01,118.62,outcome,island,dollar
ADR_Oahu,2001-08-01,118.7,outcome,island,dollar
ADR_Oahu,2001-09-01,112.98,outcome,island,dollar
ADR_Oahu,2001-10-01,113.22,outcome,island,dollar
ADR_Oahu,2001-11-01,104.21,outcome,island,dollar
ADR_Oahu,2001-12-01,105.75,outcome,island,dollar
ADR_Oahu,2002-01-01,108.21,outcome,island,dollar
ADR_Oahu,2002-02-01,111.39,outcome,island,dollar
ADR_Oahu,2002-03-01,112.23,outcome,island,dollar
ADR_Oahu,2002-04-01,110.62,outcome,island,dollar
ADR_Oahu,2002-05-01,113.58,outcome,island,dollar
ADR_Oahu,2002-06-01,112.37,outcome,island,dollar
ADR_Oahu,2002-07-01,113.57,outcome,island,dollar
ADR_Oahu,2002-08-01,115.14,outcome,island,dollar
ADR_Oahu,2002-09-01,113.89,outcome,island,dollar
ADR_Oahu,2002-10-01,114.14,outcome,island,dollar
ADR_Oahu,2002-11-01,112.55,outcome,island,dollar
ADR_Oahu,2002-12-01,114.18,outcome,island,dollar
ADR_Oahu,2003-01-01,114.22,outcome,island,dollar
ADR_Oahu,2003-02-01,114.18,outcome,island,dollar
ADR_Oahu,2003-03-01,114.36,outcome,island,dollar
ADR_Oahu,2003-04-01,115.76,outcome,island,dollar
ADR_Oahu,2003-05-01,113.9,outcome,island,dollar
ADR_Oahu,2003-06-01,113.6,outcome,island,dollar
ADR_Oahu,2003-07-01,111.73,outcome,island,dollar
ADR_Oahu,2003-08-01,114.37,outcome,island,dollar
ADR_Oahu,2003-09-01,120.45,outcome,island,dollar
ADR_Oahu,2003-10-01,119.35,outcome,island,dollar
ADR_Oahu,2003-11-01,118.77,outcome,island,dollar
ADR_Oahu,2003-12-01,119.75,outcome,island,dollar
ADR_Oahu,2004-01-01,119.63,outcome,island,dollar
ADR_Oahu,2004-02-01,119.19,outcome,island,dollar
ADR_Oahu,2004-03-01,120.11,outcome,island,dollar
ADR_Oahu,2004-04-01,121.88,outcome,island,dollar
ADR_Oahu,2004-05-01,121.75,outcome,island,dollar
ADR_Oahu,2004-06-01,123.23,outcome,island,dollar
ADR_Oahu,2004-07-01,125.57,outcome,island,dollar
ADR_Oahu,2004-08-01,122.87,outcome,island,dollar
ADR_Oahu,2004-09-01,123.62,outcome,island,dollar
ADR_Oahu,2004-10-01,126.55,outcome,island,dollar
ADR_Oahu,2004-11-01,126.57,outcome,island,dollar
ADR_Oahu,2004-12-01,128.0,outcome,island,dollar
ADR_Oahu,2005-01-01,129.48,outcome,island,dollar
ADR_Oahu,2005-02-01,131.53,outcome,island,dollar
ADR_Oahu,2005-03-01,134.52,outcome,island,dollar
ADR_Oahu,2005-04-01,132.47,outcome,island,dollar
ADR_Oahu,2005-05-01,136.18,outcome,island,dollar
ADR_Oahu,2005-06-01,137.84,outcome,island,dollar
ADR_Oahu,2005-07-01,139.59,outcome,island,dollar
ADR_Oahu,2005-08-01,144.21,outcome,island,dollar
ADR_Oahu,2005-09-01,143.71,outcome,island,dollar
ADR_Oahu,2005-10-01,144.86,outcome,island,dollar
ADR_Oahu,2005-11-01,150.17,outcome,island,dollar
ADR_Oahu,2005-12-01,148.35,outcome,island,dollar
ADR_Oahu,2006-01-01,149.07,outcome,island,dollar
ADR_Oahu,2006-02-01,156.05,outcome,island,dollar
ADR_Oahu,2006-03-01,153.12,outcome,island,dollar
ADR_Oahu,2006-04-01,157.73,outcome,island,dollar
ADR_Oahu,2006-05-01,155.68,outcome,island,dollar
ADR_Oahu,2006-06-01,157.51,outcome,island,dollar
ADR_Oahu,2006-07-01,160.66,outcome,island,dollar
ADR_Oahu,2006-08-01,158.88,outcome,island,dollar
ADR_Oahu,2006-09-01,155.92,outcome,island,dollar
ADR_Oahu,2006-10-01,157.12,outcome,island,dollar
ADR_Oahu,2006-11-01,159.84,outcome,island,dollar
ADR_Oahu,2006-12-01,162.78,outcome,island,dollar
ADR_Oahu,2007-01-01,164.19,outcome,island,dollar
ADR_Oahu,2007-02-01,163.71,outcome,island,dollar
ADR_Oahu,2007-03-01,163.72,outcome,island,dollar
ADR_Oahu,2007-04-01,165.8,outcome,island,dollar
ADR_Oahu,2007-05-01,166.39,outcome,island,dollar
ADR_Oahu,2007-06-01,168.77,outcome,island,dollar
ADR_Oahu,2007-07-01,169.35,outcome,island,dollar
ADR_Oahu,2007-08-01,170.64,outcome,island,dollar
ADR_Oahu,2007-09-01,172.53,outcome,island,dollar
ADR_Oahu,2007-10-01,169.9,outcome,island,dollar
ADR_Oahu,2007-11-01,168.68,outcome,island,dollar
ADR_Oahu,2007-12-01,173.48,outcome,island,dollar
ADR_Oahu,2008-01-01,172.25,outcome,island,dollar
ADR_Oahu,2008-02-01,173.57,outcome,island,dollar
ADR_Oahu,2008-03-01,174.98,outcome,island,dollar
ADR_Oahu,2008-04-01,169.52,outcome,island,dollar
ADR_Oahu,2008-05-01,171.01,outcome,island,dollar
ADR_Oahu,2008-06-01,173.57,outcome,island,dollar
ADR_Oahu,2008-07-01,170.55,outcome,island,dollar
ADR_Oahu,2008-08-01,169.95,outcome,island,dollar
ADR_Oahu,2008-09-01,165.2,outcome,island,dollar
ADR_Oahu,2008-10-01,163.63,outcome,island,dollar
ADR_Oahu,2008-11-01,162.49,outcome,island,dollar
ADR_Oahu,2008-12-01,160.21,outcome,island,dollar
ADR_Oahu,2009-01-01,158.0,outcome,island,dollar
ADR_Oahu,2009-02-01,154.73,outcome,island,dollar
ADR_Oahu,2009-03-01,151.55,outcome,island,dollar
ADR_Oahu,2009-04-01,151.86,outcome,island,dollar
ADR_Oahu,2009-05-01,151.36,outcome,island,dollar
ADR_Oahu,2009-06-01,147.72,outcome,island,dollar
ADR_Oahu,2009-07-01,145.19,outcome,island,dollar
ADR_Oahu,2009-08-01,145.04,outcome,island,dollar
ADR_Oahu,2009-09-01,149.89,outcome,island,dollar
ADR_Oahu,2009-10-01,153.07,outcome,island,dollar
ADR_Oahu,2009-11-01,149.38,outcome,island,dollar
ADR_Oahu,2009-12-01,146.55,outcome,island,dollar
ADR_Oahu,2010-01-01,144.5,outcome,island,dollar
ADR_Oahu,2010-02-01,143.05,outcome,island,dollar
ADR_Oahu,2010-03-01,146.82,outcome,island,dollar
ADR_Oahu,2010-04-01,148.03,outcome,island,dollar
ADR_Oahu,2010-05-01,147.84,outcome,island,dollar
ADR_Oahu,2010-06-01,148.1,outcome,island,dollar
ADR_Oahu,2010-07-01,150.83,outcome,island,dollar
ADR_Oahu,2010-08-01,149.64,outcome,island,dollar
ADR_Oahu,2010-09-01,153.7,outcome,island,dollar
ADR_Oahu,2010-10-01,152.86,outcome,island,dollar
ADR_Oahu,2010-11-01,157.16,outcome,island,dollar
ADR_Oahu,2010-12-01,157.15,outcome,island,dollar
ADR_Oahu,2011-01-01,157.94,outcome,island,dollar
ADR_Oahu,2011-02-01,159.51,outcome,island,dollar
ADR_Oahu,2011-03-01,159.33,outcome,island,dollar
ADR_Oahu,2011-04-01,165.29,outcome,island,dollar
ADR_Oahu,2011-05-01,164.29,outcome,island,dollar
ADR_Oahu,2011-06-01,162.83,outcome,island,dollar
ADR_Oahu,2011-07-01,162.29,outcome,island,dollar
ADR_Oahu,2011-08-01,163.55,outcome,island,dollar
ADR_Oahu,2011-09-01,165.78,outcome,island,dollar
ADR_Oahu,2011-10-01,168.9,outcome,island,dollar
ADR_Oahu,2011-11-01,181.29,outcome,island,dollar
ADR_Oahu,2011-12-01,170.8,outcome,island,dollar
ADR_Oahu,2012-01-01,174.23,outcome,island,dollar
ADR_Oahu,2012-02-01,172.32,outcome,island,dollar
ADR_Oahu,2012-03-01,176.99,outcome,island,dollar
ADR_Oahu,2012-04-01,178.48,outcome,island,dollar
ADR_Oahu,2012-05-01,182.52,outcome,island,dollar
ADR_Oahu,2012-06-01,182.5,outcome,island,dollar
ADR_Oahu,2012-07-01,186.04,outcome,island,dollar
ADR_Oahu,2012-08-01,188.43,outcome,island,dollar
ADR_Oahu,2012-09-01,187.41,outcome,island,dollar
ADR_Oahu,2012-10-01,188.57,outcome,island,dollar
ADR_Oahu,2012-11-01,192.37,outcome,island,dollar
ADR_Oahu,2012-12-01,192.32,outcome,island,dollar
ADR_Oahu,2013-01-01,201.03,outcome,island,dollar
ADR_Oahu,2013-02-01,207.14,outcome,island,dollar
ADR_Oahu,2013-03-01,208.84,outcome,island,dollar
ADR_Oahu,2013-04-01,206.27,outcome,island,dollar
ADR_Oahu,2013-05-01,207.28,outcome,island,dollar
ADR_Oahu,2013-06-01,210.08,outcome,island,dollar
ADR_Oahu,2013-07-01,208.94,outcome,island,dollar
ADR_Oahu,2013-08-01,212.28,outcome,island,dollar
ADR_Oahu,2013-09-01,212.0,outcome,island,dollar
ADR_Oahu,2013-10-01,210.67,outcome,island,dollar
ADR_Oahu,2013-11-01,209.49,outcome,island,dollar
ADR_Oahu,2013-12-01,211.98,outcome,island,dollar
ADR_Oahu,2014-01-01,213.52,outcome,island,dollar
ADR_Oahu,2014-02-01,212.89,outcome,island,dollar
ADR_Oahu,2014-03-01,211.12,outcome,island,dollar
ADR_Oahu,2014-04-01,210.64,outcome,island,dollar
ADR_Oahu,2014-05-01,207.79,outcome,island,dollar
ADR_Oahu,2014-06-01,207.99,outcome,island,dollar
ADR_Oahu,2014-07-01,213.55,outcome,island,dollar
ADR_Oahu,2014-08-01,214.96,outcome,island,dollar
ADR_Oahu,2014-09-01,213.92,outcome,island,dollar
ADR_Oahu,2014-10-01,215.76,outcome,island,dollar
ADR_Oahu,2014-11-01,214.65,outcome,island,dollar
ADR_Oahu,2014-12-01,217.1,outcome,island,dollar
ADR_Oahu,2015-01-01,214.11,outcome,island,dollar
ADR_Oahu,2015-02-01,214.8,outcome,island,dollar
ADR_Oahu,2015-03-01,215.25,outcome,island,dollar
ADR_Oahu,2015-04-01,214.68,outcome,island,dollar
ADR_Oahu,2015-05-01,218.8,outcome,island,dollar
ADR_Oahu,2015-06-01,223.12,outcome,island,dollar
ADR_Oahu,2015-07-01,219.3,outcome,island,dollar
ADR_Oahu,2015-08-01,218.52,outcome,island,dollar
ADR_Oahu,2015-09-01,219.43,outcome,island,dollar
ADR_Oahu,2015-10-01,222.98,outcome,island,dollar
ADR_Oahu,2015-11-01,224.25,outcome,island,dollar
ADR_Oahu,2015-12-01,222.66,outcome,island,dollar
ADR_Oahu,2016-01-01,219.13,outcome,island,dollar
ADR_Oahu,2016-02-01,223.53,outcome,island,dollar
ADR_Oahu,2016-03-01,221.11,outcome,island,dollar
ADR_Oahu,2016-04-01,220.48,outcome,island,dollar
ADR_Oahu,2016-05-01,225.24,outcome,island,dollar
ADR_Oahu,2016-06-01,225.95,outcome,island,dollar
ADR_Oahu,2016-07-01,230.06,outcome,island,dollar
ADR_Oahu,2016-08-01,229.86,outcome,island,dollar
ADR_Oahu,2016-09-01,237.09,outcome,island,dollar
ADR_Oahu,2016-10-01,228.48,outcome,island,dollar
ADR_Oahu,2016-11-01,231.24,outcome,island,dollar
ADR_Oahu,2016-12-01,230.55,outcome,island,dollar
ADR_Oahu,2017-01-01,237.77,outcome,island,dollar
ADR_Oahu,2017-02-01,231.83,outcome,island,dollar
ADR_Oahu,2017-03-01,231.39,outcome,island,dollar
ADR_Oahu,2017-04-01,232.97,outcome,island,dollar
ADR_Oahu,2017-05-01,231.11,outcome,island,dollar
ADR_Oahu,2017-06-01,232.39,outcome,island,dollar
ADR_Oahu,2017-07-01,232.82,outcome,island,dollar
ADR_Oahu,2017-08-01,231.46,outcome,island,dollar
ADR_Oahu,2017-09-01,229.28,outcome,island,dollar
ADR_Oahu,2017-10-01,234.17,outcome,island,dollar
ADR_Oahu,2017-11-01,233.8,outcome,island,dollar
ADR_Oahu,2017-12-01,232.49,outcome,island,dollar
ADR_Oahu,2018-01-01,233.34,outcome,island,dollar
ADR_Oahu,2018-02-01,236.53,outcome,island,dollar
ADR_Oahu,2018-03-01,237.97,outcome,island,dollar
ADR_Oahu,2018-04-01,238.04,outcome,island,dollar
ADR_Oahu,2018-05-01,239.48,outcome,island,dollar
ADR_Oahu,2018-06-01,236.94,outcome,island,dollar
ADR_Oahu,2018-07-01,238.34,outcome,island,dollar
ADR_Oahu,2018-08-01,239.98,outcome,island,dollar
ADR_Oahu,2018-09-01,237.56,outcome,island,dollar
ADR_Oahu,2018-10-01,241.01,outcome,island,dollar
ADR_Oahu,2018-11-01,234.23,outcome,island,dollar
ADR_Oahu,2018-12-01,238.6,outcome,island,dollar
ADR_Oahu,2019-01-01,237.96,outcome,island,dollar
ADR_Oahu,2019-02-01,240.66,outcome,island,dollar
ADR_Oahu,2019-03-01,236.92,outcome,island,dollar
ADR_Oahu,2019-04-01,236.93,outcome,island,dollar
ADR_Oahu,2019-05-01,239.79,outcome,island,dollar
ADR_Oahu,2019-06-01,234.75,outcome,island,dollar
ADR_Oahu,2019-07-01,239.52,outcome,island,dollar
ADR_Oahu,2019-08-01,241.97,outcome,island,dollar
ADR_Oahu,2019-09-01,243.01,outcome,island,dollar
ADR_Oahu,2019-10-01,243.38,outcome,island,dollar
ADR_Oahu,2019-11-01,244.08,outcome,island,dollar
ADR_Oahu,2019-12-01,249.05,outcome,island,dollar
ADR_Oahu,2020-01-01,250.29,outcome,island,dollar
ADR_Oahu,2020-02-01,250.2,outcome,island,dollar
ADR_Oahu,2020-03-01,224.67,outcome,island,dollar
ADR_Oahu,2020-04-01,145.11,outcome,island,dollar
ADR_Oahu,2020-05-01,145.39,outcome,island,dollar
ADR_Oahu,2020-06-01,156.21,outcome,island,dollar
ADR_Oahu,2020-07-01,155.32,outcome,island,dollar
ADR_Oahu,2020-08-01,149.96,outcome,island,dollar
ADR_Oahu,2020-09-01,165.01,outcome,island,dollar
ADR_Oahu,2020-10-01,170.85,outcome,island,dollar
ADR_Oahu,2020-11-01,178.15,outcome,island,dollar
ADR_Oahu,2020-12-01,159.37,outcome,island,dollar
ADR_Oahu,2021-01-01,167.85,outcome,island,dollar
ADR_Oahu,2021-02-01,176.05,outcome,island,dollar
ADR_Oahu,2021-03-01,188.97,outcome,island,dollar
ADR_Oahu,2021-04-01,196.0,outcome,island,dollar
ADR_Oahu,2021-05-01,207.27,outcome,island,dollar
ADR_Oahu,2021-06-01,213.87,outcome,island,dollar
ADR_Oahu,2021-07-01,233.24,outcome,island,dollar
ADR_Oahu,2021-08-01,233.1,outcome,island,dollar
ADR_Oahu,2021-09-01,229.34,outcome,island,dollar
ADR_Oahu,2021-10-01,229.94,outcome,island,dollar
ADR_Oahu,2021-11-01,239.71,outcome,island,dollar
ADR_Oahu,2021-12-01,245.07,outcome,island,dollar
ADR_Oahu,2022-01-01,242.4,outcome,island,dollar
ADR_Oahu,2022-02-01,247.05,outcome,island,dollar
ADR_Oahu,2022-03-01,251.18,outcome,island,dollar
ADR_Oahu,2022-04-01,263.24,outcome,island,dollar
ADR_Oahu,2022-05-01,260.51,outcome,island,dollar
ADR_Oahu,2022-06-01,268.55,outcome,island,dollar
ADR_Oahu,2022-07-01,277.24,outcome,island,dollar
ADR_Oahu,2022-08-01,273.28,outcome,island,dollar
ADR_Oahu,2022-09-01,278.41,outcome,island,dollar
ADR_Oahu,2022-10-01,275.08,outcome,island,dollar
ADR_Oahu,2022-11-01,275.33,outcome,island,dollar
ADR_Oahu,2022-12-01,278.65,outcome,island,dollar
ADR_Oahu,2023-01-01,280.32,outcome,island,dollar
ADR_Oahu,2023-02-01,275.84,outcome,island,dollar
ADR_Oahu,2023-03-01,279.8,outcome,island,dollar
ADR_Oahu,2023-04-01,278.73,outcome,island,dollar
ADR_Oahu,2023-05-01,280.25,outcome,island,dollar
ADR_Oahu,2023-06-01,279.0,outcome,island,dollar
ADR_Oahu,2023-07-01,278.42,outcome,island,dollar
ADR_Oahu,2023-08-01,280.31,outcome,island,dollar
ADR_Oahu,2023-09-01,289.69,outcome,island,dollar
ADR_Oahu,2023-10-01,290.98,outcome,island,dollar
ADR_Oahu,2023-11-01,287.62,outcome,island,dollar
ADR_Oahu,2023-12-01,280.24,outcome,island,dollar
ADR_Oahu,2024-01-01,282.17,outcome,island,dollar
ADR_Oahu,2024-02-01,289.57,outcome,island,dollar
ADR_Oahu,2024-03-01,289.31,outcome,island,dollar
ADR_Oahu,2024-04-01,281.97,outcome,island,dollar
ADR_Oahu,2024-05-01,287.24,outcome,island,dollar
ADR_Oahu,2024-06-01,285.34,outcome,island,dollar
ADR_Oahu,2024-07-01,283.97,outcome,island,dollar
ADR_Oahu,2024-08-01,286.23,outcome,island,dollar
ADR_Oahu,2024-09-01,278.98,outcome,island,dollar
ADR_Oahu,2024-10-01,282.06,outcome,island,dollar
ADR_Oahu,2024-11-01,277.34,outcome,island,dollar
ADR_Oahu,2024-12-01,280.96,outcome,island,dollar
ADR_Oahu,2025-01-01,287.41,outcome,island,dollar
ADR_Oahu,2025-02-01,285.62,outcome,island,dollar
ADR_Oahu,2025-03-01,283.56,outcome,island,dollar
ADR_Oahu,2025-04-01,287.11,outcome,island,dollar
ADR_Oahu,2025-05-01,283.18,outcome,island,dollar
ADR_Oahu,2025-06-01,280.64,outcome,island,dollar
ADR_Oahu,2025-07-01,281.64,outcome,island,dollar
ADR_Oahu,2025-08-01,280.36,outcome,island,dollar
ADR_Oahu,2025-09-01,281.89,outcome,island,dollar
ADR_Oahu,2025-10-01,281.7,outcome,island,dollar
ADR_Oahu,2025-11-01,286.76,outcome,island,dollar
ADR_Oahu,2025-12-01,286.1,outcome,island,dollar
ADR_Oahu,2026-01-01,281.91,outcome,island,dollar
ADR_Oahu,2026-02-01,281.87,outcome,island,dollar
ADR_Oahu,2026-03-01,279.78,outcome,island,dollar
ADR_Oahu,2026-04-01,278.25,outcome,island,dollar
ADR_Oahu,2026-05-01,279.74,outcome,island,dollar
Occupancy_HawaiiIsl,1990-01-01,69.7,outcome,island,percent
Occupancy_HawaiiIsl,1990-02-01,68.6,outcome,island,percent
Occupancy_HawaiiIsl,1990-03-01,65.0,outcome,island,percent
Occupancy_HawaiiIsl,1990-04-01,60.1,outcome,island,percent
Occupancy_HawaiiIsl,1990-05-01,61.7,outcome,island,percent
Occupancy_HawaiiIsl,1990-06-01,59.5,outcome,island,percent
Occupancy_HawaiiIsl,1990-07-01,55.2,outcome,island,percent
Occupancy_HawaiiIsl,1990-08-01,58.5,outcome,island,percent
Occupancy_HawaiiIsl,1990-09-01,59.3,outcome,island,percent
Occupancy_HawaiiIsl,1990-10-01,62.4,outcome,island,percent
Occupancy_HawaiiIsl,1990-11-01,59.8,outcome,island,percent
Occupancy_HawaiiIsl,1990-12-01,54.6,outcome,island,percent
Occupancy_HawaiiIsl,1991-01-01,55.6,outcome,island,percent
Occupancy_HawaiiIsl,1991-02-01,53.0,outcome,island,percent
Occupancy_HawaiiIsl,1991-03-01,54.5,outcome,island,percent
Occupancy_HawaiiIsl,1991-04-01,63.1,outcome,island,percent
Occupancy_HawaiiIsl,1991-05-01,61.4,outcome,island,percent
Occupancy_HawaiiIsl,1991-06-01,59.1,outcome,island,percent
Occupancy_HawaiiIsl,1991-07-01,64.4,outcome,island,percent
Occupancy_HawaiiIsl,1991-08-01,62.1,outcome,island,percent
Occupancy_HawaiiIsl,1991-09-01,57.2,outcome,island,percent
Occupancy_HawaiiIsl,1991-10-01,50.7,outcome,island,percent
Occupancy_HawaiiIsl,1991-11-01,53.2,outcome,island,percent
Occupancy_HawaiiIsl,1991-12-01,53.9,outcome,island,percent
Occupancy_HawaiiIsl,1992-01-01,56.0,outcome,island,percent
Occupancy_HawaiiIsl,1992-02-01,54.4,outcome,island,percent
Occupancy_HawaiiIsl,1992-03-01,52.7,outcome,island,percent
Occupancy_HawaiiIsl,1992-04-01,54.9,outcome,island,percent
Occupancy_HawaiiIsl,1992-05-01,54.4,outcome,island,percent
Occupancy_HawaiiIsl,1992-06-01,55.4,outcome,island,percent
Occupancy_HawaiiIsl,1992-07-01,50.7,outcome,island,percent
Occupancy_HawaiiIsl,1992-08-01,53.2,outcome,island,percent
Occupancy_HawaiiIsl,1992-09-01,68.8,outcome,island,percent
Occupancy_HawaiiIsl,1992-10-01,71.9,outcome,island,percent
Occupancy_HawaiiIsl,1992-11-01,70.0,outcome,island,percent
Occupancy_HawaiiIsl,1992-12-01,65.6,outcome,island,percent
Occupancy_HawaiiIsl,1993-01-01,60.6,outcome,island,percent
Occupancy_HawaiiIsl,1993-02-01,57.9,outcome,island,percent
Occupancy_HawaiiIsl,1993-03-01,57.5,outcome,island,percent
Occupancy_HawaiiIsl,1993-04-01,55.9,outcome,island,percent
Occupancy_HawaiiIsl,1993-05-01,56.0,outcome,island,percent
Occupancy_HawaiiIsl,1993-06-01,55.4,outcome,island,percent
Occupancy_HawaiiIsl,1993-07-01,59.4,outcome,island,percent
Occupancy_HawaiiIsl,1993-08-01,61.7,outcome,island,percent
Occupancy_HawaiiIsl,1993-09-01,57.5,outcome,island,percent
Occupancy_HawaiiIsl,1993-10-01,59.7,outcome,island,percent
Occupancy_HawaiiIsl,1993-11-01,58.3,outcome,island,percent
Occupancy_HawaiiIsl,1993-12-01,60.4,outcome,island,percent
Occupancy_HawaiiIsl,1994-01-01,55.0,outcome,island,percent
Occupancy_HawaiiIsl,1994-02-01,59.4,outcome,island,percent
Occupancy_HawaiiIsl,1994-03-01,67.7,outcome,island,percent
Occupancy_HawaiiIsl,1994-04-01,67.7,outcome,island,percent
Occupancy_HawaiiIsl,1994-05-01,63.5,outcome,island,percent
Occupancy_HawaiiIsl,1994-06-01,61.2,outcome,island,percent
Occupancy_HawaiiIsl,1994-07-01,64.7,outcome,island,percent
Occupancy_HawaiiIsl,1994-08-01,64.7,outcome,island,percent
Occupancy_HawaiiIsl,1994-09-01,68.1,outcome,island,percent
Occupancy_HawaiiIsl,1994-10-01,62.1,outcome,island,percent
Occupancy_HawaiiIsl,1994-11-01,64.6,outcome,island,percent
Occupancy_HawaiiIsl,1994-12-01,64.8,outcome,island,percent
Occupancy_HawaiiIsl,1995-01-01,61.1,outcome,island,percent
Occupancy_HawaiiIsl,1995-02-01,66.4,outcome,island,percent
Occupancy_HawaiiIsl,1995-03-01,62.3,outcome,island,percent
Occupancy_HawaiiIsl,1995-04-01,57.8,outcome,island,percent
Occupancy_HawaiiIsl,1995-05-01,60.2,outcome,island,percent
Occupancy_HawaiiIsl,1995-06-01,60.7,outcome,island,percent
Occupancy_HawaiiIsl,1995-07-01,62.9,outcome,island,percent
Occupancy_HawaiiIsl,1995-08-01,57.5,outcome,island,percent
Occupancy_HawaiiIsl,1995-09-01,59.9,outcome,island,percent
Occupancy_HawaiiIsl,1995-10-01,66.7,outcome,island,percent
Occupancy_HawaiiIsl,1995-11-01,64.0,outcome,island,percent
Occupancy_HawaiiIsl,1995-12-01,67.6,outcome,island,percent
Occupancy_HawaiiIsl,1996-01-01,68.0,outcome,island,percent
Occupancy_HawaiiIsl,1996-02-01,66.7,outcome,island,percent
Occupancy_HawaiiIsl,1996-03-01,65.2,outcome,island,percent
Occupancy_HawaiiIsl,1996-04-01,66.3,outcome,island,percent
Occupancy_HawaiiIsl,1996-05-01,65.9,outcome,island,percent
Occupancy_HawaiiIsl,1996-06-01,69.9,outcome,island,percent
Occupancy_HawaiiIsl,1996-07-01,66.6,outcome,island,percent
Occupancy_HawaiiIsl,1996-08-01,65.0,outcome,island,percent
Occupancy_HawaiiIsl,1996-09-01,66.3,outcome,island,percent
Occupancy_HawaiiIsl,1996-10-01,67.0,outcome,island,percent
Occupancy_HawaiiIsl,1996-11-01,66.1,outcome,island,percent
Occupancy_HawaiiIsl,1996-12-01,69.7,outcome,island,percent
Occupancy_HawaiiIsl,1997-01-01,69.6,outcome,island,percent
Occupancy_HawaiiIsl,1997-02-01,69.9,outcome,island,percent
Occupancy_HawaiiIsl,1997-03-01,68.0,outcome,island,percent
Occupancy_HawaiiIsl,1997-04-01,71.6,outcome,island,percent
Occupancy_HawaiiIsl,1997-05-01,68.0,outcome,island,percent
Occupancy_HawaiiIsl,1997-06-01,70.3,outcome,island,percent
Occupancy_HawaiiIsl,1997-07-01,67.3,outcome,island,percent
Occupancy_HawaiiIsl,1997-08-01,66.9,outcome,island,percent
Occupancy_HawaiiIsl,1997-09-01,68.3,outcome,island,percent
Occupancy_HawaiiIsl,1997-10-01,65.2,outcome,island,percent
Occupancy_HawaiiIsl,1997-11-01,68.6,outcome,island,percent
Occupancy_HawaiiIsl,1997-12-01,69.9,outcome,island,percent
Occupancy_HawaiiIsl,1998-01-01,73.5,outcome,island,percent
Occupancy_HawaiiIsl,1998-02-01,70.7,outcome,island,percent
Occupancy_HawaiiIsl,1998-03-01,70.6,outcome,island,percent
Occupancy_HawaiiIsl,1998-04-01,68.7,outcome,island,percent
Occupancy_HawaiiIsl,1998-05-01,76.3,outcome,island,percent
Occupancy_HawaiiIsl,1998-06-01,67.2,outcome,island,percent
Occupancy_HawaiiIsl,1998-07-01,67.6,outcome,island,percent
Occupancy_HawaiiIsl,1998-08-01,68.8,outcome,island,percent
Occupancy_HawaiiIsl,1998-09-01,73.4,outcome,island,percent
Occupancy_HawaiiIsl,1998-10-01,71.6,outcome,island,percent
Occupancy_HawaiiIsl,1998-11-01,67.6,outcome,island,percent
Occupancy_HawaiiIsl,1998-12-01,63.8,outcome,island,percent
Occupancy_HawaiiIsl,1999-01-01,70.4,outcome,island,percent
Occupancy_HawaiiIsl,1999-02-01,67.4,outcome,island,percent
Occupancy_HawaiiIsl,1999-03-01,61.8,outcome,island,percent
Occupancy_HawaiiIsl,1999-04-01,62.4,outcome,island,percent
Occupancy_HawaiiIsl,1999-05-01,60.9,outcome,island,percent
Occupancy_HawaiiIsl,1999-06-01,65.7,outcome,island,percent
Occupancy_HawaiiIsl,1999-07-01,63.5,outcome,island,percent
Occupancy_HawaiiIsl,1999-08-01,67.1,outcome,island,percent
Occupancy_HawaiiIsl,1999-09-01,72.7,outcome,island,percent
Occupancy_HawaiiIsl,1999-10-01,67.8,outcome,island,percent
Occupancy_HawaiiIsl,1999-11-01,67.9,outcome,island,percent
Occupancy_HawaiiIsl,1999-12-01,60.4,outcome,island,percent
Occupancy_HawaiiIsl,2000-01-01,61.5,outcome,island,percent
Occupancy_HawaiiIsl,2000-02-01,68.6,outcome,island,percent
Occupancy_HawaiiIsl,2000-03-01,74.3,outcome,island,percent
Occupancy_HawaiiIsl,2000-04-01,72.1,outcome,island,percent
Occupancy_HawaiiIsl,2000-05-01,74.8,outcome,island,percent
Occupancy_HawaiiIsl,2000-06-01,70.9,outcome,island,percent
Occupancy_HawaiiIsl,2000-07-01,74.7,outcome,island,percent
Occupancy_HawaiiIsl,2000-08-01,67.2,outcome,island,percent
Occupancy_HawaiiIsl,2000-09-01,71.1,outcome,island,percent
Occupancy_HawaiiIsl,2000-10-01,74.8,outcome,island,percent
Occupancy_HawaiiIsl,2000-11-01,74.2,outcome,island,percent
Occupancy_HawaiiIsl,2000-12-01,68.8,outcome,island,percent
Occupancy_HawaiiIsl,2001-01-01,68.6,outcome,island,percent
Occupancy_HawaiiIsl,2001-02-01,70.9,outcome,island,percent
Occupancy_HawaiiIsl,2001-03-01,70.4,outcome,island,percent
Occupancy_HawaiiIsl,2001-04-01,64.0,outcome,island,percent
Occupancy_HawaiiIsl,2001-05-01,64.4,outcome,island,percent
Occupancy_HawaiiIsl,2001-06-01,63.9,outcome,island,percent
Occupancy_HawaiiIsl,2001-07-01,64.6,outcome,island,percent
Occupancy_HawaiiIsl,2001-08-01,63.6,outcome,island,percent
Occupancy_HawaiiIsl,2001-09-01,57.0,outcome,island,percent
Occupancy_HawaiiIsl,2001-10-01,52.9,outcome,island,percent
Occupancy_HawaiiIsl,2001-11-01,55.9,outcome,island,percent
Occupancy_HawaiiIsl,2001-12-01,60.1,outcome,island,percent
Occupancy_HawaiiIsl,2002-01-01,61.9,outcome,island,percent
Occupancy_HawaiiIsl,2002-02-01,59.9,outcome,island,percent
Occupancy_HawaiiIsl,2002-03-01,59.8,outcome,island,percent
Occupancy_HawaiiIsl,2002-04-01,59.5,outcome,island,percent
Occupancy_HawaiiIsl,2002-05-01,57.8,outcome,island,percent
Occupancy_HawaiiIsl,2002-06-01,64.1,outcome,island,percent
Occupancy_HawaiiIsl,2002-07-01,61.3,outcome,island,percent
Occupancy_HawaiiIsl,2002-08-01,66.9,outcome,island,percent
Occupancy_HawaiiIsl,2002-09-01,60.0,outcome,island,percent
Occupancy_HawaiiIsl,2002-10-01,65.3,outcome,island,percent
Occupancy_HawaiiIsl,2002-11-01,63.3,outcome,island,percent
Occupancy_HawaiiIsl,2002-12-01,65.0,outcome,island,percent
Occupancy_HawaiiIsl,2003-01-01,61.9,outcome,island,percent
Occupancy_HawaiiIsl,2003-02-01,62.4,outcome,island,percent
Occupancy_HawaiiIsl,2003-03-01,63.4,outcome,island,percent
Occupancy_HawaiiIsl,2003-04-01,66.0,outcome,island,percent
Occupancy_HawaiiIsl,2003-05-01,61.6,outcome,island,percent
Occupancy_HawaiiIsl,2003-06-01,62.8,outcome,island,percent
Occupancy_HawaiiIsl,2003-07-01,66.4,outcome,island,percent
Occupancy_HawaiiIsl,2003-08-01,70.0,outcome,island,percent
Occupancy_HawaiiIsl,2003-09-01,64.5,outcome,island,percent
Occupancy_HawaiiIsl,2003-10-01,65.3,outcome,island,percent
Occupancy_HawaiiIsl,2003-11-01,66.5,outcome,island,percent
Occupancy_HawaiiIsl,2003-12-01,68.9,outcome,island,percent
Occupancy_HawaiiIsl,2004-01-01,69.2,outcome,island,percent
Occupancy_HawaiiIsl,2004-02-01,65.8,outcome,island,percent
Occupancy_HawaiiIsl,2004-03-01,70.0,outcome,island,percent
Occupancy_HawaiiIsl,2004-04-01,73.2,outcome,island,percent
Occupancy_HawaiiIsl,2004-05-01,70.5,outcome,island,percent
Occupancy_HawaiiIsl,2004-06-01,72.8,outcome,island,percent
Occupancy_HawaiiIsl,2004-07-01,71.9,outcome,island,percent
Occupancy_HawaiiIsl,2004-08-01,70.0,outcome,island,percent
Occupancy_HawaiiIsl,2004-09-01,73.3,outcome,island,percent
Occupancy_HawaiiIsl,2004-10-01,68.9,outcome,island,percent
Occupancy_HawaiiIsl,2004-11-01,68.3,outcome,island,percent
Occupancy_HawaiiIsl,2004-12-01,68.1,outcome,island,percent
Occupancy_HawaiiIsl,2005-01-01,72.1,outcome,island,percent
Occupancy_HawaiiIsl,2005-02-01,70.9,outcome,island,percent
Occupancy_HawaiiIsl,2005-03-01,71.0,outcome,island,percent
Occupancy_HawaiiIsl,2005-04-01,70.0,outcome,island,percent
Occupancy_HawaiiIsl,2005-05-01,72.6,outcome,island,percent
Occupancy_HawaiiIsl,2005-06-01,72.0,outcome,island,percent
Occupancy_HawaiiIsl,2005-07-01,72.9,outcome,island,percent
Occupancy_HawaiiIsl,2005-08-01,70.2,outcome,island,percent
Occupancy_HawaiiIsl,2005-09-01,70.7,outcome,island,percent
Occupancy_HawaiiIsl,2005-10-01,72.3,outcome,island,percent
Occupancy_HawaiiIsl,2005-11-01,73.6,outcome,island,percent
Occupancy_HawaiiIsl,2005-12-01,76.5,outcome,island,percent
Occupancy_HawaiiIsl,2006-01-01,72.8,outcome,island,percent
Occupancy_HawaiiIsl,2006-02-01,72.5,outcome,island,percent
Occupancy_HawaiiIsl,2006-03-01,69.7,outcome,island,percent
Occupancy_HawaiiIsl,2006-04-01,69.4,outcome,island,percent
Occupancy_HawaiiIsl,2006-05-01,74.7,outcome,island,percent
Occupancy_HawaiiIsl,2006-06-01,73.4,outcome,island,percent
Occupancy_HawaiiIsl,2006-07-01,71.2,outcome,island,percent
Occupancy_HawaiiIsl,2006-08-01,70.2,outcome,island,percent
Occupancy_HawaiiIsl,2006-09-01,72.5,outcome,island,percent
Occupancy_HawaiiIsl,2006-10-01,69.6,outcome,island,percent
Occupancy_HawaiiIsl,2006-11-01,68.0,outcome,island,percent
Occupancy_HawaiiIsl,2006-12-01,68.8,outcome,island,percent
Occupancy_HawaiiIsl,2007-01-01,66.8,outcome,island,percent
Occupancy_HawaiiIsl,2007-02-01,65.1,outcome,island,percent
Occupancy_HawaiiIsl,2007-03-01,70.9,outcome,island,percent
Occupancy_HawaiiIsl,2007-04-01,67.2,outcome,island,percent
Occupancy_HawaiiIsl,2007-05-01,66.8,outcome,island,percent
Occupancy_HawaiiIsl,2007-06-01,68.3,outcome,island,percent
Occupancy_HawaiiIsl,2007-07-01,70.0,outcome,island,percent
Occupancy_HawaiiIsl,2007-08-01,67.1,outcome,island,percent
Occupancy_HawaiiIsl,2007-09-01,66.3,outcome,island,percent
Occupancy_HawaiiIsl,2007-10-01,67.4,outcome,island,percent
Occupancy_HawaiiIsl,2007-11-01,68.2,outcome,island,percent
Occupancy_HawaiiIsl,2007-12-01,65.9,outcome,island,percent
Occupancy_HawaiiIsl,2008-01-01,68.0,outcome,island,percent
Occupancy_HawaiiIsl,2008-02-01,66.4,outcome,island,percent
Occupancy_HawaiiIsl,2008-03-01,65.4,outcome,island,percent
Occupancy_HawaiiIsl,2008-04-01,61.7,outcome,island,percent
Occupancy_HawaiiIsl,2008-05-01,63.7,outcome,island,percent
Occupancy_HawaiiIsl,2008-06-01,58.5,outcome,island,percent
Occupancy_HawaiiIsl,2008-07-01,55.0,outcome,island,percent
Occupancy_HawaiiIsl,2008-08-01,59.2,outcome,island,percent
Occupancy_HawaiiIsl,2008-09-01,55.4,outcome,island,percent
Occupancy_HawaiiIsl,2008-10-01,55.5,outcome,island,percent
Occupancy_HawaiiIsl,2008-11-01,55.4,outcome,island,percent
Occupancy_HawaiiIsl,2008-12-01,52.2,outcome,island,percent
Occupancy_HawaiiIsl,2009-01-01,52.8,outcome,island,percent
Occupancy_HawaiiIsl,2009-02-01,53.7,outcome,island,percent
Occupancy_HawaiiIsl,2009-03-01,52.1,outcome,island,percent
Occupancy_HawaiiIsl,2009-04-01,56.3,outcome,island,percent
Occupancy_HawaiiIsl,2009-05-01,54.1,outcome,island,percent
Occupancy_HawaiiIsl,2009-06-01,52.6,outcome,island,percent
Occupancy_HawaiiIsl,2009-07-01,53.0,outcome,island,percent
Occupancy_HawaiiIsl,2009-08-01,53.0,outcome,island,percent
Occupancy_HawaiiIsl,2009-09-01,54.7,outcome,island,percent
Occupancy_HawaiiIsl,2009-10-01,56.7,outcome,island,percent
Occupancy_HawaiiIsl,2009-11-01,49.9,outcome,island,percent
Occupancy_HawaiiIsl,2009-12-01,53.6,outcome,island,percent
Occupancy_HawaiiIsl,2010-01-01,50.5,outcome,island,percent
Occupancy_HawaiiIsl,2010-02-01,53.0,outcome,island,percent
Occupancy_HawaiiIsl,2010-03-01,53.1,outcome,island,percent
Occupancy_HawaiiIsl,2010-04-01,56.9,outcome,island,percent
Occupancy_HawaiiIsl,2010-05-01,53.9,outcome,island,percent
Occupancy_HawaiiIsl,2010-06-01,58.3,outcome,island,percent
Occupancy_HawaiiIsl,2010-07-01,58.7,outcome,island,percent
Occupancy_HawaiiIsl,2010-08-01,57.5,outcome,island,percent
Occupancy_HawaiiIsl,2010-09-01,57.0,outcome,island,percent
Occupancy_HawaiiIsl,2010-10-01,59.4,outcome,island,percent
Occupancy_HawaiiIsl,2010-11-01,59.5,outcome,island,percent
Occupancy_HawaiiIsl,2010-12-01,57.9,outcome,island,percent
Occupancy_HawaiiIsl,2011-01-01,58.4,outcome,island,percent
Occupancy_HawaiiIsl,2011-02-01,58.9,outcome,island,percent
Occupancy_HawaiiIsl,2011-03-01,56.3,outcome,island,percent
Occupancy_HawaiiIsl,2011-04-01,56.1,outcome,island,percent
Occupancy_HawaiiIsl,2011-05-01,55.6,outcome,island,percent
Occupancy_HawaiiIsl,2011-06-01,55.3,outcome,island,percent
Occupancy_HawaiiIsl,2011-07-01,58.7,outcome,island,percent
Occupancy_HawaiiIsl,2011-08-01,56.1,outcome,island,percent
Occupancy_HawaiiIsl,2011-09-01,63.2,outcome,island,percent
Occupancy_HawaiiIsl,2011-10-01,57.1,outcome,island,percent
Occupancy_HawaiiIsl,2011-11-01,60.5,outcome,island,percent
Occupancy_HawaiiIsl,2011-12-01,63.6,outcome,island,percent
Occupancy_HawaiiIsl,2012-01-01,59.2,outcome,island,percent
Occupancy_HawaiiIsl,2012-02-01,60.2,outcome,island,percent
Occupancy_HawaiiIsl,2012-03-01,61.5,outcome,island,percent
Occupancy_HawaiiIsl,2012-04-01,60.3,outcome,island,percent
Occupancy_HawaiiIsl,2012-05-01,62.5,outcome,island,percent
Occupancy_HawaiiIsl,2012-06-01,63.7,outcome,island,percent
Occupancy_HawaiiIsl,2012-07-01,61.3,outcome,island,percent
Occupancy_HawaiiIsl,2012-08-01,63.6,outcome,island,percent
Occupancy_HawaiiIsl,2012-09-01,59.9,outcome,island,percent
Occupancy_HawaiiIsl,2012-10-01,64.3,outcome,island,percent
Occupancy_HawaiiIsl,2012-11-01,65.9,outcome,island,percent
Occupancy_HawaiiIsl,2012-12-01,63.2,outcome,island,percent
Occupancy_HawaiiIsl,2013-01-01,66.1,outcome,island,percent
Occupancy_HawaiiIsl,2013-02-01,65.5,outcome,island,percent
Occupancy_HawaiiIsl,2013-03-01,64.1,outcome,island,percent
Occupancy_HawaiiIsl,2013-04-01,59.0,outcome,island,percent
Occupancy_HawaiiIsl,2013-05-01,58.6,outcome,island,percent
Occupancy_HawaiiIsl,2013-06-01,59.3,outcome,island,percent
Occupancy_HawaiiIsl,2013-07-01,57.4,outcome,island,percent
Occupancy_HawaiiIsl,2013-08-01,61.3,outcome,island,percent
Occupancy_HawaiiIsl,2013-09-01,59.0,outcome,island,percent
Occupancy_HawaiiIsl,2013-10-01,60.4,outcome,island,percent
Occupancy_HawaiiIsl,2013-11-01,59.0,outcome,island,percent
Occupancy_HawaiiIsl,2013-12-01,61.4,outcome,island,percent
Occupancy_HawaiiIsl,2014-01-01,64.4,outcome,island,percent
Occupancy_HawaiiIsl,2014-02-01,64.2,outcome,island,percent
Occupancy_HawaiiIsl,2014-03-01,60.7,outcome,island,percent
Occupancy_HawaiiIsl,2014-04-01,60.7,outcome,island,percent
Occupancy_HawaiiIsl,2014-05-01,59.1,outcome,island,percent
Occupancy_HawaiiIsl,2014-06-01,58.1,outcome,island,percent
Occupancy_HawaiiIsl,2014-07-01,61.2,outcome,island,percent
Occupancy_HawaiiIsl,2014-08-01,59.8,outcome,island,percent
Occupancy_HawaiiIsl,2014-09-01,67.3,outcome,island,percent
Occupancy_HawaiiIsl,2014-10-01,57.2,outcome,island,percent
Occupancy_HawaiiIsl,2014-11-01,62.0,outcome,island,percent
Occupancy_HawaiiIsl,2014-12-01,60.1,outcome,island,percent
Occupancy_HawaiiIsl,2015-01-01,61.7,outcome,island,percent
Occupancy_HawaiiIsl,2015-02-01,63.8,outcome,island,percent
Occupancy_HawaiiIsl,2015-03-01,66.1,outcome,island,percent
Occupancy_HawaiiIsl,2015-04-01,66.0,outcome,island,percent
Occupancy_HawaiiIsl,2015-05-01,66.9,outcome,island,percent
Occupancy_HawaiiIsl,2015-06-01,68.0,outcome,island,percent
Occupancy_HawaiiIsl,2015-07-01,66.4,outcome,island,percent
Occupancy_HawaiiIsl,2015-08-01,67.4,outcome,island,percent
Occupancy_HawaiiIsl,2015-09-01,65.2,outcome,island,percent
Occupancy_HawaiiIsl,2015-10-01,66.1,outcome,island,percent
Occupancy_HawaiiIsl,2015-11-01,65.2,outcome,island,percent
Occupancy_HawaiiIsl,2015-12-01,66.4,outcome,island,percent
Occupancy_HawaiiIsl,2016-01-01,68.4,outcome,island,percent
Occupancy_HawaiiIsl,2016-02-01,67.1,outcome,island,percent
Occupancy_HawaiiIsl,2016-03-01,65.7,outcome,island,percent
Occupancy_HawaiiIsl,2016-04-01,66.5,outcome,island,percent
Occupancy_HawaiiIsl,2016-05-01,65.8,outcome,island,percent
Occupancy_HawaiiIsl,2016-06-01,69.3,outcome,island,percent
Occupancy_HawaiiIsl,2016-07-01,68.8,outcome,island,percent
Occupancy_HawaiiIsl,2016-08-01,68.0,outcome,island,percent
Occupancy_HawaiiIsl,2016-09-01,71.1,outcome,island,percent
Occupancy_HawaiiIsl,2016-10-01,71.9,outcome,island,percent
Occupancy_HawaiiIsl,2016-11-01,67.4,outcome,island,percent
Occupancy_HawaiiIsl,2016-12-01,74.2,outcome,island,percent
Occupancy_HawaiiIsl,2017-01-01,75.1,outcome,island,percent
Occupancy_HawaiiIsl,2017-02-01,72.3,outcome,island,percent
Occupancy_HawaiiIsl,2017-03-01,72.0,outcome,island,percent
Occupancy_HawaiiIsl,2017-04-01,71.3,outcome,island,percent
Occupancy_HawaiiIsl,2017-05-01,75.2,outcome,island,percent
Occupancy_HawaiiIsl,2017-06-01,75.0,outcome,island,percent
Occupancy_HawaiiIsl,2017-07-01,74.6,outcome,island,percent
Occupancy_HawaiiIsl,2017-08-01,73.3,outcome,island,percent
Occupancy_HawaiiIsl,2017-09-01,77.0,outcome,island,percent
Occupancy_HawaiiIsl,2017-10-01,77.5,outcome,island,percent
Occupancy_HawaiiIsl,2017-11-01,79.3,outcome,island,percent
Occupancy_HawaiiIsl,2017-12-01,76.9,outcome,island,percent
Occupancy_HawaiiIsl,2018-01-01,75.5,outcome,island,percent
Occupancy_HawaiiIsl,2018-02-01,75.2,outcome,island,percent
Occupancy_HawaiiIsl,2018-03-01,77.0,outcome,island,percent
Occupancy_HawaiiIsl,2018-04-01,78.2,outcome,island,percent
Occupancy_HawaiiIsl,2018-05-01,73.9,outcome,island,percent
Occupancy_HawaiiIsl,2018-06-01,68.6,outcome,island,percent
Occupancy_HawaiiIsl,2018-07-01,69.9,outcome,island,percent
Occupancy_HawaiiIsl,2018-08-01,67.0,outcome,island,percent
Occupancy_HawaiiIsl,2018-09-01,67.7,outcome,island,percent
Occupancy_HawaiiIsl,2018-10-01,69.7,outcome,island,percent
Occupancy_HawaiiIsl,2018-11-01,71.9,outcome,island,percent
Occupancy_HawaiiIsl,2018-12-01,68.7,outcome,island,percent
Occupancy_HawaiiIsl,2019-01-01,72.9,outcome,island,percent
Occupancy_HawaiiIsl,2019-02-01,72.6,outcome,island,percent
Occupancy_HawaiiIsl,2019-03-01,75.3,outcome,island,percent
Occupancy_HawaiiIsl,2019-04-01,76.2,outcome,island,percent
Occupancy_HawaiiIsl,2019-05-01,74.0,outcome,island,percent
Occupancy_HawaiiIsl,2019-06-01,78.0,outcome,island,percent
Occupancy_HawaiiIsl,2019-07-01,78.1,outcome,island,percent
Occupancy_HawaiiIsl,2019-08-01,80.5,outcome,island,percent
Occupancy_HawaiiIsl,2019-09-01,78.4,outcome,island,percent
Occupancy_HawaiiIsl,2019-10-01,78.0,outcome,island,percent
Occupancy_HawaiiIsl,2019-11-01,80.9,outcome,island,percent
Occupancy_HawaiiIsl,2019-12-01,80.2,outcome,island,percent
Occupancy_HawaiiIsl,2020-01-01,79.0,outcome,island,percent
Occupancy_HawaiiIsl,2020-02-01,75.6,outcome,island,percent
Occupancy_HawaiiIsl,2020-03-01,44.3,outcome,island,percent
Occupancy_HawaiiIsl,2020-04-01,12.7,outcome,island,percent
Occupancy_HawaiiIsl,2020-05-01,19.6,outcome,island,percent
Occupancy_HawaiiIsl,2020-06-01,26.5,outcome,island,percent
Occupancy_HawaiiIsl,2020-07-01,23.0,outcome,island,percent
Occupancy_HawaiiIsl,2020-08-01,25.8,outcome,island,percent
Occupancy_HawaiiIsl,2020-09-01,24.3,outcome,island,percent
Occupancy_HawaiiIsl,2020-10-01,20.8,outcome,island,percent
Occupancy_HawaiiIsl,2020-11-01,21.8,outcome,island,percent
Occupancy_HawaiiIsl,2020-12-01,27.0,outcome,island,percent
Occupancy_HawaiiIsl,2021-01-01,26.2,outcome,island,percent
Occupancy_HawaiiIsl,2021-02-01,31.8,outcome,island,percent
Occupancy_HawaiiIsl,2021-03-01,47.8,outcome,island,percent
Occupancy_HawaiiIsl,2021-04-01,54.8,outcome,island,percent
Occupancy_HawaiiIsl,2021-05-01,63.4,outcome,island,percent
Occupancy_HawaiiIsl,2021-06-01,78.0,outcome,island,percent
Occupancy_HawaiiIsl,2021-07-01,79.9,outcome,island,percent
Occupancy_HawaiiIsl,2021-08-01,72.9,outcome,island,percent
Occupancy_HawaiiIsl,2021-09-01,64.5,outcome,island,percent
Occupancy_HawaiiIsl,2021-10-01,67.5,outcome,island,percent
Occupancy_HawaiiIsl,2021-11-01,74.2,outcome,island,percent
Occupancy_HawaiiIsl,2021-12-01,73.8,outcome,island,percent
Occupancy_HawaiiIsl,2022-01-01,69.6,outcome,island,percent
Occupancy_HawaiiIsl,2022-02-01,70.6,outcome,island,percent
Occupancy_HawaiiIsl,2022-03-01,77.2,outcome,island,percent
Occupancy_HawaiiIsl,2022-04-01,78.2,outcome,island,percent
Occupancy_HawaiiIsl,2022-05-01,76.1,outcome,island,percent
Occupancy_HawaiiIsl,2022-06-01,75.2,outcome,island,percent
Occupancy_HawaiiIsl,2022-07-01,74.7,outcome,island,percent
Occupancy_HawaiiIsl,2022-08-01,73.6,outcome,island,percent
Occupancy_HawaiiIsl,2022-09-01,81.5,outcome,island,percent
Occupancy_HawaiiIsl,2022-10-01,78.4,outcome,island,percent
Occupancy_HawaiiIsl,2022-11-01,74.8,outcome,island,percent
Occupancy_HawaiiIsl,2022-12-01,72.1,outcome,island,percent
Occupancy_HawaiiIsl,2023-01-01,73.3,outcome,island,percent
Occupancy_HawaiiIsl,2023-02-01,69.7,outcome,island,percent
Occupancy_HawaiiIsl,2023-03-01,73.3,outcome,island,percent
Occupancy_HawaiiIsl,2023-04-01,71.1,outcome,island,percent
Occupancy_HawaiiIsl,2023-05-01,68.4,outcome,island,percent
Occupancy_HawaiiIsl,2023-06-01,69.5,outcome,island,percent
Occupancy_HawaiiIsl,2023-07-01,66.4,outcome,island,percent
Occupancy_HawaiiIsl,2023-08-01,69.9,outcome,island,percent
Occupancy_HawaiiIsl,2023-09-01,74.2,outcome,island,percent
Occupancy_HawaiiIsl,2023-10-01,71.3,outcome,island,percent
Occupancy_HawaiiIsl,2023-11-01,70.5,outcome,island,percent
Occupancy_HawaiiIsl,2023-12-01,68.0,outcome,island,percent
Occupancy_HawaiiIsl,2024-01-01,66.7,outcome,island,percent
Occupancy_HawaiiIsl,2024-02-01,66.1,outcome,island,percent
Occupancy_HawaiiIsl,2024-03-01,64.8,outcome,island,percent
Occupancy_HawaiiIsl,2024-04-01,66.9,outcome,island,percent
Occupancy_HawaiiIsl,2024-05-01,65.4,outcome,island,percent
Occupancy_HawaiiIsl,2024-06-01,67.1,outcome,island,percent
Occupancy_HawaiiIsl,2024-07-01,66.4,outcome,island,percent
Occupancy_HawaiiIsl,2024-08-01,67.7,outcome,island,percent
Occupancy_HawaiiIsl,2024-09-01,69.2,outcome,island,percent
Occupancy_HawaiiIsl,2024-10-01,68.8,outcome,island,percent
Occupancy_HawaiiIsl,2024-11-01,70.9,outcome,island,percent
Occupancy_HawaiiIsl,2024-12-01,68.9,outcome,island,percent
Occupancy_HawaiiIsl,2025-01-01,73.1,outcome,island,percent
Occupancy_HawaiiIsl,2025-02-01,72.0,outcome,island,percent
Occupancy_HawaiiIsl,2025-03-01,72.3,outcome,island,percent
Occupancy_HawaiiIsl,2025-04-01,69.7,outcome,island,percent
Occupancy_HawaiiIsl,2025-05-01,71.7,outcome,island,percent
Occupancy_HawaiiIsl,2025-06-01,69.4,outcome,island,percent
Occupancy_HawaiiIsl,2025-07-01,67.4,outcome,island,percent
Occupancy_HawaiiIsl,2025-08-01,68.0,outcome,island,percent
Occupancy_HawaiiIsl,2025-09-01,68.9,outcome,island,percent
Occupancy_HawaiiIsl,2025-10-01,67.2,outcome,island,percent
Occupancy_HawaiiIsl,2025-11-01,67.9,outcome,island,percent
Occupancy_HawaiiIsl,2025-12-01,70.3,outcome,island,percent
Occupancy_HawaiiIsl,2026-01-01,71.4,outcome,island,percent
Occupancy_HawaiiIsl,2026-02-01,71.1,outcome,island,percent
Occupancy_HawaiiIsl,2026-03-01,69.7,outcome,island,percent
Occupancy_HawaiiIsl,2026-04-01,69.2,outcome,island,percent
Occupancy_HawaiiIsl,2026-05-01,68.9,outcome,island,percent
Occupancy_Kauai,1990-01-01,71.4,outcome,island,percent
Occupancy_Kauai,1990-02-01,74.8,outcome,island,percent
Occupancy_Kauai,1990-03-01,74.7,outcome,island,percent
Occupancy_Kauai,1990-04-01,70.7,outcome,island,percent
Occupancy_Kauai,1990-05-01,67.9,outcome,island,percent
Occupancy_Kauai,1990-06-01,56.7,outcome,island,percent
Occupancy_Kauai,1990-07-01,67.9,outcome,island,percent
Occupancy_Kauai,1990-08-01,68.9,outcome,island,percent
Occupancy_Kauai,1990-09-01,66.5,outcome,island,percent
Occupancy_Kauai,1990-10-01,63.8,outcome,island,percent
Occupancy_Kauai,1990-11-01,61.6,outcome,island,percent
Occupancy_Kauai,1990-12-01,61.6,outcome,island,percent
Occupancy_Kauai,1991-01-01,58.7,outcome,island,percent
Occupancy_Kauai,1991-02-01,56.7,outcome,island,percent
Occupancy_Kauai,1991-03-01,56.7,outcome,island,percent
Occupancy_Kauai,1991-04-01,61.4,outcome,island,percent
Occupancy_Kauai,1991-05-01,60.6,outcome,island,percent
Occupancy_Kauai,1991-06-01,59.2,outcome,island,percent
Occupancy_Kauai,1991-07-01,62.2,outcome,island,percent
Occupancy_Kauai,1991-08-01,61.0,outcome,island,percent
Occupancy_Kauai,1991-09-01,59.4,outcome,island,percent
Occupancy_Kauai,1991-10-01,67.5,outcome,island,percent
Occupancy_Kauai,1991-11-01,66.3,outcome,island,percent
Occupancy_Kauai,1991-12-01,68.6,outcome,island,percent
Occupancy_Kauai,1992-01-01,62.7,outcome,island,percent
Occupancy_Kauai,1992-02-01,59.1,outcome,island,percent
Occupancy_Kauai,1992-03-01,55.3,outcome,island,percent
Occupancy_Kauai,1992-04-01,57.0,outcome,island,percent
Occupancy_Kauai,1992-05-01,66.3,outcome,island,percent
Occupancy_Kauai,1992-06-01,70.9,outcome,island,percent
Occupancy_Kauai,1992-07-01,65.8,outcome,island,percent
Occupancy_Kauai,1992-08-01,51.0,outcome,island,percent
Occupancy_Kauai,1992-09-01,66.9,outcome,island,percent
Occupancy_Kauai,1992-10-01,88.1,outcome,island,percent
Occupancy_Kauai,1992-11-01,91.2,outcome,island,percent
Occupancy_Kauai,1992-12-01,100.0,outcome,island,percent
Occupancy_Kauai,1993-01-01,91.9,outcome,island,percent
Occupancy_Kauai,1993-02-01,82.1,outcome,island,percent
Occupancy_Kauai,1993-03-01,80.9,outcome,island,percent
Occupancy_Kauai,1993-04-01,78.4,outcome,island,percent
Occupancy_Kauai,1993-05-01,70.9,outcome,island,percent
Occupancy_Kauai,1993-06-01,69.8,outcome,island,percent
Occupancy_Kauai,1993-07-01,65.9,outcome,island,percent
Occupancy_Kauai,1993-08-01,68.1,outcome,island,percent
Occupancy_Kauai,1993-09-01,66.8,outcome,island,percent
Occupancy_Kauai,1993-10-01,67.2,outcome,island,percent
Occupancy_Kauai,1993-11-01,69.5,outcome,island,percent
Occupancy_Kauai,1993-12-01,65.2,outcome,island,percent
Occupancy_Kauai,1994-01-01,75.4,outcome,island,percent
Occupancy_Kauai,1994-02-01,80.4,outcome,island,percent
Occupancy_Kauai,1994-03-01,82.2,outcome,island,percent
Occupancy_Kauai,1994-04-01,80.8,outcome,island,percent
Occupancy_Kauai,1994-05-01,76.9,outcome,island,percent
Occupancy_Kauai,1994-06-01,72.7,outcome,island,percent
Occupancy_Kauai,1994-07-01,74.8,outcome,island,percent
Occupancy_Kauai,1994-08-01,74.2,outcome,island,percent
Occupancy_Kauai,1994-09-01,79.0,outcome,island,percent
Occupancy_Kauai,1994-10-01,71.2,outcome,island,percent
Occupancy_Kauai,1994-11-01,71.9,outcome,island,percent
Occupancy_Kauai,1994-12-01,72.4,outcome,island,percent
Occupancy_Kauai,1995-01-01,66.7,outcome,island,percent
Occupancy_Kauai,1995-02-01,66.7,outcome,island,percent
Occupancy_Kauai,1995-03-01,60.8,outcome,island,percent
Occupancy_Kauai,1995-04-01,59.2,outcome,island,percent
Occupancy_Kauai,1995-05-01,66.2,outcome,island,percent
Occupancy_Kauai,1995-06-01,63.1,outcome,island,percent
Occupancy_Kauai,1995-07-01,65.5,outcome,island,percent
Occupancy_Kauai,1995-08-01,62.4,outcome,island,percent
Occupancy_Kauai,1995-09-01,64.0,outcome,island,percent
Occupancy_Kauai,1995-10-01,66.8,outcome,island,percent
Occupancy_Kauai,1995-11-01,64.1,outcome,island,percent
Occupancy_Kauai,1995-12-01,66.2,outcome,island,percent
Occupancy_Kauai,1996-01-01,67.7,outcome,island,percent
Occupancy_Kauai,1996-02-01,70.6,outcome,island,percent
Occupancy_Kauai,1996-03-01,66.8,outcome,island,percent
Occupancy_Kauai,1996-04-01,68.2,outcome,island,percent
Occupancy_Kauai,1996-05-01,65.5,outcome,island,percent
Occupancy_Kauai,1996-06-01,66.7,outcome,island,percent
Occupancy_Kauai,1996-07-01,65.2,outcome,island,percent
Occupancy_Kauai,1996-08-01,65.6,outcome,island,percent
Occupancy_Kauai,1996-09-01,63.8,outcome,island,percent
Occupancy_Kauai,1996-10-01,61.7,outcome,island,percent
Occupancy_Kauai,1996-11-01,58.9,outcome,island,percent
Occupancy_Kauai,1996-12-01,62.5,outcome,island,percent
Occupancy_Kauai,1997-01-01,63.7,outcome,island,percent
Occupancy_Kauai,1997-02-01,61.5,outcome,island,percent
Occupancy_Kauai,1997-03-01,70.0,outcome,island,percent
Occupancy_Kauai,1997-04-01,68.1,outcome,island,percent
Occupancy_Kauai,1997-05-01,67.8,outcome,island,percent
Occupancy_Kauai,1997-06-01,67.5,outcome,island,percent
Occupancy_Kauai,1997-07-01,67.4,outcome,island,percent
Occupancy_Kauai,1997-08-01,68.8,outcome,island,percent
Occupancy_Kauai,1997-09-01,68.2,outcome,island,percent
Occupancy_Kauai,1997-10-01,67.9,outcome,island,percent
Occupancy_Kauai,1997-11-01,66.5,outcome,island,percent
Occupancy_Kauai,1997-12-01,63.7,outcome,island,percent
Occupancy_Kauai,1998-01-01,65.7,outcome,island,percent
Occupancy_Kauai,1998-02-01,64.1,outcome,island,percent
Occupancy_Kauai,1998-03-01,65.7,outcome,island,percent
Occupancy_Kauai,1998-04-01,67.9,outcome,island,percent
Occupancy_Kauai,1998-05-01,60.8,outcome,island,percent
Occupancy_Kauai,1998-06-01,66.5,outcome,island,percent
Occupancy_Kauai,1998-07-01,64.0,outcome,island,percent
Occupancy_Kauai,1998-08-01,66.0,outcome,island,percent
Occupancy_Kauai,1998-09-01,65.5,outcome,island,percent
Occupancy_Kauai,1998-10-01,67.7,outcome,island,percent
Occupancy_Kauai,1998-11-01,67.5,outcome,island,percent
Occupancy_Kauai,1998-12-01,68.0,outcome,island,percent
Occupancy_Kauai,1999-01-01,69.3,outcome,island,percent
Occupancy_Kauai,1999-02-01,70.0,outcome,island,percent
Occupancy_Kauai,1999-03-01,70.9,outcome,island,percent
Occupancy_Kauai,1999-04-01,69.9,outcome,island,percent
Occupancy_Kauai,1999-05-01,70.1,outcome,island,percent
Occupancy_Kauai,1999-06-01,66.3,outcome,island,percent
Occupancy_Kauai,1999-07-01,70.5,outcome,island,percent
Occupancy_Kauai,1999-08-01,68.8,outcome,island,percent
Occupancy_Kauai,1999-09-01,74.2,outcome,island,percent
Occupancy_Kauai,1999-10-01,72.0,outcome,island,percent
Occupancy_Kauai,1999-11-01,71.7,outcome,island,percent
Occupancy_Kauai,1999-12-01,69.0,outcome,island,percent
Occupancy_Kauai,2000-01-01,68.7,outcome,island,percent
Occupancy_Kauai,2000-02-01,76.7,outcome,island,percent
Occupancy_Kauai,2000-03-01,78.9,outcome,island,percent
Occupancy_Kauai,2000-04-01,74.4,outcome,island,percent
Occupancy_Kauai,2000-05-01,77.7,outcome,island,percent
Occupancy_Kauai,2000-06-01,76.3,outcome,island,percent
Occupancy_Kauai,2000-07-01,72.8,outcome,island,percent
Occupancy_Kauai,2000-08-01,70.3,outcome,island,percent
Occupancy_Kauai,2000-09-01,74.5,outcome,island,percent
Occupancy_Kauai,2000-10-01,73.0,outcome,island,percent
Occupancy_Kauai,2000-11-01,76.4,outcome,island,percent
Occupancy_Kauai,2000-12-01,73.2,outcome,island,percent
Occupancy_Kauai,2001-01-01,74.1,outcome,island,percent
Occupancy_Kauai,2001-02-01,76.5,outcome,island,percent
Occupancy_Kauai,2001-03-01,69.6,outcome,island,percent
Occupancy_Kauai,2001-04-01,71.3,outcome,island,percent
Occupancy_Kauai,2001-05-01,69.5,outcome,island,percent
Occupancy_Kauai,2001-06-01,67.1,outcome,island,percent
Occupancy_Kauai,2001-07-01,72.2,outcome,island,percent
Occupancy_Kauai,2001-08-01,73.4,outcome,island,percent
Occupancy_Kauai,2001-09-01,63.4,outcome,island,percent
Occupancy_Kauai,2001-10-01,68.1,outcome,island,percent
Occupancy_Kauai,2001-11-01,68.3,outcome,island,percent
Occupancy_Kauai,2001-12-01,69.8,outcome,island,percent
Occupancy_Kauai,2002-01-01,65.4,outcome,island,percent
Occupancy_Kauai,2002-02-01,64.5,outcome,island,percent
Occupancy_Kauai,2002-03-01,68.8,outcome,island,percent
Occupancy_Kauai,2002-04-01,68.6,outcome,island,percent
Occupancy_Kauai,2002-05-01,69.4,outcome,island,percent
Occupancy_Kauai,2002-06-01,72.9,outcome,island,percent
Occupancy_Kauai,2002-07-01,72.5,outcome,island,percent
Occupancy_Kauai,2002-08-01,73.2,outcome,island,percent
Occupancy_Kauai,2002-09-01,74.0,outcome,island,percent
Occupancy_Kauai,2002-10-01,72.4,outcome,island,percent
Occupancy_Kauai,2002-11-01,69.8,outcome,island,percent
Occupancy_Kauai,2002-12-01,67.5,outcome,island,percent
Occupancy_Kauai,2003-01-01,72.1,outcome,island,percent
Occupancy_Kauai,2003-02-01,69.3,outcome,island,percent
Occupancy_Kauai,2003-03-01,70.2,outcome,island,percent
Occupancy_Kauai,2003-04-01,70.9,outcome,island,percent
Occupancy_Kauai,2003-05-01,74.7,outcome,island,percent
Occupancy_Kauai,2003-06-01,75.2,outcome,island,percent
Occupancy_Kauai,2003-07-01,75.7,outcome,island,percent
Occupancy_Kauai,2003-08-01,77.2,outcome,island,percent
Occupancy_Kauai,2003-09-01,77.8,outcome,island,percent
Occupancy_Kauai,2003-10-01,77.0,outcome,island,percent
Occupancy_Kauai,2003-11-01,75.7,outcome,island,percent
Occupancy_Kauai,2003-12-01,79.7,outcome,island,percent
Occupancy_Kauai,2004-01-01,82.1,outcome,island,percent
Occupancy_Kauai,2004-02-01,76.9,outcome,island,percent
Occupancy_Kauai,2004-03-01,79.4,outcome,island,percent
Occupancy_Kauai,2004-04-01,79.1,outcome,island,percent
Occupancy_Kauai,2004-05-01,78.7,outcome,island,percent
Occupancy_Kauai,2004-06-01,79.3,outcome,island,percent
Occupancy_Kauai,2004-07-01,77.8,outcome,island,percent
Occupancy_Kauai,2004-08-01,77.5,outcome,island,percent
Occupancy_Kauai,2004-09-01,76.3,outcome,island,percent
Occupancy_Kauai,2004-10-01,77.3,outcome,island,percent
Occupancy_Kauai,2004-11-01,76.4,outcome,island,percent
Occupancy_Kauai,2004-12-01,76.6,outcome,island,percent
Occupancy_Kauai,2005-01-01,77.5,outcome,island,percent
Occupancy_Kauai,2005-02-01,78.0,outcome,island,percent
Occupancy_Kauai,2005-03-01,79.2,outcome,island,percent
Occupancy_Kauai,2005-04-01,77.1,outcome,island,percent
Occupancy_Kauai,2005-05-01,76.2,outcome,island,percent
Occupancy_Kauai,2005-06-01,77.2,outcome,island,percent
Occupancy_Kauai,2005-07-01,78.6,outcome,island,percent
Occupancy_Kauai,2005-08-01,74.8,outcome,island,percent
Occupancy_Kauai,2005-09-01,74.3,outcome,island,percent
Occupancy_Kauai,2005-10-01,73.3,outcome,island,percent
Occupancy_Kauai,2005-11-01,77.5,outcome,island,percent
Occupancy_Kauai,2005-12-01,73.0,outcome,island,percent
Occupancy_Kauai,2006-01-01,75.5,outcome,island,percent
Occupancy_Kauai,2006-02-01,75.8,outcome,island,percent
Occupancy_Kauai,2006-03-01,74.0,outcome,island,percent
Occupancy_Kauai,2006-04-01,75.4,outcome,island,percent
Occupancy_Kauai,2006-05-01,75.5,outcome,island,percent
Occupancy_Kauai,2006-06-01,73.4,outcome,island,percent
Occupancy_Kauai,2006-07-01,72.2,outcome,island,percent
Occupancy_Kauai,2006-08-01,74.0,outcome,island,percent
Occupancy_Kauai,2006-09-01,76.5,outcome,island,percent
Occupancy_Kauai,2006-10-01,75.1,outcome,island,percent
Occupancy_Kauai,2006-11-01,73.8,outcome,island,percent
Occupancy_Kauai,2006-12-01,75.6,outcome,island,percent
Occupancy_Kauai,2007-01-01,74.5,outcome,island,percent
Occupancy_Kauai,2007-02-01,71.8,outcome,island,percent
Occupancy_Kauai,2007-03-01,71.9,outcome,island,percent
Occupancy_Kauai,2007-04-01,74.8,outcome,island,percent
Occupancy_Kauai,2007-05-01,74.3,outcome,island,percent
Occupancy_Kauai,2007-06-01,74.8,outcome,island,percent
Occupancy_Kauai,2007-07-01,77.5,outcome,island,percent
Occupancy_Kauai,2007-08-01,77.7,outcome,island,percent
Occupancy_Kauai,2007-09-01,76.7,outcome,island,percent
Occupancy_Kauai,2007-10-01,75.6,outcome,island,percent
Occupancy_Kauai,2007-11-01,80.5,outcome,island,percent
Occupancy_Kauai,2007-12-01,80.5,outcome,island,percent
Occupancy_Kauai,2008-01-01,77.1,outcome,island,percent
Occupancy_Kauai,2008-02-01,75.9,outcome,island,percent
Occupancy_Kauai,2008-03-01,75.7,outcome,island,percent
Occupancy_Kauai,2008-04-01,73.3,outcome,island,percent
Occupancy_Kauai,2008-05-01,71.2,outcome,island,percent
Occupancy_Kauai,2008-06-01,69.1,outcome,island,percent
Occupancy_Kauai,2008-07-01,68.0,outcome,island,percent
Occupancy_Kauai,2008-08-01,68.0,outcome,island,percent
Occupancy_Kauai,2008-09-01,67.0,outcome,island,percent
Occupancy_Kauai,2008-10-01,67.7,outcome,island,percent
Occupancy_Kauai,2008-11-01,66.4,outcome,island,percent
Occupancy_Kauai,2008-12-01,61.7,outcome,island,percent
Occupancy_Kauai,2009-01-01,59.6,outcome,island,percent
Occupancy_Kauai,2009-02-01,61.6,outcome,island,percent
Occupancy_Kauai,2009-03-01,60.6,outcome,island,percent
Occupancy_Kauai,2009-04-01,56.9,outcome,island,percent
Occupancy_Kauai,2009-05-01,56.7,outcome,island,percent
Occupancy_Kauai,2009-06-01,55.0,outcome,island,percent
Occupancy_Kauai,2009-07-01,56.6,outcome,island,percent
Occupancy_Kauai,2009-08-01,56.9,outcome,island,percent
Occupancy_Kauai,2009-09-01,55.1,outcome,island,percent
Occupancy_Kauai,2009-10-01,58.3,outcome,island,percent
Occupancy_Kauai,2009-11-01,52.5,outcome,island,percent
Occupancy_Kauai,2009-12-01,56.3,outcome,island,percent
Occupancy_Kauai,2010-01-01,57.1,outcome,island,percent
Occupancy_Kauai,2010-02-01,58.0,outcome,island,percent
Occupancy_Kauai,2010-03-01,55.5,outcome,island,percent
Occupancy_Kauai,2010-04-01,57.1,outcome,island,percent
Occupancy_Kauai,2010-05-01,62.4,outcome,island,percent
Occupancy_Kauai,2010-06-01,66.9,outcome,island,percent
Occupancy_Kauai,2010-07-01,61.5,outcome,island,percent
Occupancy_Kauai,2010-08-01,57.9,outcome,island,percent
Occupancy_Kauai,2010-09-01,58.6,outcome,island,percent
Occupancy_Kauai,2010-10-01,59.8,outcome,island,percent
Occupancy_Kauai,2010-11-01,57.1,outcome,island,percent
Occupancy_Kauai,2010-12-01,59.2,outcome,island,percent
Occupancy_Kauai,2011-01-01,60.2,outcome,island,percent
Occupancy_Kauai,2011-02-01,60.1,outcome,island,percent
Occupancy_Kauai,2011-03-01,61.6,outcome,island,percent
Occupancy_Kauai,2011-04-01,62.3,outcome,island,percent
Occupancy_Kauai,2011-05-01,58.8,outcome,island,percent
Occupancy_Kauai,2011-06-01,61.6,outcome,island,percent
Occupancy_Kauai,2011-07-01,64.4,outcome,island,percent
Occupancy_Kauai,2011-08-01,67.1,outcome,island,percent
Occupancy_Kauai,2011-09-01,71.3,outcome,island,percent
Occupancy_Kauai,2011-10-01,66.5,outcome,island,percent
Occupancy_Kauai,2011-11-01,66.5,outcome,island,percent
Occupancy_Kauai,2011-12-01,67.5,outcome,island,percent
Occupancy_Kauai,2012-01-01,64.0,outcome,island,percent
Occupancy_Kauai,2012-02-01,67.6,outcome,island,percent
Occupancy_Kauai,2012-03-01,68.4,outcome,island,percent
Occupancy_Kauai,2012-04-01,69.7,outcome,island,percent
Occupancy_Kauai,2012-05-01,71.0,outcome,island,percent
Occupancy_Kauai,2012-06-01,71.8,outcome,island,percent
Occupancy_Kauai,2012-07-01,69.5,outcome,island,percent
Occupancy_Kauai,2012-08-01,69.7,outcome,island,percent
Occupancy_Kauai,2012-09-01,69.0,outcome,island,percent
Occupancy_Kauai,2012-10-01,67.6,outcome,island,percent
Occupancy_Kauai,2012-11-01,70.1,outcome,island,percent
Occupancy_Kauai,2012-12-01,68.5,outcome,island,percent
Occupancy_Kauai,2013-01-01,69.3,outcome,island,percent
Occupancy_Kauai,2013-02-01,72.9,outcome,island,percent
Occupancy_Kauai,2013-03-01,70.0,outcome,island,percent
Occupancy_Kauai,2013-04-01,68.9,outcome,island,percent
Occupancy_Kauai,2013-05-01,68.4,outcome,island,percent
Occupancy_Kauai,2013-06-01,66.0,outcome,island,percent
Occupancy_Kauai,2013-07-01,67.9,outcome,island,percent
Occupancy_Kauai,2013-08-01,71.0,outcome,island,percent
Occupancy_Kauai,2013-09-01,69.8,outcome,island,percent
Occupancy_Kauai,2013-10-01,69.1,outcome,island,percent
Occupancy_Kauai,2013-11-01,70.0,outcome,island,percent
Occupancy_Kauai,2013-12-01,68.3,outcome,island,percent
Occupancy_Kauai,2014-01-01,73.0,outcome,island,percent
Occupancy_Kauai,2014-02-01,69.7,outcome,island,percent
Occupancy_Kauai,2014-03-01,69.7,outcome,island,percent
Occupancy_Kauai,2014-04-01,70.8,outcome,island,percent
Occupancy_Kauai,2014-05-01,72.1,outcome,island,percent
Occupancy_Kauai,2014-06-01,67.6,outcome,island,percent
Occupancy_Kauai,2014-07-01,69.1,outcome,island,percent
Occupancy_Kauai,2014-08-01,67.3,outcome,island,percent
Occupancy_Kauai,2014-09-01,69.8,outcome,island,percent
Occupancy_Kauai,2014-10-01,71.7,outcome,island,percent
Occupancy_Kauai,2014-11-01,69.1,outcome,island,percent
Occupancy_Kauai,2014-12-01,70.4,outcome,island,percent
Occupancy_Kauai,2015-01-01,72.2,outcome,island,percent
Occupancy_Kauai,2015-02-01,72.5,outcome,island,percent
Occupancy_Kauai,2015-03-01,72.2,outcome,island,percent
Occupancy_Kauai,2015-04-01,71.3,outcome,island,percent
Occupancy_Kauai,2015-05-01,69.7,outcome,island,percent
Occupancy_Kauai,2015-06-01,71.9,outcome,island,percent
Occupancy_Kauai,2015-07-01,70.5,outcome,island,percent
Occupancy_Kauai,2015-08-01,70.9,outcome,island,percent
Occupancy_Kauai,2015-09-01,68.5,outcome,island,percent
Occupancy_Kauai,2015-10-01,69.6,outcome,island,percent
Occupancy_Kauai,2015-11-01,71.3,outcome,island,percent
Occupancy_Kauai,2015-12-01,73.7,outcome,island,percent
Occupancy_Kauai,2016-01-01,74.8,outcome,island,percent
Occupancy_Kauai,2016-02-01,74.0,outcome,island,percent
Occupancy_Kauai,2016-03-01,70.3,outcome,island,percent
Occupancy_Kauai,2016-04-01,69.4,outcome,island,percent
Occupancy_Kauai,2016-05-01,68.9,outcome,island,percent
Occupancy_Kauai,2016-06-01,71.5,outcome,island,percent
Occupancy_Kauai,2016-07-01,74.3,outcome,island,percent
Occupancy_Kauai,2016-08-01,73.8,outcome,island,percent
Occupancy_Kauai,2016-09-01,73.7,outcome,island,percent
Occupancy_Kauai,2016-10-01,72.5,outcome,island,percent
Occupancy_Kauai,2016-11-01,72.6,outcome,island,percent
Occupancy_Kauai,2016-12-01,76.8,outcome,island,percent
Occupancy_Kauai,2017-01-01,76.8,outcome,island,percent
Occupancy_Kauai,2017-02-01,74.8,outcome,island,percent
Occupancy_Kauai,2017-03-01,74.5,outcome,island,percent
Occupancy_Kauai,2017-04-01,74.6,outcome,island,percent
Occupancy_Kauai,2017-05-01,76.3,outcome,island,percent
Occupancy_Kauai,2017-06-01,75.1,outcome,island,percent
Occupancy_Kauai,2017-07-01,73.7,outcome,island,percent
Occupancy_Kauai,2017-08-01,74.8,outcome,island,percent
Occupancy_Kauai,2017-09-01,76.0,outcome,island,percent
Occupancy_Kauai,2017-10-01,77.9,outcome,island,percent
Occupancy_Kauai,2017-11-01,77.0,outcome,island,percent
Occupancy_Kauai,2017-12-01,78.4,outcome,island,percent
Occupancy_Kauai,2018-01-01,78.3,outcome,island,percent
Occupancy_Kauai,2018-02-01,76.2,outcome,island,percent
Occupancy_Kauai,2018-03-01,79.0,outcome,island,percent
Occupancy_Kauai,2018-04-01,77.7,outcome,island,percent
Occupancy_Kauai,2018-05-01,78.6,outcome,island,percent
Occupancy_Kauai,2018-06-01,75.6,outcome,island,percent
Occupancy_Kauai,2018-07-01,74.7,outcome,island,percent
Occupancy_Kauai,2018-08-01,70.9,outcome,island,percent
Occupancy_Kauai,2018-09-01,75.0,outcome,island,percent
Occupancy_Kauai,2018-10-01,75.5,outcome,island,percent
Occupancy_Kauai,2018-11-01,74.4,outcome,island,percent
Occupancy_Kauai,2018-12-01,71.9,outcome,island,percent
Occupancy_Kauai,2019-01-01,73.9,outcome,island,percent
Occupancy_Kauai,2019-02-01,70.5,outcome,island,percent
Occupancy_Kauai,2019-03-01,72.9,outcome,island,percent
Occupancy_Kauai,2019-04-01,72.6,outcome,island,percent
Occupancy_Kauai,2019-05-01,72.2,outcome,island,percent
Occupancy_Kauai,2019-06-01,73.5,outcome,island,percent
Occupancy_Kauai,2019-07-01,73.1,outcome,island,percent
Occupancy_Kauai,2019-08-01,74.2,outcome,island,percent
Occupancy_Kauai,2019-09-01,72.3,outcome,island,percent
Occupancy_Kauai,2019-10-01,72.2,outcome,island,percent
Occupancy_Kauai,2019-11-01,76.0,outcome,island,percent
Occupancy_Kauai,2019-12-01,77.0,outcome,island,percent
Occupancy_Kauai,2020-01-01,79.4,outcome,island,percent
Occupancy_Kauai,2020-02-01,80.2,outcome,island,percent
Occupancy_Kauai,2020-03-01,45.0,outcome,island,percent
Occupancy_Kauai,2020-04-01,7.0,outcome,island,percent
Occupancy_Kauai,2020-05-01,14.9,outcome,island,percent
Occupancy_Kauai,2020-06-01,18.9,outcome,island,percent
Occupancy_Kauai,2020-07-01,20.3,outcome,island,percent
Occupancy_Kauai,2020-08-01,16.7,outcome,island,percent
Occupancy_Kauai,2020-09-01,15.8,outcome,island,percent
Occupancy_Kauai,2020-10-01,22.0,outcome,island,percent
Occupancy_Kauai,2020-11-01,29.2,outcome,island,percent
Occupancy_Kauai,2020-12-01,14.2,outcome,island,percent
Occupancy_Kauai,2021-01-01,18.9,outcome,island,percent
Occupancy_Kauai,2021-02-01,25.3,outcome,island,percent
Occupancy_Kauai,2021-03-01,30.5,outcome,island,percent
Occupancy_Kauai,2021-04-01,36.4,outcome,island,percent
Occupancy_Kauai,2021-05-01,57.7,outcome,island,percent
Occupancy_Kauai,2021-06-01,75.8,outcome,island,percent
Occupancy_Kauai,2021-07-01,77.8,outcome,island,percent
Occupancy_Kauai,2021-08-01,75.5,outcome,island,percent
Occupancy_Kauai,2021-09-01,68.9,outcome,island,percent
Occupancy_Kauai,2021-10-01,69.9,outcome,island,percent
Occupancy_Kauai,2021-11-01,74.9,outcome,island,percent
Occupancy_Kauai,2021-12-01,74.2,outcome,island,percent
Occupancy_Kauai,2022-01-01,69.5,outcome,island,percent
Occupancy_Kauai,2022-02-01,75.7,outcome,island,percent
Occupancy_Kauai,2022-03-01,79.0,outcome,island,percent
Occupancy_Kauai,2022-04-01,81.3,outcome,island,percent
Occupancy_Kauai,2022-05-01,79.8,outcome,island,percent
Occupancy_Kauai,2022-06-01,80.6,outcome,island,percent
Occupancy_Kauai,2022-07-01,80.4,outcome,island,percent
Occupancy_Kauai,2022-08-01,77.6,outcome,island,percent
Occupancy_Kauai,2022-09-01,79.6,outcome,island,percent
Occupancy_Kauai,2022-10-01,79.9,outcome,island,percent
Occupancy_Kauai,2022-11-01,78.9,outcome,island,percent
Occupancy_Kauai,2022-12-01,77.4,outcome,island,percent
Occupancy_Kauai,2023-01-01,77.1,outcome,island,percent
Occupancy_Kauai,2023-02-01,71.7,outcome,island,percent
Occupancy_Kauai,2023-03-01,75.1,outcome,island,percent
Occupancy_Kauai,2023-04-01,74.7,outcome,island,percent
Occupancy_Kauai,2023-05-01,74.6,outcome,island,percent
Occupancy_Kauai,2023-06-01,72.9,outcome,island,percent
Occupancy_Kauai,2023-07-01,70.1,outcome,island,percent
Occupancy_Kauai,2023-08-01,78.6,outcome,island,percent
Occupancy_Kauai,2023-09-01,81.3,outcome,island,percent
Occupancy_Kauai,2023-10-01,76.7,outcome,island,percent
Occupancy_Kauai,2023-11-01,72.7,outcome,island,percent
Occupancy_Kauai,2023-12-01,72.6,outcome,island,percent
Occupancy_Kauai,2024-01-01,72.9,outcome,island,percent
Occupancy_Kauai,2024-02-01,75.2,outcome,island,percent
Occupancy_Kauai,2024-03-01,72.7,outcome,island,percent
Occupancy_Kauai,2024-04-01,71.7,outcome,island,percent
Occupancy_Kauai,2024-05-01,71.6,outcome,island,percent
Occupancy_Kauai,2024-06-01,73.4,outcome,island,percent
Occupancy_Kauai,2024-07-01,75.5,outcome,island,percent
Occupancy_Kauai,2024-08-01,72.4,outcome,island,percent
Occupancy_Kauai,2024-09-01,73.1,outcome,island,percent
Occupancy_Kauai,2024-10-01,74.2,outcome,island,percent
Occupancy_Kauai,2024-11-01,74.0,outcome,island,percent
Occupancy_Kauai,2024-12-01,74.1,outcome,island,percent
Occupancy_Kauai,2025-01-01,78.0,outcome,island,percent
Occupancy_Kauai,2025-02-01,76.7,outcome,island,percent
Occupancy_Kauai,2025-03-01,75.9,outcome,island,percent
Occupancy_Kauai,2025-04-01,76.5,outcome,island,percent
Occupancy_Kauai,2025-05-01,75.1,outcome,island,percent
Occupancy_Kauai,2025-06-01,74.6,outcome,island,percent
Occupancy_Kauai,2025-07-01,74.1,outcome,island,percent
Occupancy_Kauai,2025-08-01,74.3,outcome,island,percent
Occupancy_Kauai,2025-09-01,75.3,outcome,island,percent
Occupancy_Kauai,2025-10-01,76.1,outcome,island,percent
Occupancy_Kauai,2025-11-01,74.9,outcome,island,percent
Occupancy_Kauai,2025-12-01,75.8,outcome,island,percent
Occupancy_Kauai,2026-01-01,76.1,outcome,island,percent
Occupancy_Kauai,2026-02-01,75.7,outcome,island,percent
Occupancy_Kauai,2026-03-01,75.9,outcome,island,percent
Occupancy_Kauai,2026-04-01,75.3,outcome,island,percent
Occupancy_Kauai,2026-05-01,77.6,outcome,island,percent
Occupancy_Maui,1990-01-01,73.9,outcome,island,percent
Occupancy_Maui,1990-02-01,73.8,outcome,island,percent
Occupancy_Maui,1990-03-01,72.9,outcome,island,percent
Occupancy_Maui,1990-04-01,70.8,outcome,island,percent
Occupancy_Maui,1990-05-01,67.9,outcome,island,percent
Occupancy_Maui,1990-06-01,65.4,outcome,island,percent
Occupancy_Maui,1990-07-01,67.6,outcome,island,percent
Occupancy_Maui,1990-08-01,66.7,outcome,island,percent
Occupancy_Maui,1990-09-01,65.7,outcome,island,percent
Occupancy_Maui,1990-10-01,67.7,outcome,island,percent
Occupancy_Maui,1990-11-01,68.4,outcome,island,percent
Occupancy_Maui,1990-12-01,69.2,outcome,island,percent
Occupancy_Maui,1991-01-01,73.1,outcome,island,percent
Occupancy_Maui,1991-02-01,71.8,outcome,island,percent
Occupancy_Maui,1991-03-01,72.1,outcome,island,percent
Occupancy_Maui,1991-04-01,68.2,outcome,island,percent
Occupancy_Maui,1991-05-01,71.2,outcome,island,percent
Occupancy_Maui,1991-06-01,69.2,outcome,island,percent
Occupancy_Maui,1991-07-01,69.4,outcome,island,percent
Occupancy_Maui,1991-08-01,69.3,outcome,island,percent
Occupancy_Maui,1991-09-01,69.2,outcome,island,percent
Occupancy_Maui,1991-10-01,68.4,outcome,island,percent
Occupancy_Maui,1991-11-01,69.2,outcome,island,percent
Occupancy_Maui,1991-12-01,64.7,outcome,island,percent
Occupancy_Maui,1992-01-01,59.3,outcome,island,percent
Occupancy_Maui,1992-02-01,53.0,outcome,island,percent
Occupancy_Maui,1992-03-01,62.3,outcome,island,percent
Occupancy_Maui,1992-04-01,67.7,outcome,island,percent
Occupancy_Maui,1992-05-01,66.4,outcome,island,percent
Occupancy_Maui,1992-06-01,68.2,outcome,island,percent
Occupancy_Maui,1992-07-01,67.9,outcome,island,percent
Occupancy_Maui,1992-08-01,68.8,outcome,island,percent
Occupancy_Maui,1992-09-01,66.6,outcome,island,percent
Occupancy_Maui,1992-10-01,61.3,outcome,island,percent
Occupancy_Maui,1992-11-01,60.1,outcome,island,percent
Occupancy_Maui,1992-12-01,62.2,outcome,island,percent
Occupancy_Maui,1993-01-01,59.2,outcome,island,percent
Occupancy_Maui,1993-02-01,60.5,outcome,island,percent
Occupancy_Maui,1993-03-01,58.0,outcome,island,percent
Occupancy_Maui,1993-04-01,59.6,outcome,island,percent
Occupancy_Maui,1993-05-01,61.6,outcome,island,percent
Occupancy_Maui,1993-06-01,64.0,outcome,island,percent
Occupancy_Maui,1993-07-01,60.4,outcome,island,percent
Occupancy_Maui,1993-08-01,61.0,outcome,island,percent
Occupancy_Maui,1993-09-01,72.5,outcome,island,percent
Occupancy_Maui,1993-10-01,73.1,outcome,island,percent
Occupancy_Maui,1993-11-01,72.5,outcome,island,percent
Occupancy_Maui,1993-12-01,69.5,outcome,island,percent
Occupancy_Maui,1994-01-01,72.2,outcome,island,percent
Occupancy_Maui,1994-02-01,66.4,outcome,island,percent
Occupancy_Maui,1994-03-01,67.9,outcome,island,percent
Occupancy_Maui,1994-04-01,67.7,outcome,island,percent
Occupancy_Maui,1994-05-01,68.6,outcome,island,percent
Occupancy_Maui,1994-06-01,65.6,outcome,island,percent
Occupancy_Maui,1994-07-01,66.0,outcome,island,percent
Occupancy_Maui,1994-08-01,66.5,outcome,island,percent
Occupancy_Maui,1994-09-01,66.4,outcome,island,percent
Occupancy_Maui,1994-10-01,68.6,outcome,island,percent
Occupancy_Maui,1994-11-01,68.4,outcome,island,percent
Occupancy_Maui,1994-12-01,70.7,outcome,island,percent
Occupancy_Maui,1995-01-01,67.7,outcome,island,percent
Occupancy_Maui,1995-02-01,75.0,outcome,island,percent
Occupancy_Maui,1995-03-01,73.9,outcome,island,percent
Occupancy_Maui,1995-04-01,73.0,outcome,island,percent
Occupancy_Maui,1995-05-01,72.7,outcome,island,percent
Occupancy_Maui,1995-06-01,75.5,outcome,island,percent
Occupancy_Maui,1995-07-01,76.0,outcome,island,percent
Occupancy_Maui,1995-08-01,74.8,outcome,island,percent
Occupancy_Maui,1995-09-01,77.2,outcome,island,percent
Occupancy_Maui,1995-10-01,75.5,outcome,island,percent
Occupancy_Maui,1995-11-01,74.4,outcome,island,percent
Occupancy_Maui,1995-12-01,75.9,outcome,island,percent
Occupancy_Maui,1996-01-01,76.6,outcome,island,percent
Occupancy_Maui,1996-02-01,74.6,outcome,island,percent
Occupancy_Maui,1996-03-01,72.1,outcome,island,percent
Occupancy_Maui,1996-04-01,71.5,outcome,island,percent
Occupancy_Maui,1996-05-01,69.7,outcome,island,percent
Occupancy_Maui,1996-06-01,71.6,outcome,island,percent
Occupancy_Maui,1996-07-01,70.3,outcome,island,percent
Occupancy_Maui,1996-08-01,71.5,outcome,island,percent
Occupancy_Maui,1996-09-01,70.8,outcome,island,percent
Occupancy_Maui,1996-10-01,71.3,outcome,island,percent
Occupancy_Maui,1996-11-01,70.2,outcome,island,percent
Occupancy_Maui,1996-12-01,68.9,outcome,island,percent
Occupancy_Maui,1997-01-01,73.4,outcome,island,percent
Occupancy_Maui,1997-02-01,72.3,outcome,island,percent
Occupancy_Maui,1997-03-01,72.6,outcome,island,percent
Occupancy_Maui,1997-04-01,71.5,outcome,island,percent
Occupancy_Maui,1997-05-01,71.3,outcome,island,percent
Occupancy_Maui,1997-06-01,70.6,outcome,island,percent
Occupancy_Maui,1997-07-01,73.8,outcome,island,percent
Occupancy_Maui,1997-08-01,73.4,outcome,island,percent
Occupancy_Maui,1997-09-01,72.2,outcome,island,percent
Occupancy_Maui,1997-10-01,70.4,outcome,island,percent
Occupancy_Maui,1997-11-01,72.8,outcome,island,percent
Occupancy_Maui,1997-12-01,73.7,outcome,island,percent
Occupancy_Maui,1998-01-01,73.0,outcome,island,percent
Occupancy_Maui,1998-02-01,71.0,outcome,island,percent
Occupancy_Maui,1998-03-01,73.3,outcome,island,percent
Occupancy_Maui,1998-04-01,74.7,outcome,island,percent
Occupancy_Maui,1998-05-01,72.8,outcome,island,percent
Occupancy_Maui,1998-06-01,80.1,outcome,island,percent
Occupancy_Maui,1998-07-01,69.8,outcome,island,percent
Occupancy_Maui,1998-08-01,71.9,outcome,island,percent
Occupancy_Maui,1998-09-01,73.6,outcome,island,percent
Occupancy_Maui,1998-10-01,76.4,outcome,island,percent
Occupancy_Maui,1998-11-01,73.8,outcome,island,percent
Occupancy_Maui,1998-12-01,76.4,outcome,island,percent
Occupancy_Maui,1999-01-01,77.3,outcome,island,percent
Occupancy_Maui,1999-02-01,78.1,outcome,island,percent
Occupancy_Maui,1999-03-01,77.8,outcome,island,percent
Occupancy_Maui,1999-04-01,76.2,outcome,island,percent
Occupancy_Maui,1999-05-01,75.3,outcome,island,percent
Occupancy_Maui,1999-06-01,76.0,outcome,island,percent
Occupancy_Maui,1999-07-01,77.5,outcome,island,percent
Occupancy_Maui,1999-08-01,77.7,outcome,island,percent
Occupancy_Maui,1999-09-01,77.8,outcome,island,percent
Occupancy_Maui,1999-10-01,80.2,outcome,island,percent
Occupancy_Maui,1999-11-01,78.5,outcome,island,percent
Occupancy_Maui,1999-12-01,72.6,outcome,island,percent
Occupancy_Maui,2000-01-01,75.2,outcome,island,percent
Occupancy_Maui,2000-02-01,79.7,outcome,island,percent
Occupancy_Maui,2000-03-01,79.9,outcome,island,percent
Occupancy_Maui,2000-04-01,80.6,outcome,island,percent
Occupancy_Maui,2000-05-01,82.6,outcome,island,percent
Occupancy_Maui,2000-06-01,80.9,outcome,island,percent
Occupancy_Maui,2000-07-01,80.5,outcome,island,percent
Occupancy_Maui,2000-08-01,77.7,outcome,island,percent
Occupancy_Maui,2000-09-01,82.7,outcome,island,percent
Occupancy_Maui,2000-10-01,79.9,outcome,island,percent
Occupancy_Maui,2000-11-01,82.2,outcome,island,percent
Occupancy_Maui,2000-12-01,81.1,outcome,island,percent
Occupancy_Maui,2001-01-01,79.9,outcome,island,percent
Occupancy_Maui,2001-02-01,76.3,outcome,island,percent
Occupancy_Maui,2001-03-01,77.0,outcome,island,percent
Occupancy_Maui,2001-04-01,76.2,outcome,island,percent
Occupancy_Maui,2001-05-01,75.8,outcome,island,percent
Occupancy_Maui,2001-06-01,75.6,outcome,island,percent
Occupancy_Maui,2001-07-01,75.4,outcome,island,percent
Occupancy_Maui,2001-08-01,74.3,outcome,island,percent
Occupancy_Maui,2001-09-01,62.6,outcome,island,percent
Occupancy_Maui,2001-10-01,63.5,outcome,island,percent
Occupancy_Maui,2001-11-01,69.6,outcome,island,percent
Occupancy_Maui,2001-12-01,67.6,outcome,island,percent
Occupancy_Maui,2002-01-01,67.7,outcome,island,percent
Occupancy_Maui,2002-02-01,70.7,outcome,island,percent
Occupancy_Maui,2002-03-01,71.1,outcome,island,percent
Occupancy_Maui,2002-04-01,71.5,outcome,island,percent
Occupancy_Maui,2002-05-01,71.0,outcome,island,percent
Occupancy_Maui,2002-06-01,74.1,outcome,island,percent
Occupancy_Maui,2002-07-01,72.8,outcome,island,percent
Occupancy_Maui,2002-08-01,74.5,outcome,island,percent
Occupancy_Maui,2002-09-01,70.2,outcome,island,percent
Occupancy_Maui,2002-10-01,71.7,outcome,island,percent
Occupancy_Maui,2002-11-01,68.2,outcome,island,percent
Occupancy_Maui,2002-12-01,71.7,outcome,island,percent
Occupancy_Maui,2003-01-01,73.2,outcome,island,percent
Occupancy_Maui,2003-02-01,72.6,outcome,island,percent
Occupancy_Maui,2003-03-01,72.2,outcome,island,percent
Occupancy_Maui,2003-04-01,73.1,outcome,island,percent
Occupancy_Maui,2003-05-01,74.2,outcome,island,percent
Occupancy_Maui,2003-06-01,73.9,outcome,island,percent
Occupancy_Maui,2003-07-01,77.3,outcome,island,percent
Occupancy_Maui,2003-08-01,77.3,outcome,island,percent
Occupancy_Maui,2003-09-01,73.1,outcome,island,percent
Occupancy_Maui,2003-10-01,74.1,outcome,island,percent
Occupancy_Maui,2003-11-01,74.6,outcome,island,percent
Occupancy_Maui,2003-12-01,79.5,outcome,island,percent
Occupancy_Maui,2004-01-01,78.3,outcome,island,percent
Occupancy_Maui,2004-02-01,75.9,outcome,island,percent
Occupancy_Maui,2004-03-01,77.3,outcome,island,percent
Occupancy_Maui,2004-04-01,79.9,outcome,island,percent
Occupancy_Maui,2004-05-01,78.6,outcome,island,percent
Occupancy_Maui,2004-06-01,77.7,outcome,island,percent
Occupancy_Maui,2004-07-01,76.8,outcome,island,percent
Occupancy_Maui,2004-08-01,77.3,outcome,island,percent
Occupancy_Maui,2004-09-01,78.9,outcome,island,percent
Occupancy_Maui,2004-10-01,78.2,outcome,island,percent
Occupancy_Maui,2004-11-01,77.7,outcome,island,percent
Occupancy_Maui,2004-12-01,77.2,outcome,island,percent
Occupancy_Maui,2005-01-01,78.7,outcome,island,percent
Occupancy_Maui,2005-02-01,78.5,outcome,island,percent
Occupancy_Maui,2005-03-01,80.1,outcome,island,percent
Occupancy_Maui,2005-04-01,77.6,outcome,island,percent
Occupancy_Maui,2005-05-01,80.8,outcome,island,percent
Occupancy_Maui,2005-06-01,82.1,outcome,island,percent
Occupancy_Maui,2005-07-01,79.6,outcome,island,percent
Occupancy_Maui,2005-08-01,77.1,outcome,island,percent
Occupancy_Maui,2005-09-01,80.8,outcome,island,percent
Occupancy_Maui,2005-10-01,80.1,outcome,island,percent
Occupancy_Maui,2005-11-01,79.6,outcome,island,percent
Occupancy_Maui,2005-12-01,79.0,outcome,island,percent
Occupancy_Maui,2006-01-01,79.8,outcome,island,percent
Occupancy_Maui,2006-02-01,79.0,outcome,island,percent
Occupancy_Maui,2006-03-01,78.6,outcome,island,percent
Occupancy_Maui,2006-04-01,81.6,outcome,island,percent
Occupancy_Maui,2006-05-01,83.0,outcome,island,percent
Occupancy_Maui,2006-06-01,80.6,outcome,island,percent
Occupancy_Maui,2006-07-01,80.2,outcome,island,percent
Occupancy_Maui,2006-08-01,79.6,outcome,island,percent
Occupancy_Maui,2006-09-01,81.1,outcome,island,percent
Occupancy_Maui,2006-10-01,79.2,outcome,island,percent
Occupancy_Maui,2006-11-01,77.3,outcome,island,percent
Occupancy_Maui,2006-12-01,78.6,outcome,island,percent
Occupancy_Maui,2007-01-01,75.7,outcome,island,percent
Occupancy_Maui,2007-02-01,73.8,outcome,island,percent
Occupancy_Maui,2007-03-01,74.4,outcome,island,percent
Occupancy_Maui,2007-04-01,73.5,outcome,island,percent
Occupancy_Maui,2007-05-01,73.7,outcome,island,percent
Occupancy_Maui,2007-06-01,75.9,outcome,island,percent
Occupancy_Maui,2007-07-01,76.4,outcome,island,percent
Occupancy_Maui,2007-08-01,76.4,outcome,island,percent
Occupancy_Maui,2007-09-01,77.2,outcome,island,percent
Occupancy_Maui,2007-10-01,77.0,outcome,island,percent
Occupancy_Maui,2007-11-01,77.7,outcome,island,percent
Occupancy_Maui,2007-12-01,76.3,outcome,island,percent
Occupancy_Maui,2008-01-01,75.7,outcome,island,percent
Occupancy_Maui,2008-02-01,74.7,outcome,island,percent
Occupancy_Maui,2008-03-01,74.3,outcome,island,percent
Occupancy_Maui,2008-04-01,71.2,outcome,island,percent
Occupancy_Maui,2008-05-01,70.5,outcome,island,percent
Occupancy_Maui,2008-06-01,65.7,outcome,island,percent
Occupancy_Maui,2008-07-01,65.0,outcome,island,percent
Occupancy_Maui,2008-08-01,65.5,outcome,island,percent
Occupancy_Maui,2008-09-01,62.2,outcome,island,percent
Occupancy_Maui,2008-10-01,63.9,outcome,island,percent
Occupancy_Maui,2008-11-01,64.8,outcome,island,percent
Occupancy_Maui,2008-12-01,61.4,outcome,island,percent
Occupancy_Maui,2009-01-01,58.3,outcome,island,percent
Occupancy_Maui,2009-02-01,60.5,outcome,island,percent
Occupancy_Maui,2009-03-01,57.8,outcome,island,percent
Occupancy_Maui,2009-04-01,57.3,outcome,island,percent
Occupancy_Maui,2009-05-01,58.4,outcome,island,percent
Occupancy_Maui,2009-06-01,60.4,outcome,island,percent
Occupancy_Maui,2009-07-01,59.0,outcome,island,percent
Occupancy_Maui,2009-08-01,60.3,outcome,island,percent
Occupancy_Maui,2009-09-01,58.6,outcome,island,percent
Occupancy_Maui,2009-10-01,58.9,outcome,island,percent
Occupancy_Maui,2009-11-01,57.6,outcome,island,percent
Occupancy_Maui,2009-12-01,61.6,outcome,island,percent
Occupancy_Maui,2010-01-01,64.4,outcome,island,percent
Occupancy_Maui,2010-02-01,66.3,outcome,island,percent
Occupancy_Maui,2010-03-01,65.9,outcome,island,percent
Occupancy_Maui,2010-04-01,67.3,outcome,island,percent
Occupancy_Maui,2010-05-01,66.6,outcome,island,percent
Occupancy_Maui,2010-06-01,67.8,outcome,island,percent
Occupancy_Maui,2010-07-01,70.1,outcome,island,percent
Occupancy_Maui,2010-08-01,70.2,outcome,island,percent
Occupancy_Maui,2010-09-01,69.8,outcome,island,percent
Occupancy_Maui,2010-10-01,70.6,outcome,island,percent
Occupancy_Maui,2010-11-01,69.8,outcome,island,percent
Occupancy_Maui,2010-12-01,69.1,outcome,island,percent
Occupancy_Maui,2011-01-01,69.7,outcome,island,percent
Occupancy_Maui,2011-02-01,72.1,outcome,island,percent
Occupancy_Maui,2011-03-01,71.8,outcome,island,percent
Occupancy_Maui,2011-04-01,70.0,outcome,island,percent
Occupancy_Maui,2011-05-01,67.2,outcome,island,percent
Occupancy_Maui,2011-06-01,68.7,outcome,island,percent
Occupancy_Maui,2011-07-01,69.6,outcome,island,percent
Occupancy_Maui,2011-08-01,68.9,outcome,island,percent
Occupancy_Maui,2011-09-01,72.2,outcome,island,percent
Occupancy_Maui,2011-10-01,69.9,outcome,island,percent
Occupancy_Maui,2011-11-01,72.2,outcome,island,percent
Occupancy_Maui,2011-12-01,70.6,outcome,island,percent
Occupancy_Maui,2012-01-01,73.6,outcome,island,percent
Occupancy_Maui,2012-02-01,72.9,outcome,island,percent
Occupancy_Maui,2012-03-01,72.5,outcome,island,percent
Occupancy_Maui,2012-04-01,72.3,outcome,island,percent
Occupancy_Maui,2012-05-01,70.1,outcome,island,percent
Occupancy_Maui,2012-06-01,69.8,outcome,island,percent
Occupancy_Maui,2012-07-01,72.1,outcome,island,percent
Occupancy_Maui,2012-08-01,73.3,outcome,island,percent
Occupancy_Maui,2012-09-01,70.9,outcome,island,percent
Occupancy_Maui,2012-10-01,72.6,outcome,island,percent
Occupancy_Maui,2012-11-01,73.9,outcome,island,percent
Occupancy_Maui,2012-12-01,74.9,outcome,island,percent
Occupancy_Maui,2013-01-01,74.5,outcome,island,percent
Occupancy_Maui,2013-02-01,72.6,outcome,island,percent
Occupancy_Maui,2013-03-01,73.0,outcome,island,percent
Occupancy_Maui,2013-04-01,73.8,outcome,island,percent
Occupancy_Maui,2013-05-01,71.6,outcome,island,percent
Occupancy_Maui,2013-06-01,71.6,outcome,island,percent
Occupancy_Maui,2013-07-01,71.6,outcome,island,percent
Occupancy_Maui,2013-08-01,72.3,outcome,island,percent
Occupancy_Maui,2013-09-01,69.2,outcome,island,percent
Occupancy_Maui,2013-10-01,69.2,outcome,island,percent
Occupancy_Maui,2013-11-01,69.7,outcome,island,percent
Occupancy_Maui,2013-12-01,71.0,outcome,island,percent
Occupancy_Maui,2014-01-01,72.1,outcome,island,percent
Occupancy_Maui,2014-02-01,72.5,outcome,island,percent
Occupancy_Maui,2014-03-01,71.9,outcome,island,percent
Occupancy_Maui,2014-04-01,70.8,outcome,island,percent
Occupancy_Maui,2014-05-01,71.9,outcome,island,percent
Occupancy_Maui,2014-06-01,69.5,outcome,island,percent
Occupancy_Maui,2014-07-01,71.4,outcome,island,percent
Occupancy_Maui,2014-08-01,70.9,outcome,island,percent
Occupancy_Maui,2014-09-01,74.6,outcome,island,percent
Occupancy_Maui,2014-10-01,74.1,outcome,island,percent
Occupancy_Maui,2014-11-01,73.8,outcome,island,percent
Occupancy_Maui,2014-12-01,74.7,outcome,island,percent
Occupancy_Maui,2015-01-01,73.6,outcome,island,percent
Occupancy_Maui,2015-02-01,72.8,outcome,island,percent
Occupancy_Maui,2015-03-01,74.0,outcome,island,percent
Occupancy_Maui,2015-04-01,73.0,outcome,island,percent
Occupancy_Maui,2015-05-01,75.1,outcome,island,percent
Occupancy_Maui,2015-06-01,77.3,outcome,island,percent
Occupancy_Maui,2015-07-01,73.8,outcome,island,percent
Occupancy_Maui,2015-08-01,74.3,outcome,island,percent
Occupancy_Maui,2015-09-01,73.5,outcome,island,percent
Occupancy_Maui,2015-10-01,75.0,outcome,island,percent
Occupancy_Maui,2015-11-01,75.4,outcome,island,percent
Occupancy_Maui,2015-12-01,74.6,outcome,island,percent
Occupancy_Maui,2016-01-01,74.3,outcome,island,percent
Occupancy_Maui,2016-02-01,73.7,outcome,island,percent
Occupancy_Maui,2016-03-01,75.3,outcome,island,percent
Occupancy_Maui,2016-04-01,76.3,outcome,island,percent
Occupancy_Maui,2016-05-01,75.5,outcome,island,percent
Occupancy_Maui,2016-06-01,75.8,outcome,island,percent
Occupancy_Maui,2016-07-01,74.3,outcome,island,percent
Occupancy_Maui,2016-08-01,75.9,outcome,island,percent
Occupancy_Maui,2016-09-01,77.9,outcome,island,percent
Occupancy_Maui,2016-10-01,77.4,outcome,island,percent
Occupancy_Maui,2016-11-01,76.4,outcome,island,percent
Occupancy_Maui,2016-12-01,77.5,outcome,island,percent
Occupancy_Maui,2017-01-01,76.2,outcome,island,percent
Occupancy_Maui,2017-02-01,74.4,outcome,island,percent
Occupancy_Maui,2017-03-01,75.7,outcome,island,percent
Occupancy_Maui,2017-04-01,77.7,outcome,island,percent
Occupancy_Maui,2017-05-01,78.3,outcome,island,percent
Occupancy_Maui,2017-06-01,77.1,outcome,island,percent
Occupancy_Maui,2017-07-01,77.6,outcome,island,percent
Occupancy_Maui,2017-08-01,77.5,outcome,island,percent
Occupancy_Maui,2017-09-01,78.4,outcome,island,percent
Occupancy_Maui,2017-10-01,78.1,outcome,island,percent
Occupancy_Maui,2017-11-01,78.0,outcome,island,percent
Occupancy_Maui,2017-12-01,77.3,outcome,island,percent
Occupancy_Maui,2018-01-01,77.8,outcome,island,percent
Occupancy_Maui,2018-02-01,77.3,outcome,island,percent
Occupancy_Maui,2018-03-01,75.6,outcome,island,percent
Occupancy_Maui,2018-04-01,78.0,outcome,island,percent
Occupancy_Maui,2018-05-01,78.0,outcome,island,percent
Occupancy_Maui,2018-06-01,76.1,outcome,island,percent
Occupancy_Maui,2018-07-01,78.1,outcome,island,percent
Occupancy_Maui,2018-08-01,73.6,outcome,island,percent
Occupancy_Maui,2018-09-01,76.3,outcome,island,percent
Occupancy_Maui,2018-10-01,74.1,outcome,island,percent
Occupancy_Maui,2018-11-01,76.5,outcome,island,percent
Occupancy_Maui,2018-12-01,71.9,outcome,island,percent
Occupancy_Maui,2019-01-01,74.2,outcome,island,percent
Occupancy_Maui,2019-02-01,75.2,outcome,island,percent
Occupancy_Maui,2019-03-01,75.9,outcome,island,percent
Occupancy_Maui,2019-04-01,78.0,outcome,island,percent
Occupancy_Maui,2019-05-01,78.9,outcome,island,percent
Occupancy_Maui,2019-06-01,79.0,outcome,island,percent
Occupancy_Maui,2019-07-01,79.1,outcome,island,percent
Occupancy_Maui,2019-08-01,80.6,outcome,island,percent
Occupancy_Maui,2019-09-01,77.7,outcome,island,percent
Occupancy_Maui,2019-10-01,79.7,outcome,island,percent
Occupancy_Maui,2019-11-01,77.9,outcome,island,percent
Occupancy_Maui,2019-12-01,78.3,outcome,island,percent
Occupancy_Maui,2020-01-01,76.0,outcome,island,percent
Occupancy_Maui,2020-02-01,76.3,outcome,island,percent
Occupancy_Maui,2020-03-01,45.0,outcome,island,percent
Occupancy_Maui,2020-04-01,11.0,outcome,island,percent
Occupancy_Maui,2020-05-01,12.9,outcome,island,percent
Occupancy_Maui,2020-06-01,7.0,outcome,island,percent
Occupancy_Maui,2020-07-01,11.7,outcome,island,percent
Occupancy_Maui,2020-08-01,8.8,outcome,island,percent
Occupancy_Maui,2020-09-01,17.7,outcome,island,percent
Occupancy_Maui,2020-10-01,14.9,outcome,island,percent
Occupancy_Maui,2020-11-01,21.0,outcome,island,percent
Occupancy_Maui,2020-12-01,26.3,outcome,island,percent
Occupancy_Maui,2021-01-01,21.4,outcome,island,percent
Occupancy_Maui,2021-02-01,29.4,outcome,island,percent
Occupancy_Maui,2021-03-01,46.3,outcome,island,percent
Occupancy_Maui,2021-04-01,61.9,outcome,island,percent
Occupancy_Maui,2021-05-01,69.4,outcome,island,percent
Occupancy_Maui,2021-06-01,77.3,outcome,island,percent
Occupancy_Maui,2021-07-01,79.0,outcome,island,percent
Occupancy_Maui,2021-08-01,76.5,outcome,island,percent
Occupancy_Maui,2021-09-01,64.0,outcome,island,percent
Occupancy_Maui,2021-10-01,63.5,outcome,island,percent
Occupancy_Maui,2021-11-01,67.8,outcome,island,percent
Occupancy_Maui,2021-12-01,68.8,outcome,island,percent
Occupancy_Maui,2022-01-01,59.7,outcome,island,percent
Occupancy_Maui,2022-02-01,63.5,outcome,island,percent
Occupancy_Maui,2022-03-01,69.0,outcome,island,percent
Occupancy_Maui,2022-04-01,71.8,outcome,island,percent
Occupancy_Maui,2022-05-01,69.9,outcome,island,percent
Occupancy_Maui,2022-06-01,69.1,outcome,island,percent
Occupancy_Maui,2022-07-01,69.0,outcome,island,percent
Occupancy_Maui,2022-08-01,70.9,outcome,island,percent
Occupancy_Maui,2022-09-01,70.7,outcome,island,percent
Occupancy_Maui,2022-10-01,68.4,outcome,island,percent
Occupancy_Maui,2022-11-01,67.0,outcome,island,percent
Occupancy_Maui,2022-12-01,64.4,outcome,island,percent
Occupancy_Maui,2023-01-01,65.7,outcome,island,percent
Occupancy_Maui,2023-02-01,64.7,outcome,island,percent
Occupancy_Maui,2023-03-01,66.3,outcome,island,percent
Occupancy_Maui,2023-04-01,64.8,outcome,island,percent
Occupancy_Maui,2023-05-01,66.3,outcome,island,percent
Occupancy_Maui,2023-06-01,67.2,outcome,island,percent
Occupancy_Maui,2023-07-01,66.0,outcome,island,percent
Occupancy_Maui,2023-08-01,54.8,outcome,island,percent
Occupancy_Maui,2023-09-01,68.2,outcome,island,percent
Occupancy_Maui,2023-10-01,69.5,outcome,island,percent
Occupancy_Maui,2023-11-01,69.8,outcome,island,percent
Occupancy_Maui,2023-12-01,68.9,outcome,island,percent
Occupancy_Maui,2024-01-01,68.7,outcome,island,percent
Occupancy_Maui,2024-02-01,66.5,outcome,island,percent
Occupancy_Maui,2024-03-01,65.0,outcome,island,percent
Occupancy_Maui,2024-04-01,65.5,outcome,island,percent
Occupancy_Maui,2024-05-01,61.4,outcome,island,percent
Occupancy_Maui,2024-06-01,58.1,outcome,island,percent
Occupancy_Maui,2024-07-01,59.4,outcome,island,percent
Occupancy_Maui,2024-08-01,58.2,outcome,island,percent
Occupancy_Maui,2024-09-01,57.9,outcome,island,percent
Occupancy_Maui,2024-10-01,57.4,outcome,island,percent
Occupancy_Maui,2024-11-01,59.8,outcome,island,percent
Occupancy_Maui,2024-12-01,60.3,outcome,island,percent
Occupancy_Maui,2025-01-01,59.7,outcome,island,percent
Occupancy_Maui,2025-02-01,63.3,outcome,island,percent
Occupancy_Maui,2025-03-01,64.0,outcome,island,percent
Occupancy_Maui,2025-04-01,62.0,outcome,island,percent
Occupancy_Maui,2025-05-01,62.1,outcome,island,percent
Occupancy_Maui,2025-06-01,64.2,outcome,island,percent
Occupancy_Maui,2025-07-01,65.4,outcome,island,percent
Occupancy_Maui,2025-08-01,65.5,outcome,island,percent
Occupancy_Maui,2025-09-01,65.3,outcome,island,percent
Occupancy_Maui,2025-10-01,68.3,outcome,island,percent
Occupancy_Maui,2025-11-01,67.2,outcome,island,percent
Occupancy_Maui,2025-12-01,67.5,outcome,island,percent
Occupancy_Maui,2026-01-01,68.4,outcome,island,percent
Occupancy_Maui,2026-02-01,68.9,outcome,island,percent
Occupancy_Maui,2026-03-01,64.9,outcome,island,percent
Occupancy_Maui,2026-04-01,68.0,outcome,island,percent
Occupancy_Maui,2026-05-01,69.6,outcome,island,percent
Occupancy_Oahu,1990-01-01,88.7,outcome,island,percent
Occupancy_Oahu,1990-02-01,87.2,outcome,island,percent
Occupancy_Oahu,1990-03-01,90.2,outcome,island,percent
Occupancy_Oahu,1990-04-01,88.4,outcome,island,percent
Occupancy_Oahu,1990-05-01,87.1,outcome,island,percent
Occupancy_Oahu,1990-06-01,85.2,outcome,island,percent
Occupancy_Oahu,1990-07-01,87.3,outcome,island,percent
Occupancy_Oahu,1990-08-01,85.1,outcome,island,percent
Occupancy_Oahu,1990-09-01,83.0,outcome,island,percent
Occupancy_Oahu,1990-10-01,85.8,outcome,island,percent
Occupancy_Oahu,1990-11-01,84.6,outcome,island,percent
Occupancy_Oahu,1990-12-01,80.7,outcome,island,percent
Occupancy_Oahu,1991-01-01,83.3,outcome,island,percent
Occupancy_Oahu,1991-02-01,67.0,outcome,island,percent
Occupancy_Oahu,1991-03-01,69.3,outcome,island,percent
Occupancy_Oahu,1991-04-01,77.5,outcome,island,percent
Occupancy_Oahu,1991-05-01,78.3,outcome,island,percent
Occupancy_Oahu,1991-06-01,84.4,outcome,island,percent
Occupancy_Oahu,1991-07-01,83.8,outcome,island,percent
Occupancy_Oahu,1991-08-01,83.4,outcome,island,percent
Occupancy_Oahu,1991-09-01,84.5,outcome,island,percent
Occupancy_Oahu,1991-10-01,82.6,outcome,island,percent
Occupancy_Oahu,1991-11-01,83.1,outcome,island,percent
Occupancy_Oahu,1991-12-01,83.9,outcome,island,percent
Occupancy_Oahu,1992-01-01,82.5,outcome,island,percent
Occupancy_Oahu,1992-02-01,82.2,outcome,island,percent
Occupancy_Oahu,1992-03-01,79.4,outcome,island,percent
Occupancy_Oahu,1992-04-01,81.0,outcome,island,percent
Occupancy_Oahu,1992-05-01,81.8,outcome,island,percent
Occupancy_Oahu,1992-06-01,76.1,outcome,island,percent
Occupancy_Oahu,1992-07-01,77.9,outcome,island,percent
Occupancy_Oahu,1992-08-01,78.8,outcome,island,percent
Occupancy_Oahu,1992-09-01,81.5,outcome,island,percent
Occupancy_Oahu,1992-10-01,79.3,outcome,island,percent
Occupancy_Oahu,1992-11-01,80.3,outcome,island,percent
Occupancy_Oahu,1992-12-01,79.4,outcome,island,percent
Occupancy_Oahu,1993-01-01,78.4,outcome,island,percent
Occupancy_Oahu,1993-02-01,74.5,outcome,island,percent
Occupancy_Oahu,1993-03-01,75.2,outcome,island,percent
Occupancy_Oahu,1993-04-01,76.0,outcome,island,percent
Occupancy_Oahu,1993-05-01,77.4,outcome,island,percent
Occupancy_Oahu,1993-06-01,76.5,outcome,island,percent
Occupancy_Oahu,1993-07-01,75.5,outcome,island,percent
Occupancy_Oahu,1993-08-01,78.5,outcome,island,percent
Occupancy_Oahu,1993-09-01,75.4,outcome,island,percent
Occupancy_Oahu,1993-10-01,77.7,outcome,island,percent
Occupancy_Oahu,1993-11-01,77.5,outcome,island,percent
Occupancy_Oahu,1993-12-01,79.9,outcome,island,percent
Occupancy_Oahu,1994-01-01,77.6,outcome,island,percent
Occupancy_Oahu,1994-02-01,82.6,outcome,island,percent
Occupancy_Oahu,1994-03-01,85.0,outcome,island,percent
Occupancy_Oahu,1994-04-01,78.8,outcome,island,percent
Occupancy_Oahu,1994-05-01,81.2,outcome,island,percent
Occupancy_Oahu,1994-06-01,81.8,outcome,island,percent
Occupancy_Oahu,1994-07-01,79.3,outcome,island,percent
Occupancy_Oahu,1994-08-01,80.5,outcome,island,percent
Occupancy_Oahu,1994-09-01,80.7,outcome,island,percent
Occupancy_Oahu,1994-10-01,79.9,outcome,island,percent
Occupancy_Oahu,1994-11-01,81.1,outcome,island,percent
Occupancy_Oahu,1994-12-01,82.2,outcome,island,percent
Occupancy_Oahu,1995-01-01,83.1,outcome,island,percent
Occupancy_Oahu,1995-02-01,77.8,outcome,island,percent
Occupancy_Oahu,1995-03-01,79.5,outcome,island,percent
Occupancy_Oahu,1995-04-01,77.1,outcome,island,percent
Occupancy_Oahu,1995-05-01,78.2,outcome,island,percent
Occupancy_Oahu,1995-06-01,80.2,outcome,island,percent
Occupancy_Oahu,1995-07-01,81.3,outcome,island,percent
Occupancy_Oahu,1995-08-01,82.1,outcome,island,percent
Occupancy_Oahu,1995-09-01,81.5,outcome,island,percent
Occupancy_Oahu,1995-10-01,81.0,outcome,island,percent
Occupancy_Oahu,1995-11-01,82.1,outcome,island,percent
Occupancy_Oahu,1995-12-01,82.2,outcome,island,percent
Occupancy_Oahu,1996-01-01,82.5,outcome,island,percent
Occupancy_Oahu,1996-02-01,83.3,outcome,island,percent
Occupancy_Oahu,1996-03-01,81.5,outcome,island,percent
Occupancy_Oahu,1996-04-01,80.4,outcome,island,percent
Occupancy_Oahu,1996-05-01,81.1,outcome,island,percent
Occupancy_Oahu,1996-06-01,84.6,outcome,island,percent
Occupancy_Oahu,1996-07-01,81.8,outcome,island,percent
Occupancy_Oahu,1996-08-01,81.1,outcome,island,percent
Occupancy_Oahu,1996-09-01,80.0,outcome,island,percent
Occupancy_Oahu,1996-10-01,77.5,outcome,island,percent
Occupancy_Oahu,1996-11-01,76.8,outcome,island,percent
Occupancy_Oahu,1996-12-01,79.2,outcome,island,percent
Occupancy_Oahu,1997-01-01,77.9,outcome,island,percent
Occupancy_Oahu,1997-02-01,78.6,outcome,island,percent
Occupancy_Oahu,1997-03-01,79.6,outcome,island,percent
Occupancy_Oahu,1997-04-01,82.1,outcome,island,percent
Occupancy_Oahu,1997-05-01,78.3,outcome,island,percent
Occupancy_Oahu,1997-06-01,74.6,outcome,island,percent
Occupancy_Oahu,1997-07-01,75.0,outcome,island,percent
Occupancy_Oahu,1997-08-01,75.2,outcome,island,percent
Occupancy_Oahu,1997-09-01,78.6,outcome,island,percent
Occupancy_Oahu,1997-10-01,77.0,outcome,island,percent
Occupancy_Oahu,1997-11-01,76.6,outcome,island,percent
Occupancy_Oahu,1997-12-01,75.6,outcome,island,percent
Occupancy_Oahu,1998-01-01,75.7,outcome,island,percent
Occupancy_Oahu,1998-02-01,74.4,outcome,island,percent
Occupancy_Oahu,1998-03-01,72.2,outcome,island,percent
Occupancy_Oahu,1998-04-01,74.1,outcome,island,percent
Occupancy_Oahu,1998-05-01,72.9,outcome,island,percent
Occupancy_Oahu,1998-06-01,70.9,outcome,island,percent
Occupancy_Oahu,1998-07-01,73.5,outcome,island,percent
Occupancy_Oahu,1998-08-01,71.0,outcome,island,percent
Occupancy_Oahu,1998-09-01,71.1,outcome,island,percent
Occupancy_Oahu,1998-10-01,70.6,outcome,island,percent
Occupancy_Oahu,1998-11-01,71.0,outcome,island,percent
Occupancy_Oahu,1998-12-01,71.0,outcome,island,percent
Occupancy_Oahu,1999-01-01,71.2,outcome,island,percent
Occupancy_Oahu,1999-02-01,72.3,outcome,island,percent
Occupancy_Oahu,1999-03-01,71.7,outcome,island,percent
Occupancy_Oahu,1999-04-01,71.8,outcome,island,percent
Occupancy_Oahu,1999-05-01,70.5,outcome,island,percent
Occupancy_Oahu,1999-06-01,69.6,outcome,island,percent
Occupancy_Oahu,1999-07-01,71.5,outcome,island,percent
Occupancy_Oahu,1999-08-01,71.5,outcome,island,percent
Occupancy_Oahu,1999-09-01,73.7,outcome,island,percent
Occupancy_Oahu,1999-10-01,74.0,outcome,island,percent
Occupancy_Oahu,1999-11-01,74.3,outcome,island,percent
Occupancy_Oahu,1999-12-01,68.5,outcome,island,percent
Occupancy_Oahu,2000-01-01,70.1,outcome,island,percent
Occupancy_Oahu,2000-02-01,75.0,outcome,island,percent
Occupancy_Oahu,2000-03-01,76.2,outcome,island,percent
Occupancy_Oahu,2000-04-01,76.6,outcome,island,percent
Occupancy_Oahu,2000-05-01,76.1,outcome,island,percent
Occupancy_Oahu,2000-06-01,81.1,outcome,island,percent
Occupancy_Oahu,2000-07-01,76.5,outcome,island,percent
Occupancy_Oahu,2000-08-01,74.7,outcome,island,percent
Occupancy_Oahu,2000-09-01,76.8,outcome,island,percent
Occupancy_Oahu,2000-10-01,77.0,outcome,island,percent
Occupancy_Oahu,2000-11-01,78.1,outcome,island,percent
Occupancy_Oahu,2000-12-01,75.7,outcome,island,percent
Occupancy_Oahu,2001-01-01,78.5,outcome,island,percent
Occupancy_Oahu,2001-02-01,77.0,outcome,island,percent
Occupancy_Oahu,2001-03-01,74.4,outcome,island,percent
Occupancy_Oahu,2001-04-01,73.3,outcome,island,percent
Occupancy_Oahu,2001-05-01,73.2,outcome,island,percent
Occupancy_Oahu,2001-06-01,72.6,outcome,island,percent
Occupancy_Oahu,2001-07-01,71.4,outcome,island,percent
Occupancy_Oahu,2001-08-01,73.2,outcome,island,percent
Occupancy_Oahu,2001-09-01,57.2,outcome,island,percent
Occupancy_Oahu,2001-10-01,54.7,outcome,island,percent
Occupancy_Oahu,2001-11-01,56.1,outcome,island,percent
Occupancy_Oahu,2001-12-01,60.8,outcome,island,percent
Occupancy_Oahu,2002-01-01,64.1,outcome,island,percent
Occupancy_Oahu,2002-02-01,68.6,outcome,island,percent
Occupancy_Oahu,2002-03-01,69.2,outcome,island,percent
Occupancy_Oahu,2002-04-01,69.1,outcome,island,percent
Occupancy_Oahu,2002-05-01,73.5,outcome,island,percent
Occupancy_Oahu,2002-06-01,72.2,outcome,island,percent
Occupancy_Oahu,2002-07-01,69.9,outcome,island,percent
Occupancy_Oahu,2002-08-01,71.0,outcome,island,percent
Occupancy_Oahu,2002-09-01,66.8,outcome,island,percent
Occupancy_Oahu,2002-10-01,70.1,outcome,island,percent
Occupancy_Oahu,2002-11-01,72.0,outcome,island,percent
Occupancy_Oahu,2002-12-01,74.9,outcome,island,percent
Occupancy_Oahu,2003-01-01,73.0,outcome,island,percent
Occupancy_Oahu,2003-02-01,71.7,outcome,island,percent
Occupancy_Oahu,2003-03-01,70.6,outcome,island,percent
Occupancy_Oahu,2003-04-01,69.2,outcome,island,percent
Occupancy_Oahu,2003-05-01,67.7,outcome,island,percent
Occupancy_Oahu,2003-06-01,68.7,outcome,island,percent
Occupancy_Oahu,2003-07-01,72.7,outcome,island,percent
Occupancy_Oahu,2003-08-01,76.9,outcome,island,percent
Occupancy_Oahu,2003-09-01,75.4,outcome,island,percent
Occupancy_Oahu,2003-10-01,74.8,outcome,island,percent
Occupancy_Oahu,2003-11-01,75.8,outcome,island,percent
Occupancy_Oahu,2003-12-01,80.8,outcome,island,percent
Occupancy_Oahu,2004-01-01,76.4,outcome,island,percent
Occupancy_Oahu,2004-02-01,78.1,outcome,island,percent
Occupancy_Oahu,2004-03-01,78.6,outcome,island,percent
Occupancy_Oahu,2004-04-01,78.4,outcome,island,percent
Occupancy_Oahu,2004-05-01,78.7,outcome,island,percent
Occupancy_Oahu,2004-06-01,81.9,outcome,island,percent
Occupancy_Oahu,2004-07-01,83.5,outcome,island,percent
Occupancy_Oahu,2004-08-01,79.5,outcome,island,percent
Occupancy_Oahu,2004-09-01,79.3,outcome,island,percent
Occupancy_Oahu,2004-10-01,82.1,outcome,island,percent
Occupancy_Oahu,2004-11-01,79.1,outcome,island,percent
Occupancy_Oahu,2004-12-01,78.6,outcome,island,percent
Occupancy_Oahu,2005-01-01,84.7,outcome,island,percent
Occupancy_Oahu,2005-02-01,80.8,outcome,island,percent
Occupancy_Oahu,2005-03-01,85.2,outcome,island,percent
Occupancy_Oahu,2005-04-01,83.3,outcome,island,percent
Occupancy_Oahu,2005-05-01,86.5,outcome,island,percent
Occupancy_Oahu,2005-06-01,85.7,outcome,island,percent
Occupancy_Oahu,2005-07-01,85.7,outcome,island,percent
Occupancy_Oahu,2005-08-01,85.3,outcome,island,percent
Occupancy_Oahu,2005-09-01,87.2,outcome,island,percent
Occupancy_Oahu,2005-10-01,86.2,outcome,island,percent
Occupancy_Oahu,2005-11-01,84.3,outcome,island,percent
Occupancy_Oahu,2005-12-01,87.1,outcome,island,percent
Occupancy_Oahu,2006-01-01,85.0,outcome,island,percent
Occupancy_Oahu,2006-02-01,83.5,outcome,island,percent
Occupancy_Oahu,2006-03-01,84.1,outcome,island,percent
Occupancy_Oahu,2006-04-01,85.4,outcome,island,percent
Occupancy_Oahu,2006-05-01,82.1,outcome,island,percent
Occupancy_Oahu,2006-06-01,85.4,outcome,island,percent
Occupancy_Oahu,2006-07-01,84.4,outcome,island,percent
Occupancy_Oahu,2006-08-01,80.8,outcome,island,percent
Occupancy_Oahu,2006-09-01,81.3,outcome,island,percent
Occupancy_Oahu,2006-10-01,78.2,outcome,island,percent
Occupancy_Oahu,2006-11-01,84.0,outcome,island,percent
Occupancy_Oahu,2006-12-01,79.1,outcome,island,percent
Occupancy_Oahu,2007-01-01,76.0,outcome,island,percent
Occupancy_Oahu,2007-02-01,75.8,outcome,island,percent
Occupancy_Oahu,2007-03-01,77.8,outcome,island,percent
Occupancy_Oahu,2007-04-01,77.7,outcome,island,percent
Occupancy_Oahu,2007-05-01,75.9,outcome,island,percent
Occupancy_Oahu,2007-06-01,78.6,outcome,island,percent
Occupancy_Oahu,2007-07-01,75.3,outcome,island,percent
Occupancy_Oahu,2007-08-01,77.3,outcome,island,percent
Occupancy_Oahu,2007-09-01,79.4,outcome,island,percent
Occupancy_Oahu,2007-10-01,75.9,outcome,island,percent
Occupancy_Oahu,2007-11-01,76.7,outcome,island,percent
Occupancy_Oahu,2007-12-01,76.1,outcome,island,percent
Occupancy_Oahu,2008-01-01,78.1,outcome,island,percent
Occupancy_Oahu,2008-02-01,78.9,outcome,island,percent
Occupancy_Oahu,2008-03-01,77.3,outcome,island,percent
Occupancy_Oahu,2008-04-01,76.7,outcome,island,percent
Occupancy_Oahu,2008-05-01,77.2,outcome,island,percent
Occupancy_Oahu,2008-06-01,74.4,outcome,island,percent
Occupancy_Oahu,2008-07-01,75.6,outcome,island,percent
Occupancy_Oahu,2008-08-01,75.1,outcome,island,percent
Occupancy_Oahu,2008-09-01,69.5,outcome,island,percent
Occupancy_Oahu,2008-10-01,74.0,outcome,island,percent
Occupancy_Oahu,2008-11-01,71.9,outcome,island,percent
Occupancy_Oahu,2008-12-01,70.4,outcome,island,percent
Occupancy_Oahu,2009-01-01,69.4,outcome,island,percent
Occupancy_Oahu,2009-02-01,71.9,outcome,island,percent
Occupancy_Oahu,2009-03-01,69.9,outcome,island,percent
Occupancy_Oahu,2009-04-01,74.8,outcome,island,percent
Occupancy_Oahu,2009-05-01,72.8,outcome,island,percent
Occupancy_Oahu,2009-06-01,67.6,outcome,island,percent
Occupancy_Oahu,2009-07-01,71.4,outcome,island,percent
Occupancy_Oahu,2009-08-01,72.5,outcome,island,percent
Occupancy_Oahu,2009-09-01,73.9,outcome,island,percent
Occupancy_Oahu,2009-10-01,76.1,outcome,island,percent
Occupancy_Oahu,2009-11-01,74.8,outcome,island,percent
Occupancy_Oahu,2009-12-01,74.1,outcome,island,percent
Occupancy_Oahu,2010-01-01,73.3,outcome,island,percent
Occupancy_Oahu,2010-02-01,75.3,outcome,island,percent
Occupancy_Oahu,2010-03-01,76.5,outcome,island,percent
Occupancy_Oahu,2010-04-01,74.6,outcome,island,percent
Occupancy_Oahu,2010-05-01,77.2,outcome,island,percent
Occupancy_Oahu,2010-06-01,79.3,outcome,island,percent
Occupancy_Oahu,2010-07-01,83.0,outcome,island,percent
Occupancy_Oahu,2010-08-01,78.6,outcome,island,percent
Occupancy_Oahu,2010-09-01,80.7,outcome,island,percent
Occupancy_Oahu,2010-10-01,79.0,outcome,island,percent
Occupancy_Oahu,2010-11-01,78.8,outcome,island,percent
Occupancy_Oahu,2010-12-01,82.0,outcome,island,percent
Occupancy_Oahu,2011-01-01,81.5,outcome,island,percent
Occupancy_Oahu,2011-02-01,81.3,outcome,island,percent
Occupancy_Oahu,2011-03-01,79.7,outcome,island,percent
Occupancy_Oahu,2011-04-01,78.9,outcome,island,percent
Occupancy_Oahu,2011-05-01,79.5,outcome,island,percent
Occupancy_Oahu,2011-06-01,78.2,outcome,island,percent
Occupancy_Oahu,2011-07-01,77.7,outcome,island,percent
Occupancy_Oahu,2011-08-01,81.9,outcome,island,percent
Occupancy_Oahu,2011-09-01,83.2,outcome,island,percent
Occupancy_Oahu,2011-10-01,82.4,outcome,island,percent
Occupancy_Oahu,2011-11-01,81.5,outcome,island,percent
Occupancy_Oahu,2011-12-01,83.6,outcome,island,percent
Occupancy_Oahu,2012-01-01,87.2,outcome,island,percent
Occupancy_Oahu,2012-02-01,82.8,outcome,island,percent
Occupancy_Oahu,2012-03-01,84.8,outcome,island,percent
Occupancy_Oahu,2012-04-01,82.5,outcome,island,percent
Occupancy_Oahu,2012-05-01,86.2,outcome,island,percent
Occupancy_Oahu,2012-06-01,84.5,outcome,island,percent
Occupancy_Oahu,2012-07-01,85.7,outcome,island,percent
Occupancy_Oahu,2012-08-01,85.1,outcome,island,percent
Occupancy_Oahu,2012-09-01,83.7,outcome,island,percent
Occupancy_Oahu,2012-10-01,83.3,outcome,island,percent
Occupancy_Oahu,2012-11-01,85.3,outcome,island,percent
Occupancy_Oahu,2012-12-01,85.1,outcome,island,percent
Occupancy_Oahu,2013-01-01,86.5,outcome,island,percent
Occupancy_Oahu,2013-02-01,85.1,outcome,island,percent
Occupancy_Oahu,2013-03-01,84.3,outcome,island,percent
Occupancy_Oahu,2013-04-01,85.9,outcome,island,percent
Occupancy_Oahu,2013-05-01,83.9,outcome,island,percent
Occupancy_Oahu,2013-06-01,83.2,outcome,island,percent
Occupancy_Oahu,2013-07-01,82.0,outcome,island,percent
Occupancy_Oahu,2013-08-01,84.8,outcome,island,percent
Occupancy_Oahu,2013-09-01,83.3,outcome,island,percent
Occupancy_Oahu,2013-10-01,82.0,outcome,island,percent
Occupancy_Oahu,2013-11-01,82.9,outcome,island,percent
Occupancy_Oahu,2013-12-01,81.7,outcome,island,percent
Occupancy_Oahu,2014-01-01,85.0,outcome,island,percent
Occupancy_Oahu,2014-02-01,85.3,outcome,island,percent
Occupancy_Oahu,2014-03-01,84.7,outcome,island,percent
Occupancy_Oahu,2014-04-01,82.1,outcome,island,percent
Occupancy_Oahu,2014-05-01,83.5,outcome,island,percent
Occupancy_Oahu,2014-06-01,84.8,outcome,island,percent
Occupancy_Oahu,2014-07-01,84.8,outcome,island,percent
Occupancy_Oahu,2014-08-01,84.1,outcome,island,percent
Occupancy_Oahu,2014-09-01,85.1,outcome,island,percent
Occupancy_Oahu,2014-10-01,85.6,outcome,island,percent
Occupancy_Oahu,2014-11-01,83.5,outcome,island,percent
Occupancy_Oahu,2014-12-01,83.4,outcome,island,percent
Occupancy_Oahu,2015-01-01,81.7,outcome,island,percent
Occupancy_Oahu,2015-02-01,82.8,outcome,island,percent
Occupancy_Oahu,2015-03-01,85.0,outcome,island,percent
Occupancy_Oahu,2015-04-01,83.4,outcome,island,percent
Occupancy_Oahu,2015-05-01,87.0,outcome,island,percent
Occupancy_Oahu,2015-06-01,87.3,outcome,island,percent
Occupancy_Oahu,2015-07-01,82.4,outcome,island,percent
Occupancy_Oahu,2015-08-01,84.2,outcome,island,percent
Occupancy_Oahu,2015-09-01,85.2,outcome,island,percent
Occupancy_Oahu,2015-10-01,88.0,outcome,island,percent
Occupancy_Oahu,2015-11-01,87.7,outcome,island,percent
Occupancy_Oahu,2015-12-01,89.2,outcome,island,percent
Occupancy_Oahu,2016-01-01,85.0,outcome,island,percent
Occupancy_Oahu,2016-02-01,83.3,outcome,island,percent
Occupancy_Oahu,2016-03-01,83.7,outcome,island,percent
Occupancy_Oahu,2016-04-01,85.2,outcome,island,percent
Occupancy_Oahu,2016-05-01,85.1,outcome,island,percent
Occupancy_Oahu,2016-06-01,83.3,outcome,island,percent
Occupancy_Oahu,2016-07-01,82.9,outcome,island,percent
Occupancy_Oahu,2016-08-01,83.2,outcome,island,percent
Occupancy_Oahu,2016-09-01,84.8,outcome,island,percent
Occupancy_Oahu,2016-10-01,85.5,outcome,island,percent
Occupancy_Oahu,2016-11-01,84.7,outcome,island,percent
Occupancy_Oahu,2016-12-01,85.0,outcome,island,percent
Occupancy_Oahu,2017-01-01,84.2,outcome,island,percent
Occupancy_Oahu,2017-02-01,82.6,outcome,island,percent
Occupancy_Oahu,2017-03-01,81.6,outcome,island,percent
Occupancy_Oahu,2017-04-01,83.1,outcome,island,percent
Occupancy_Oahu,2017-05-01,83.6,outcome,island,percent
Occupancy_Oahu,2017-06-01,84.6,outcome,island,percent
Occupancy_Oahu,2017-07-01,83.3,outcome,island,percent
Occupancy_Oahu,2017-08-01,82.7,outcome,island,percent
Occupancy_Oahu,2017-09-01,82.9,outcome,island,percent
Occupancy_Oahu,2017-10-01,83.9,outcome,island,percent
Occupancy_Oahu,2017-11-01,86.0,outcome,island,percent
Occupancy_Oahu,2017-12-01,84.0,outcome,island,percent
Occupancy_Oahu,2018-01-01,84.5,outcome,island,percent
Occupancy_Oahu,2018-02-01,84.4,outcome,island,percent
Occupancy_Oahu,2018-03-01,84.7,outcome,island,percent
Occupancy_Oahu,2018-04-01,85.2,outcome,island,percent
Occupancy_Oahu,2018-05-01,85.8,outcome,island,percent
Occupancy_Oahu,2018-06-01,84.6,outcome,island,percent
Occupancy_Oahu,2018-07-01,81.8,outcome,island,percent
Occupancy_Oahu,2018-08-01,81.5,outcome,island,percent
Occupancy_Oahu,2018-09-01,83.2,outcome,island,percent
Occupancy_Oahu,2018-10-01,83.5,outcome,island,percent
Occupancy_Oahu,2018-11-01,83.6,outcome,island,percent
Occupancy_Oahu,2018-12-01,84.0,outcome,island,percent
Occupancy_Oahu,2019-01-01,84.2,outcome,island,percent
Occupancy_Oahu,2019-02-01,83.7,outcome,island,percent
Occupancy_Oahu,2019-03-01,82.5,outcome,island,percent
Occupancy_Oahu,2019-04-01,82.0,outcome,island,percent
Occupancy_Oahu,2019-05-01,85.4,outcome,island,percent
Occupancy_Oahu,2019-06-01,84.6,outcome,island,percent
Occupancy_Oahu,2019-07-01,81.2,outcome,island,percent
Occupancy_Oahu,2019-08-01,85.3,outcome,island,percent
Occupancy_Oahu,2019-09-01,83.0,outcome,island,percent
Occupancy_Oahu,2019-10-01,85.0,outcome,island,percent
Occupancy_Oahu,2019-11-01,86.8,outcome,island,percent
Occupancy_Oahu,2019-12-01,85.7,outcome,island,percent
Occupancy_Oahu,2020-01-01,90.1,outcome,island,percent
Occupancy_Oahu,2020-02-01,83.4,outcome,island,percent
Occupancy_Oahu,2020-03-01,44.0,outcome,island,percent
Occupancy_Oahu,2020-04-01,8.2,outcome,island,percent
Occupancy_Oahu,2020-05-01,13.5,outcome,island,percent
Occupancy_Oahu,2020-06-01,14.8,outcome,island,percent
Occupancy_Oahu,2020-07-01,21.4,outcome,island,percent
Occupancy_Oahu,2020-08-01,25.7,outcome,island,percent
Occupancy_Oahu,2020-09-01,21.0,outcome,island,percent
Occupancy_Oahu,2020-10-01,22.7,outcome,island,percent
Occupancy_Oahu,2020-11-01,24.0,outcome,island,percent
Occupancy_Oahu,2020-12-01,24.5,outcome,island,percent
Occupancy_Oahu,2021-01-01,24.3,outcome,island,percent
Occupancy_Oahu,2021-02-01,28.4,outcome,island,percent
Occupancy_Oahu,2021-03-01,41.4,outcome,island,percent
Occupancy_Oahu,2021-04-01,47.6,outcome,island,percent
Occupancy_Oahu,2021-05-01,61.3,outcome,island,percent
Occupancy_Oahu,2021-06-01,72.3,outcome,island,percent
Occupancy_Oahu,2021-07-01,74.8,outcome,island,percent
Occupancy_Oahu,2021-08-01,69.9,outcome,island,percent
Occupancy_Oahu,2021-09-01,51.1,outcome,island,percent
Occupancy_Oahu,2021-10-01,50.8,outcome,island,percent
Occupancy_Oahu,2021-11-01,57.1,outcome,island,percent
Occupancy_Oahu,2021-12-01,77.8,outcome,island,percent
Occupancy_Oahu,2022-01-01,67.5,outcome,island,percent
Occupancy_Oahu,2022-02-01,69.2,outcome,island,percent
Occupancy_Oahu,2022-03-01,75.5,outcome,island,percent
Occupancy_Oahu,2022-04-01,77.6,outcome,island,percent
Occupancy_Oahu,2022-05-01,77.9,outcome,island,percent
Occupancy_Oahu,2022-06-01,73.9,outcome,island,percent
Occupancy_Oahu,2022-07-01,78.7,outcome,island,percent
Occupancy_Oahu,2022-08-01,78.2,outcome,island,percent
Occupancy_Oahu,2022-09-01,76.0,outcome,island,percent
Occupancy_Oahu,2022-10-01,76.0,outcome,island,percent
Occupancy_Oahu,2022-11-01,76.9,outcome,island,percent
Occupancy_Oahu,2022-12-01,77.1,outcome,island,percent
Occupancy_Oahu,2023-01-01,76.6,outcome,island,percent
Occupancy_Oahu,2023-02-01,76.8,outcome,island,percent
Occupancy_Oahu,2023-03-01,80.8,outcome,island,percent
Occupancy_Oahu,2023-04-01,79.5,outcome,island,percent
Occupancy_Oahu,2023-05-01,80.4,outcome,island,percent
Occupancy_Oahu,2023-06-01,79.5,outcome,island,percent
Occupancy_Oahu,2023-07-01,77.4,outcome,island,percent
Occupancy_Oahu,2023-08-01,80.8,outcome,island,percent
Occupancy_Oahu,2023-09-01,81.9,outcome,island,percent
Occupancy_Oahu,2023-10-01,81.7,outcome,island,percent
Occupancy_Oahu,2023-11-01,81.9,outcome,island,percent
Occupancy_Oahu,2023-12-01,78.0,outcome,island,percent
Occupancy_Oahu,2024-01-01,81.1,outcome,island,percent
Occupancy_Oahu,2024-02-01,81.7,outcome,island,percent
Occupancy_Oahu,2024-03-01,80.1,outcome,island,percent
Occupancy_Oahu,2024-04-01,77.7,outcome,island,percent
Occupancy_Oahu,2024-05-01,80.4,outcome,island,percent
Occupancy_Oahu,2024-06-01,81.8,outcome,island,percent
Occupancy_Oahu,2024-07-01,80.9,outcome,island,percent
Occupancy_Oahu,2024-08-01,79.6,outcome,island,percent
Occupancy_Oahu,2024-09-01,76.9,outcome,island,percent
Occupancy_Oahu,2024-10-01,80.0,outcome,island,percent
Occupancy_Oahu,2024-11-01,78.9,outcome,island,percent
Occupancy_Oahu,2024-12-01,79.1,outcome,island,percent
Occupancy_Oahu,2025-01-01,79.7,outcome,island,percent
Occupancy_Oahu,2025-02-01,80.1,outcome,island,percent
Occupancy_Oahu,2025-03-01,78.9,outcome,island,percent
Occupancy_Oahu,2025-04-01,79.2,outcome,island,percent
Occupancy_Oahu,2025-05-01,78.6,outcome,island,percent
Occupancy_Oahu,2025-06-01,76.6,outcome,island,percent
Occupancy_Oahu,2025-07-01,76.6,outcome,island,percent
Occupancy_Oahu,2025-08-01,77.5,outcome,island,percent
Occupancy_Oahu,2025-09-01,75.5,outcome,island,percent
Occupancy_Oahu,2025-10-01,79.7,outcome,island,percent
Occupancy_Oahu,2025-11-01,78.0,outcome,island,percent
Occupancy_Oahu,2025-12-01,83.8,outcome,island,percent
Occupancy_Oahu,2026-01-01,79.7,outcome,island,percent
Occupancy_Oahu,2026-02-01,76.9,outcome,island,percent
Occupancy_Oahu,2026-03-01,78.6,outcome,island,percent
Occupancy_Oahu,2026-04-01,78.1,outcome,island,percent
Occupancy_Oahu,2026-05-01,79.4,outcome,island,percent
RevPAR_HawaiiIsl,1990-01-01,106.09,outcome,island,dollar
RevPAR_HawaiiIsl,1990-02-01,112.94,outcome,island,dollar
RevPAR_HawaiiIsl,1990-03-01,99.4,outcome,island,dollar
RevPAR_HawaiiIsl,1990-04-01,80.48,outcome,island,dollar
RevPAR_HawaiiIsl,1990-05-01,63.03,outcome,island,dollar
RevPAR_HawaiiIsl,1990-06-01,56.53,outcome,island,dollar
RevPAR_HawaiiIsl,1990-07-01,62.11,outcome,island,dollar
RevPAR_HawaiiIsl,1990-08-01,82.46,outcome,island,dollar
RevPAR_HawaiiIsl,1990-09-01,58.41,outcome,island,dollar
RevPAR_HawaiiIsl,1990-10-01,75.81,outcome,island,dollar
RevPAR_HawaiiIsl,1990-11-01,69.87,outcome,island,dollar
RevPAR_HawaiiIsl,1990-12-01,70.02,outcome,island,dollar
RevPAR_HawaiiIsl,1991-01-01,82.68,outcome,island,dollar
RevPAR_HawaiiIsl,1991-02-01,87.02,outcome,island,dollar
RevPAR_HawaiiIsl,1991-03-01,84.78,outcome,island,dollar
RevPAR_HawaiiIsl,1991-04-01,82.09,outcome,island,dollar
RevPAR_HawaiiIsl,1991-05-01,63.1,outcome,island,dollar
RevPAR_HawaiiIsl,1991-06-01,56.45,outcome,island,dollar
RevPAR_HawaiiIsl,1991-07-01,80.8,outcome,island,dollar
RevPAR_HawaiiIsl,1991-08-01,79.12,outcome,island,dollar
RevPAR_HawaiiIsl,1991-09-01,46.4,outcome,island,dollar
RevPAR_HawaiiIsl,1991-10-01,57.99,outcome,island,dollar
RevPAR_HawaiiIsl,1991-11-01,61.9,outcome,island,dollar
RevPAR_HawaiiIsl,1991-12-01,66.45,outcome,island,dollar
RevPAR_HawaiiIsl,1992-01-01,73.5,outcome,island,dollar
RevPAR_HawaiiIsl,1992-02-01,84.06,outcome,island,dollar
RevPAR_HawaiiIsl,1992-03-01,72.36,outcome,island,dollar
RevPAR_HawaiiIsl,1992-04-01,72.46,outcome,island,dollar
RevPAR_HawaiiIsl,1992-05-01,52.21,outcome,island,dollar
RevPAR_HawaiiIsl,1992-06-01,54.93,outcome,island,dollar
RevPAR_HawaiiIsl,1992-07-01,56.49,outcome,island,dollar
RevPAR_HawaiiIsl,1992-08-01,71.44,outcome,island,dollar
RevPAR_HawaiiIsl,1992-09-01,63.78,outcome,island,dollar
RevPAR_HawaiiIsl,1992-10-01,82.92,outcome,island,dollar
RevPAR_HawaiiIsl,1992-11-01,82.13,outcome,island,dollar
RevPAR_HawaiiIsl,1992-12-01,78.17,outcome,island,dollar
RevPAR_HawaiiIsl,1993-01-01,67.99,outcome,island,dollar
RevPAR_HawaiiIsl,1993-02-01,93.22,outcome,island,dollar
RevPAR_HawaiiIsl,1993-03-01,79.76,outcome,island,dollar
RevPAR_HawaiiIsl,1993-04-01,73.68,outcome,island,dollar
RevPAR_HawaiiIsl,1993-05-01,59.11,outcome,island,dollar
RevPAR_HawaiiIsl,1993-06-01,54.91,outcome,island,dollar
RevPAR_HawaiiIsl,1993-07-01,70.59,outcome,island,dollar
RevPAR_HawaiiIsl,1993-08-01,84.85,outcome,island,dollar
RevPAR_HawaiiIsl,1993-09-01,52.63,outcome,island,dollar
RevPAR_HawaiiIsl,1993-10-01,61.47,outcome,island,dollar
RevPAR_HawaiiIsl,1993-11-01,63.28,outcome,island,dollar
RevPAR_HawaiiIsl,1993-12-01,57.7,outcome,island,dollar
RevPAR_HawaiiIsl,1994-01-01,68.9,outcome,island,dollar
RevPAR_HawaiiIsl,1994-02-01,91.54,outcome,island,dollar
RevPAR_HawaiiIsl,1994-03-01,97.88,outcome,island,dollar
RevPAR_HawaiiIsl,1994-04-01,83.24,outcome,island,dollar
RevPAR_HawaiiIsl,1994-05-01,64.61,outcome,island,dollar
RevPAR_HawaiiIsl,1994-06-01,59.93,outcome,island,dollar
RevPAR_HawaiiIsl,1994-07-01,75.12,outcome,island,dollar
RevPAR_HawaiiIsl,1994-08-01,88.69,outcome,island,dollar
RevPAR_HawaiiIsl,1994-09-01,66.39,outcome,island,dollar
RevPAR_HawaiiIsl,1994-10-01,69.11,outcome,island,dollar
RevPAR_HawaiiIsl,1994-11-01,69.34,outcome,island,dollar
RevPAR_HawaiiIsl,1994-12-01,69.27,outcome,island,dollar
RevPAR_HawaiiIsl,1995-01-01,75.36,outcome,island,dollar
RevPAR_HawaiiIsl,1995-02-01,102.19,outcome,island,dollar
RevPAR_HawaiiIsl,1995-03-01,87.24,outcome,island,dollar
RevPAR_HawaiiIsl,1995-04-01,72.61,outcome,island,dollar
RevPAR_HawaiiIsl,1995-05-01,57.1,outcome,island,dollar
RevPAR_HawaiiIsl,1995-06-01,56.65,outcome,island,dollar
RevPAR_HawaiiIsl,1995-07-01,70.17,outcome,island,dollar
RevPAR_HawaiiIsl,1995-08-01,65.03,outcome,island,dollar
RevPAR_HawaiiIsl,1995-09-01,50.11,outcome,island,dollar
RevPAR_HawaiiIsl,1995-10-01,67.15,outcome,island,dollar
RevPAR_HawaiiIsl,1995-11-01,64.19,outcome,island,dollar
RevPAR_HawaiiIsl,1995-12-01,68.26,outcome,island,dollar
RevPAR_HawaiiIsl,1996-01-01,79.2,outcome,island,dollar
RevPAR_HawaiiIsl,1996-02-01,92.45,outcome,island,dollar
RevPAR_HawaiiIsl,1996-03-01,77.83,outcome,island,dollar
RevPAR_HawaiiIsl,1996-04-01,73.74,outcome,island,dollar
RevPAR_HawaiiIsl,1996-05-01,60.36,outcome,island,dollar
RevPAR_HawaiiIsl,1996-06-01,69.66,outcome,island,dollar
RevPAR_HawaiiIsl,1996-07-01,70.32,outcome,island,dollar
RevPAR_HawaiiIsl,1996-08-01,75.43,outcome,island,dollar
RevPAR_HawaiiIsl,1996-09-01,61.28,outcome,island,dollar
RevPAR_HawaiiIsl,1996-10-01,72.07,outcome,island,dollar
RevPAR_HawaiiIsl,1996-11-01,67.35,outcome,island,dollar
RevPAR_HawaiiIsl,1996-12-01,78.54,outcome,island,dollar
RevPAR_HawaiiIsl,1997-01-01,88.89,outcome,island,dollar
RevPAR_HawaiiIsl,1997-02-01,105.89,outcome,island,dollar
RevPAR_HawaiiIsl,1997-03-01,97.66,outcome,island,dollar
RevPAR_HawaiiIsl,1997-04-01,85.03,outcome,island,dollar
RevPAR_HawaiiIsl,1997-05-01,69.53,outcome,island,dollar
RevPAR_HawaiiIsl,1997-06-01,72.48,outcome,island,dollar
RevPAR_HawaiiIsl,1997-07-01,84.31,outcome,island,dollar
RevPAR_HawaiiIsl,1997-08-01,93.17,outcome,island,dollar
RevPAR_HawaiiIsl,1997-09-01,73.21,outcome,island,dollar
RevPAR_HawaiiIsl,1997-10-01,76.95,outcome,island,dollar
RevPAR_HawaiiIsl,1997-11-01,78.21,outcome,island,dollar
RevPAR_HawaiiIsl,1997-12-01,90.33,outcome,island,dollar
RevPAR_HawaiiIsl,1998-01-01,112.91,outcome,island,dollar
RevPAR_HawaiiIsl,1998-02-01,125.09,outcome,island,dollar
RevPAR_HawaiiIsl,1998-03-01,121.62,outcome,island,dollar
RevPAR_HawaiiIsl,1998-04-01,99.97,outcome,island,dollar
RevPAR_HawaiiIsl,1998-05-01,96.75,outcome,island,dollar
RevPAR_HawaiiIsl,1998-06-01,84.04,outcome,island,dollar
RevPAR_HawaiiIsl,1998-07-01,101.6,outcome,island,dollar
RevPAR_HawaiiIsl,1998-08-01,102.89,outcome,island,dollar
RevPAR_HawaiiIsl,1998-09-01,82.78,outcome,island,dollar
RevPAR_HawaiiIsl,1998-10-01,91.78,outcome,island,dollar
RevPAR_HawaiiIsl,1998-11-01,78.37,outcome,island,dollar
RevPAR_HawaiiIsl,1998-12-01,103.77,outcome,island,dollar
RevPAR_HawaiiIsl,1999-01-01,115.79,outcome,island,dollar
RevPAR_HawaiiIsl,1999-02-01,128.5,outcome,island,dollar
RevPAR_HawaiiIsl,1999-03-01,117.35,outcome,island,dollar
RevPAR_HawaiiIsl,1999-04-01,97.25,outcome,island,dollar
RevPAR_HawaiiIsl,1999-05-01,82.34,outcome,island,dollar
RevPAR_HawaiiIsl,1999-06-01,91.7,outcome,island,dollar
RevPAR_HawaiiIsl,1999-07-01,106.48,outcome,island,dollar
RevPAR_HawaiiIsl,1999-08-01,121.96,outcome,island,dollar
RevPAR_HawaiiIsl,1999-09-01,97.58,outcome,island,dollar
RevPAR_HawaiiIsl,1999-10-01,98.56,outcome,island,dollar
RevPAR_HawaiiIsl,1999-11-01,99.34,outcome,island,dollar
RevPAR_HawaiiIsl,1999-12-01,112.87,outcome,island,dollar
RevPAR_HawaiiIsl,2000-01-01,114.86,outcome,island,dollar
RevPAR_HawaiiIsl,2000-02-01,148.11,outcome,island,dollar
RevPAR_HawaiiIsl,2000-03-01,143.36,outcome,island,dollar
RevPAR_HawaiiIsl,2000-04-01,119.67,outcome,island,dollar
RevPAR_HawaiiIsl,2000-05-01,103.66,outcome,island,dollar
RevPAR_HawaiiIsl,2000-06-01,105.45,outcome,island,dollar
RevPAR_HawaiiIsl,2000-07-01,126.75,outcome,island,dollar
RevPAR_HawaiiIsl,2000-08-01,123.85,outcome,island,dollar
RevPAR_HawaiiIsl,2000-09-01,96.06,outcome,island,dollar
RevPAR_HawaiiIsl,2000-10-01,109.0,outcome,island,dollar
RevPAR_HawaiiIsl,2000-11-01,109.52,outcome,island,dollar
RevPAR_HawaiiIsl,2000-12-01,120.96,outcome,island,dollar
RevPAR_HawaiiIsl,2001-01-01,128.28,outcome,island,dollar
RevPAR_HawaiiIsl,2001-02-01,157.88,outcome,island,dollar
RevPAR_HawaiiIsl,2001-03-01,140.1,outcome,island,dollar
RevPAR_HawaiiIsl,2001-04-01,110.99,outcome,island,dollar
RevPAR_HawaiiIsl,2001-05-01,95.73,outcome,island,dollar
RevPAR_HawaiiIsl,2001-06-01,103.56,outcome,island,dollar
RevPAR_HawaiiIsl,2001-07-01,123.11,outcome,island,dollar
RevPAR_HawaiiIsl,2001-08-01,130.77,outcome,island,dollar
RevPAR_HawaiiIsl,2001-09-01,76.62,outcome,island,dollar
RevPAR_HawaiiIsl,2001-10-01,78.23,outcome,island,dollar
RevPAR_HawaiiIsl,2001-11-01,80.61,outcome,island,dollar
RevPAR_HawaiiIsl,2001-12-01,105.44,outcome,island,dollar
RevPAR_HawaiiIsl,2002-01-01,116.84,outcome,island,dollar
RevPAR_HawaiiIsl,2002-02-01,130.41,outcome,island,dollar
RevPAR_HawaiiIsl,2002-03-01,125.4,outcome,island,dollar
RevPAR_HawaiiIsl,2002-04-01,104.38,outcome,island,dollar
RevPAR_HawaiiIsl,2002-05-01,83.27,outcome,island,dollar
RevPAR_HawaiiIsl,2002-06-01,103.2,outcome,island,dollar
RevPAR_HawaiiIsl,2002-07-01,112.0,outcome,island,dollar
RevPAR_HawaiiIsl,2002-08-01,133.78,outcome,island,dollar
RevPAR_HawaiiIsl,2002-09-01,78.37,outcome,island,dollar
RevPAR_HawaiiIsl,2002-10-01,98.57,outcome,island,dollar
RevPAR_HawaiiIsl,2002-11-01,90.82,outcome,island,dollar
RevPAR_HawaiiIsl,2002-12-01,119.87,outcome,island,dollar
RevPAR_HawaiiIsl,2003-01-01,106.69,outcome,island,dollar
RevPAR_HawaiiIsl,2003-02-01,113.94,outcome,island,dollar
RevPAR_HawaiiIsl,2003-03-01,119.38,outcome,island,dollar
RevPAR_HawaiiIsl,2003-04-01,106.46,outcome,island,dollar
RevPAR_HawaiiIsl,2003-05-01,78.34,outcome,island,dollar
RevPAR_HawaiiIsl,2003-06-01,92.12,outcome,island,dollar
RevPAR_HawaiiIsl,2003-07-01,111.81,outcome,island,dollar
RevPAR_HawaiiIsl,2003-08-01,126.91,outcome,island,dollar
RevPAR_HawaiiIsl,2003-09-01,79.1,outcome,island,dollar
RevPAR_HawaiiIsl,2003-10-01,90.2,outcome,island,dollar
RevPAR_HawaiiIsl,2003-11-01,88.17,outcome,island,dollar
RevPAR_HawaiiIsl,2003-12-01,113.86,outcome,island,dollar
RevPAR_HawaiiIsl,2004-01-01,117.75,outcome,island,dollar
RevPAR_HawaiiIsl,2004-02-01,123.45,outcome,island,dollar
RevPAR_HawaiiIsl,2004-03-01,131.5,outcome,island,dollar
RevPAR_HawaiiIsl,2004-04-01,121.73,outcome,island,dollar
RevPAR_HawaiiIsl,2004-05-01,95.73,outcome,island,dollar
RevPAR_HawaiiIsl,2004-06-01,114.07,outcome,island,dollar
RevPAR_HawaiiIsl,2004-07-01,129.69,outcome,island,dollar
RevPAR_HawaiiIsl,2004-08-01,135.78,outcome,island,dollar
RevPAR_HawaiiIsl,2004-09-01,94.99,outcome,island,dollar
RevPAR_HawaiiIsl,2004-10-01,101.15,outcome,island,dollar
RevPAR_HawaiiIsl,2004-11-01,99.24,outcome,island,dollar
RevPAR_HawaiiIsl,2004-12-01,122.67,outcome,island,dollar
RevPAR_HawaiiIsl,2005-01-01,131.65,outcome,island,dollar
RevPAR_HawaiiIsl,2005-02-01,145.07,outcome,island,dollar
RevPAR_HawaiiIsl,2005-03-01,144.27,outcome,island,dollar
RevPAR_HawaiiIsl,2005-04-01,118.17,outcome,island,dollar
RevPAR_HawaiiIsl,2005-05-01,105.53,outcome,island,dollar
RevPAR_HawaiiIsl,2005-06-01,117.19,outcome,island,dollar
RevPAR_HawaiiIsl,2005-07-01,136.51,outcome,island,dollar
RevPAR_HawaiiIsl,2005-08-01,140.0,outcome,island,dollar
RevPAR_HawaiiIsl,2005-09-01,97.72,outcome,island,dollar
RevPAR_HawaiiIsl,2005-10-01,112.1,outcome,island,dollar
RevPAR_HawaiiIsl,2005-11-01,110.21,outcome,island,dollar
RevPAR_HawaiiIsl,2005-12-01,140.59,outcome,island,dollar
RevPAR_HawaiiIsl,2006-01-01,143.93,outcome,island,dollar
RevPAR_HawaiiIsl,2006-02-01,161.02,outcome,island,dollar
RevPAR_HawaiiIsl,2006-03-01,150.09,outcome,island,dollar
RevPAR_HawaiiIsl,2006-04-01,132.53,outcome,island,dollar
RevPAR_HawaiiIsl,2006-05-01,119.2,outcome,island,dollar
RevPAR_HawaiiIsl,2006-06-01,134.22,outcome,island,dollar
RevPAR_HawaiiIsl,2006-07-01,151.71,outcome,island,dollar
RevPAR_HawaiiIsl,2006-08-01,155.17,outcome,island,dollar
RevPAR_HawaiiIsl,2006-09-01,111.18,outcome,island,dollar
RevPAR_HawaiiIsl,2006-10-01,115.37,outcome,island,dollar
RevPAR_HawaiiIsl,2006-11-01,112.88,outcome,island,dollar
RevPAR_HawaiiIsl,2006-12-01,143.39,outcome,island,dollar
RevPAR_HawaiiIsl,2007-01-01,144.66,outcome,island,dollar
RevPAR_HawaiiIsl,2007-02-01,154.0,outcome,island,dollar
RevPAR_HawaiiIsl,2007-03-01,168.37,outcome,island,dollar
RevPAR_HawaiiIsl,2007-04-01,136.23,outcome,island,dollar
RevPAR_HawaiiIsl,2007-05-01,112.03,outcome,island,dollar
RevPAR_HawaiiIsl,2007-06-01,130.48,outcome,island,dollar
RevPAR_HawaiiIsl,2007-07-01,153.34,outcome,island,dollar
RevPAR_HawaiiIsl,2007-08-01,152.49,outcome,island,dollar
RevPAR_HawaiiIsl,2007-09-01,101.83,outcome,island,dollar
RevPAR_HawaiiIsl,2007-10-01,119.55,outcome,island,dollar
RevPAR_HawaiiIsl,2007-11-01,116.12,outcome,island,dollar
RevPAR_HawaiiIsl,2007-12-01,152.31,outcome,island,dollar
RevPAR_HawaiiIsl,2008-01-01,159.64,outcome,island,dollar
RevPAR_HawaiiIsl,2008-02-01,168.06,outcome,island,dollar
RevPAR_HawaiiIsl,2008-03-01,160.73,outcome,island,dollar
RevPAR_HawaiiIsl,2008-04-01,119.87,outcome,island,dollar
RevPAR_HawaiiIsl,2008-05-01,108.5,outcome,island,dollar
RevPAR_HawaiiIsl,2008-06-01,115.93,outcome,island,dollar
RevPAR_HawaiiIsl,2008-07-01,120.28,outcome,island,dollar
RevPAR_HawaiiIsl,2008-08-01,134.61,outcome,island,dollar
RevPAR_HawaiiIsl,2008-09-01,80.34,outcome,island,dollar
RevPAR_HawaiiIsl,2008-10-01,92.15,outcome,island,dollar
RevPAR_HawaiiIsl,2008-11-01,88.26,outcome,island,dollar
RevPAR_HawaiiIsl,2008-12-01,113.32,outcome,island,dollar
RevPAR_HawaiiIsl,2009-01-01,111.22,outcome,island,dollar
RevPAR_HawaiiIsl,2009-02-01,121.02,outcome,island,dollar
RevPAR_HawaiiIsl,2009-03-01,107.68,outcome,island,dollar
RevPAR_HawaiiIsl,2009-04-01,107.01,outcome,island,dollar
RevPAR_HawaiiIsl,2009-05-01,80.36,outcome,island,dollar
RevPAR_HawaiiIsl,2009-06-01,89.26,outcome,island,dollar
RevPAR_HawaiiIsl,2009-07-01,100.56,outcome,island,dollar
RevPAR_HawaiiIsl,2009-08-01,109.77,outcome,island,dollar
RevPAR_HawaiiIsl,2009-09-01,79.14,outcome,island,dollar
RevPAR_HawaiiIsl,2009-10-01,89.74,outcome,island,dollar
RevPAR_HawaiiIsl,2009-11-01,80.51,outcome,island,dollar
RevPAR_HawaiiIsl,2009-12-01,114.51,outcome,island,dollar
RevPAR_HawaiiIsl,2010-01-01,99.48,outcome,island,dollar
RevPAR_HawaiiIsl,2010-02-01,117.3,outcome,island,dollar
RevPAR_HawaiiIsl,2010-03-01,104.89,outcome,island,dollar
RevPAR_HawaiiIsl,2010-04-01,109.14,outcome,island,dollar
RevPAR_HawaiiIsl,2010-05-01,79.42,outcome,island,dollar
RevPAR_HawaiiIsl,2010-06-01,99.69,outcome,island,dollar
RevPAR_HawaiiIsl,2010-07-01,114.43,outcome,island,dollar
RevPAR_HawaiiIsl,2010-08-01,115.93,outcome,island,dollar
RevPAR_HawaiiIsl,2010-09-01,81.24,outcome,island,dollar
RevPAR_HawaiiIsl,2010-10-01,98.92,outcome,island,dollar
RevPAR_HawaiiIsl,2010-11-01,96.73,outcome,island,dollar
RevPAR_HawaiiIsl,2010-12-01,123.49,outcome,island,dollar
RevPAR_HawaiiIsl,2011-01-01,121.29,outcome,island,dollar
RevPAR_HawaiiIsl,2011-02-01,144.44,outcome,island,dollar
RevPAR_HawaiiIsl,2011-03-01,105.73,outcome,island,dollar
RevPAR_HawaiiIsl,2011-04-01,92.24,outcome,island,dollar
RevPAR_HawaiiIsl,2011-05-01,85.27,outcome,island,dollar
RevPAR_HawaiiIsl,2011-06-01,97.92,outcome,island,dollar
RevPAR_HawaiiIsl,2011-07-01,119.66,outcome,island,dollar
RevPAR_HawaiiIsl,2011-08-01,113.1,outcome,island,dollar
RevPAR_HawaiiIsl,2011-09-01,92.72,outcome,island,dollar
RevPAR_HawaiiIsl,2011-10-01,90.74,outcome,island,dollar
RevPAR_HawaiiIsl,2011-11-01,97.74,outcome,island,dollar
RevPAR_HawaiiIsl,2011-12-01,140.66,outcome,island,dollar
RevPAR_HawaiiIsl,2012-01-01,125.32,outcome,island,dollar
RevPAR_HawaiiIsl,2012-02-01,146.86,outcome,island,dollar
RevPAR_HawaiiIsl,2012-03-01,132.53,outcome,island,dollar
RevPAR_HawaiiIsl,2012-04-01,114.79,outcome,island,dollar
RevPAR_HawaiiIsl,2012-05-01,96.18,outcome,island,dollar
RevPAR_HawaiiIsl,2012-06-01,114.03,outcome,island,dollar
RevPAR_HawaiiIsl,2012-07-01,122.37,outcome,island,dollar
RevPAR_HawaiiIsl,2012-08-01,130.83,outcome,island,dollar
RevPAR_HawaiiIsl,2012-09-01,88.5,outcome,island,dollar
RevPAR_HawaiiIsl,2012-10-01,109.38,outcome,island,dollar
RevPAR_HawaiiIsl,2012-11-01,112.26,outcome,island,dollar
RevPAR_HawaiiIsl,2012-12-01,141.23,outcome,island,dollar
RevPAR_HawaiiIsl,2013-01-01,163.0,outcome,island,dollar
RevPAR_HawaiiIsl,2013-02-01,181.73,outcome,island,dollar
RevPAR_HawaiiIsl,2013-03-01,163.26,outcome,island,dollar
RevPAR_HawaiiIsl,2013-04-01,124.09,outcome,island,dollar
RevPAR_HawaiiIsl,2013-05-01,102.59,outcome,island,dollar
RevPAR_HawaiiIsl,2013-06-01,121.96,outcome,island,dollar
RevPAR_HawaiiIsl,2013-07-01,134.94,outcome,island,dollar
RevPAR_HawaiiIsl,2013-08-01,147.62,outcome,island,dollar
RevPAR_HawaiiIsl,2013-09-01,99.71,outcome,island,dollar
RevPAR_HawaiiIsl,2013-10-01,114.16,outcome,island,dollar
RevPAR_HawaiiIsl,2013-11-01,110.19,outcome,island,dollar
RevPAR_HawaiiIsl,2013-12-01,161.79,outcome,island,dollar
RevPAR_HawaiiIsl,2014-01-01,165.05,outcome,island,dollar
RevPAR_HawaiiIsl,2014-02-01,182.93,outcome,island,dollar
RevPAR_HawaiiIsl,2014-03-01,157.68,outcome,island,dollar
RevPAR_HawaiiIsl,2014-04-01,138.89,outcome,island,dollar
RevPAR_HawaiiIsl,2014-05-01,112.26,outcome,island,dollar
RevPAR_HawaiiIsl,2014-06-01,125.21,outcome,island,dollar
RevPAR_HawaiiIsl,2014-07-01,149.42,outcome,island,dollar
RevPAR_HawaiiIsl,2014-08-01,142.57,outcome,island,dollar
RevPAR_HawaiiIsl,2014-09-01,128.91,outcome,island,dollar
RevPAR_HawaiiIsl,2014-10-01,101.91,outcome,island,dollar
RevPAR_HawaiiIsl,2014-11-01,124.81,outcome,island,dollar
RevPAR_HawaiiIsl,2014-12-01,168.11,outcome,island,dollar
RevPAR_HawaiiIsl,2015-01-01,164.46,outcome,island,dollar
RevPAR_HawaiiIsl,2015-02-01,193.11,outcome,island,dollar
RevPAR_HawaiiIsl,2015-03-01,173.16,outcome,island,dollar
RevPAR_HawaiiIsl,2015-04-01,147.58,outcome,island,dollar
RevPAR_HawaiiIsl,2015-05-01,125.61,outcome,island,dollar
RevPAR_HawaiiIsl,2015-06-01,148.52,outcome,island,dollar
RevPAR_HawaiiIsl,2015-07-01,164.92,outcome,island,dollar
RevPAR_HawaiiIsl,2015-08-01,160.36,outcome,island,dollar
RevPAR_HawaiiIsl,2015-09-01,112.16,outcome,island,dollar
RevPAR_HawaiiIsl,2015-10-01,128.31,outcome,island,dollar
RevPAR_HawaiiIsl,2015-11-01,126.41,outcome,island,dollar
RevPAR_HawaiiIsl,2015-12-01,187.57,outcome,island,dollar
RevPAR_HawaiiIsl,2016-01-01,190.91,outcome,island,dollar
RevPAR_HawaiiIsl,2016-02-01,196.99,outcome,island,dollar
RevPAR_HawaiiIsl,2016-03-01,176.81,outcome,island,dollar
RevPAR_HawaiiIsl,2016-04-01,154.13,outcome,island,dollar
RevPAR_HawaiiIsl,2016-05-01,130.6,outcome,island,dollar
RevPAR_HawaiiIsl,2016-06-01,158.43,outcome,island,dollar
RevPAR_HawaiiIsl,2016-07-01,174.14,outcome,island,dollar
RevPAR_HawaiiIsl,2016-08-01,168.49,outcome,island,dollar
RevPAR_HawaiiIsl,2016-09-01,131.56,outcome,island,dollar
RevPAR_HawaiiIsl,2016-10-01,147.5,outcome,island,dollar
RevPAR_HawaiiIsl,2016-11-01,148.04,outcome,island,dollar
RevPAR_HawaiiIsl,2016-12-01,218.13,outcome,island,dollar
RevPAR_HawaiiIsl,2017-01-01,215.48,outcome,island,dollar
RevPAR_HawaiiIsl,2017-02-01,221.53,outcome,island,dollar
RevPAR_HawaiiIsl,2017-03-01,199.36,outcome,island,dollar
RevPAR_HawaiiIsl,2017-04-01,176.5,outcome,island,dollar
RevPAR_HawaiiIsl,2017-05-01,157.95,outcome,island,dollar
RevPAR_HawaiiIsl,2017-06-01,178.79,outcome,island,dollar
RevPAR_HawaiiIsl,2017-07-01,194.6,outcome,island,dollar
RevPAR_HawaiiIsl,2017-08-01,183.37,outcome,island,dollar
RevPAR_HawaiiIsl,2017-09-01,139.27,outcome,island,dollar
RevPAR_HawaiiIsl,2017-10-01,168.25,outcome,island,dollar
RevPAR_HawaiiIsl,2017-11-01,168.56,outcome,island,dollar
RevPAR_HawaiiIsl,2017-12-01,232.96,outcome,island,dollar
RevPAR_HawaiiIsl,2018-01-01,231.56,outcome,island,dollar
RevPAR_HawaiiIsl,2018-02-01,262.71,outcome,island,dollar
RevPAR_HawaiiIsl,2018-03-01,236.78,outcome,island,dollar
RevPAR_HawaiiIsl,2018-04-01,199.18,outcome,island,dollar
RevPAR_HawaiiIsl,2018-05-01,166.18,outcome,island,dollar
RevPAR_HawaiiIsl,2018-06-01,163.91,outcome,island,dollar
RevPAR_HawaiiIsl,2018-07-01,183.0,outcome,island,dollar
RevPAR_HawaiiIsl,2018-08-01,164.18,outcome,island,dollar
RevPAR_HawaiiIsl,2018-09-01,121.9,outcome,island,dollar
RevPAR_HawaiiIsl,2018-10-01,156.19,outcome,island,dollar
RevPAR_HawaiiIsl,2018-11-01,160.15,outcome,island,dollar
RevPAR_HawaiiIsl,2018-12-01,214.4,outcome,island,dollar
RevPAR_HawaiiIsl,2019-01-01,228.97,outcome,island,dollar
RevPAR_HawaiiIsl,2019-02-01,232.96,outcome,island,dollar
RevPAR_HawaiiIsl,2019-03-01,215.54,outcome,island,dollar
RevPAR_HawaiiIsl,2019-04-01,197.13,outcome,island,dollar
RevPAR_HawaiiIsl,2019-05-01,168.45,outcome,island,dollar
RevPAR_HawaiiIsl,2019-06-01,196.49,outcome,island,dollar
RevPAR_HawaiiIsl,2019-07-01,222.59,outcome,island,dollar
RevPAR_HawaiiIsl,2019-08-01,227.36,outcome,island,dollar
RevPAR_HawaiiIsl,2019-09-01,149.91,outcome,island,dollar
RevPAR_HawaiiIsl,2019-10-01,177.19,outcome,island,dollar
RevPAR_HawaiiIsl,2019-11-01,185.47,outcome,island,dollar
RevPAR_HawaiiIsl,2019-12-01,262.71,outcome,island,dollar
RevPAR_HawaiiIsl,2020-01-01,261.13,outcome,island,dollar
RevPAR_HawaiiIsl,2020-02-01,260.51,outcome,island,dollar
RevPAR_HawaiiIsl,2020-03-01,126.47,outcome,island,dollar
RevPAR_HawaiiIsl,2020-04-01,13.3,outcome,island,dollar
RevPAR_HawaiiIsl,2020-05-01,22.35,outcome,island,dollar
RevPAR_HawaiiIsl,2020-06-01,37.47,outcome,island,dollar
RevPAR_HawaiiIsl,2020-07-01,40.49,outcome,island,dollar
RevPAR_HawaiiIsl,2020-08-01,33.76,outcome,island,dollar
RevPAR_HawaiiIsl,2020-09-01,27.19,outcome,island,dollar
RevPAR_HawaiiIsl,2020-10-01,27.78,outcome,island,dollar
RevPAR_HawaiiIsl,2020-11-01,44.45,outcome,island,dollar
RevPAR_HawaiiIsl,2020-12-01,88.4,outcome,island,dollar
RevPAR_HawaiiIsl,2021-01-01,72.28,outcome,island,dollar
RevPAR_HawaiiIsl,2021-02-01,97.62,outcome,island,dollar
RevPAR_HawaiiIsl,2021-03-01,157.2,outcome,island,dollar
RevPAR_HawaiiIsl,2021-04-01,175.23,outcome,island,dollar
RevPAR_HawaiiIsl,2021-05-01,190.29,outcome,island,dollar
RevPAR_HawaiiIsl,2021-06-01,281.05,outcome,island,dollar
RevPAR_HawaiiIsl,2021-07-01,319.83,outcome,island,dollar
RevPAR_HawaiiIsl,2021-08-01,281.62,outcome,island,dollar
RevPAR_HawaiiIsl,2021-09-01,171.74,outcome,island,dollar
RevPAR_HawaiiIsl,2021-10-01,213.05,outcome,island,dollar
RevPAR_HawaiiIsl,2021-11-01,248.82,outcome,island,dollar
RevPAR_HawaiiIsl,2021-12-01,359.38,outcome,island,dollar
RevPAR_HawaiiIsl,2022-01-01,282.16,outcome,island,dollar
RevPAR_HawaiiIsl,2022-02-01,314.13,outcome,island,dollar
RevPAR_HawaiiIsl,2022-03-01,336.89,outcome,island,dollar
RevPAR_HawaiiIsl,2022-04-01,329.36,outcome,island,dollar
RevPAR_HawaiiIsl,2022-05-01,277.9,outcome,island,dollar
RevPAR_HawaiiIsl,2022-06-01,311.41,outcome,island,dollar
RevPAR_HawaiiIsl,2022-07-01,327.99,outcome,island,dollar
RevPAR_HawaiiIsl,2022-08-01,299.95,outcome,island,dollar
RevPAR_HawaiiIsl,2022-09-01,241.07,outcome,island,dollar
RevPAR_HawaiiIsl,2022-10-01,271.48,outcome,island,dollar
RevPAR_HawaiiIsl,2022-11-01,265.71,outcome,island,dollar
RevPAR_HawaiiIsl,2022-12-01,343.68,outcome,island,dollar
RevPAR_HawaiiIsl,2023-01-01,324.35,outcome,island,dollar
RevPAR_HawaiiIsl,2023-02-01,331.54,outcome,island,dollar
RevPAR_HawaiiIsl,2023-03-01,328.73,outcome,island,dollar
RevPAR_HawaiiIsl,2023-04-01,299.38,outcome,island,dollar
RevPAR_HawaiiIsl,2023-05-01,247.29,outcome,island,dollar
RevPAR_HawaiiIsl,2023-06-01,285.96,outcome,island,dollar
RevPAR_HawaiiIsl,2023-07-01,302.59,outcome,island,dollar
RevPAR_HawaiiIsl,2023-08-01,302.1,outcome,island,dollar
RevPAR_HawaiiIsl,2023-09-01,247.61,outcome,island,dollar
RevPAR_HawaiiIsl,2023-10-01,273.31,outcome,island,dollar
RevPAR_HawaiiIsl,2023-11-01,288.22,outcome,island,dollar
RevPAR_HawaiiIsl,2023-12-01,378.98,outcome,island,dollar
RevPAR_HawaiiIsl,2024-01-01,318.16,outcome,island,dollar
RevPAR_HawaiiIsl,2024-02-01,329.7,outcome,island,dollar
RevPAR_HawaiiIsl,2024-03-01,321.41,outcome,island,dollar
RevPAR_HawaiiIsl,2024-04-01,289.08,outcome,island,dollar
RevPAR_HawaiiIsl,2024-05-01,230.79,outcome,island,dollar
RevPAR_HawaiiIsl,2024-06-01,284.0,outcome,island,dollar
RevPAR_HawaiiIsl,2024-07-01,295.02,outcome,island,dollar
RevPAR_HawaiiIsl,2024-08-01,288.1,outcome,island,dollar
RevPAR_HawaiiIsl,2024-09-01,215.84,outcome,island,dollar
RevPAR_HawaiiIsl,2024-10-01,245.98,outcome,island,dollar
RevPAR_HawaiiIsl,2024-11-01,263.75,outcome,island,dollar
RevPAR_HawaiiIsl,2024-12-01,369.95,outcome,island,dollar
RevPAR_HawaiiIsl,2025-01-01,354.75,outcome,island,dollar
RevPAR_HawaiiIsl,2025-02-01,369.1,outcome,island,dollar
RevPAR_HawaiiIsl,2025-03-01,343.07,outcome,island,dollar
RevPAR_HawaiiIsl,2025-04-01,298.96,outcome,island,dollar
RevPAR_HawaiiIsl,2025-05-01,270.87,outcome,island,dollar
RevPAR_HawaiiIsl,2025-06-01,298.83,outcome,island,dollar
RevPAR_HawaiiIsl,2025-07-01,304.82,outcome,island,dollar
RevPAR_HawaiiIsl,2025-08-01,296.73,outcome,island,dollar
RevPAR_HawaiiIsl,2025-09-01,217.9,outcome,island,dollar
RevPAR_HawaiiIsl,2025-10-01,239.87,outcome,island,dollar
RevPAR_HawaiiIsl,2025-11-01,280.15,outcome,island,dollar
RevPAR_HawaiiIsl,2025-12-01,417.86,outcome,island,dollar
RevPAR_HawaiiIsl,2026-01-01,377.43,outcome,island,dollar
RevPAR_HawaiiIsl,2026-02-01,384.84,outcome,island,dollar
RevPAR_HawaiiIsl,2026-03-01,355.19,outcome,island,dollar
RevPAR_HawaiiIsl,2026-04-01,326.47,outcome,island,dollar
RevPAR_HawaiiIsl,2026-05-01,286.97,outcome,island,dollar
RevPAR_Kauai,1990-01-01,58.43,outcome,island,dollar
RevPAR_Kauai,1990-02-01,75.53,outcome,island,dollar
RevPAR_Kauai,1990-03-01,69.88,outcome,island,dollar
RevPAR_Kauai,1990-04-01,64.11,outcome,island,dollar
RevPAR_Kauai,1990-05-01,58.78,outcome,island,dollar
RevPAR_Kauai,1990-06-01,53.36,outcome,island,dollar
RevPAR_Kauai,1990-07-01,66.09,outcome,island,dollar
RevPAR_Kauai,1990-08-01,72.84,outcome,island,dollar
RevPAR_Kauai,1990-09-01,55.83,outcome,island,dollar
RevPAR_Kauai,1990-10-01,60.22,outcome,island,dollar
RevPAR_Kauai,1990-11-01,56.87,outcome,island,dollar
RevPAR_Kauai,1990-12-01,50.71,outcome,island,dollar
RevPAR_Kauai,1991-01-01,49.96,outcome,island,dollar
RevPAR_Kauai,1991-02-01,54.62,outcome,island,dollar
RevPAR_Kauai,1991-03-01,51.32,outcome,island,dollar
RevPAR_Kauai,1991-04-01,50.84,outcome,island,dollar
RevPAR_Kauai,1991-05-01,56.74,outcome,island,dollar
RevPAR_Kauai,1991-06-01,58.7,outcome,island,dollar
RevPAR_Kauai,1991-07-01,67.95,outcome,island,dollar
RevPAR_Kauai,1991-08-01,69.76,outcome,island,dollar
RevPAR_Kauai,1991-09-01,51.91,outcome,island,dollar
RevPAR_Kauai,1991-10-01,70.72,outcome,island,dollar
RevPAR_Kauai,1991-11-01,66.73,outcome,island,dollar
RevPAR_Kauai,1991-12-01,59.71,outcome,island,dollar
RevPAR_Kauai,1992-01-01,58.74,outcome,island,dollar
RevPAR_Kauai,1992-02-01,63.03,outcome,island,dollar
RevPAR_Kauai,1992-03-01,59.99,outcome,island,dollar
RevPAR_Kauai,1992-04-01,58.62,outcome,island,dollar
RevPAR_Kauai,1992-05-01,64.43,outcome,island,dollar
RevPAR_Kauai,1992-06-01,85.82,outcome,island,dollar
RevPAR_Kauai,1992-07-01,74.38,outcome,island,dollar
RevPAR_Kauai,1992-08-01,64.94,outcome,island,dollar
RevPAR_Kauai,1992-09-01,0.0,outcome,island,dollar
RevPAR_Kauai,1992-10-01,56.73,outcome,island,dollar
RevPAR_Kauai,1992-11-01,57.39,outcome,island,dollar
RevPAR_Kauai,1992-12-01,55.45,outcome,island,dollar
RevPAR_Kauai,1993-01-01,48.43,outcome,island,dollar
RevPAR_Kauai,1993-02-01,54.12,outcome,island,dollar
RevPAR_Kauai,1993-03-01,48.85,outcome,island,dollar
RevPAR_Kauai,1993-04-01,45.72,outcome,island,dollar
RevPAR_Kauai,1993-05-01,48.63,outcome,island,dollar
RevPAR_Kauai,1993-06-01,49.86,outcome,island,dollar
RevPAR_Kauai,1993-07-01,50.58,outcome,island,dollar
RevPAR_Kauai,1993-08-01,55.46,outcome,island,dollar
RevPAR_Kauai,1993-09-01,43.63,outcome,island,dollar
RevPAR_Kauai,1993-10-01,45.8,outcome,island,dollar
RevPAR_Kauai,1993-11-01,44.87,outcome,island,dollar
RevPAR_Kauai,1993-12-01,36.18,outcome,island,dollar
RevPAR_Kauai,1994-01-01,74.68,outcome,island,dollar
RevPAR_Kauai,1994-02-01,73.07,outcome,island,dollar
RevPAR_Kauai,1994-03-01,97.83,outcome,island,dollar
RevPAR_Kauai,1994-04-01,86.83,outcome,island,dollar
RevPAR_Kauai,1994-05-01,79.39,outcome,island,dollar
RevPAR_Kauai,1994-06-01,79.93,outcome,island,dollar
RevPAR_Kauai,1994-07-01,91.39,outcome,island,dollar
RevPAR_Kauai,1994-08-01,87.02,outcome,island,dollar
RevPAR_Kauai,1994-09-01,84.86,outcome,island,dollar
RevPAR_Kauai,1994-10-01,78.88,outcome,island,dollar
RevPAR_Kauai,1994-11-01,80.67,outcome,island,dollar
RevPAR_Kauai,1994-12-01,75.09,outcome,island,dollar
RevPAR_Kauai,1995-01-01,85.45,outcome,island,dollar
RevPAR_Kauai,1995-02-01,93.93,outcome,island,dollar
RevPAR_Kauai,1995-03-01,80.82,outcome,island,dollar
RevPAR_Kauai,1995-04-01,71.11,outcome,island,dollar
RevPAR_Kauai,1995-05-01,81.3,outcome,island,dollar
RevPAR_Kauai,1995-06-01,76.04,outcome,island,dollar
RevPAR_Kauai,1995-07-01,85.77,outcome,island,dollar
RevPAR_Kauai,1995-08-01,83.22,outcome,island,dollar
RevPAR_Kauai,1995-09-01,72.11,outcome,island,dollar
RevPAR_Kauai,1995-10-01,82.03,outcome,island,dollar
RevPAR_Kauai,1995-11-01,74.78,outcome,island,dollar
RevPAR_Kauai,1995-12-01,72.34,outcome,island,dollar
RevPAR_Kauai,1996-01-01,71.18,outcome,island,dollar
RevPAR_Kauai,1996-02-01,93.78,outcome,island,dollar
RevPAR_Kauai,1996-03-01,88.21,outcome,island,dollar
RevPAR_Kauai,1996-04-01,83.65,outcome,island,dollar
RevPAR_Kauai,1996-05-01,79.69,outcome,island,dollar
RevPAR_Kauai,1996-06-01,85.48,outcome,island,dollar
RevPAR_Kauai,1996-07-01,88.3,outcome,island,dollar
RevPAR_Kauai,1996-08-01,93.07,outcome,island,dollar
RevPAR_Kauai,1996-09-01,78.12,outcome,island,dollar
RevPAR_Kauai,1996-10-01,80.66,outcome,island,dollar
RevPAR_Kauai,1996-11-01,69.75,outcome,island,dollar
RevPAR_Kauai,1996-12-01,73.51,outcome,island,dollar
RevPAR_Kauai,1997-01-01,77.81,outcome,island,dollar
RevPAR_Kauai,1997-02-01,91.32,outcome,island,dollar
RevPAR_Kauai,1997-03-01,100.55,outcome,island,dollar
RevPAR_Kauai,1997-04-01,92.77,outcome,island,dollar
RevPAR_Kauai,1997-05-01,88.79,outcome,island,dollar
RevPAR_Kauai,1997-06-01,90.16,outcome,island,dollar
RevPAR_Kauai,1997-07-01,99.75,outcome,island,dollar
RevPAR_Kauai,1997-08-01,105.23,outcome,island,dollar
RevPAR_Kauai,1997-09-01,88.2,outcome,island,dollar
RevPAR_Kauai,1997-10-01,90.87,outcome,island,dollar
RevPAR_Kauai,1997-11-01,84.22,outcome,island,dollar
RevPAR_Kauai,1997-12-01,70.7,outcome,island,dollar
RevPAR_Kauai,1998-01-01,76.2,outcome,island,dollar
RevPAR_Kauai,1998-02-01,92.12,outcome,island,dollar
RevPAR_Kauai,1998-03-01,94.79,outcome,island,dollar
RevPAR_Kauai,1998-04-01,92.14,outcome,island,dollar
RevPAR_Kauai,1998-05-01,79.52,outcome,island,dollar
RevPAR_Kauai,1998-06-01,92.48,outcome,island,dollar
RevPAR_Kauai,1998-07-01,97.39,outcome,island,dollar
RevPAR_Kauai,1998-08-01,106.98,outcome,island,dollar
RevPAR_Kauai,1998-09-01,89.19,outcome,island,dollar
RevPAR_Kauai,1998-10-01,98.8,outcome,island,dollar
RevPAR_Kauai,1998-11-01,83.55,outcome,island,dollar
RevPAR_Kauai,1998-12-01,83.89,outcome,island,dollar
RevPAR_Kauai,1999-01-01,87.76,outcome,island,dollar
RevPAR_Kauai,1999-02-01,111.35,outcome,island,dollar
RevPAR_Kauai,1999-03-01,109.03,outcome,island,dollar
RevPAR_Kauai,1999-04-01,102.28,outcome,island,dollar
RevPAR_Kauai,1999-05-01,97.82,outcome,island,dollar
RevPAR_Kauai,1999-06-01,96.31,outcome,island,dollar
RevPAR_Kauai,1999-07-01,111.69,outcome,island,dollar
RevPAR_Kauai,1999-08-01,107.05,outcome,island,dollar
RevPAR_Kauai,1999-09-01,103.55,outcome,island,dollar
RevPAR_Kauai,1999-10-01,106.41,outcome,island,dollar
RevPAR_Kauai,1999-11-01,94.77,outcome,island,dollar
RevPAR_Kauai,1999-12-01,90.85,outcome,island,dollar
RevPAR_Kauai,2000-01-01,93.9,outcome,island,dollar
RevPAR_Kauai,2000-02-01,129.73,outcome,island,dollar
RevPAR_Kauai,2000-03-01,128.1,outcome,island,dollar
RevPAR_Kauai,2000-04-01,112.04,outcome,island,dollar
RevPAR_Kauai,2000-05-01,109.21,outcome,island,dollar
RevPAR_Kauai,2000-06-01,113.4,outcome,island,dollar
RevPAR_Kauai,2000-07-01,124.12,outcome,island,dollar
RevPAR_Kauai,2000-08-01,114.4,outcome,island,dollar
RevPAR_Kauai,2000-09-01,99.41,outcome,island,dollar
RevPAR_Kauai,2000-10-01,108.17,outcome,island,dollar
RevPAR_Kauai,2000-11-01,101.5,outcome,island,dollar
RevPAR_Kauai,2000-12-01,93.08,outcome,island,dollar
RevPAR_Kauai,2001-01-01,99.88,outcome,island,dollar
RevPAR_Kauai,2001-02-01,128.75,outcome,island,dollar
RevPAR_Kauai,2001-03-01,110.87,outcome,island,dollar
RevPAR_Kauai,2001-04-01,109.9,outcome,island,dollar
RevPAR_Kauai,2001-05-01,101.74,outcome,island,dollar
RevPAR_Kauai,2001-06-01,107.94,outcome,island,dollar
RevPAR_Kauai,2001-07-01,128.02,outcome,island,dollar
RevPAR_Kauai,2001-08-01,134.68,outcome,island,dollar
RevPAR_Kauai,2001-09-01,86.52,outcome,island,dollar
RevPAR_Kauai,2001-10-01,101.67,outcome,island,dollar
RevPAR_Kauai,2001-11-01,86.43,outcome,island,dollar
RevPAR_Kauai,2001-12-01,83.39,outcome,island,dollar
RevPAR_Kauai,2002-01-01,86.41,outcome,island,dollar
RevPAR_Kauai,2002-02-01,112.32,outcome,island,dollar
RevPAR_Kauai,2002-03-01,116.49,outcome,island,dollar
RevPAR_Kauai,2002-04-01,108.73,outcome,island,dollar
RevPAR_Kauai,2002-05-01,103.77,outcome,island,dollar
RevPAR_Kauai,2002-06-01,118.76,outcome,island,dollar
RevPAR_Kauai,2002-07-01,132.05,outcome,island,dollar
RevPAR_Kauai,2002-08-01,133.64,outcome,island,dollar
RevPAR_Kauai,2002-09-01,110.71,outcome,island,dollar
RevPAR_Kauai,2002-10-01,114.34,outcome,island,dollar
RevPAR_Kauai,2002-11-01,96.25,outcome,island,dollar
RevPAR_Kauai,2002-12-01,93.79,outcome,island,dollar
RevPAR_Kauai,2003-01-01,117.18,outcome,island,dollar
RevPAR_Kauai,2003-02-01,127.71,outcome,island,dollar
RevPAR_Kauai,2003-03-01,127.83,outcome,island,dollar
RevPAR_Kauai,2003-04-01,115.93,outcome,island,dollar
RevPAR_Kauai,2003-05-01,117.81,outcome,island,dollar
RevPAR_Kauai,2003-06-01,132.81,outcome,island,dollar
RevPAR_Kauai,2003-07-01,150.13,outcome,island,dollar
RevPAR_Kauai,2003-08-01,149.9,outcome,island,dollar
RevPAR_Kauai,2003-09-01,123.99,outcome,island,dollar
RevPAR_Kauai,2003-10-01,127.29,outcome,island,dollar
RevPAR_Kauai,2003-11-01,109.7,outcome,island,dollar
RevPAR_Kauai,2003-12-01,115.52,outcome,island,dollar
RevPAR_Kauai,2004-01-01,132.17,outcome,island,dollar
RevPAR_Kauai,2004-02-01,143.58,outcome,island,dollar
RevPAR_Kauai,2004-03-01,145.81,outcome,island,dollar
RevPAR_Kauai,2004-04-01,134.7,outcome,island,dollar
RevPAR_Kauai,2004-05-01,129.04,outcome,island,dollar
RevPAR_Kauai,2004-06-01,149.89,outcome,island,dollar
RevPAR_Kauai,2004-07-01,164.8,outcome,island,dollar
RevPAR_Kauai,2004-08-01,163.19,outcome,island,dollar
RevPAR_Kauai,2004-09-01,129.21,outcome,island,dollar
RevPAR_Kauai,2004-10-01,132.51,outcome,island,dollar
RevPAR_Kauai,2004-11-01,116.24,outcome,island,dollar
RevPAR_Kauai,2004-12-01,118.38,outcome,island,dollar
RevPAR_Kauai,2005-01-01,125.3,outcome,island,dollar
RevPAR_Kauai,2005-02-01,150.54,outcome,island,dollar
RevPAR_Kauai,2005-03-01,153.21,outcome,island,dollar
RevPAR_Kauai,2005-04-01,128.86,outcome,island,dollar
RevPAR_Kauai,2005-05-01,125.75,outcome,island,dollar
RevPAR_Kauai,2005-06-01,144.92,outcome,island,dollar
RevPAR_Kauai,2005-07-01,171.97,outcome,island,dollar
RevPAR_Kauai,2005-08-01,164.31,outcome,island,dollar
RevPAR_Kauai,2005-09-01,131.05,outcome,island,dollar
RevPAR_Kauai,2005-10-01,133.91,outcome,island,dollar
RevPAR_Kauai,2005-11-01,126.98,outcome,island,dollar
RevPAR_Kauai,2005-12-01,122.46,outcome,island,dollar
RevPAR_Kauai,2006-01-01,130.94,outcome,island,dollar
RevPAR_Kauai,2006-02-01,153.45,outcome,island,dollar
RevPAR_Kauai,2006-03-01,138.87,outcome,island,dollar
RevPAR_Kauai,2006-04-01,138.73,outcome,island,dollar
RevPAR_Kauai,2006-05-01,128.97,outcome,island,dollar
RevPAR_Kauai,2006-06-01,148.7,outcome,island,dollar
RevPAR_Kauai,2006-07-01,166.33,outcome,island,dollar
RevPAR_Kauai,2006-08-01,168.12,outcome,island,dollar
RevPAR_Kauai,2006-09-01,137.73,outcome,island,dollar
RevPAR_Kauai,2006-10-01,136.24,outcome,island,dollar
RevPAR_Kauai,2006-11-01,118.03,outcome,island,dollar
RevPAR_Kauai,2006-12-01,133.27,outcome,island,dollar
RevPAR_Kauai,2007-01-01,142.23,outcome,island,dollar
RevPAR_Kauai,2007-02-01,168.09,outcome,island,dollar
RevPAR_Kauai,2007-03-01,150.08,outcome,island,dollar
RevPAR_Kauai,2007-04-01,149.05,outcome,island,dollar
RevPAR_Kauai,2007-05-01,141.09,outcome,island,dollar
RevPAR_Kauai,2007-06-01,165.51,outcome,island,dollar
RevPAR_Kauai,2007-07-01,186.08,outcome,island,dollar
RevPAR_Kauai,2007-08-01,185.76,outcome,island,dollar
RevPAR_Kauai,2007-09-01,144.73,outcome,island,dollar
RevPAR_Kauai,2007-10-01,150.14,outcome,island,dollar
RevPAR_Kauai,2007-11-01,142.78,outcome,island,dollar
RevPAR_Kauai,2007-12-01,156.29,outcome,island,dollar
RevPAR_Kauai,2008-01-01,157.44,outcome,island,dollar
RevPAR_Kauai,2008-02-01,175.93,outcome,island,dollar
RevPAR_Kauai,2008-03-01,167.8,outcome,island,dollar
RevPAR_Kauai,2008-04-01,142.34,outcome,island,dollar
RevPAR_Kauai,2008-05-01,135.39,outcome,island,dollar
RevPAR_Kauai,2008-06-01,155.1,outcome,island,dollar
RevPAR_Kauai,2008-07-01,167.16,outcome,island,dollar
RevPAR_Kauai,2008-08-01,161.06,outcome,island,dollar
RevPAR_Kauai,2008-09-01,126.06,outcome,island,dollar
RevPAR_Kauai,2008-10-01,130.79,outcome,island,dollar
RevPAR_Kauai,2008-11-01,110.29,outcome,island,dollar
RevPAR_Kauai,2008-12-01,110.41,outcome,island,dollar
RevPAR_Kauai,2009-01-01,112.14,outcome,island,dollar
RevPAR_Kauai,2009-02-01,133.99,outcome,island,dollar
RevPAR_Kauai,2009-03-01,119.75,outcome,island,dollar
RevPAR_Kauai,2009-04-01,105.58,outcome,island,dollar
RevPAR_Kauai,2009-05-01,100.16,outcome,island,dollar
RevPAR_Kauai,2009-06-01,104.21,outcome,island,dollar
RevPAR_Kauai,2009-07-01,119.49,outcome,island,dollar
RevPAR_Kauai,2009-08-01,117.03,outcome,island,dollar
RevPAR_Kauai,2009-09-01,94.56,outcome,island,dollar
RevPAR_Kauai,2009-10-01,108.99,outcome,island,dollar
RevPAR_Kauai,2009-11-01,82.33,outcome,island,dollar
RevPAR_Kauai,2009-12-01,98.42,outcome,island,dollar
RevPAR_Kauai,2010-01-01,105.94,outcome,island,dollar
RevPAR_Kauai,2010-02-01,117.65,outcome,island,dollar
RevPAR_Kauai,2010-03-01,105.22,outcome,island,dollar
RevPAR_Kauai,2010-04-01,103.15,outcome,island,dollar
RevPAR_Kauai,2010-05-01,105.87,outcome,island,dollar
RevPAR_Kauai,2010-06-01,125.26,outcome,island,dollar
RevPAR_Kauai,2010-07-01,131.59,outcome,island,dollar
RevPAR_Kauai,2010-08-01,120.91,outcome,island,dollar
RevPAR_Kauai,2010-09-01,101.48,outcome,island,dollar
RevPAR_Kauai,2010-10-01,106.28,outcome,island,dollar
RevPAR_Kauai,2010-11-01,90.58,outcome,island,dollar
RevPAR_Kauai,2010-12-01,109.55,outcome,island,dollar
RevPAR_Kauai,2011-01-01,114.84,outcome,island,dollar
RevPAR_Kauai,2011-02-01,129.93,outcome,island,dollar
RevPAR_Kauai,2011-03-01,125.56,outcome,island,dollar
RevPAR_Kauai,2011-04-01,123.12,outcome,island,dollar
RevPAR_Kauai,2011-05-01,109.04,outcome,island,dollar
RevPAR_Kauai,2011-06-01,135.39,outcome,island,dollar
RevPAR_Kauai,2011-07-01,149.61,outcome,island,dollar
RevPAR_Kauai,2011-08-01,155.05,outcome,island,dollar
RevPAR_Kauai,2011-09-01,139.02,outcome,island,dollar
RevPAR_Kauai,2011-10-01,130.11,outcome,island,dollar
RevPAR_Kauai,2011-11-01,110.76,outcome,island,dollar
RevPAR_Kauai,2011-12-01,136.37,outcome,island,dollar
RevPAR_Kauai,2012-01-01,130.82,outcome,island,dollar
RevPAR_Kauai,2012-02-01,152.63,outcome,island,dollar
RevPAR_Kauai,2012-03-01,148.88,outcome,island,dollar
RevPAR_Kauai,2012-04-01,143.1,outcome,island,dollar
RevPAR_Kauai,2012-05-01,137.28,outcome,island,dollar
RevPAR_Kauai,2012-06-01,159.33,outcome,island,dollar
RevPAR_Kauai,2012-07-01,169.17,outcome,island,dollar
RevPAR_Kauai,2012-08-01,166.1,outcome,island,dollar
RevPAR_Kauai,2012-09-01,137.1,outcome,island,dollar
RevPAR_Kauai,2012-10-01,134.13,outcome,island,dollar
RevPAR_Kauai,2012-11-01,122.33,outcome,island,dollar
RevPAR_Kauai,2012-12-01,143.85,outcome,island,dollar
RevPAR_Kauai,2013-01-01,153.77,outcome,island,dollar
RevPAR_Kauai,2013-02-01,187.25,outcome,island,dollar
RevPAR_Kauai,2013-03-01,165.62,outcome,island,dollar
RevPAR_Kauai,2013-04-01,151.18,outcome,island,dollar
RevPAR_Kauai,2013-05-01,146.18,outcome,island,dollar
RevPAR_Kauai,2013-06-01,154.6,outcome,island,dollar
RevPAR_Kauai,2013-07-01,179.98,outcome,island,dollar
RevPAR_Kauai,2013-08-01,179.91,outcome,island,dollar
RevPAR_Kauai,2013-09-01,143.81,outcome,island,dollar
RevPAR_Kauai,2013-10-01,146.66,outcome,island,dollar
RevPAR_Kauai,2013-11-01,130.38,outcome,island,dollar
RevPAR_Kauai,2013-12-01,157.96,outcome,island,dollar
RevPAR_Kauai,2014-01-01,175.31,outcome,island,dollar
RevPAR_Kauai,2014-02-01,179.7,outcome,island,dollar
RevPAR_Kauai,2014-03-01,156.4,outcome,island,dollar
RevPAR_Kauai,2014-04-01,156.92,outcome,island,dollar
RevPAR_Kauai,2014-05-01,150.17,outcome,island,dollar
RevPAR_Kauai,2014-06-01,155.91,outcome,island,dollar
RevPAR_Kauai,2014-07-01,180.92,outcome,island,dollar
RevPAR_Kauai,2014-08-01,166.47,outcome,island,dollar
RevPAR_Kauai,2014-09-01,143.16,outcome,island,dollar
RevPAR_Kauai,2014-10-01,150.51,outcome,island,dollar
RevPAR_Kauai,2014-11-01,128.49,outcome,island,dollar
RevPAR_Kauai,2014-12-01,171.05,outcome,island,dollar
RevPAR_Kauai,2015-01-01,177.76,outcome,island,dollar
RevPAR_Kauai,2015-02-01,195.89,outcome,island,dollar
RevPAR_Kauai,2015-03-01,176.0,outcome,island,dollar
RevPAR_Kauai,2015-04-01,165.58,outcome,island,dollar
RevPAR_Kauai,2015-05-01,157.04,outcome,island,dollar
RevPAR_Kauai,2015-06-01,178.49,outcome,island,dollar
RevPAR_Kauai,2015-07-01,196.53,outcome,island,dollar
RevPAR_Kauai,2015-08-01,185.65,outcome,island,dollar
RevPAR_Kauai,2015-09-01,143.45,outcome,island,dollar
RevPAR_Kauai,2015-10-01,153.51,outcome,island,dollar
RevPAR_Kauai,2015-11-01,147.74,outcome,island,dollar
RevPAR_Kauai,2015-12-01,193.69,outcome,island,dollar
RevPAR_Kauai,2016-01-01,201.39,outcome,island,dollar
RevPAR_Kauai,2016-02-01,215.99,outcome,island,dollar
RevPAR_Kauai,2016-03-01,185.34,outcome,island,dollar
RevPAR_Kauai,2016-04-01,164.16,outcome,island,dollar
RevPAR_Kauai,2016-05-01,157.18,outcome,island,dollar
RevPAR_Kauai,2016-06-01,184.28,outcome,island,dollar
RevPAR_Kauai,2016-07-01,218.95,outcome,island,dollar
RevPAR_Kauai,2016-08-01,191.86,outcome,island,dollar
RevPAR_Kauai,2016-09-01,163.5,outcome,island,dollar
RevPAR_Kauai,2016-10-01,165.88,outcome,island,dollar
RevPAR_Kauai,2016-11-01,148.76,outcome,island,dollar
RevPAR_Kauai,2016-12-01,212.39,outcome,island,dollar
RevPAR_Kauai,2017-01-01,222.57,outcome,island,dollar
RevPAR_Kauai,2017-02-01,220.33,outcome,island,dollar
RevPAR_Kauai,2017-03-01,199.7,outcome,island,dollar
RevPAR_Kauai,2017-04-01,183.85,outcome,island,dollar
RevPAR_Kauai,2017-05-01,186.51,outcome,island,dollar
RevPAR_Kauai,2017-06-01,204.23,outcome,island,dollar
RevPAR_Kauai,2017-07-01,226.35,outcome,island,dollar
RevPAR_Kauai,2017-08-01,206.09,outcome,island,dollar
RevPAR_Kauai,2017-09-01,171.37,outcome,island,dollar
RevPAR_Kauai,2017-10-01,180.24,outcome,island,dollar
RevPAR_Kauai,2017-11-01,166.24,outcome,island,dollar
RevPAR_Kauai,2017-12-01,230.44,outcome,island,dollar
RevPAR_Kauai,2018-01-01,244.59,outcome,island,dollar
RevPAR_Kauai,2018-02-01,255.71,outcome,island,dollar
RevPAR_Kauai,2018-03-01,245.26,outcome,island,dollar
RevPAR_Kauai,2018-04-01,218.24,outcome,island,dollar
RevPAR_Kauai,2018-05-01,213.5,outcome,island,dollar
RevPAR_Kauai,2018-06-01,227.86,outcome,island,dollar
RevPAR_Kauai,2018-07-01,248.01,outcome,island,dollar
RevPAR_Kauai,2018-08-01,211.08,outcome,island,dollar
RevPAR_Kauai,2018-09-01,183.78,outcome,island,dollar
RevPAR_Kauai,2018-10-01,194.05,outcome,island,dollar
RevPAR_Kauai,2018-11-01,180.11,outcome,island,dollar
RevPAR_Kauai,2018-12-01,232.59,outcome,island,dollar
RevPAR_Kauai,2019-01-01,240.93,outcome,island,dollar
RevPAR_Kauai,2019-02-01,229.79,outcome,island,dollar
RevPAR_Kauai,2019-03-01,213.06,outcome,island,dollar
RevPAR_Kauai,2019-04-01,200.68,outcome,island,dollar
RevPAR_Kauai,2019-05-01,187.37,outcome,island,dollar
RevPAR_Kauai,2019-06-01,211.36,outcome,island,dollar
RevPAR_Kauai,2019-07-01,233.4,outcome,island,dollar
RevPAR_Kauai,2019-08-01,213.21,outcome,island,dollar
RevPAR_Kauai,2019-09-01,165.24,outcome,island,dollar
RevPAR_Kauai,2019-10-01,176.72,outcome,island,dollar
RevPAR_Kauai,2019-11-01,180.32,outcome,island,dollar
RevPAR_Kauai,2019-12-01,245.5,outcome,island,dollar
RevPAR_Kauai,2020-01-01,254.77,outcome,island,dollar
RevPAR_Kauai,2020-02-01,269.5,outcome,island,dollar
RevPAR_Kauai,2020-03-01,135.08,outcome,island,dollar
RevPAR_Kauai,2020-04-01,9.16,outcome,island,dollar
RevPAR_Kauai,2020-05-01,18.58,outcome,island,dollar
RevPAR_Kauai,2020-06-01,29.25,outcome,island,dollar
RevPAR_Kauai,2020-07-01,37.87,outcome,island,dollar
RevPAR_Kauai,2020-08-01,27.78,outcome,island,dollar
RevPAR_Kauai,2020-09-01,22.93,outcome,island,dollar
RevPAR_Kauai,2020-10-01,45.22,outcome,island,dollar
RevPAR_Kauai,2020-11-01,60.19,outcome,island,dollar
RevPAR_Kauai,2020-12-01,23.88,outcome,island,dollar
RevPAR_Kauai,2021-01-01,30.98,outcome,island,dollar
RevPAR_Kauai,2021-02-01,47.74,outcome,island,dollar
RevPAR_Kauai,2021-03-01,61.82,outcome,island,dollar
RevPAR_Kauai,2021-04-01,91.47,outcome,island,dollar
RevPAR_Kauai,2021-05-01,156.92,outcome,island,dollar
RevPAR_Kauai,2021-06-01,266.16,outcome,island,dollar
RevPAR_Kauai,2021-07-01,306.62,outcome,island,dollar
RevPAR_Kauai,2021-08-01,274.07,outcome,island,dollar
RevPAR_Kauai,2021-09-01,209.29,outcome,island,dollar
RevPAR_Kauai,2021-10-01,211.03,outcome,island,dollar
RevPAR_Kauai,2021-11-01,235.14,outcome,island,dollar
RevPAR_Kauai,2021-12-01,283.84,outcome,island,dollar
RevPAR_Kauai,2022-01-01,246.88,outcome,island,dollar
RevPAR_Kauai,2022-02-01,293.96,outcome,island,dollar
RevPAR_Kauai,2022-03-01,372.7,outcome,island,dollar
RevPAR_Kauai,2022-04-01,314.41,outcome,island,dollar
RevPAR_Kauai,2022-05-01,292.02,outcome,island,dollar
RevPAR_Kauai,2022-06-01,348.81,outcome,island,dollar
RevPAR_Kauai,2022-07-01,384.93,outcome,island,dollar
RevPAR_Kauai,2022-08-01,329.11,outcome,island,dollar
RevPAR_Kauai,2022-09-01,280.88,outcome,island,dollar
RevPAR_Kauai,2022-10-01,286.71,outcome,island,dollar
RevPAR_Kauai,2022-11-01,273.31,outcome,island,dollar
RevPAR_Kauai,2022-12-01,320.23,outcome,island,dollar
RevPAR_Kauai,2023-01-01,314.13,outcome,island,dollar
RevPAR_Kauai,2023-02-01,309.18,outcome,island,dollar
RevPAR_Kauai,2023-03-01,306.07,outcome,island,dollar
RevPAR_Kauai,2023-04-01,307.7,outcome,island,dollar
RevPAR_Kauai,2023-05-01,294.78,outcome,island,dollar
RevPAR_Kauai,2023-06-01,324.7,outcome,island,dollar
RevPAR_Kauai,2023-07-01,337.21,outcome,island,dollar
RevPAR_Kauai,2023-08-01,357.18,outcome,island,dollar
RevPAR_Kauai,2023-09-01,322.02,outcome,island,dollar
RevPAR_Kauai,2023-10-01,302.2,outcome,island,dollar
RevPAR_Kauai,2023-11-01,267.82,outcome,island,dollar
RevPAR_Kauai,2023-12-01,329.02,outcome,island,dollar
RevPAR_Kauai,2024-01-01,304.61,outcome,island,dollar
RevPAR_Kauai,2024-02-01,334.84,outcome,island,dollar
RevPAR_Kauai,2024-03-01,325.84,outcome,island,dollar
RevPAR_Kauai,2024-04-01,311.01,outcome,island,dollar
RevPAR_Kauai,2024-05-01,292.52,outcome,island,dollar
RevPAR_Kauai,2024-06-01,345.15,outcome,island,dollar
RevPAR_Kauai,2024-07-01,358.11,outcome,island,dollar
RevPAR_Kauai,2024-08-01,315.5,outcome,island,dollar
RevPAR_Kauai,2024-09-01,286.06,outcome,island,dollar
RevPAR_Kauai,2024-10-01,278.12,outcome,island,dollar
RevPAR_Kauai,2024-11-01,253.4,outcome,island,dollar
RevPAR_Kauai,2024-12-01,312.39,outcome,island,dollar
RevPAR_Kauai,2025-01-01,321.91,outcome,island,dollar
RevPAR_Kauai,2025-02-01,332.01,outcome,island,dollar
RevPAR_Kauai,2025-03-01,320.22,outcome,island,dollar
RevPAR_Kauai,2025-04-01,318.92,outcome,island,dollar
RevPAR_Kauai,2025-05-01,291.66,outcome,island,dollar
RevPAR_Kauai,2025-06-01,336.12,outcome,island,dollar
RevPAR_Kauai,2025-07-01,343.19,outcome,island,dollar
RevPAR_Kauai,2025-08-01,323.7,outcome,island,dollar
RevPAR_Kauai,2025-09-01,286.56,outcome,island,dollar
RevPAR_Kauai,2025-10-01,292.17,outcome,island,dollar
RevPAR_Kauai,2025-11-01,270.6,outcome,island,dollar
RevPAR_Kauai,2025-12-01,343.97,outcome,island,dollar
RevPAR_Kauai,2026-01-01,324.94,outcome,island,dollar
RevPAR_Kauai,2026-02-01,340.65,outcome,island,dollar
RevPAR_Kauai,2026-03-01,331.66,outcome,island,dollar
RevPAR_Kauai,2026-04-01,328.15,outcome,island,dollar
RevPAR_Kauai,2026-05-01,316.15,outcome,island,dollar
RevPAR_Maui,1990-01-01,104.25,outcome,island,dollar
RevPAR_Maui,1990-02-01,129.56,outcome,island,dollar
RevPAR_Maui,1990-03-01,114.3,outcome,island,dollar
RevPAR_Maui,1990-04-01,94.24,outcome,island,dollar
RevPAR_Maui,1990-05-01,79.8,outcome,island,dollar
RevPAR_Maui,1990-06-01,71.95,outcome,island,dollar
RevPAR_Maui,1990-07-01,84.28,outcome,island,dollar
RevPAR_Maui,1990-08-01,92.53,outcome,island,dollar
RevPAR_Maui,1990-09-01,67.11,outcome,island,dollar
RevPAR_Maui,1990-10-01,79.01,outcome,island,dollar
RevPAR_Maui,1990-11-01,82.55,outcome,island,dollar
RevPAR_Maui,1990-12-01,81.99,outcome,island,dollar
RevPAR_Maui,1991-01-01,95.78,outcome,island,dollar
RevPAR_Maui,1991-02-01,115.65,outcome,island,dollar
RevPAR_Maui,1991-03-01,109.86,outcome,island,dollar
RevPAR_Maui,1991-04-01,83.69,outcome,island,dollar
RevPAR_Maui,1991-05-01,78.87,outcome,island,dollar
RevPAR_Maui,1991-06-01,75.85,outcome,island,dollar
RevPAR_Maui,1991-07-01,85.5,outcome,island,dollar
RevPAR_Maui,1991-08-01,94.81,outcome,island,dollar
RevPAR_Maui,1991-09-01,69.14,outcome,island,dollar
RevPAR_Maui,1991-10-01,78.34,outcome,island,dollar
RevPAR_Maui,1991-11-01,78.52,outcome,island,dollar
RevPAR_Maui,1991-12-01,75.69,outcome,island,dollar
RevPAR_Maui,1992-01-01,72.75,outcome,island,dollar
RevPAR_Maui,1992-02-01,78.53,outcome,island,dollar
RevPAR_Maui,1992-03-01,85.13,outcome,island,dollar
RevPAR_Maui,1992-04-01,84.21,outcome,island,dollar
RevPAR_Maui,1992-05-01,72.24,outcome,island,dollar
RevPAR_Maui,1992-06-01,76.94,outcome,island,dollar
RevPAR_Maui,1992-07-01,88.25,outcome,island,dollar
RevPAR_Maui,1992-08-01,96.23,outcome,island,dollar
RevPAR_Maui,1992-09-01,71.95,outcome,island,dollar
RevPAR_Maui,1992-10-01,71.43,outcome,island,dollar
RevPAR_Maui,1992-11-01,67.79,outcome,island,dollar
RevPAR_Maui,1992-12-01,72.34,outcome,island,dollar
RevPAR_Maui,1993-01-01,71.74,outcome,island,dollar
RevPAR_Maui,1993-02-01,88.27,outcome,island,dollar
RevPAR_Maui,1993-03-01,80.09,outcome,island,dollar
RevPAR_Maui,1993-04-01,73.96,outcome,island,dollar
RevPAR_Maui,1993-05-01,68.15,outcome,island,dollar
RevPAR_Maui,1993-06-01,72.86,outcome,island,dollar
RevPAR_Maui,1993-07-01,74.91,outcome,island,dollar
RevPAR_Maui,1993-08-01,83.68,outcome,island,dollar
RevPAR_Maui,1993-09-01,76.67,outcome,island,dollar
RevPAR_Maui,1993-10-01,85.5,outcome,island,dollar
RevPAR_Maui,1993-11-01,82.24,outcome,island,dollar
RevPAR_Maui,1993-12-01,81.84,outcome,island,dollar
RevPAR_Maui,1994-01-01,89.18,outcome,island,dollar
RevPAR_Maui,1994-02-01,101.35,outcome,island,dollar
RevPAR_Maui,1994-03-01,99.58,outcome,island,dollar
RevPAR_Maui,1994-04-01,85.91,outcome,island,dollar
RevPAR_Maui,1994-05-01,76.1,outcome,island,dollar
RevPAR_Maui,1994-06-01,76.05,outcome,island,dollar
RevPAR_Maui,1994-07-01,85.27,outcome,island,dollar
RevPAR_Maui,1994-08-01,92.17,outcome,island,dollar
RevPAR_Maui,1994-09-01,71.61,outcome,island,dollar
RevPAR_Maui,1994-10-01,81.15,outcome,island,dollar
RevPAR_Maui,1994-11-01,78.41,outcome,island,dollar
RevPAR_Maui,1994-12-01,87.71,outcome,island,dollar
RevPAR_Maui,1995-01-01,87.62,outcome,island,dollar
RevPAR_Maui,1995-02-01,121.97,outcome,island,dollar
RevPAR_Maui,1995-03-01,113.4,outcome,island,dollar
RevPAR_Maui,1995-04-01,98.89,outcome,island,dollar
RevPAR_Maui,1995-05-01,85.66,outcome,island,dollar
RevPAR_Maui,1995-06-01,90.2,outcome,island,dollar
RevPAR_Maui,1995-07-01,102.49,outcome,island,dollar
RevPAR_Maui,1995-08-01,107.64,outcome,island,dollar
RevPAR_Maui,1995-09-01,88.69,outcome,island,dollar
RevPAR_Maui,1995-10-01,94.43,outcome,island,dollar
RevPAR_Maui,1995-11-01,91.27,outcome,island,dollar
RevPAR_Maui,1995-12-01,96.9,outcome,island,dollar
RevPAR_Maui,1996-01-01,112.85,outcome,island,dollar
RevPAR_Maui,1996-02-01,130.86,outcome,island,dollar
RevPAR_Maui,1996-03-01,120.13,outcome,island,dollar
RevPAR_Maui,1996-04-01,108.3,outcome,island,dollar
RevPAR_Maui,1996-05-01,87.85,outcome,island,dollar
RevPAR_Maui,1996-06-01,93.05,outcome,island,dollar
RevPAR_Maui,1996-07-01,104.14,outcome,island,dollar
RevPAR_Maui,1996-08-01,114.53,outcome,island,dollar
RevPAR_Maui,1996-09-01,89.82,outcome,island,dollar
RevPAR_Maui,1996-10-01,97.45,outcome,island,dollar
RevPAR_Maui,1996-11-01,91.39,outcome,island,dollar
RevPAR_Maui,1996-12-01,97.68,outcome,island,dollar
RevPAR_Maui,1997-01-01,112.7,outcome,island,dollar
RevPAR_Maui,1997-02-01,134.68,outcome,island,dollar
RevPAR_Maui,1997-03-01,131.65,outcome,island,dollar
RevPAR_Maui,1997-04-01,112.46,outcome,island,dollar
RevPAR_Maui,1997-05-01,93.85,outcome,island,dollar
RevPAR_Maui,1997-06-01,99.54,outcome,island,dollar
RevPAR_Maui,1997-07-01,110.76,outcome,island,dollar
RevPAR_Maui,1997-08-01,119.08,outcome,island,dollar
RevPAR_Maui,1997-09-01,94.25,outcome,island,dollar
RevPAR_Maui,1997-10-01,97.87,outcome,island,dollar
RevPAR_Maui,1997-11-01,98.89,outcome,island,dollar
RevPAR_Maui,1997-12-01,103.55,outcome,island,dollar
RevPAR_Maui,1998-01-01,113.6,outcome,island,dollar
RevPAR_Maui,1998-02-01,137.64,outcome,island,dollar
RevPAR_Maui,1998-03-01,139.18,outcome,island,dollar
RevPAR_Maui,1998-04-01,125.68,outcome,island,dollar
RevPAR_Maui,1998-05-01,98.55,outcome,island,dollar
RevPAR_Maui,1998-06-01,114.89,outcome,island,dollar
RevPAR_Maui,1998-07-01,108.96,outcome,island,dollar
RevPAR_Maui,1998-08-01,122.67,outcome,island,dollar
RevPAR_Maui,1998-09-01,99.44,outcome,island,dollar
RevPAR_Maui,1998-10-01,107.49,outcome,island,dollar
RevPAR_Maui,1998-11-01,100.0,outcome,island,dollar
RevPAR_Maui,1998-12-01,109.89,outcome,island,dollar
RevPAR_Maui,1999-01-01,122.66,outcome,island,dollar
RevPAR_Maui,1999-02-01,152.11,outcome,island,dollar
RevPAR_Maui,1999-03-01,146.3,outcome,island,dollar
RevPAR_Maui,1999-04-01,126.52,outcome,island,dollar
RevPAR_Maui,1999-05-01,102.99,outcome,island,dollar
RevPAR_Maui,1999-06-01,112.68,outcome,island,dollar
RevPAR_Maui,1999-07-01,130.18,outcome,island,dollar
RevPAR_Maui,1999-08-01,135.22,outcome,island,dollar
RevPAR_Maui,1999-09-01,105.8,outcome,island,dollar
RevPAR_Maui,1999-10-01,119.82,outcome,island,dollar
RevPAR_Maui,1999-11-01,112.61,outcome,island,dollar
RevPAR_Maui,1999-12-01,120.97,outcome,island,dollar
RevPAR_Maui,2000-01-01,131.99,outcome,island,dollar
RevPAR_Maui,2000-02-01,165.41,outcome,island,dollar
RevPAR_Maui,2000-03-01,160.76,outcome,island,dollar
RevPAR_Maui,2000-04-01,140.78,outcome,island,dollar
RevPAR_Maui,2000-05-01,122.44,outcome,island,dollar
RevPAR_Maui,2000-06-01,126.74,outcome,island,dollar
RevPAR_Maui,2000-07-01,143.14,outcome,island,dollar
RevPAR_Maui,2000-08-01,143.5,outcome,island,dollar
RevPAR_Maui,2000-09-01,116.52,outcome,island,dollar
RevPAR_Maui,2000-10-01,121.05,outcome,island,dollar
RevPAR_Maui,2000-11-01,124.5,outcome,island,dollar
RevPAR_Maui,2000-12-01,131.6,outcome,island,dollar
RevPAR_Maui,2001-01-01,144.91,outcome,island,dollar
RevPAR_Maui,2001-02-01,168.15,outcome,island,dollar
RevPAR_Maui,2001-03-01,164.29,outcome,island,dollar
RevPAR_Maui,2001-04-01,151.11,outcome,island,dollar
RevPAR_Maui,2001-05-01,122.09,outcome,island,dollar
RevPAR_Maui,2001-06-01,135.52,outcome,island,dollar
RevPAR_Maui,2001-07-01,150.92,outcome,island,dollar
RevPAR_Maui,2001-08-01,153.86,outcome,island,dollar
RevPAR_Maui,2001-09-01,91.07,outcome,island,dollar
RevPAR_Maui,2001-10-01,95.22,outcome,island,dollar
RevPAR_Maui,2001-11-01,106.75,outcome,island,dollar
RevPAR_Maui,2001-12-01,119.2,outcome,island,dollar
RevPAR_Maui,2002-01-01,125.56,outcome,island,dollar
RevPAR_Maui,2002-02-01,151.52,outcome,island,dollar
RevPAR_Maui,2002-03-01,155.8,outcome,island,dollar
RevPAR_Maui,2002-04-01,141.56,outcome,island,dollar
RevPAR_Maui,2002-05-01,110.54,outcome,island,dollar
RevPAR_Maui,2002-06-01,132.45,outcome,island,dollar
RevPAR_Maui,2002-07-01,146.08,outcome,island,dollar
RevPAR_Maui,2002-08-01,151.79,outcome,island,dollar
RevPAR_Maui,2002-09-01,101.23,outcome,island,dollar
RevPAR_Maui,2002-10-01,107.01,outcome,island,dollar
RevPAR_Maui,2002-11-01,102.31,outcome,island,dollar
RevPAR_Maui,2002-12-01,127.59,outcome,island,dollar
RevPAR_Maui,2003-01-01,141.47,outcome,island,dollar
RevPAR_Maui,2003-02-01,157.19,outcome,island,dollar
RevPAR_Maui,2003-03-01,155.98,outcome,island,dollar
RevPAR_Maui,2003-04-01,142.26,outcome,island,dollar
RevPAR_Maui,2003-05-01,121.84,outcome,island,dollar
RevPAR_Maui,2003-06-01,140.22,outcome,island,dollar
RevPAR_Maui,2003-07-01,164.68,outcome,island,dollar
RevPAR_Maui,2003-08-01,166.02,outcome,island,dollar
RevPAR_Maui,2003-09-01,108.47,outcome,island,dollar
RevPAR_Maui,2003-10-01,111.95,outcome,island,dollar
RevPAR_Maui,2003-11-01,111.65,outcome,island,dollar
RevPAR_Maui,2003-12-01,145.81,outcome,island,dollar
RevPAR_Maui,2004-01-01,147.04,outcome,island,dollar
RevPAR_Maui,2004-02-01,164.66,outcome,island,dollar
RevPAR_Maui,2004-03-01,172.14,outcome,island,dollar
RevPAR_Maui,2004-04-01,158.64,outcome,island,dollar
RevPAR_Maui,2004-05-01,133.13,outcome,island,dollar
RevPAR_Maui,2004-06-01,156.84,outcome,island,dollar
RevPAR_Maui,2004-07-01,175.35,outcome,island,dollar
RevPAR_Maui,2004-08-01,174.05,outcome,island,dollar
RevPAR_Maui,2004-09-01,123.8,outcome,island,dollar
RevPAR_Maui,2004-10-01,127.13,outcome,island,dollar
RevPAR_Maui,2004-11-01,124.0,outcome,island,dollar
RevPAR_Maui,2004-12-01,153.29,outcome,island,dollar
RevPAR_Maui,2005-01-01,159.66,outcome,island,dollar
RevPAR_Maui,2005-02-01,186.27,outcome,island,dollar
RevPAR_Maui,2005-03-01,197.87,outcome,island,dollar
RevPAR_Maui,2005-04-01,155.26,outcome,island,dollar
RevPAR_Maui,2005-05-01,144.51,outcome,island,dollar
RevPAR_Maui,2005-06-01,180.13,outcome,island,dollar
RevPAR_Maui,2005-07-01,199.86,outcome,island,dollar
RevPAR_Maui,2005-08-01,191.54,outcome,island,dollar
RevPAR_Maui,2005-09-01,145.06,outcome,island,dollar
RevPAR_Maui,2005-10-01,151.08,outcome,island,dollar
RevPAR_Maui,2005-11-01,151.21,outcome,island,dollar
RevPAR_Maui,2005-12-01,182.03,outcome,island,dollar
RevPAR_Maui,2006-01-01,187.69,outcome,island,dollar
RevPAR_Maui,2006-02-01,216.74,outcome,island,dollar
RevPAR_Maui,2006-03-01,217.03,outcome,island,dollar
RevPAR_Maui,2006-04-01,200.87,outcome,island,dollar
RevPAR_Maui,2006-05-01,176.54,outcome,island,dollar
RevPAR_Maui,2006-06-01,205.93,outcome,island,dollar
RevPAR_Maui,2006-07-01,234.51,outcome,island,dollar
RevPAR_Maui,2006-08-01,229.51,outcome,island,dollar
RevPAR_Maui,2006-09-01,158.59,outcome,island,dollar
RevPAR_Maui,2006-10-01,158.39,outcome,island,dollar
RevPAR_Maui,2006-11-01,160.27,outcome,island,dollar
RevPAR_Maui,2006-12-01,200.64,outcome,island,dollar
RevPAR_Maui,2007-01-01,197.39,outcome,island,dollar
RevPAR_Maui,2007-02-01,221.15,outcome,island,dollar
RevPAR_Maui,2007-03-01,218.49,outcome,island,dollar
RevPAR_Maui,2007-04-01,191.11,outcome,island,dollar
RevPAR_Maui,2007-05-01,166.2,outcome,island,dollar
RevPAR_Maui,2007-06-01,163.61,outcome,island,dollar
RevPAR_Maui,2007-07-01,235.02,outcome,island,dollar
RevPAR_Maui,2007-08-01,231.14,outcome,island,dollar
RevPAR_Maui,2007-09-01,158.63,outcome,island,dollar
RevPAR_Maui,2007-10-01,167.24,outcome,island,dollar
RevPAR_Maui,2007-11-01,172.28,outcome,island,dollar
RevPAR_Maui,2007-12-01,208.37,outcome,island,dollar
RevPAR_Maui,2008-01-01,216.79,outcome,island,dollar
RevPAR_Maui,2008-02-01,244.7,outcome,island,dollar
RevPAR_Maui,2008-03-01,246.16,outcome,island,dollar
RevPAR_Maui,2008-04-01,181.82,outcome,island,dollar
RevPAR_Maui,2008-05-01,161.69,outcome,island,dollar
RevPAR_Maui,2008-06-01,181.2,outcome,island,dollar
RevPAR_Maui,2008-07-01,198.44,outcome,island,dollar
RevPAR_Maui,2008-08-01,199.17,outcome,island,dollar
RevPAR_Maui,2008-09-01,130.22,outcome,island,dollar
RevPAR_Maui,2008-10-01,136.83,outcome,island,dollar
RevPAR_Maui,2008-11-01,138.16,outcome,island,dollar
RevPAR_Maui,2008-12-01,175.2,outcome,island,dollar
RevPAR_Maui,2009-01-01,165.18,outcome,island,dollar
RevPAR_Maui,2009-02-01,179.97,outcome,island,dollar
RevPAR_Maui,2009-03-01,159.43,outcome,island,dollar
RevPAR_Maui,2009-04-01,137.9,outcome,island,dollar
RevPAR_Maui,2009-05-01,114.56,outcome,island,dollar
RevPAR_Maui,2009-06-01,135.56,outcome,island,dollar
RevPAR_Maui,2009-07-01,148.82,outcome,island,dollar
RevPAR_Maui,2009-08-01,149.96,outcome,island,dollar
RevPAR_Maui,2009-09-01,106.53,outcome,island,dollar
RevPAR_Maui,2009-10-01,112.56,outcome,island,dollar
RevPAR_Maui,2009-11-01,107.73,outcome,island,dollar
RevPAR_Maui,2009-12-01,159.95,outcome,island,dollar
RevPAR_Maui,2010-01-01,153.81,outcome,island,dollar
RevPAR_Maui,2010-02-01,183.38,outcome,island,dollar
RevPAR_Maui,2010-03-01,167.68,outcome,island,dollar
RevPAR_Maui,2010-04-01,152.77,outcome,island,dollar
RevPAR_Maui,2010-05-01,120.79,outcome,island,dollar
RevPAR_Maui,2010-06-01,147.77,outcome,island,dollar
RevPAR_Maui,2010-07-01,175.78,outcome,island,dollar
RevPAR_Maui,2010-08-01,174.93,outcome,island,dollar
RevPAR_Maui,2010-09-01,121.59,outcome,island,dollar
RevPAR_Maui,2010-10-01,130.34,outcome,island,dollar
RevPAR_Maui,2010-11-01,135.45,outcome,island,dollar
RevPAR_Maui,2010-12-01,184.7,outcome,island,dollar
RevPAR_Maui,2011-01-01,180.58,outcome,island,dollar
RevPAR_Maui,2011-02-01,213.25,outcome,island,dollar
RevPAR_Maui,2011-03-01,209.31,outcome,island,dollar
RevPAR_Maui,2011-04-01,180.29,outcome,island,dollar
RevPAR_Maui,2011-05-01,133.14,outcome,island,dollar
RevPAR_Maui,2011-06-01,160.75,outcome,island,dollar
RevPAR_Maui,2011-07-01,190.03,outcome,island,dollar
RevPAR_Maui,2011-08-01,180.2,outcome,island,dollar
RevPAR_Maui,2011-09-01,136.41,outcome,island,dollar
RevPAR_Maui,2011-10-01,139.45,outcome,island,dollar
RevPAR_Maui,2011-11-01,151.04,outcome,island,dollar
RevPAR_Maui,2011-12-01,205.76,outcome,island,dollar
RevPAR_Maui,2012-01-01,211.34,outcome,island,dollar
RevPAR_Maui,2012-02-01,234.76,outcome,island,dollar
RevPAR_Maui,2012-03-01,217.54,outcome,island,dollar
RevPAR_Maui,2012-04-01,194.54,outcome,island,dollar
RevPAR_Maui,2012-05-01,149.82,outcome,island,dollar
RevPAR_Maui,2012-06-01,176.92,outcome,island,dollar
RevPAR_Maui,2012-07-01,207.99,outcome,island,dollar
RevPAR_Maui,2012-08-01,201.71,outcome,island,dollar
RevPAR_Maui,2012-09-01,139.98,outcome,island,dollar
RevPAR_Maui,2012-10-01,151.02,outcome,island,dollar
RevPAR_Maui,2012-11-01,162.95,outcome,island,dollar
RevPAR_Maui,2012-12-01,223.88,outcome,island,dollar
RevPAR_Maui,2013-01-01,236.3,outcome,island,dollar
RevPAR_Maui,2013-02-01,251.46,outcome,island,dollar
RevPAR_Maui,2013-03-01,250.98,outcome,island,dollar
RevPAR_Maui,2013-04-01,205.95,outcome,island,dollar
RevPAR_Maui,2013-05-01,167.65,outcome,island,dollar
RevPAR_Maui,2013-06-01,201.0,outcome,island,dollar
RevPAR_Maui,2013-07-01,234.4,outcome,island,dollar
RevPAR_Maui,2013-08-01,221.34,outcome,island,dollar
RevPAR_Maui,2013-09-01,152.58,outcome,island,dollar
RevPAR_Maui,2013-10-01,160.83,outcome,island,dollar
RevPAR_Maui,2013-11-01,168.24,outcome,island,dollar
RevPAR_Maui,2013-12-01,246.69,outcome,island,dollar
RevPAR_Maui,2014-01-01,247.81,outcome,island,dollar
RevPAR_Maui,2014-02-01,267.36,outcome,island,dollar
RevPAR_Maui,2014-03-01,246.45,outcome,island,dollar
RevPAR_Maui,2014-04-01,206.81,outcome,island,dollar
RevPAR_Maui,2014-05-01,170.85,outcome,island,dollar
RevPAR_Maui,2014-06-01,195.57,outcome,island,dollar
RevPAR_Maui,2014-07-01,225.0,outcome,island,dollar
RevPAR_Maui,2014-08-01,206.12,outcome,island,dollar
RevPAR_Maui,2014-09-01,165.58,outcome,island,dollar
RevPAR_Maui,2014-10-01,175.75,outcome,island,dollar
RevPAR_Maui,2014-11-01,184.22,outcome,island,dollar
RevPAR_Maui,2014-12-01,280.53,outcome,island,dollar
RevPAR_Maui,2015-01-01,263.54,outcome,island,dollar
RevPAR_Maui,2015-02-01,282.28,outcome,island,dollar
RevPAR_Maui,2015-03-01,280.01,outcome,island,dollar
RevPAR_Maui,2015-04-01,234.45,outcome,island,dollar
RevPAR_Maui,2015-05-01,200.97,outcome,island,dollar
RevPAR_Maui,2015-06-01,238.17,outcome,island,dollar
RevPAR_Maui,2015-07-01,254.26,outcome,island,dollar
RevPAR_Maui,2015-08-01,234.19,outcome,island,dollar
RevPAR_Maui,2015-09-01,171.73,outcome,island,dollar
RevPAR_Maui,2015-10-01,182.5,outcome,island,dollar
RevPAR_Maui,2015-11-01,195.78,outcome,island,dollar
RevPAR_Maui,2015-12-01,292.1,outcome,island,dollar
RevPAR_Maui,2016-01-01,256.15,outcome,island,dollar
RevPAR_Maui,2016-02-01,288.07,outcome,island,dollar
RevPAR_Maui,2016-03-01,291.98,outcome,island,dollar
RevPAR_Maui,2016-04-01,244.09,outcome,island,dollar
RevPAR_Maui,2016-05-01,204.38,outcome,island,dollar
RevPAR_Maui,2016-06-01,248.74,outcome,island,dollar
RevPAR_Maui,2016-07-01,270.9,outcome,island,dollar
RevPAR_Maui,2016-08-01,250.77,outcome,island,dollar
RevPAR_Maui,2016-09-01,198.51,outcome,island,dollar
RevPAR_Maui,2016-10-01,206.73,outcome,island,dollar
RevPAR_Maui,2016-11-01,219.7,outcome,island,dollar
RevPAR_Maui,2016-12-01,343.02,outcome,island,dollar
RevPAR_Maui,2017-01-01,299.22,outcome,island,dollar
RevPAR_Maui,2017-02-01,305.62,outcome,island,dollar
RevPAR_Maui,2017-03-01,304.89,outcome,island,dollar
RevPAR_Maui,2017-04-01,276.62,outcome,island,dollar
RevPAR_Maui,2017-05-01,235.87,outcome,island,dollar
RevPAR_Maui,2017-06-01,266.15,outcome,island,dollar
RevPAR_Maui,2017-07-01,298.0,outcome,island,dollar
RevPAR_Maui,2017-08-01,262.38,outcome,island,dollar
RevPAR_Maui,2017-09-01,205.91,outcome,island,dollar
RevPAR_Maui,2017-10-01,221.19,outcome,island,dollar
RevPAR_Maui,2017-11-01,236.38,outcome,island,dollar
RevPAR_Maui,2017-12-01,358.64,outcome,island,dollar
RevPAR_Maui,2018-01-01,345.06,outcome,island,dollar
RevPAR_Maui,2018-02-01,355.21,outcome,island,dollar
RevPAR_Maui,2018-03-01,339.5,outcome,island,dollar
RevPAR_Maui,2018-04-01,292.91,outcome,island,dollar
RevPAR_Maui,2018-05-01,259.15,outcome,island,dollar
RevPAR_Maui,2018-06-01,294.61,outcome,island,dollar
RevPAR_Maui,2018-07-01,327.98,outcome,island,dollar
RevPAR_Maui,2018-08-01,266.91,outcome,island,dollar
RevPAR_Maui,2018-09-01,215.7,outcome,island,dollar
RevPAR_Maui,2018-10-01,217.28,outcome,island,dollar
RevPAR_Maui,2018-11-01,246.46,outcome,island,dollar
RevPAR_Maui,2018-12-01,350.0,outcome,island,dollar
RevPAR_Maui,2019-01-01,327.04,outcome,island,dollar
RevPAR_Maui,2019-02-01,337.14,outcome,island,dollar
RevPAR_Maui,2019-03-01,335.5,outcome,island,dollar
RevPAR_Maui,2019-04-01,306.84,outcome,island,dollar
RevPAR_Maui,2019-05-01,265.08,outcome,island,dollar
RevPAR_Maui,2019-06-01,318.22,outcome,island,dollar
RevPAR_Maui,2019-07-01,358.91,outcome,island,dollar
RevPAR_Maui,2019-08-01,305.98,outcome,island,dollar
RevPAR_Maui,2019-09-01,231.65,outcome,island,dollar
RevPAR_Maui,2019-10-01,250.66,outcome,island,dollar
RevPAR_Maui,2019-11-01,265.35,outcome,island,dollar
RevPAR_Maui,2019-12-01,414.56,outcome,island,dollar
RevPAR_Maui,2020-01-01,368.81,outcome,island,dollar
RevPAR_Maui,2020-02-01,391.19,outcome,island,dollar
RevPAR_Maui,2020-03-01,195.81,outcome,island,dollar
RevPAR_Maui,2020-04-01,13.3,outcome,island,dollar
RevPAR_Maui,2020-05-01,14.6,outcome,island,dollar
RevPAR_Maui,2020-06-01,15.58,outcome,island,dollar
RevPAR_Maui,2020-07-01,24.91,outcome,island,dollar
RevPAR_Maui,2020-08-01,17.72,outcome,island,dollar
RevPAR_Maui,2020-09-01,24.48,outcome,island,dollar
RevPAR_Maui,2020-10-01,32.07,outcome,island,dollar
RevPAR_Maui,2020-11-01,75.58,outcome,island,dollar
RevPAR_Maui,2020-12-01,130.37,outcome,island,dollar
RevPAR_Maui,2021-01-01,98.55,outcome,island,dollar
RevPAR_Maui,2021-02-01,141.41,outcome,island,dollar
RevPAR_Maui,2021-03-01,228.28,outcome,island,dollar
RevPAR_Maui,2021-04-01,299.97,outcome,island,dollar
RevPAR_Maui,2021-05-01,313.56,outcome,island,dollar
RevPAR_Maui,2021-06-01,394.26,outcome,island,dollar
RevPAR_Maui,2021-07-01,505.07,outcome,island,dollar
RevPAR_Maui,2021-08-01,438.86,outcome,island,dollar
RevPAR_Maui,2021-09-01,289.09,outcome,island,dollar
RevPAR_Maui,2021-10-01,289.26,outcome,island,dollar
RevPAR_Maui,2021-11-01,346.91,outcome,island,dollar
RevPAR_Maui,2021-12-01,500.88,outcome,island,dollar
RevPAR_Maui,2022-01-01,379.03,outcome,island,dollar
RevPAR_Maui,2022-02-01,402.67,outcome,island,dollar
RevPAR_Maui,2022-03-01,464.66,outcome,island,dollar
RevPAR_Maui,2022-04-01,442.36,outcome,island,dollar
RevPAR_Maui,2022-05-01,372.8,outcome,island,dollar
RevPAR_Maui,2022-06-01,451.7,outcome,island,dollar
RevPAR_Maui,2022-07-01,487.94,outcome,island,dollar
RevPAR_Maui,2022-08-01,421.79,outcome,island,dollar
RevPAR_Maui,2022-09-01,350.17,outcome,island,dollar
RevPAR_Maui,2022-10-01,343.84,outcome,island,dollar
RevPAR_Maui,2022-11-01,350.84,outcome,island,dollar
RevPAR_Maui,2022-12-01,467.69,outcome,island,dollar
RevPAR_Maui,2023-01-01,429.38,outcome,island,dollar
RevPAR_Maui,2023-02-01,465.29,outcome,island,dollar
RevPAR_Maui,2023-03-01,454.93,outcome,island,dollar
RevPAR_Maui,2023-04-01,398.47,outcome,island,dollar
RevPAR_Maui,2023-05-01,341.47,outcome,island,dollar
RevPAR_Maui,2023-06-01,418.74,outcome,island,dollar
RevPAR_Maui,2023-07-01,442.33,outcome,island,dollar
RevPAR_Maui,2023-08-01,294.02,outcome,island,dollar
RevPAR_Maui,2023-09-01,334.6,outcome,island,dollar
RevPAR_Maui,2023-10-01,336.35,outcome,island,dollar
RevPAR_Maui,2023-11-01,341.35,outcome,island,dollar
RevPAR_Maui,2023-12-01,420.36,outcome,island,dollar
RevPAR_Maui,2024-01-01,399.86,outcome,island,dollar
RevPAR_Maui,2024-02-01,402.79,outcome,island,dollar
RevPAR_Maui,2024-03-01,401.19,outcome,island,dollar
RevPAR_Maui,2024-04-01,367.75,outcome,island,dollar
RevPAR_Maui,2024-05-01,301.74,outcome,island,dollar
RevPAR_Maui,2024-06-01,323.93,outcome,island,dollar
RevPAR_Maui,2024-07-01,346.14,outcome,island,dollar
RevPAR_Maui,2024-08-01,283.52,outcome,island,dollar
RevPAR_Maui,2024-09-01,238.59,outcome,island,dollar
RevPAR_Maui,2024-10-01,253.49,outcome,island,dollar
RevPAR_Maui,2024-11-01,298.32,outcome,island,dollar
RevPAR_Maui,2024-12-01,422.53,outcome,island,dollar
RevPAR_Maui,2025-01-01,367.27,outcome,island,dollar
RevPAR_Maui,2025-02-01,413.11,outcome,island,dollar
RevPAR_Maui,2025-03-01,390.9,outcome,island,dollar
RevPAR_Maui,2025-04-01,336.44,outcome,island,dollar
RevPAR_Maui,2025-05-01,291.86,outcome,island,dollar
RevPAR_Maui,2025-06-01,354.55,outcome,island,dollar
RevPAR_Maui,2025-07-01,372.47,outcome,island,dollar
RevPAR_Maui,2025-08-01,310.44,outcome,island,dollar
RevPAR_Maui,2025-09-01,251.22,outcome,island,dollar
RevPAR_Maui,2025-10-01,284.35,outcome,island,dollar
RevPAR_Maui,2025-11-01,313.33,outcome,island,dollar
RevPAR_Maui,2025-12-01,465.6,outcome,island,dollar
RevPAR_Maui,2026-01-01,388.78,outcome,island,dollar
RevPAR_Maui,2026-02-01,436.86,outcome,island,dollar
RevPAR_Maui,2026-03-01,381.38,outcome,island,dollar
RevPAR_Maui,2026-04-01,373.01,outcome,island,dollar
RevPAR_Maui,2026-05-01,326.29,outcome,island,dollar
RevPAR_Oahu,1990-01-01,95.48,outcome,island,dollar
RevPAR_Oahu,1990-02-01,93.14,outcome,island,dollar
RevPAR_Oahu,1990-03-01,82.83,outcome,island,dollar
RevPAR_Oahu,1990-04-01,75.65,outcome,island,dollar
RevPAR_Oahu,1990-05-01,72.34,outcome,island,dollar
RevPAR_Oahu,1990-06-01,76.42,outcome,island,dollar
RevPAR_Oahu,1990-07-01,80.03,outcome,island,dollar
RevPAR_Oahu,1990-08-01,85.34,outcome,island,dollar
RevPAR_Oahu,1990-09-01,72.33,outcome,island,dollar
RevPAR_Oahu,1990-10-01,75.65,outcome,island,dollar
RevPAR_Oahu,1990-11-01,80.35,outcome,island,dollar
RevPAR_Oahu,1990-12-01,74.55,outcome,island,dollar
RevPAR_Oahu,1991-01-01,92.21,outcome,island,dollar
RevPAR_Oahu,1991-02-01,69.97,outcome,island,dollar
RevPAR_Oahu,1991-03-01,63.28,outcome,island,dollar
RevPAR_Oahu,1991-04-01,64.95,outcome,island,dollar
RevPAR_Oahu,1991-05-01,65.55,outcome,island,dollar
RevPAR_Oahu,1991-06-01,75.11,outcome,island,dollar
RevPAR_Oahu,1991-07-01,79.11,outcome,island,dollar
RevPAR_Oahu,1991-08-01,85.59,outcome,island,dollar
RevPAR_Oahu,1991-09-01,76.25,outcome,island,dollar
RevPAR_Oahu,1991-10-01,70.92,outcome,island,dollar
RevPAR_Oahu,1991-11-01,76.59,outcome,island,dollar
RevPAR_Oahu,1991-12-01,80.12,outcome,island,dollar
RevPAR_Oahu,1992-01-01,91.48,outcome,island,dollar
RevPAR_Oahu,1992-02-01,94.06,outcome,island,dollar
RevPAR_Oahu,1992-03-01,79.72,outcome,island,dollar
RevPAR_Oahu,1992-04-01,72.5,outcome,island,dollar
RevPAR_Oahu,1992-05-01,73.15,outcome,island,dollar
RevPAR_Oahu,1992-06-01,71.4,outcome,island,dollar
RevPAR_Oahu,1992-07-01,74.64,outcome,island,dollar
RevPAR_Oahu,1992-08-01,84.23,outcome,island,dollar
RevPAR_Oahu,1992-09-01,77.23,outcome,island,dollar
RevPAR_Oahu,1992-10-01,69.4,outcome,island,dollar
RevPAR_Oahu,1992-11-01,78.38,outcome,island,dollar
RevPAR_Oahu,1992-12-01,76.99,outcome,island,dollar
RevPAR_Oahu,1993-01-01,85.32,outcome,island,dollar
RevPAR_Oahu,1993-02-01,83.48,outcome,island,dollar
RevPAR_Oahu,1993-03-01,74.03,outcome,island,dollar
RevPAR_Oahu,1993-04-01,66.21,outcome,island,dollar
RevPAR_Oahu,1993-05-01,69.67,outcome,island,dollar
RevPAR_Oahu,1993-06-01,72.09,outcome,island,dollar
RevPAR_Oahu,1993-07-01,71.74,outcome,island,dollar
RevPAR_Oahu,1993-08-01,81.75,outcome,island,dollar
RevPAR_Oahu,1993-09-01,70.4,outcome,island,dollar
RevPAR_Oahu,1993-10-01,67.54,outcome,island,dollar
RevPAR_Oahu,1993-11-01,70.56,outcome,island,dollar
RevPAR_Oahu,1993-12-01,73.85,outcome,island,dollar
RevPAR_Oahu,1994-01-01,77.42,outcome,island,dollar
RevPAR_Oahu,1994-02-01,89.15,outcome,island,dollar
RevPAR_Oahu,1994-03-01,80.74,outcome,island,dollar
RevPAR_Oahu,1994-04-01,68.71,outcome,island,dollar
RevPAR_Oahu,1994-05-01,73.49,outcome,island,dollar
RevPAR_Oahu,1994-06-01,76.96,outcome,island,dollar
RevPAR_Oahu,1994-07-01,75.1,outcome,island,dollar
RevPAR_Oahu,1994-08-01,86.54,outcome,island,dollar
RevPAR_Oahu,1994-09-01,79.1,outcome,island,dollar
RevPAR_Oahu,1994-10-01,84.85,outcome,island,dollar
RevPAR_Oahu,1994-11-01,88.31,outcome,island,dollar
RevPAR_Oahu,1994-12-01,97.92,outcome,island,dollar
RevPAR_Oahu,1995-01-01,98.76,outcome,island,dollar
RevPAR_Oahu,1995-02-01,87.21,outcome,island,dollar
RevPAR_Oahu,1995-03-01,79.6,outcome,island,dollar
RevPAR_Oahu,1995-04-01,68.04,outcome,island,dollar
RevPAR_Oahu,1995-05-01,72.28,outcome,island,dollar
RevPAR_Oahu,1995-06-01,79.77,outcome,island,dollar
RevPAR_Oahu,1995-07-01,81.63,outcome,island,dollar
RevPAR_Oahu,1995-08-01,90.14,outcome,island,dollar
RevPAR_Oahu,1995-09-01,82.29,outcome,island,dollar
RevPAR_Oahu,1995-10-01,79.74,outcome,island,dollar
RevPAR_Oahu,1995-11-01,82.89,outcome,island,dollar
RevPAR_Oahu,1995-12-01,85.52,outcome,island,dollar
RevPAR_Oahu,1996-01-01,95.66,outcome,island,dollar
RevPAR_Oahu,1996-02-01,106.23,outcome,island,dollar
RevPAR_Oahu,1996-03-01,90.2,outcome,island,dollar
RevPAR_Oahu,1996-04-01,75.07,outcome,island,dollar
RevPAR_Oahu,1996-05-01,74.8,outcome,island,dollar
RevPAR_Oahu,1996-06-01,86.36,outcome,island,dollar
RevPAR_Oahu,1996-07-01,85.51,outcome,island,dollar
RevPAR_Oahu,1996-08-01,91.63,outcome,island,dollar
RevPAR_Oahu,1996-09-01,83.48,outcome,island,dollar
RevPAR_Oahu,1996-10-01,76.52,outcome,island,dollar
RevPAR_Oahu,1996-11-01,77.95,outcome,island,dollar
RevPAR_Oahu,1996-12-01,86.28,outcome,island,dollar
RevPAR_Oahu,1997-01-01,96.26,outcome,island,dollar
RevPAR_Oahu,1997-02-01,105.28,outcome,island,dollar
RevPAR_Oahu,1997-03-01,94.12,outcome,island,dollar
RevPAR_Oahu,1997-04-01,84.71,outcome,island,dollar
RevPAR_Oahu,1997-05-01,77.5,outcome,island,dollar
RevPAR_Oahu,1997-06-01,81.58,outcome,island,dollar
RevPAR_Oahu,1997-07-01,85.93,outcome,island,dollar
RevPAR_Oahu,1997-08-01,93.23,outcome,island,dollar
RevPAR_Oahu,1997-09-01,87.54,outcome,island,dollar
RevPAR_Oahu,1997-10-01,80.18,outcome,island,dollar
RevPAR_Oahu,1997-11-01,79.71,outcome,island,dollar
RevPAR_Oahu,1997-12-01,86.76,outcome,island,dollar
RevPAR_Oahu,1998-01-01,93.73,outcome,island,dollar
RevPAR_Oahu,1998-02-01,101.51,outcome,island,dollar
RevPAR_Oahu,1998-03-01,84.28,outcome,island,dollar
RevPAR_Oahu,1998-04-01,76.38,outcome,island,dollar
RevPAR_Oahu,1998-05-01,71.61,outcome,island,dollar
RevPAR_Oahu,1998-06-01,75.84,outcome,island,dollar
RevPAR_Oahu,1998-07-01,82.94,outcome,island,dollar
RevPAR_Oahu,1998-08-01,86.18,outcome,island,dollar
RevPAR_Oahu,1998-09-01,76.05,outcome,island,dollar
RevPAR_Oahu,1998-10-01,73.63,outcome,island,dollar
RevPAR_Oahu,1998-11-01,73.11,outcome,island,dollar
RevPAR_Oahu,1998-12-01,77.09,outcome,island,dollar
RevPAR_Oahu,1999-01-01,80.1,outcome,island,dollar
RevPAR_Oahu,1999-02-01,89.72,outcome,island,dollar
RevPAR_Oahu,1999-03-01,77.27,outcome,island,dollar
RevPAR_Oahu,1999-04-01,71.12,outcome,island,dollar
RevPAR_Oahu,1999-05-01,68.62,outcome,island,dollar
RevPAR_Oahu,1999-06-01,72.62,outcome,island,dollar
RevPAR_Oahu,1999-07-01,78.3,outcome,island,dollar
RevPAR_Oahu,1999-08-01,84.4,outcome,island,dollar
RevPAR_Oahu,1999-09-01,78.08,outcome,island,dollar
RevPAR_Oahu,1999-10-01,79.21,outcome,island,dollar
RevPAR_Oahu,1999-11-01,75.97,outcome,island,dollar
RevPAR_Oahu,1999-12-01,74.74,outcome,island,dollar
RevPAR_Oahu,2000-01-01,84.6,outcome,island,dollar
RevPAR_Oahu,2000-02-01,96.82,outcome,island,dollar
RevPAR_Oahu,2000-03-01,86.11,outcome,island,dollar
RevPAR_Oahu,2000-04-01,77.9,outcome,island,dollar
RevPAR_Oahu,2000-05-01,78.18,outcome,island,dollar
RevPAR_Oahu,2000-06-01,90.13,outcome,island,dollar
RevPAR_Oahu,2000-07-01,93.09,outcome,island,dollar
RevPAR_Oahu,2000-08-01,94.58,outcome,island,dollar
RevPAR_Oahu,2000-09-01,86.33,outcome,island,dollar
RevPAR_Oahu,2000-10-01,87.25,outcome,island,dollar
RevPAR_Oahu,2000-11-01,88.95,outcome,island,dollar
RevPAR_Oahu,2000-12-01,88.38,outcome,island,dollar
RevPAR_Oahu,2001-01-01,98.71,outcome,island,dollar
RevPAR_Oahu,2001-02-01,107.04,outcome,island,dollar
RevPAR_Oahu,2001-03-01,90.13,outcome,island,dollar
RevPAR_Oahu,2001-04-01,78.93,outcome,island,dollar
RevPAR_Oahu,2001-05-01,79.58,outcome,island,dollar
RevPAR_Oahu,2001-06-01,84.96,outcome,island,dollar
RevPAR_Oahu,2001-07-01,88.91,outcome,island,dollar
RevPAR_Oahu,2001-08-01,96.77,outcome,island,dollar
RevPAR_Oahu,2001-09-01,60.96,outcome,island,dollar
RevPAR_Oahu,2001-10-01,59.23,outcome,island,dollar
RevPAR_Oahu,2001-11-01,53.85,outcome,island,dollar
RevPAR_Oahu,2001-12-01,64.08,outcome,island,dollar
RevPAR_Oahu,2002-01-01,72.89,outcome,island,dollar
RevPAR_Oahu,2002-02-01,89.02,outcome,island,dollar
RevPAR_Oahu,2002-03-01,79.09,outcome,island,dollar
RevPAR_Oahu,2002-04-01,68.36,outcome,island,dollar
RevPAR_Oahu,2002-05-01,75.07,outcome,island,dollar
RevPAR_Oahu,2002-06-01,79.48,outcome,island,dollar
RevPAR_Oahu,2002-07-01,84.22,outcome,island,dollar
RevPAR_Oahu,2002-08-01,91.85,outcome,island,dollar
RevPAR_Oahu,2002-09-01,71.83,outcome,island,dollar
RevPAR_Oahu,2002-10-01,76.67,outcome,island,dollar
RevPAR_Oahu,2002-11-01,74.34,outcome,island,dollar
RevPAR_Oahu,2002-12-01,86.91,outcome,island,dollar
RevPAR_Oahu,2003-01-01,87.39,outcome,island,dollar
RevPAR_Oahu,2003-02-01,94.37,outcome,island,dollar
RevPAR_Oahu,2003-03-01,81.98,outcome,island,dollar
RevPAR_Oahu,2003-04-01,71.36,outcome,island,dollar
RevPAR_Oahu,2003-05-01,68.49,outcome,island,dollar
RevPAR_Oahu,2003-06-01,76.22,outcome,island,dollar
RevPAR_Oahu,2003-07-01,87.07,outcome,island,dollar
RevPAR_Oahu,2003-08-01,98.65,outcome,island,dollar
RevPAR_Oahu,2003-09-01,86.07,outcome,island,dollar
RevPAR_Oahu,2003-10-01,85.65,outcome,island,dollar
RevPAR_Oahu,2003-11-01,82.51,outcome,island,dollar
RevPAR_Oahu,2003-12-01,99.26,outcome,island,dollar
RevPAR_Oahu,2004-01-01,95.06,outcome,island,dollar
RevPAR_Oahu,2004-02-01,105.66,outcome,island,dollar
RevPAR_Oahu,2004-03-01,95.62,outcome,island,dollar
RevPAR_Oahu,2004-04-01,85.44,outcome,island,dollar
RevPAR_Oahu,2004-05-01,85.15,outcome,island,dollar
RevPAR_Oahu,2004-06-01,99.82,outcome,island,dollar
RevPAR_Oahu,2004-07-01,115.09,outcome,island,dollar
RevPAR_Oahu,2004-08-01,109.46,outcome,island,dollar
RevPAR_Oahu,2004-09-01,92.75,outcome,island,dollar
RevPAR_Oahu,2004-10-01,98.88,outcome,island,dollar
RevPAR_Oahu,2004-11-01,91.6,outcome,island,dollar
RevPAR_Oahu,2004-12-01,102.86,outcome,island,dollar
RevPAR_Oahu,2005-01-01,112.81,outcome,island,dollar
RevPAR_Oahu,2005-02-01,119.17,outcome,island,dollar
RevPAR_Oahu,2005-03-01,115.58,outcome,island,dollar
RevPAR_Oahu,2005-04-01,99.14,outcome,island,dollar
RevPAR_Oahu,2005-05-01,104.84,outcome,island,dollar
RevPAR_Oahu,2005-06-01,117.85,outcome,island,dollar
RevPAR_Oahu,2005-07-01,133.24,outcome,island,dollar
RevPAR_Oahu,2005-08-01,138.08,outcome,island,dollar
RevPAR_Oahu,2005-09-01,118.95,outcome,island,dollar
RevPAR_Oahu,2005-10-01,117.89,outcome,island,dollar
RevPAR_Oahu,2005-11-01,116.44,outcome,island,dollar
RevPAR_Oahu,2005-12-01,132.31,outcome,island,dollar
RevPAR_Oahu,2006-01-01,129.2,outcome,island,dollar
RevPAR_Oahu,2006-02-01,144.61,outcome,island,dollar
RevPAR_Oahu,2006-03-01,128.7,outcome,island,dollar
RevPAR_Oahu,2006-04-01,122.15,outcome,island,dollar
RevPAR_Oahu,2006-05-01,114.24,outcome,island,dollar
RevPAR_Oahu,2006-06-01,134.84,outcome,island,dollar
RevPAR_Oahu,2006-07-01,152.22,outcome,island,dollar
RevPAR_Oahu,2006-08-01,143.97,outcome,island,dollar
RevPAR_Oahu,2006-09-01,120.75,outcome,island,dollar
RevPAR_Oahu,2006-10-01,115.42,outcome,island,dollar
RevPAR_Oahu,2006-11-01,123.67,outcome,island,dollar
RevPAR_Oahu,2006-12-01,132.23,outcome,island,dollar
RevPAR_Oahu,2007-01-01,126.56,outcome,island,dollar
RevPAR_Oahu,2007-02-01,136.36,outcome,island,dollar
RevPAR_Oahu,2007-03-01,126.12,outcome,island,dollar
RevPAR_Oahu,2007-04-01,117.09,outcome,island,dollar
RevPAR_Oahu,2007-05-01,113.53,outcome,island,dollar
RevPAR_Oahu,2007-06-01,132.45,outcome,island,dollar
RevPAR_Oahu,2007-07-01,143.24,outcome,island,dollar
RevPAR_Oahu,2007-08-01,147.98,outcome,island,dollar
RevPAR_Oahu,2007-09-01,131.45,outcome,island,dollar
RevPAR_Oahu,2007-10-01,122.09,outcome,island,dollar
RevPAR_Oahu,2007-11-01,119.14,outcome,island,dollar
RevPAR_Oahu,2007-12-01,135.85,outcome,island,dollar
RevPAR_Oahu,2008-01-01,136.2,outcome,island,dollar
RevPAR_Oahu,2008-02-01,149.23,outcome,island,dollar
RevPAR_Oahu,2008-03-01,133.09,outcome,island,dollar
RevPAR_Oahu,2008-04-01,118.56,outcome,island,dollar
RevPAR_Oahu,2008-05-01,119.97,outcome,island,dollar
RevPAR_Oahu,2008-06-01,127.86,outcome,island,dollar
RevPAR_Oahu,2008-07-01,144.55,outcome,island,dollar
RevPAR_Oahu,2008-08-01,142.6,outcome,island,dollar
RevPAR_Oahu,2008-09-01,110.84,outcome,island,dollar
RevPAR_Oahu,2008-10-01,116.61,outcome,island,dollar
RevPAR_Oahu,2008-11-01,107.97,outcome,island,dollar
RevPAR_Oahu,2008-12-01,116.26,outcome,island,dollar
RevPAR_Oahu,2009-01-01,110.93,outcome,island,dollar
RevPAR_Oahu,2009-02-01,119.61,outcome,island,dollar
RevPAR_Oahu,2009-03-01,103.11,outcome,island,dollar
RevPAR_Oahu,2009-04-01,103.64,outcome,island,dollar
RevPAR_Oahu,2009-05-01,100.73,outcome,island,dollar
RevPAR_Oahu,2009-06-01,97.61,outcome,island,dollar
RevPAR_Oahu,2009-07-01,115.62,outcome,island,dollar
RevPAR_Oahu,2009-08-01,116.2,outcome,island,dollar
RevPAR_Oahu,2009-09-01,107.93,outcome,island,dollar
RevPAR_Oahu,2009-10-01,113.43,outcome,island,dollar
RevPAR_Oahu,2009-11-01,103.69,outcome,island,dollar
RevPAR_Oahu,2009-12-01,112.63,outcome,island,dollar
RevPAR_Oahu,2010-01-01,107.69,outcome,island,dollar
RevPAR_Oahu,2010-02-01,114.8,outcome,island,dollar
RevPAR_Oahu,2010-03-01,108.76,outcome,island,dollar
RevPAR_Oahu,2010-04-01,100.78,outcome,island,dollar
RevPAR_Oahu,2010-05-01,104.7,outcome,island,dollar
RevPAR_Oahu,2010-06-01,114.79,outcome,island,dollar
RevPAR_Oahu,2010-07-01,139.68,outcome,island,dollar
RevPAR_Oahu,2010-08-01,129.17,outcome,island,dollar
RevPAR_Oahu,2010-09-01,121.11,outcome,island,dollar
RevPAR_Oahu,2010-10-01,116.52,outcome,island,dollar
RevPAR_Oahu,2010-11-01,114.17,outcome,island,dollar
RevPAR_Oahu,2010-12-01,134.49,outcome,island,dollar
RevPAR_Oahu,2011-01-01,132.78,outcome,island,dollar
RevPAR_Oahu,2011-02-01,137.92,outcome,island,dollar
RevPAR_Oahu,2011-03-01,123.49,outcome,island,dollar
RevPAR_Oahu,2011-04-01,119.96,outcome,island,dollar
RevPAR_Oahu,2011-05-01,120.23,outcome,island,dollar
RevPAR_Oahu,2011-06-01,126.13,outcome,island,dollar
RevPAR_Oahu,2011-07-01,140.36,outcome,island,dollar
RevPAR_Oahu,2011-08-01,146.72,outcome,island,dollar
RevPAR_Oahu,2011-09-01,133.74,outcome,island,dollar
RevPAR_Oahu,2011-10-01,132.22,outcome,island,dollar
RevPAR_Oahu,2011-11-01,135.04,outcome,island,dollar
RevPAR_Oahu,2011-12-01,148.44,outcome,island,dollar
RevPAR_Oahu,2012-01-01,157.96,outcome,island,dollar
RevPAR_Oahu,2012-02-01,152.04,outcome,island,dollar
RevPAR_Oahu,2012-03-01,146.15,outcome,island,dollar
RevPAR_Oahu,2012-04-01,134.7,outcome,island,dollar
RevPAR_Oahu,2012-05-01,144.54,outcome,island,dollar
RevPAR_Oahu,2012-06-01,154.31,outcome,island,dollar
RevPAR_Oahu,2012-07-01,178.91,outcome,island,dollar
RevPAR_Oahu,2012-08-01,177.3,outcome,island,dollar
RevPAR_Oahu,2012-09-01,151.62,outcome,island,dollar
RevPAR_Oahu,2012-10-01,147.84,outcome,island,dollar
RevPAR_Oahu,2012-11-01,148.24,outcome,island,dollar
RevPAR_Oahu,2012-12-01,170.32,outcome,island,dollar
RevPAR_Oahu,2013-01-01,180.95,outcome,island,dollar
RevPAR_Oahu,2013-02-01,188.68,outcome,island,dollar
RevPAR_Oahu,2013-03-01,171.46,outcome,island,dollar
RevPAR_Oahu,2013-04-01,160.8,outcome,island,dollar
RevPAR_Oahu,2013-05-01,158.6,outcome,island,dollar
RevPAR_Oahu,2013-06-01,176.85,outcome,island,dollar
RevPAR_Oahu,2013-07-01,194.08,outcome,island,dollar
RevPAR_Oahu,2013-08-01,200.44,outcome,island,dollar
RevPAR_Oahu,2013-09-01,171.3,outcome,island,dollar
RevPAR_Oahu,2013-10-01,162.77,outcome,island,dollar
RevPAR_Oahu,2013-11-01,156.53,outcome,island,dollar
RevPAR_Oahu,2013-12-01,182.31,outcome,island,dollar
RevPAR_Oahu,2014-01-01,187.73,outcome,island,dollar
RevPAR_Oahu,2014-02-01,192.85,outcome,island,dollar
RevPAR_Oahu,2014-03-01,171.62,outcome,island,dollar
RevPAR_Oahu,2014-04-01,155.2,outcome,island,dollar
RevPAR_Oahu,2014-05-01,156.91,outcome,island,dollar
RevPAR_Oahu,2014-06-01,180.21,outcome,island,dollar
RevPAR_Oahu,2014-07-01,206.89,outcome,island,dollar
RevPAR_Oahu,2014-08-01,201.3,outcome,island,dollar
RevPAR_Oahu,2014-09-01,177.41,outcome,island,dollar
RevPAR_Oahu,2014-10-01,174.82,outcome,island,dollar
RevPAR_Oahu,2014-11-01,162.31,outcome,island,dollar
RevPAR_Oahu,2014-12-01,193.47,outcome,island,dollar
RevPAR_Oahu,2015-01-01,179.08,outcome,island,dollar
RevPAR_Oahu,2015-02-01,186.34,outcome,island,dollar
RevPAR_Oahu,2015-03-01,173.12,outcome,island,dollar
RevPAR_Oahu,2015-04-01,160.11,outcome,island,dollar
RevPAR_Oahu,2015-05-01,172.51,outcome,island,dollar
RevPAR_Oahu,2015-06-01,202.11,outcome,island,dollar
RevPAR_Oahu,2015-07-01,208.33,outcome,island,dollar
RevPAR_Oahu,2015-08-01,204.01,outcome,island,dollar
RevPAR_Oahu,2015-09-01,182.19,outcome,island,dollar
RevPAR_Oahu,2015-10-01,185.69,outcome,island,dollar
RevPAR_Oahu,2015-11-01,178.33,outcome,island,dollar
RevPAR_Oahu,2015-12-01,214.31,outcome,island,dollar
RevPAR_Oahu,2016-01-01,189.57,outcome,island,dollar
RevPAR_Oahu,2016-02-01,193.1,outcome,island,dollar
RevPAR_Oahu,2016-03-01,173.52,outcome,island,dollar
RevPAR_Oahu,2016-04-01,168.71,outcome,island,dollar
RevPAR_Oahu,2016-05-01,173.58,outcome,island,dollar
RevPAR_Oahu,2016-06-01,196.85,outcome,island,dollar
RevPAR_Oahu,2016-07-01,221.28,outcome,island,dollar
RevPAR_Oahu,2016-08-01,211.28,outcome,island,dollar
RevPAR_Oahu,2016-09-01,195.47,outcome,island,dollar
RevPAR_Oahu,2016-10-01,183.5,outcome,island,dollar
RevPAR_Oahu,2016-11-01,176.56,outcome,island,dollar
RevPAR_Oahu,2016-12-01,212.87,outcome,island,dollar
RevPAR_Oahu,2017-01-01,203.61,outcome,island,dollar
RevPAR_Oahu,2017-02-01,197.7,outcome,island,dollar
RevPAR_Oahu,2017-03-01,177.32,outcome,island,dollar
RevPAR_Oahu,2017-04-01,176.77,outcome,island,dollar
RevPAR_Oahu,2017-05-01,175.35,outcome,island,dollar
RevPAR_Oahu,2017-06-01,207.03,outcome,island,dollar
RevPAR_Oahu,2017-07-01,226.3,outcome,island,dollar
RevPAR_Oahu,2017-08-01,210.76,outcome,island,dollar
RevPAR_Oahu,2017-09-01,182.32,outcome,island,dollar
RevPAR_Oahu,2017-10-01,182.71,outcome,island,dollar
RevPAR_Oahu,2017-11-01,179.69,outcome,island,dollar
RevPAR_Oahu,2017-12-01,213.23,outcome,island,dollar
RevPAR_Oahu,2018-01-01,199.05,outcome,island,dollar
RevPAR_Oahu,2018-02-01,204.8,outcome,island,dollar
RevPAR_Oahu,2018-03-01,190.13,outcome,island,dollar
RevPAR_Oahu,2018-04-01,188.51,outcome,island,dollar
RevPAR_Oahu,2018-05-01,187.23,outcome,island,dollar
RevPAR_Oahu,2018-06-01,213.19,outcome,island,dollar
RevPAR_Oahu,2018-07-01,228.66,outcome,island,dollar
RevPAR_Oahu,2018-08-01,215.34,outcome,island,dollar
RevPAR_Oahu,2018-09-01,188.02,outcome,island,dollar
RevPAR_Oahu,2018-10-01,185.35,outcome,island,dollar
RevPAR_Oahu,2018-11-01,173.87,outcome,island,dollar
RevPAR_Oahu,2018-12-01,220.74,outcome,island,dollar
RevPAR_Oahu,2019-01-01,200.38,outcome,island,dollar
RevPAR_Oahu,2019-02-01,204.7,outcome,island,dollar
RevPAR_Oahu,2019-03-01,184.57,outcome,island,dollar
RevPAR_Oahu,2019-04-01,183.13,outcome,island,dollar
RevPAR_Oahu,2019-05-01,186.1,outcome,island,dollar
RevPAR_Oahu,2019-06-01,213.4,outcome,island,dollar
RevPAR_Oahu,2019-07-01,229.57,outcome,island,dollar
RevPAR_Oahu,2019-08-01,226.73,outcome,island,dollar
RevPAR_Oahu,2019-09-01,190.56,outcome,island,dollar
RevPAR_Oahu,2019-10-01,187.94,outcome,island,dollar
RevPAR_Oahu,2019-11-01,187.7,outcome,island,dollar
RevPAR_Oahu,2019-12-01,237.22,outcome,island,dollar
RevPAR_Oahu,2020-01-01,223.33,outcome,island,dollar
RevPAR_Oahu,2020-02-01,209.54,outcome,island,dollar
RevPAR_Oahu,2020-03-01,93.71,outcome,island,dollar
RevPAR_Oahu,2020-04-01,11.38,outcome,island,dollar
RevPAR_Oahu,2020-05-01,17.85,outcome,island,dollar
RevPAR_Oahu,2020-06-01,25.3,outcome,island,dollar
RevPAR_Oahu,2020-07-01,39.69,outcome,island,dollar
RevPAR_Oahu,2020-08-01,42.13,outcome,island,dollar
RevPAR_Oahu,2020-09-01,32.54,outcome,island,dollar
RevPAR_Oahu,2020-10-01,34.63,outcome,island,dollar
RevPAR_Oahu,2020-11-01,37.86,outcome,island,dollar
RevPAR_Oahu,2020-12-01,43.4,outcome,island,dollar
RevPAR_Oahu,2021-01-01,39.73,outcome,island,dollar
RevPAR_Oahu,2021-02-01,49.61,outcome,island,dollar
RevPAR_Oahu,2021-03-01,74.32,outcome,island,dollar
RevPAR_Oahu,2021-04-01,90.6,outcome,island,dollar
RevPAR_Oahu,2021-05-01,116.27,outcome,island,dollar
RevPAR_Oahu,2021-06-01,171.4,outcome,island,dollar
RevPAR_Oahu,2021-07-01,212.0,outcome,island,dollar
RevPAR_Oahu,2021-08-01,178.54,outcome,island,dollar
RevPAR_Oahu,2021-09-01,109.93,outcome,island,dollar
RevPAR_Oahu,2021-10-01,103.21,outcome,island,dollar
RevPAR_Oahu,2021-11-01,120.41,outcome,island,dollar
RevPAR_Oahu,2021-12-01,211.79,outcome,island,dollar
RevPAR_Oahu,2022-01-01,158.26,outcome,island,dollar
RevPAR_Oahu,2022-02-01,168.38,outcome,island,dollar
RevPAR_Oahu,2022-03-01,180.52,outcome,island,dollar
RevPAR_Oahu,2022-04-01,198.29,outcome,island,dollar
RevPAR_Oahu,2022-05-01,186.18,outcome,island,dollar
RevPAR_Oahu,2022-06-01,218.99,outcome,island,dollar
RevPAR_Oahu,2022-07-01,266.01,outcome,island,dollar
RevPAR_Oahu,2022-08-01,233.89,outcome,island,dollar
RevPAR_Oahu,2022-09-01,199.35,outcome,island,dollar
RevPAR_Oahu,2022-10-01,186.2,outcome,island,dollar
RevPAR_Oahu,2022-11-01,186.36,outcome,island,dollar
RevPAR_Oahu,2022-12-01,238.0,outcome,island,dollar
RevPAR_Oahu,2023-01-01,208.76,outcome,island,dollar
RevPAR_Oahu,2023-02-01,209.97,outcome,island,dollar
RevPAR_Oahu,2023-03-01,216.39,outcome,island,dollar
RevPAR_Oahu,2023-04-01,213.56,outcome,island,dollar
RevPAR_Oahu,2023-05-01,207.01,outcome,island,dollar
RevPAR_Oahu,2023-06-01,241.5,outcome,island,dollar
RevPAR_Oahu,2023-07-01,259.15,outcome,island,dollar
RevPAR_Oahu,2023-08-01,246.16,outcome,island,dollar
RevPAR_Oahu,2023-09-01,222.23,outcome,island,dollar
RevPAR_Oahu,2023-10-01,214.01,outcome,island,dollar
RevPAR_Oahu,2023-11-01,207.66,outcome,island,dollar
RevPAR_Oahu,2023-12-01,242.19,outcome,island,dollar
RevPAR_Oahu,2024-01-01,224.44,outcome,island,dollar
RevPAR_Oahu,2024-02-01,238.03,outcome,island,dollar
RevPAR_Oahu,2024-03-01,223.53,outcome,island,dollar
RevPAR_Oahu,2024-04-01,210.1,outcome,island,dollar
RevPAR_Oahu,2024-05-01,213.13,outcome,island,dollar
RevPAR_Oahu,2024-06-01,252.28,outcome,island,dollar
RevPAR_Oahu,2024-07-01,274.13,outcome,island,dollar
RevPAR_Oahu,2024-08-01,246.24,outcome,island,dollar
RevPAR_Oahu,2024-09-01,198.22,outcome,island,dollar
RevPAR_Oahu,2024-10-01,202.9,outcome,island,dollar
RevPAR_Oahu,2024-11-01,192.68,outcome,island,dollar
RevPAR_Oahu,2024-12-01,248.53,outcome,island,dollar
RevPAR_Oahu,2025-01-01,226.9,outcome,island,dollar
RevPAR_Oahu,2025-02-01,232.14,outcome,island,dollar
RevPAR_Oahu,2025-03-01,216.05,outcome,island,dollar
RevPAR_Oahu,2025-04-01,217.96,outcome,island,dollar
RevPAR_Oahu,2025-05-01,205.38,outcome,island,dollar
RevPAR_Oahu,2025-06-01,230.75,outcome,island,dollar
RevPAR_Oahu,2025-07-01,255.98,outcome,island,dollar
RevPAR_Oahu,2025-08-01,233.6,outcome,island,dollar
RevPAR_Oahu,2025-09-01,194.97,outcome,island,dollar
RevPAR_Oahu,2025-10-01,201.92,outcome,island,dollar
RevPAR_Oahu,2025-11-01,198.28,outcome,island,dollar
RevPAR_Oahu,2025-12-01,271.34,outcome,island,dollar
RevPAR_Oahu,2026-01-01,223.57,outcome,island,dollar
RevPAR_Oahu,2026-02-01,220.11,outcome,island,dollar
RevPAR_Oahu,2026-03-01,211.64,outcome,island,dollar
RevPAR_Oahu,2026-04-01,207.44,outcome,island,dollar
RevPAR_Oahu,2026-05-01,204.75,outcome,island,dollar
Mean Daily Rate,1990-01-01,103.26,outcome,tourism,dollar
Mean Daily Rate,1990-02-01,103.8,outcome,tourism,dollar
Mean Daily Rate,1990-03-01,101.9,outcome,tourism,dollar
Mean Daily Rate,1990-04-01,102.71,outcome,tourism,dollar
Mean Daily Rate,1990-05-01,101.55,outcome,tourism,dollar
Mean Daily Rate,1990-06-01,101.59,outcome,tourism,dollar
Mean Daily Rate,1990-07-01,100.08,outcome,tourism,dollar
Mean Daily Rate,1990-08-01,101.03,outcome,tourism,dollar
Mean Daily Rate,1990-09-01,101.03,outcome,tourism,dollar
Mean Daily Rate,1990-10-01,102.4,outcome,tourism,dollar
Mean Daily Rate,1990-11-01,102.48,outcome,tourism,dollar
Mean Daily Rate,1990-12-01,101.19,outcome,tourism,dollar
Mean Daily Rate,1991-01-01,102.88,outcome,tourism,dollar
Mean Daily Rate,1991-02-01,100.06,outcome,tourism,dollar
Mean Daily Rate,1991-03-01,102.0,outcome,tourism,dollar
Mean Daily Rate,1991-04-01,99.53,outcome,tourism,dollar
Mean Daily Rate,1991-05-01,100.95,outcome,tourism,dollar
Mean Daily Rate,1991-06-01,100.25,outcome,tourism,dollar
Mean Daily Rate,1991-07-01,103.08,outcome,tourism,dollar
Mean Daily Rate,1991-08-01,101.1,outcome,tourism,dollar
Mean Daily Rate,1991-09-01,100.33,outcome,tourism,dollar
Mean Daily Rate,1991-10-01,100.81,outcome,tourism,dollar
Mean Daily Rate,1991-11-01,100.49,outcome,tourism,dollar
Mean Daily Rate,1991-12-01,103.12,outcome,tourism,dollar
Mean Daily Rate,1992-01-01,103.82,outcome,tourism,dollar
Mean Daily Rate,1992-02-01,104.3,outcome,tourism,dollar
Mean Daily Rate,1992-03-01,103.95,outcome,tourism,dollar
Mean Daily Rate,1992-04-01,104.81,outcome,tourism,dollar
Mean Daily Rate,1992-05-01,103.35,outcome,tourism,dollar
Mean Daily Rate,1992-06-01,105.3,outcome,tourism,dollar
Mean Daily Rate,1992-07-01,103.91,outcome,tourism,dollar
Mean Daily Rate,1992-08-01,105.12,outcome,tourism,dollar
Mean Daily Rate,1992-09-01,105.24,outcome,tourism,dollar
Mean Daily Rate,1992-10-01,103.92,outcome,tourism,dollar
Mean Daily Rate,1992-11-01,105.5,outcome,tourism,dollar
Mean Daily Rate,1992-12-01,104.16,outcome,tourism,dollar
Mean Daily Rate,1993-01-01,102.87,outcome,tourism,dollar
Mean Daily Rate,1993-02-01,104.2,outcome,tourism,dollar
Mean Daily Rate,1993-03-01,103.13,outcome,tourism,dollar
Mean Daily Rate,1993-04-01,103.14,outcome,tourism,dollar
Mean Daily Rate,1993-05-01,104.36,outcome,tourism,dollar
Mean Daily Rate,1993-06-01,104.2,outcome,tourism,dollar
Mean Daily Rate,1993-07-01,103.99,outcome,tourism,dollar
Mean Daily Rate,1993-08-01,103.2,outcome,tourism,dollar
Mean Daily Rate,1993-09-01,103.14,outcome,tourism,dollar
Mean Daily Rate,1993-10-01,101.95,outcome,tourism,dollar
Mean Daily Rate,1993-11-01,102.03,outcome,tourism,dollar
Mean Daily Rate,1993-12-01,101.37,outcome,tourism,dollar
Mean Daily Rate,1994-01-01,100.34,outcome,tourism,dollar
Mean Daily Rate,1994-02-01,102.17,outcome,tourism,dollar
Mean Daily Rate,1994-03-01,103.85,outcome,tourism,dollar
Mean Daily Rate,1994-04-01,105.05,outcome,tourism,dollar
Mean Daily Rate,1994-05-01,105.23,outcome,tourism,dollar
Mean Daily Rate,1994-06-01,103.86,outcome,tourism,dollar
Mean Daily Rate,1994-07-01,104.21,outcome,tourism,dollar
Mean Daily Rate,1994-08-01,106.74,outcome,tourism,dollar
Mean Daily Rate,1994-09-01,107.46,outcome,tourism,dollar
Mean Daily Rate,1994-10-01,107.64,outcome,tourism,dollar
Mean Daily Rate,1994-11-01,107.28,outcome,tourism,dollar
Mean Daily Rate,1994-12-01,107.27,outcome,tourism,dollar
Mean Daily Rate,1995-01-01,108.18,outcome,tourism,dollar
Mean Daily Rate,1995-02-01,106.23,outcome,tourism,dollar
Mean Daily Rate,1995-03-01,107.14,outcome,tourism,dollar
Mean Daily Rate,1995-04-01,108.16,outcome,tourism,dollar
Mean Daily Rate,1995-05-01,110.12,outcome,tourism,dollar
Mean Daily Rate,1995-06-01,109.36,outcome,tourism,dollar
Mean Daily Rate,1995-07-01,110.34,outcome,tourism,dollar
Mean Daily Rate,1995-08-01,108.9,outcome,tourism,dollar
Mean Daily Rate,1995-09-01,110.09,outcome,tourism,dollar
Mean Daily Rate,1995-10-01,112.66,outcome,tourism,dollar
Mean Daily Rate,1995-11-01,112.93,outcome,tourism,dollar
Mean Daily Rate,1995-12-01,111.84,outcome,tourism,dollar
Mean Daily Rate,1996-01-01,113.74,outcome,tourism,dollar
Mean Daily Rate,1996-02-01,115.32,outcome,tourism,dollar
Mean Daily Rate,1996-03-01,114.15,outcome,tourism,dollar
Mean Daily Rate,1996-04-01,114.52,outcome,tourism,dollar
Mean Daily Rate,1996-05-01,114.14,outcome,tourism,dollar
Mean Daily Rate,1996-06-01,116.21,outcome,tourism,dollar
Mean Daily Rate,1996-07-01,115.83,outcome,tourism,dollar
Mean Daily Rate,1996-08-01,116.38,outcome,tourism,dollar
Mean Daily Rate,1996-09-01,118.28,outcome,tourism,dollar
Mean Daily Rate,1996-10-01,118.65,outcome,tourism,dollar
Mean Daily Rate,1996-11-01,119.05,outcome,tourism,dollar
Mean Daily Rate,1996-12-01,120.82,outcome,tourism,dollar
Mean Daily Rate,1997-01-01,121.99,outcome,tourism,dollar
Mean Daily Rate,1997-02-01,122.28,outcome,tourism,dollar
Mean Daily Rate,1997-03-01,123.87,outcome,tourism,dollar
Mean Daily Rate,1997-04-01,122.8,outcome,tourism,dollar
Mean Daily Rate,1997-05-01,123.51,outcome,tourism,dollar
Mean Daily Rate,1997-06-01,124.94,outcome,tourism,dollar
Mean Daily Rate,1997-07-01,125.71,outcome,tourism,dollar
Mean Daily Rate,1997-08-01,126.56,outcome,tourism,dollar
Mean Daily Rate,1997-09-01,126.77,outcome,tourism,dollar
Mean Daily Rate,1997-10-01,125.14,outcome,tourism,dollar
Mean Daily Rate,1997-11-01,126.8,outcome,tourism,dollar
Mean Daily Rate,1997-12-01,126.49,outcome,tourism,dollar
Mean Daily Rate,1998-01-01,127.9,outcome,tourism,dollar
Mean Daily Rate,1998-02-01,128.53,outcome,tourism,dollar
Mean Daily Rate,1998-03-01,128.81,outcome,tourism,dollar
Mean Daily Rate,1998-04-01,128.84,outcome,tourism,dollar
Mean Daily Rate,1998-05-01,128.17,outcome,tourism,dollar
Mean Daily Rate,1998-06-01,128.55,outcome,tourism,dollar
Mean Daily Rate,1998-07-01,128.09,outcome,tourism,dollar
Mean Daily Rate,1998-08-01,129.17,outcome,tourism,dollar
Mean Daily Rate,1998-09-01,128.77,outcome,tourism,dollar
Mean Daily Rate,1998-10-01,129.17,outcome,tourism,dollar
Mean Daily Rate,1998-11-01,127.5,outcome,tourism,dollar
Mean Daily Rate,1998-12-01,129.84,outcome,tourism,dollar
Mean Daily Rate,1999-01-01,127.13,outcome,tourism,dollar
Mean Daily Rate,1999-02-01,128.09,outcome,tourism,dollar
Mean Daily Rate,1999-03-01,128.4,outcome,tourism,dollar
Mean Daily Rate,1999-04-01,129.62,outcome,tourism,dollar
Mean Daily Rate,1999-05-01,130.44,outcome,tourism,dollar
Mean Daily Rate,1999-06-01,130.75,outcome,tourism,dollar
Mean Daily Rate,1999-07-01,131.44,outcome,tourism,dollar
Mean Daily Rate,1999-08-01,131.79,outcome,tourism,dollar
Mean Daily Rate,1999-09-01,133.49,outcome,tourism,dollar
Mean Daily Rate,1999-10-01,135.7,outcome,tourism,dollar
Mean Daily Rate,1999-11-01,135.2,outcome,tourism,dollar
Mean Daily Rate,1999-12-01,139.54,outcome,tourism,dollar
Mean Daily Rate,2000-01-01,138.89,outcome,tourism,dollar
Mean Daily Rate,2000-02-01,137.84,outcome,tourism,dollar
Mean Daily Rate,2000-03-01,139.23,outcome,tourism,dollar
Mean Daily Rate,2000-04-01,139.02,outcome,tourism,dollar
Mean Daily Rate,2000-05-01,140.8,outcome,tourism,dollar
Mean Daily Rate,2000-06-01,139.27,outcome,tourism,dollar
Mean Daily Rate,2000-07-01,140.89,outcome,tourism,dollar
Mean Daily Rate,2000-08-01,140.35,outcome,tourism,dollar
Mean Daily Rate,2000-09-01,142.84,outcome,tourism,dollar
Mean Daily Rate,2000-10-01,142.43,outcome,tourism,dollar
Mean Daily Rate,2000-11-01,146.11,outcome,tourism,dollar
Mean Daily Rate,2000-12-01,142.86,outcome,tourism,dollar
Mean Daily Rate,2001-01-01,145.06,outcome,tourism,dollar
Mean Daily Rate,2001-02-01,146.54,outcome,tourism,dollar
Mean Daily Rate,2001-03-01,143.86,outcome,tourism,dollar
Mean Daily Rate,2001-04-01,146.42,outcome,tourism,dollar
Mean Daily Rate,2001-05-01,146.06,outcome,tourism,dollar
Mean Daily Rate,2001-06-01,145.75,outcome,tourism,dollar
Mean Daily Rate,2001-07-01,145.76,outcome,tourism,dollar
Mean Daily Rate,2001-08-01,146.28,outcome,tourism,dollar
Mean Daily Rate,2001-09-01,141.33,outcome,tourism,dollar
Mean Daily Rate,2001-10-01,141.73,outcome,tourism,dollar
Mean Daily Rate,2001-11-01,140.08,outcome,tourism,dollar
Mean Daily Rate,2001-12-01,139.94,outcome,tourism,dollar
Mean Daily Rate,2002-01-01,137.65,outcome,tourism,dollar
Mean Daily Rate,2002-02-01,138.69,outcome,tourism,dollar
Mean Daily Rate,2002-03-01,140.99,outcome,tourism,dollar
Mean Daily Rate,2002-04-01,139.65,outcome,tourism,dollar
Mean Daily Rate,2002-05-01,139.02,outcome,tourism,dollar
Mean Daily Rate,2002-06-01,139.89,outcome,tourism,dollar
Mean Daily Rate,2002-07-01,140.36,outcome,tourism,dollar
Mean Daily Rate,2002-08-01,141.45,outcome,tourism,dollar
Mean Daily Rate,2002-09-01,141.39,outcome,tourism,dollar
Mean Daily Rate,2002-10-01,142.36,outcome,tourism,dollar
Mean Daily Rate,2002-11-01,141.55,outcome,tourism,dollar
Mean Daily Rate,2002-12-01,142.46,outcome,tourism,dollar
Mean Daily Rate,2003-01-01,145.48,outcome,tourism,dollar
Mean Daily Rate,2003-02-01,143.52,outcome,tourism,dollar
Mean Daily Rate,2003-03-01,143.83,outcome,tourism,dollar
Mean Daily Rate,2003-04-01,144.3,outcome,tourism,dollar
Mean Daily Rate,2003-05-01,144.03,outcome,tourism,dollar
Mean Daily Rate,2003-06-01,144.19,outcome,tourism,dollar
Mean Daily Rate,2003-07-01,143.26,outcome,tourism,dollar
Mean Daily Rate,2003-08-01,143.69,outcome,tourism,dollar
Mean Daily Rate,2003-09-01,146.99,outcome,tourism,dollar
Mean Daily Rate,2003-10-01,146.08,outcome,tourism,dollar
Mean Daily Rate,2003-11-01,146.43,outcome,tourism,dollar
Mean Daily Rate,2003-12-01,147.01,outcome,tourism,dollar
Mean Daily Rate,2004-01-01,147.31,outcome,tourism,dollar
Mean Daily Rate,2004-02-01,147.07,outcome,tourism,dollar
Mean Daily Rate,2004-03-01,148.22,outcome,tourism,dollar
Mean Daily Rate,2004-04-01,149.16,outcome,tourism,dollar
Mean Daily Rate,2004-05-01,149.53,outcome,tourism,dollar
Mean Daily Rate,2004-06-01,151.2,outcome,tourism,dollar
Mean Daily Rate,2004-07-01,152.76,outcome,tourism,dollar
Mean Daily Rate,2004-08-01,152.69,outcome,tourism,dollar
Mean Daily Rate,2004-09-01,153.01,outcome,tourism,dollar
Mean Daily Rate,2004-10-01,154.91,outcome,tourism,dollar
Mean Daily Rate,2004-11-01,155.8,outcome,tourism,dollar
Mean Daily Rate,2004-12-01,157.74,outcome,tourism,dollar
Mean Daily Rate,2005-01-01,157.42,outcome,tourism,dollar
Mean Daily Rate,2005-02-01,160.53,outcome,tourism,dollar
Mean Daily Rate,2005-03-01,163.57,outcome,tourism,dollar
Mean Daily Rate,2005-04-01,154.58,outcome,tourism,dollar
Mean Daily Rate,2005-05-01,160.41,outcome,tourism,dollar
Mean Daily Rate,2005-06-01,163.49,outcome,tourism,dollar
Mean Daily Rate,2005-07-01,166.24,outcome,tourism,dollar
Mean Daily Rate,2005-08-01,169.81,outcome,tourism,dollar
Mean Daily Rate,2005-09-01,172.69,outcome,tourism,dollar
Mean Daily Rate,2005-10-01,175.19,outcome,tourism,dollar
Mean Daily Rate,2005-11-01,178.93,outcome,tourism,dollar
Mean Daily Rate,2005-12-01,176.67,outcome,tourism,dollar
Mean Daily Rate,2006-01-01,178.31,outcome,tourism,dollar
Mean Daily Rate,2006-02-01,183.17,outcome,tourism,dollar
Mean Daily Rate,2006-03-01,181.55,outcome,tourism,dollar
Mean Daily Rate,2006-04-01,184.5,outcome,tourism,dollar
Mean Daily Rate,2006-05-01,184.98,outcome,tourism,dollar
Mean Daily Rate,2006-06-01,186.66,outcome,tourism,dollar
Mean Daily Rate,2006-07-01,190.0,outcome,tourism,dollar
Mean Daily Rate,2006-08-01,190.43,outcome,tourism,dollar
Mean Daily Rate,2006-09-01,188.45,outcome,tourism,dollar
Mean Daily Rate,2006-10-01,187.95,outcome,tourism,dollar
Mean Daily Rate,2006-11-01,190.57,outcome,tourism,dollar
Mean Daily Rate,2006-12-01,192.73,outcome,tourism,dollar
Mean Daily Rate,2007-01-01,194.92,outcome,tourism,dollar
Mean Daily Rate,2007-02-01,195.55,outcome,tourism,dollar
Mean Daily Rate,2007-03-01,195.22,outcome,tourism,dollar
Mean Daily Rate,2007-04-01,196.11,outcome,tourism,dollar
Mean Daily Rate,2007-05-01,198.95,outcome,tourism,dollar
Mean Daily Rate,2007-06-01,200.36,outcome,tourism,dollar
Mean Daily Rate,2007-07-01,202.11,outcome,tourism,dollar
Mean Daily Rate,2007-08-01,201.76,outcome,tourism,dollar
Mean Daily Rate,2007-09-01,201.85,outcome,tourism,dollar
Mean Daily Rate,2007-10-01,202.88,outcome,tourism,dollar
Mean Daily Rate,2007-11-01,202.56,outcome,tourism,dollar
Mean Daily Rate,2007-12-01,203.94,outcome,tourism,dollar
Mean Daily Rate,2008-01-01,206.04,outcome,tourism,dollar
Mean Daily Rate,2008-02-01,206.31,outcome,tourism,dollar
Mean Daily Rate,2008-03-01,210.82,outcome,tourism,dollar
Mean Daily Rate,2008-04-01,194.28,outcome,tourism,dollar
Mean Daily Rate,2008-05-01,203.21,outcome,tourism,dollar
Mean Daily Rate,2008-06-01,205.88,outcome,tourism,dollar
Mean Daily Rate,2008-07-01,202.05,outcome,tourism,dollar
Mean Daily Rate,2008-08-01,201.39,outcome,tourism,dollar
Mean Daily Rate,2008-09-01,196.71,outcome,tourism,dollar
Mean Daily Rate,2008-10-01,193.6,outcome,tourism,dollar
Mean Daily Rate,2008-11-01,191.88,outcome,tourism,dollar
Mean Daily Rate,2008-12-01,191.52,outcome,tourism,dollar
Mean Daily Rate,2009-01-01,189.32,outcome,tourism,dollar
Mean Daily Rate,2009-02-01,183.12,outcome,tourism,dollar
Mean Daily Rate,2009-03-01,179.14,outcome,tourism,dollar
Mean Daily Rate,2009-04-01,177.77,outcome,tourism,dollar
Mean Daily Rate,2009-05-01,178.19,outcome,tourism,dollar
Mean Daily Rate,2009-06-01,174.42,outcome,tourism,dollar
Mean Daily Rate,2009-07-01,171.58,outcome,tourism,dollar
Mean Daily Rate,2009-08-01,171.85,outcome,tourism,dollar
Mean Daily Rate,2009-09-01,175.87,outcome,tourism,dollar
Mean Daily Rate,2009-10-01,177.26,outcome,tourism,dollar
Mean Daily Rate,2009-11-01,173.2,outcome,tourism,dollar
Mean Daily Rate,2009-12-01,173.62,outcome,tourism,dollar
Mean Daily Rate,2010-01-01,169.78,outcome,tourism,dollar
Mean Daily Rate,2010-02-01,170.04,outcome,tourism,dollar
Mean Daily Rate,2010-03-01,170.66,outcome,tourism,dollar
Mean Daily Rate,2010-04-01,173.79,outcome,tourism,dollar
Mean Daily Rate,2010-05-01,172.52,outcome,tourism,dollar
Mean Daily Rate,2010-06-01,173.05,outcome,tourism,dollar
Mean Daily Rate,2010-07-01,175.31,outcome,tourism,dollar
Mean Daily Rate,2010-08-01,176.34,outcome,tourism,dollar
Mean Daily Rate,2010-09-01,177.07,outcome,tourism,dollar
Mean Daily Rate,2010-10-01,177.97,outcome,tourism,dollar
Mean Daily Rate,2010-11-01,180.5,outcome,tourism,dollar
Mean Daily Rate,2010-12-01,181.56,outcome,tourism,dollar
Mean Daily Rate,2011-01-01,182.14,outcome,tourism,dollar
Mean Daily Rate,2011-02-01,185.36,outcome,tourism,dollar
Mean Daily Rate,2011-03-01,185.55,outcome,tourism,dollar
Mean Daily Rate,2011-04-01,188.66,outcome,tourism,dollar
Mean Daily Rate,2011-05-01,188.87,outcome,tourism,dollar
Mean Daily Rate,2011-06-01,188.83,outcome,tourism,dollar
Mean Daily Rate,2011-07-01,189.62,outcome,tourism,dollar
Mean Daily Rate,2011-08-01,188.98,outcome,tourism,dollar
Mean Daily Rate,2011-09-01,191.76,outcome,tourism,dollar
Mean Daily Rate,2011-10-01,193.0,outcome,tourism,dollar
Mean Daily Rate,2011-11-01,198.89,outcome,tourism,dollar
Mean Daily Rate,2011-12-01,196.0,outcome,tourism,dollar
Mean Daily Rate,2012-01-01,197.05,outcome,tourism,dollar
Mean Daily Rate,2012-02-01,197.21,outcome,tourism,dollar
Mean Daily Rate,2012-03-01,198.82,outcome,tourism,dollar
Mean Daily Rate,2012-04-01,202.75,outcome,tourism,dollar
Mean Daily Rate,2012-05-01,203.84,outcome,tourism,dollar
Mean Daily Rate,2012-06-01,204.42,outcome,tourism,dollar
Mean Daily Rate,2012-07-01,206.04,outcome,tourism,dollar
Mean Daily Rate,2012-08-01,208.62,outcome,tourism,dollar
Mean Daily Rate,2012-09-01,208.48,outcome,tourism,dollar
Mean Daily Rate,2012-10-01,209.84,outcome,tourism,dollar
Mean Daily Rate,2012-11-01,211.49,outcome,tourism,dollar
Mean Daily Rate,2012-12-01,210.44,outcome,tourism,dollar
Mean Daily Rate,2013-01-01,220.71,outcome,tourism,dollar
Mean Daily Rate,2013-02-01,223.89,outcome,tourism,dollar
Mean Daily Rate,2013-03-01,228.85,outcome,tourism,dollar
Mean Daily Rate,2013-04-01,223.32,outcome,tourism,dollar
Mean Daily Rate,2013-05-01,227.86,outcome,tourism,dollar
Mean Daily Rate,2013-06-01,230.43,outcome,tourism,dollar
Mean Daily Rate,2013-07-01,231.77,outcome,tourism,dollar
Mean Daily Rate,2013-08-01,233.97,outcome,tourism,dollar
Mean Daily Rate,2013-09-01,233.32,outcome,tourism,dollar
Mean Daily Rate,2013-10-01,232.7,outcome,tourism,dollar
Mean Daily Rate,2013-11-01,230.34,outcome,tourism,dollar
Mean Daily Rate,2013-12-01,233.11,outcome,tourism,dollar
Mean Daily Rate,2014-01-01,234.24,outcome,tourism,dollar
Mean Daily Rate,2014-02-01,232.85,outcome,tourism,dollar
Mean Daily Rate,2014-03-01,229.96,outcome,tourism,dollar
Mean Daily Rate,2014-04-01,232.28,outcome,tourism,dollar
Mean Daily Rate,2014-05-01,230.17,outcome,tourism,dollar
Mean Daily Rate,2014-06-01,230.15,outcome,tourism,dollar
Mean Daily Rate,2014-07-01,233.59,outcome,tourism,dollar
Mean Daily Rate,2014-08-01,234.63,outcome,tourism,dollar
Mean Daily Rate,2014-09-01,236.28,outcome,tourism,dollar
Mean Daily Rate,2014-10-01,238.91,outcome,tourism,dollar
Mean Daily Rate,2014-11-01,238.07,outcome,tourism,dollar
Mean Daily Rate,2014-12-01,241.96,outcome,tourism,dollar
Mean Daily Rate,2015-01-01,239.89,outcome,tourism,dollar
Mean Daily Rate,2015-02-01,241.29,outcome,tourism,dollar
Mean Daily Rate,2015-03-01,241.21,outcome,tourism,dollar
Mean Daily Rate,2015-04-01,242.14,outcome,tourism,dollar
Mean Daily Rate,2015-05-01,244.55,outcome,tourism,dollar
Mean Daily Rate,2015-06-01,246.12,outcome,tourism,dollar
Mean Daily Rate,2015-07-01,244.52,outcome,tourism,dollar
Mean Daily Rate,2015-08-01,244.22,outcome,tourism,dollar
Mean Daily Rate,2015-09-01,243.47,outcome,tourism,dollar
Mean Daily Rate,2015-10-01,245.63,outcome,tourism,dollar
Mean Daily Rate,2015-11-01,246.97,outcome,tourism,dollar
Mean Daily Rate,2015-12-01,246.51,outcome,tourism,dollar
Mean Daily Rate,2016-01-01,242.76,outcome,tourism,dollar
Mean Daily Rate,2016-02-01,248.81,outcome,tourism,dollar
Mean Daily Rate,2016-03-01,250.51,outcome,tourism,dollar
Mean Daily Rate,2016-04-01,246.94,outcome,tourism,dollar
Mean Daily Rate,2016-05-01,250.26,outcome,tourism,dollar
Mean Daily Rate,2016-06-01,253.88,outcome,tourism,dollar
Mean Daily Rate,2016-07-01,256.26,outcome,tourism,dollar
Mean Daily Rate,2016-08-01,257.42,outcome,tourism,dollar
Mean Daily Rate,2016-09-01,263.88,outcome,tourism,dollar
Mean Daily Rate,2016-10-01,257.6,outcome,tourism,dollar
Mean Daily Rate,2016-11-01,261.31,outcome,tourism,dollar
Mean Daily Rate,2016-12-01,262.07,outcome,tourism,dollar
Mean Daily Rate,2017-01-01,263.64,outcome,tourism,dollar
Mean Daily Rate,2017-02-01,258.73,outcome,tourism,dollar
Mean Daily Rate,2017-03-01,259.75,outcome,tourism,dollar
Mean Daily Rate,2017-04-01,265.07,outcome,tourism,dollar
Mean Daily Rate,2017-05-01,263.34,outcome,tourism,dollar
Mean Daily Rate,2017-06-01,263.4,outcome,tourism,dollar
Mean Daily Rate,2017-07-01,264.17,outcome,tourism,dollar
Mean Daily Rate,2017-08-01,264.32,outcome,tourism,dollar
Mean Daily Rate,2017-09-01,262.56,outcome,tourism,dollar
Mean Daily Rate,2017-10-01,268.31,outcome,tourism,dollar
Mean Daily Rate,2017-11-01,267.0,outcome,tourism,dollar
Mean Daily Rate,2017-12-01,269.55,outcome,tourism,dollar
Mean Daily Rate,2018-01-01,275.23,outcome,tourism,dollar
Mean Daily Rate,2018-02-01,278.67,outcome,tourism,dollar
Mean Daily Rate,2018-03-01,279.13,outcome,tourism,dollar
Mean Daily Rate,2018-04-01,274.82,outcome,tourism,dollar
Mean Daily Rate,2018-05-01,278.3,outcome,tourism,dollar
Mean Daily Rate,2018-06-01,276.66,outcome,tourism,dollar
Mean Daily Rate,2018-07-01,276.13,outcome,tourism,dollar
Mean Daily Rate,2018-08-01,276.03,outcome,tourism,dollar
Mean Daily Rate,2018-09-01,275.92,outcome,tourism,dollar
Mean Daily Rate,2018-10-01,278.45,outcome,tourism,dollar
Mean Daily Rate,2018-11-01,276.11,outcome,tourism,dollar
Mean Daily Rate,2018-12-01,279.02,outcome,tourism,dollar
Mean Daily Rate,2019-01-01,280.02,outcome,tourism,dollar
Mean Daily Rate,2019-02-01,276.5,outcome,tourism,dollar
Mean Daily Rate,2019-03-01,276.7,outcome,tourism,dollar
Mean Daily Rate,2019-04-01,280.16,outcome,tourism,dollar
Mean Daily Rate,2019-05-01,278.36,outcome,tourism,dollar
Mean Daily Rate,2019-06-01,278.88,outcome,tourism,dollar
Mean Daily Rate,2019-07-01,283.76,outcome,tourism,dollar
Mean Daily Rate,2019-08-01,283.58,outcome,tourism,dollar
Mean Daily Rate,2019-09-01,281.91,outcome,tourism,dollar
Mean Daily Rate,2019-10-01,284.06,outcome,tourism,dollar
Mean Daily Rate,2019-11-01,284.17,outcome,tourism,dollar
Mean Daily Rate,2019-12-01,295.05,outcome,tourism,dollar
Mean Daily Rate,2020-01-01,297.9,outcome,tourism,dollar
Mean Daily Rate,2020-02-01,297.72,outcome,tourism,dollar
Mean Daily Rate,2020-03-01,272.81,outcome,tourism,dollar
Mean Daily Rate,2020-04-01,133.62,outcome,tourism,dollar
Mean Daily Rate,2020-05-01,137.65,outcome,tourism,dollar
Mean Daily Rate,2020-06-01,159.37,outcome,tourism,dollar
Mean Daily Rate,2020-07-01,161.64,outcome,tourism,dollar
Mean Daily Rate,2020-08-01,154.14,outcome,tourism,dollar
Mean Daily Rate,2020-09-01,168.53,outcome,tourism,dollar
Mean Daily Rate,2020-10-01,194.72,outcome,tourism,dollar
Mean Daily Rate,2020-11-01,247.74,outcome,tourism,dollar
Mean Daily Rate,2020-12-01,244.66,outcome,tourism,dollar
Mean Daily Rate,2021-01-01,242.35,outcome,tourism,dollar
Mean Daily Rate,2021-02-01,250.93,outcome,tourism,dollar
Mean Daily Rate,2021-03-01,279.11,outcome,tourism,dollar
Mean Daily Rate,2021-04-01,305.81,outcome,tourism,dollar
Mean Daily Rate,2021-05-01,312.84,outcome,tourism,dollar
Mean Daily Rate,2021-06-01,313.08,outcome,tourism,dollar
Mean Daily Rate,2021-07-01,340.21,outcome,tourism,dollar
Mean Daily Rate,2021-08-01,347.3,outcome,tourism,dollar
Mean Daily Rate,2021-09-01,343.93,outcome,tourism,dollar
Mean Daily Rate,2021-10-01,343.73,outcome,tourism,dollar
Mean Daily Rate,2021-11-01,356.1,outcome,tourism,dollar
Mean Daily Rate,2021-12-01,352.96,outcome,tourism,dollar
Mean Daily Rate,2022-01-01,346.0,outcome,tourism,dollar
Mean Daily Rate,2022-02-01,342.81,outcome,tourism,dollar
Mean Daily Rate,2022-03-01,370.82,outcome,tourism,dollar
Mean Daily Rate,2022-04-01,375.88,outcome,tourism,dollar
Mean Daily Rate,2022-05-01,370.09,outcome,tourism,dollar
Mean Daily Rate,2022-06-01,380.13,outcome,tourism,dollar
Mean Daily Rate,2022-07-01,380.96,outcome,tourism,dollar
Mean Daily Rate,2022-08-01,377.31,outcome,tourism,dollar
Mean Daily Rate,2022-09-01,382.01,outcome,tourism,dollar
Mean Daily Rate,2022-10-01,378.38,outcome,tourism,dollar
Mean Daily Rate,2022-11-01,372.01,outcome,tourism,dollar
Mean Daily Rate,2022-12-01,373.72,outcome,tourism,dollar
Mean Daily Rate,2023-01-01,378.75,outcome,tourism,dollar
Mean Daily Rate,2023-02-01,378.22,outcome,tourism,dollar
Mean Daily Rate,2023-03-01,376.24,outcome,tourism,dollar
Mean Daily Rate,2023-04-01,377.5,outcome,tourism,dollar
Mean Daily Rate,2023-05-01,375.05,outcome,tourism,dollar
Mean Daily Rate,2023-06-01,376.04,outcome,tourism,dollar
Mean Daily Rate,2023-07-01,377.79,outcome,tourism,dollar
Mean Daily Rate,2023-08-01,368.07,outcome,tourism,dollar
Mean Daily Rate,2023-09-01,393.94,outcome,tourism,dollar
Mean Daily Rate,2023-10-01,388.76,outcome,tourism,dollar
Mean Daily Rate,2023-11-01,377.93,outcome,tourism,dollar
Mean Daily Rate,2023-12-01,364.41,outcome,tourism,dollar
Mean Daily Rate,2024-01-01,365.61,outcome,tourism,dollar
Mean Daily Rate,2024-02-01,362.55,outcome,tourism,dollar
Mean Daily Rate,2024-03-01,371.7,outcome,tourism,dollar
Mean Daily Rate,2024-04-01,367.3,outcome,tourism,dollar
Mean Daily Rate,2024-05-01,367.37,outcome,tourism,dollar
Mean Daily Rate,2024-06-01,361.42,outcome,tourism,dollar
Mean Daily Rate,2024-07-01,358.71,outcome,tourism,dollar
Mean Daily Rate,2024-08-01,362.33,outcome,tourism,dollar
Mean Daily Rate,2024-09-01,362.41,outcome,tourism,dollar
Mean Daily Rate,2024-10-01,362.5,outcome,tourism,dollar
Mean Daily Rate,2024-11-01,360.78,outcome,tourism,dollar
Mean Daily Rate,2024-12-01,365.14,outcome,tourism,dollar
Mean Daily Rate,2025-01-01,368.72,outcome,tourism,dollar
Mean Daily Rate,2025-02-01,366.84,outcome,tourism,dollar
Mean Daily Rate,2025-03-01,364.6,outcome,tourism,dollar
Mean Daily Rate,2025-04-01,362.84,outcome,tourism,dollar
Mean Daily Rate,2025-05-01,363.5,outcome,tourism,dollar
Mean Daily Rate,2025-06-01,364.12,outcome,tourism,dollar
Mean Daily Rate,2025-07-01,362.52,outcome,tourism,dollar
Mean Daily Rate,2025-08-01,363.24,outcome,tourism,dollar
Mean Daily Rate,2025-09-01,363.21,outcome,tourism,dollar
Mean Daily Rate,2025-10-01,363.7,outcome,tourism,dollar
Mean Daily Rate,2025-11-01,369.72,outcome,tourism,dollar
Mean Daily Rate,2025-12-01,372.94,outcome,tourism,dollar
Mean Daily Rate,2026-01-01,366.69,outcome,tourism,dollar
Mean Daily Rate,2026-02-01,369.57,outcome,tourism,dollar
Mean Daily Rate,2026-03-01,365.83,outcome,tourism,dollar
Mean Daily Rate,2026-04-01,369.31,outcome,tourism,dollar
Mean Daily Rate,2026-05-01,369.77,outcome,tourism,dollar
Occupancy,1990-01-01,81.9,outcome,tourism,percent
Occupancy,1990-02-01,81.7,outcome,tourism,percent
Occupancy,1990-03-01,82.6,outcome,tourism,percent
Occupancy,1990-04-01,79.8,outcome,tourism,percent
Occupancy,1990-05-01,79.7,outcome,tourism,percent
Occupancy,1990-06-01,77.4,outcome,tourism,percent
Occupancy,1990-07-01,78.9,outcome,tourism,percent
Occupancy,1990-08-01,77.9,outcome,tourism,percent
Occupancy,1990-09-01,76.1,outcome,tourism,percent
Occupancy,1990-10-01,77.7,outcome,tourism,percent
Occupancy,1990-11-01,77.0,outcome,tourism,percent
Occupancy,1990-12-01,73.3,outcome,tourism,percent
Occupancy,1991-01-01,73.3,outcome,tourism,percent
Occupancy,1991-02-01,62.3,outcome,tourism,percent
Occupancy,1991-03-01,65.7,outcome,tourism,percent
Occupancy,1991-04-01,72.3,outcome,tourism,percent
Occupancy,1991-05-01,72.8,outcome,tourism,percent
Occupancy,1991-06-01,76.5,outcome,tourism,percent
Occupancy,1991-07-01,76.7,outcome,tourism,percent
Occupancy,1991-08-01,76.4,outcome,tourism,percent
Occupancy,1991-09-01,76.0,outcome,tourism,percent
Occupancy,1991-10-01,72.9,outcome,tourism,percent
Occupancy,1991-11-01,73.7,outcome,tourism,percent
Occupancy,1991-12-01,75.0,outcome,tourism,percent
Occupancy,1992-01-01,74.5,outcome,tourism,percent
Occupancy,1992-02-01,74.1,outcome,tourism,percent
Occupancy,1992-03-01,71.7,outcome,tourism,percent
Occupancy,1992-04-01,72.5,outcome,tourism,percent
Occupancy,1992-05-01,73.6,outcome,tourism,percent
Occupancy,1992-06-01,71.1,outcome,tourism,percent
Occupancy,1992-07-01,71.1,outcome,tourism,percent
Occupancy,1992-08-01,71.5,outcome,tourism,percent
Occupancy,1992-09-01,76.5,outcome,tourism,percent
Occupancy,1992-10-01,76.5,outcome,tourism,percent
Occupancy,1992-11-01,76.9,outcome,tourism,percent
Occupancy,1992-12-01,75.3,outcome,tourism,percent
Occupancy,1993-01-01,74.4,outcome,tourism,percent
Occupancy,1993-02-01,71.4,outcome,tourism,percent
Occupancy,1993-03-01,71.6,outcome,tourism,percent
Occupancy,1993-04-01,71.8,outcome,tourism,percent
Occupancy,1993-05-01,72.7,outcome,tourism,percent
Occupancy,1993-06-01,71.8,outcome,tourism,percent
Occupancy,1993-07-01,71.7,outcome,tourism,percent
Occupancy,1993-08-01,73.4,outcome,tourism,percent
Occupancy,1993-09-01,70.5,outcome,tourism,percent
Occupancy,1993-10-01,72.7,outcome,tourism,percent
Occupancy,1993-11-01,72.7,outcome,tourism,percent
Occupancy,1993-12-01,76.3,outcome,tourism,percent
Occupancy,1994-01-01,72.0,outcome,tourism,percent
Occupancy,1994-02-01,78.0,outcome,tourism,percent
Occupancy,1994-03-01,80.3,outcome,tourism,percent
Occupancy,1994-04-01,77.1,outcome,tourism,percent
Occupancy,1994-05-01,77.2,outcome,tourism,percent
Occupancy,1994-06-01,77.3,outcome,tourism,percent
Occupancy,1994-07-01,76.4,outcome,tourism,percent
Occupancy,1994-08-01,77.2,outcome,tourism,percent
Occupancy,1994-09-01,77.5,outcome,tourism,percent
Occupancy,1994-10-01,76.0,outcome,tourism,percent
Occupancy,1994-11-01,77.3,outcome,tourism,percent
Occupancy,1994-12-01,77.1,outcome,tourism,percent
Occupancy,1995-01-01,76.1,outcome,tourism,percent
Occupancy,1995-02-01,74.6,outcome,tourism,percent
Occupancy,1995-03-01,75.2,outcome,tourism,percent
Occupancy,1995-04-01,73.3,outcome,tourism,percent
Occupancy,1995-05-01,74.6,outcome,tourism,percent
Occupancy,1995-06-01,76.1,outcome,tourism,percent
Occupancy,1995-07-01,77.3,outcome,tourism,percent
Occupancy,1995-08-01,76.8,outcome,tourism,percent
Occupancy,1995-09-01,77.2,outcome,tourism,percent
Occupancy,1995-10-01,77.3,outcome,tourism,percent
Occupancy,1995-11-01,77.7,outcome,tourism,percent
Occupancy,1995-12-01,78.0,outcome,tourism,percent
Occupancy,1996-01-01,77.1,outcome,tourism,percent
Occupancy,1996-02-01,78.1,outcome,tourism,percent
Occupancy,1996-03-01,75.8,outcome,tourism,percent
Occupancy,1996-04-01,75.7,outcome,tourism,percent
Occupancy,1996-05-01,75.5,outcome,tourism,percent
Occupancy,1996-06-01,78.0,outcome,tourism,percent
Occupancy,1996-07-01,75.8,outcome,tourism,percent
Occupancy,1996-08-01,75.5,outcome,tourism,percent
Occupancy,1996-09-01,74.0,outcome,tourism,percent
Occupancy,1996-10-01,73.6,outcome,tourism,percent
Occupancy,1996-11-01,72.3,outcome,tourism,percent
Occupancy,1996-12-01,73.4,outcome,tourism,percent
Occupancy,1997-01-01,73.7,outcome,tourism,percent
Occupancy,1997-02-01,74.5,outcome,tourism,percent
Occupancy,1997-03-01,75.3,outcome,tourism,percent
Occupancy,1997-04-01,76.6,outcome,tourism,percent
Occupancy,1997-05-01,74.3,outcome,tourism,percent
Occupancy,1997-06-01,72.4,outcome,tourism,percent
Occupancy,1997-07-01,73.1,outcome,tourism,percent
Occupancy,1997-08-01,73.3,outcome,tourism,percent
Occupancy,1997-09-01,74.4,outcome,tourism,percent
Occupancy,1997-10-01,73.3,outcome,tourism,percent
Occupancy,1997-11-01,73.9,outcome,tourism,percent
Occupancy,1997-12-01,72.8,outcome,tourism,percent
Occupancy,1998-01-01,73.4,outcome,tourism,percent
Occupancy,1998-02-01,72.0,outcome,tourism,percent
Occupancy,1998-03-01,71.7,outcome,tourism,percent
Occupancy,1998-04-01,72.8,outcome,tourism,percent
Occupancy,1998-05-01,72.4,outcome,tourism,percent
Occupancy,1998-06-01,71.1,outcome,tourism,percent
Occupancy,1998-07-01,71.3,outcome,tourism,percent
Occupancy,1998-08-01,70.9,outcome,tourism,percent
Occupancy,1998-09-01,71.3,outcome,tourism,percent
Occupancy,1998-10-01,72.3,outcome,tourism,percent
Occupancy,1998-11-01,71.3,outcome,tourism,percent
Occupancy,1998-12-01,70.1,outcome,tourism,percent
Occupancy,1999-01-01,71.5,outcome,tourism,percent
Occupancy,1999-02-01,72.0,outcome,tourism,percent
Occupancy,1999-03-01,71.6,outcome,tourism,percent
Occupancy,1999-04-01,71.4,outcome,tourism,percent
Occupancy,1999-05-01,70.6,outcome,tourism,percent
Occupancy,1999-06-01,70.5,outcome,tourism,percent
Occupancy,1999-07-01,72.2,outcome,tourism,percent
Occupancy,1999-08-01,72.9,outcome,tourism,percent
Occupancy,1999-09-01,74.7,outcome,tourism,percent
Occupancy,1999-10-01,75.3,outcome,tourism,percent
Occupancy,1999-11-01,74.9,outcome,tourism,percent
Occupancy,1999-12-01,67.4,outcome,tourism,percent
Occupancy,2000-01-01,69.5,outcome,tourism,percent
Occupancy,2000-02-01,74.3,outcome,tourism,percent
Occupancy,2000-03-01,77.0,outcome,tourism,percent
Occupancy,2000-04-01,77.2,outcome,tourism,percent
Occupancy,2000-05-01,78.2,outcome,tourism,percent
Occupancy,2000-06-01,79.6,outcome,tourism,percent
Occupancy,2000-07-01,77.5,outcome,tourism,percent
Occupancy,2000-08-01,74.9,outcome,tourism,percent
Occupancy,2000-09-01,77.2,outcome,tourism,percent
Occupancy,2000-10-01,78.3,outcome,tourism,percent
Occupancy,2000-11-01,79.2,outcome,tourism,percent
Occupancy,2000-12-01,75.4,outcome,tourism,percent
Occupancy,2001-01-01,76.5,outcome,tourism,percent
Occupancy,2001-02-01,76.4,outcome,tourism,percent
Occupancy,2001-03-01,73.9,outcome,tourism,percent
Occupancy,2001-04-01,72.8,outcome,tourism,percent
Occupancy,2001-05-01,72.2,outcome,tourism,percent
Occupancy,2001-06-01,71.7,outcome,tourism,percent
Occupancy,2001-07-01,71.6,outcome,tourism,percent
Occupancy,2001-08-01,72.3,outcome,tourism,percent
Occupancy,2001-09-01,58.8,outcome,tourism,percent
Occupancy,2001-10-01,59.1,outcome,tourism,percent
Occupancy,2001-11-01,61.1,outcome,tourism,percent
Occupancy,2001-12-01,63.2,outcome,tourism,percent
Occupancy,2002-01-01,65.0,outcome,tourism,percent
Occupancy,2002-02-01,68.2,outcome,tourism,percent
Occupancy,2002-03-01,68.4,outcome,tourism,percent
Occupancy,2002-04-01,68.7,outcome,tourism,percent
Occupancy,2002-05-01,70.5,outcome,tourism,percent
Occupancy,2002-06-01,71.8,outcome,tourism,percent
Occupancy,2002-07-01,69.8,outcome,tourism,percent
Occupancy,2002-08-01,71.6,outcome,tourism,percent
Occupancy,2002-09-01,68.0,outcome,tourism,percent
Occupancy,2002-10-01,71.4,outcome,tourism,percent
Occupancy,2002-11-01,70.9,outcome,tourism,percent
Occupancy,2002-12-01,72.6,outcome,tourism,percent
Occupancy,2003-01-01,71.1,outcome,tourism,percent
Occupancy,2003-02-01,70.5,outcome,tourism,percent
Occupancy,2003-03-01,69.8,outcome,tourism,percent
Occupancy,2003-04-01,70.4,outcome,tourism,percent
Occupancy,2003-05-01,69.2,outcome,tourism,percent
Occupancy,2003-06-01,70.2,outcome,tourism,percent
Occupancy,2003-07-01,73.0,outcome,tourism,percent
Occupancy,2003-08-01,76.0,outcome,tourism,percent
Occupancy,2003-09-01,73.3,outcome,tourism,percent
Occupancy,2003-10-01,74.0,outcome,tourism,percent
Occupancy,2003-11-01,74.4,outcome,tourism,percent
Occupancy,2003-12-01,78.5,outcome,tourism,percent
Occupancy,2004-01-01,76.1,outcome,tourism,percent
Occupancy,2004-02-01,75.9,outcome,tourism,percent
Occupancy,2004-03-01,76.9,outcome,tourism,percent
Occupancy,2004-04-01,78.4,outcome,tourism,percent
Occupancy,2004-05-01,77.7,outcome,tourism,percent
Occupancy,2004-06-01,79.3,outcome,tourism,percent
Occupancy,2004-07-01,79.2,outcome,tourism,percent
Occupancy,2004-08-01,77.4,outcome,tourism,percent
Occupancy,2004-09-01,78.0,outcome,tourism,percent
Occupancy,2004-10-01,78.9,outcome,tourism,percent
Occupancy,2004-11-01,77.3,outcome,tourism,percent
Occupancy,2004-12-01,76.7,outcome,tourism,percent
Occupancy,2005-01-01,80.5,outcome,tourism,percent
Occupancy,2005-02-01,78.9,outcome,tourism,percent
Occupancy,2005-03-01,81.2,outcome,tourism,percent
Occupancy,2005-04-01,79.4,outcome,tourism,percent
Occupancy,2005-05-01,82.0,outcome,tourism,percent
Occupancy,2005-06-01,81.7,outcome,tourism,percent
Occupancy,2005-07-01,81.4,outcome,tourism,percent
Occupancy,2005-08-01,80.0,outcome,tourism,percent
Occupancy,2005-09-01,81.6,outcome,tourism,percent
Occupancy,2005-10-01,81.4,outcome,tourism,percent
Occupancy,2005-11-01,81.1,outcome,tourism,percent
Occupancy,2005-12-01,81.9,outcome,tourism,percent
Occupancy,2006-01-01,81.2,outcome,tourism,percent
Occupancy,2006-02-01,80.2,outcome,tourism,percent
Occupancy,2006-03-01,79.8,outcome,tourism,percent
Occupancy,2006-04-01,81.0,outcome,tourism,percent
Occupancy,2006-05-01,80.8,outcome,tourism,percent
Occupancy,2006-06-01,80.9,outcome,tourism,percent
Occupancy,2006-07-01,80.2,outcome,tourism,percent
Occupancy,2006-08-01,78.3,outcome,tourism,percent
Occupancy,2006-09-01,78.8,outcome,tourism,percent
Occupancy,2006-10-01,77.1,outcome,tourism,percent
Occupancy,2006-11-01,79.0,outcome,tourism,percent
Occupancy,2006-12-01,77.0,outcome,tourism,percent
Occupancy,2007-01-01,74.8,outcome,tourism,percent
Occupancy,2007-02-01,73.6,outcome,tourism,percent
Occupancy,2007-03-01,75.5,outcome,tourism,percent
Occupancy,2007-04-01,74.7,outcome,tourism,percent
Occupancy,2007-05-01,74.1,outcome,tourism,percent
Occupancy,2007-06-01,75.8,outcome,tourism,percent
Occupancy,2007-07-01,75.2,outcome,tourism,percent
Occupancy,2007-08-01,75.6,outcome,tourism,percent
Occupancy,2007-09-01,75.8,outcome,tourism,percent
Occupancy,2007-10-01,75.0,outcome,tourism,percent
Occupancy,2007-11-01,75.9,outcome,tourism,percent
Occupancy,2007-12-01,75.1,outcome,tourism,percent
Occupancy,2008-01-01,76.2,outcome,tourism,percent
Occupancy,2008-02-01,75.8,outcome,tourism,percent
Occupancy,2008-03-01,74.8,outcome,tourism,percent
Occupancy,2008-04-01,72.8,outcome,tourism,percent
Occupancy,2008-05-01,72.8,outcome,tourism,percent
Occupancy,2008-06-01,69.7,outcome,tourism,percent
Occupancy,2008-07-01,69.2,outcome,tourism,percent
Occupancy,2008-08-01,69.6,outcome,tourism,percent
Occupancy,2008-09-01,64.2,outcome,tourism,percent
Occupancy,2008-10-01,68.1,outcome,tourism,percent
Occupancy,2008-11-01,67.1,outcome,tourism,percent
Occupancy,2008-12-01,64.9,outcome,tourism,percent
Occupancy,2009-01-01,63.6,outcome,tourism,percent
Occupancy,2009-02-01,65.3,outcome,tourism,percent
Occupancy,2009-03-01,63.6,outcome,tourism,percent
Occupancy,2009-04-01,65.9,outcome,tourism,percent
Occupancy,2009-05-01,64.9,outcome,tourism,percent
Occupancy,2009-06-01,63.0,outcome,tourism,percent
Occupancy,2009-07-01,64.0,outcome,tourism,percent
Occupancy,2009-08-01,65.3,outcome,tourism,percent
Occupancy,2009-09-01,64.8,outcome,tourism,percent
Occupancy,2009-10-01,67.2,outcome,tourism,percent
Occupancy,2009-11-01,65.0,outcome,tourism,percent
Occupancy,2009-12-01,66.5,outcome,tourism,percent
Occupancy,2010-01-01,66.4,outcome,tourism,percent
Occupancy,2010-02-01,68.4,outcome,tourism,percent
Occupancy,2010-03-01,68.5,outcome,tourism,percent
Occupancy,2010-04-01,68.8,outcome,tourism,percent
Occupancy,2010-05-01,69.8,outcome,tourism,percent
Occupancy,2010-06-01,72.4,outcome,tourism,percent
Occupancy,2010-07-01,74.0,outcome,tourism,percent
Occupancy,2010-08-01,71.7,outcome,tourism,percent
Occupancy,2010-09-01,71.8,outcome,tourism,percent
Occupancy,2010-10-01,72.1,outcome,tourism,percent
Occupancy,2010-11-01,71.9,outcome,tourism,percent
Occupancy,2010-12-01,73.2,outcome,tourism,percent
Occupancy,2011-01-01,73.1,outcome,tourism,percent
Occupancy,2011-02-01,73.6,outcome,tourism,percent
Occupancy,2011-03-01,72.7,outcome,tourism,percent
Occupancy,2011-04-01,72.2,outcome,tourism,percent
Occupancy,2011-05-01,71.1,outcome,tourism,percent
Occupancy,2011-06-01,71.4,outcome,tourism,percent
Occupancy,2011-07-01,71.7,outcome,tourism,percent
Occupancy,2011-08-01,73.4,outcome,tourism,percent
Occupancy,2011-09-01,76.3,outcome,tourism,percent
Occupancy,2011-10-01,74.0,outcome,tourism,percent
Occupancy,2011-11-01,74.8,outcome,tourism,percent
Occupancy,2011-12-01,75.8,outcome,tourism,percent
Occupancy,2012-01-01,77.2,outcome,tourism,percent
Occupancy,2012-02-01,75.5,outcome,tourism,percent
Occupancy,2012-03-01,76.8,outcome,tourism,percent
Occupancy,2012-04-01,75.8,outcome,tourism,percent
Occupancy,2012-05-01,77.3,outcome,tourism,percent
Occupancy,2012-06-01,76.9,outcome,tourism,percent
Occupancy,2012-07-01,77.5,outcome,tourism,percent
Occupancy,2012-08-01,77.6,outcome,tourism,percent
Occupancy,2012-09-01,75.7,outcome,tourism,percent
Occupancy,2012-10-01,76.4,outcome,tourism,percent
Occupancy,2012-11-01,78.3,outcome,tourism,percent
Occupancy,2012-12-01,77.9,outcome,tourism,percent
Occupancy,2013-01-01,78.9,outcome,tourism,percent
Occupancy,2013-02-01,78.1,outcome,tourism,percent
Occupancy,2013-03-01,77.5,outcome,tourism,percent
Occupancy,2013-04-01,78.1,outcome,tourism,percent
Occupancy,2013-05-01,76.1,outcome,tourism,percent
Occupancy,2013-06-01,76.0,outcome,tourism,percent
Occupancy,2013-07-01,75.3,outcome,tourism,percent
Occupancy,2013-08-01,77.5,outcome,tourism,percent
Occupancy,2013-09-01,75.8,outcome,tourism,percent
Occupancy,2013-10-01,74.8,outcome,tourism,percent
Occupancy,2013-11-01,75.4,outcome,tourism,percent
Occupancy,2013-12-01,75.2,outcome,tourism,percent
Occupancy,2014-01-01,77.6,outcome,tourism,percent
Occupancy,2014-02-01,77.9,outcome,tourism,percent
Occupancy,2014-03-01,76.9,outcome,tourism,percent
Occupancy,2014-04-01,75.7,outcome,tourism,percent
Occupancy,2014-05-01,76.3,outcome,tourism,percent
Occupancy,2014-06-01,76.1,outcome,tourism,percent
Occupancy,2014-07-01,77.4,outcome,tourism,percent
Occupancy,2014-08-01,76.4,outcome,tourism,percent
Occupancy,2014-09-01,78.0,outcome,tourism,percent
Occupancy,2014-10-01,78.4,outcome,tourism,percent
Occupancy,2014-11-01,76.9,outcome,tourism,percent
Occupancy,2014-12-01,76.8,outcome,tourism,percent
Occupancy,2015-01-01,76.0,outcome,tourism,percent
Occupancy,2015-02-01,77.0,outcome,tourism,percent
Occupancy,2015-03-01,78.6,outcome,tourism,percent
Occupancy,2015-04-01,77.6,outcome,tourism,percent
Occupancy,2015-05-01,79.5,outcome,tourism,percent
Occupancy,2015-06-01,80.7,outcome,tourism,percent
Occupancy,2015-07-01,77.5,outcome,tourism,percent
Occupancy,2015-08-01,78.6,outcome,tourism,percent
Occupancy,2015-09-01,78.3,outcome,tourism,percent
Occupancy,2015-10-01,79.9,outcome,tourism,percent
Occupancy,2015-11-01,79.9,outcome,tourism,percent
Occupancy,2015-12-01,80.8,outcome,tourism,percent
Occupancy,2016-01-01,79.1,outcome,tourism,percent
Occupancy,2016-02-01,78.3,outcome,tourism,percent
Occupancy,2016-03-01,78.1,outcome,tourism,percent
Occupancy,2016-04-01,79.3,outcome,tourism,percent
Occupancy,2016-05-01,78.5,outcome,tourism,percent
Occupancy,2016-06-01,78.6,outcome,tourism,percent
Occupancy,2016-07-01,78.7,outcome,tourism,percent
Occupancy,2016-08-01,79.1,outcome,tourism,percent
Occupancy,2016-09-01,80.4,outcome,tourism,percent
Occupancy,2016-10-01,80.4,outcome,tourism,percent
Occupancy,2016-11-01,79.0,outcome,tourism,percent
Occupancy,2016-12-01,80.7,outcome,tourism,percent
Occupancy,2017-01-01,80.3,outcome,tourism,percent
Occupancy,2017-02-01,79.1,outcome,tourism,percent
Occupancy,2017-03-01,78.5,outcome,tourism,percent
Occupancy,2017-04-01,79.6,outcome,tourism,percent
Occupancy,2017-05-01,80.2,outcome,tourism,percent
Occupancy,2017-06-01,80.8,outcome,tourism,percent
Occupancy,2017-07-01,80.5,outcome,tourism,percent
Occupancy,2017-08-01,80.3,outcome,tourism,percent
Occupancy,2017-09-01,80.5,outcome,tourism,percent
Occupancy,2017-10-01,81.2,outcome,tourism,percent
Occupancy,2017-11-01,81.9,outcome,tourism,percent
Occupancy,2017-12-01,80.7,outcome,tourism,percent
Occupancy,2018-01-01,81.0,outcome,tourism,percent
Occupancy,2018-02-01,81.2,outcome,tourism,percent
Occupancy,2018-03-01,80.9,outcome,tourism,percent
Occupancy,2018-04-01,81.8,outcome,tourism,percent
Occupancy,2018-05-01,81.2,outcome,tourism,percent
Occupancy,2018-06-01,79.9,outcome,tourism,percent
Occupancy,2018-07-01,79.2,outcome,tourism,percent
Occupancy,2018-08-01,77.8,outcome,tourism,percent
Occupancy,2018-09-01,79.2,outcome,tourism,percent
Occupancy,2018-10-01,79.3,outcome,tourism,percent
Occupancy,2018-11-01,79.1,outcome,tourism,percent
Occupancy,2018-12-01,77.9,outcome,tourism,percent
Occupancy,2019-01-01,79.2,outcome,tourism,percent
Occupancy,2019-02-01,79.6,outcome,tourism,percent
Occupancy,2019-03-01,78.8,outcome,tourism,percent
Occupancy,2019-04-01,79.3,outcome,tourism,percent
Occupancy,2019-05-01,80.7,outcome,tourism,percent
Occupancy,2019-06-01,81.8,outcome,tourism,percent
Occupancy,2019-07-01,79.9,outcome,tourism,percent
Occupancy,2019-08-01,83.8,outcome,tourism,percent
Occupancy,2019-09-01,80.4,outcome,tourism,percent
Occupancy,2019-10-01,82.8,outcome,tourism,percent
Occupancy,2019-11-01,82.3,outcome,tourism,percent
Occupancy,2019-12-01,82.2,outcome,tourism,percent
Occupancy,2020-01-01,84.3,outcome,tourism,percent
Occupancy,2020-02-01,81.1,outcome,tourism,percent
Occupancy,2020-03-01,43.9,outcome,tourism,percent
Occupancy,2020-04-01,9.0,outcome,tourism,percent
Occupancy,2020-05-01,14.4,outcome,tourism,percent
Occupancy,2020-06-01,15.2,outcome,tourism,percent
Occupancy,2020-07-01,19.5,outcome,tourism,percent
Occupancy,2020-08-01,21.6,outcome,tourism,percent
Occupancy,2020-09-01,20.1,outcome,tourism,percent
Occupancy,2020-10-01,20.8,outcome,tourism,percent
Occupancy,2020-11-01,23.1,outcome,tourism,percent
Occupancy,2020-12-01,24.4,outcome,tourism,percent
Occupancy,2021-01-01,23.5,outcome,tourism,percent
Occupancy,2021-02-01,29.3,outcome,tourism,percent
Occupancy,2021-03-01,42.3,outcome,tourism,percent
Occupancy,2021-04-01,50.8,outcome,tourism,percent
Occupancy,2021-05-01,62.5,outcome,tourism,percent
Occupancy,2021-06-01,75.1,outcome,tourism,percent
Occupancy,2021-07-01,76.4,outcome,tourism,percent
Occupancy,2021-08-01,73.1,outcome,tourism,percent
Occupancy,2021-09-01,56.5,outcome,tourism,percent
Occupancy,2021-10-01,58.0,outcome,tourism,percent
Occupancy,2021-11-01,62.7,outcome,tourism,percent
Occupancy,2021-12-01,74.8,outcome,tourism,percent
Occupancy,2022-01-01,66.4,outcome,tourism,percent
Occupancy,2022-02-01,69.3,outcome,tourism,percent
Occupancy,2022-03-01,73.5,outcome,tourism,percent
Occupancy,2022-04-01,76.0,outcome,tourism,percent
Occupancy,2022-05-01,75.0,outcome,tourism,percent
Occupancy,2022-06-01,74.0,outcome,tourism,percent
Occupancy,2022-07-01,75.8,outcome,tourism,percent
Occupancy,2022-08-01,76.6,outcome,tourism,percent
Occupancy,2022-09-01,75.1,outcome,tourism,percent
Occupancy,2022-10-01,75.3,outcome,tourism,percent
Occupancy,2022-11-01,74.0,outcome,tourism,percent
Occupancy,2022-12-01,73.4,outcome,tourism,percent
Occupancy,2023-01-01,73.9,outcome,tourism,percent
Occupancy,2023-02-01,73.0,outcome,tourism,percent
Occupancy,2023-03-01,75.1,outcome,tourism,percent
Occupancy,2023-04-01,74.1,outcome,tourism,percent
Occupancy,2023-05-01,74.3,outcome,tourism,percent
Occupancy,2023-06-01,75.0,outcome,tourism,percent
Occupancy,2023-07-01,72.6,outcome,tourism,percent
Occupancy,2023-08-01,73.8,outcome,tourism,percent
Occupancy,2023-09-01,77.5,outcome,tourism,percent
Occupancy,2023-10-01,77.1,outcome,tourism,percent
Occupancy,2023-11-01,76.4,outcome,tourism,percent
Occupancy,2023-12-01,74.0,outcome,tourism,percent
Occupancy,2024-01-01,75.6,outcome,tourism,percent
Occupancy,2024-02-01,75.7,outcome,tourism,percent
Occupancy,2024-03-01,73.4,outcome,tourism,percent
Occupancy,2024-04-01,72.9,outcome,tourism,percent
Occupancy,2024-05-01,72.9,outcome,tourism,percent
Occupancy,2024-06-01,74.0,outcome,tourism,percent
Occupancy,2024-07-01,73.9,outcome,tourism,percent
Occupancy,2024-08-01,73.4,outcome,tourism,percent
Occupancy,2024-09-01,71.5,outcome,tourism,percent
Occupancy,2024-10-01,72.7,outcome,tourism,percent
Occupancy,2024-11-01,72.7,outcome,tourism,percent
Occupancy,2024-12-01,72.6,outcome,tourism,percent
Occupancy,2025-01-01,73.7,outcome,tourism,percent
Occupancy,2025-02-01,74.8,outcome,tourism,percent
Occupancy,2025-03-01,73.9,outcome,tourism,percent
Occupancy,2025-04-01,73.7,outcome,tourism,percent
Occupancy,2025-05-01,73.2,outcome,tourism,percent
Occupancy,2025-06-01,72.9,outcome,tourism,percent
Occupancy,2025-07-01,72.9,outcome,tourism,percent
Occupancy,2025-08-01,73.9,outcome,tourism,percent
Occupancy,2025-09-01,72.7,outcome,tourism,percent
Occupancy,2025-10-01,75.0,outcome,tourism,percent
Occupancy,2025-11-01,73.8,outcome,tourism,percent
Occupancy,2025-12-01,76.8,outcome,tourism,percent
Occupancy,2026-01-01,75.3,outcome,tourism,percent
Occupancy,2026-02-01,74.3,outcome,tourism,percent
Occupancy,2026-03-01,73.7,outcome,tourism,percent
Occupancy,2026-04-01,74.4,outcome,tourism,percent
Occupancy,2026-05-01,75.3,outcome,tourism,percent
Revenue per Available Room,1990-01-01,94.56,outcome,tourism,dollar
Revenue per Available Room,1990-02-01,100.28,outcome,tourism,dollar
Revenue per Available Room,1990-03-01,88.73,outcome,tourism,dollar
Revenue per Available Room,1990-04-01,78.3,outcome,tourism,dollar
Revenue per Available Room,1990-05-01,72.37,outcome,tourism,dollar
Revenue per Available Room,1990-06-01,71.97,outcome,tourism,dollar
Revenue per Available Room,1990-07-01,77.99,outcome,tourism,dollar
Revenue per Available Room,1990-08-01,85.89,outcome,tourism,dollar
Revenue per Available Room,1990-09-01,69.26,outcome,tourism,dollar
Revenue per Available Room,1990-10-01,74.89,outcome,tourism,dollar
Revenue per Available Room,1990-11-01,77.47,outcome,tourism,dollar
Revenue per Available Room,1990-12-01,72.1,outcome,tourism,dollar
Revenue per Available Room,1991-01-01,83.95,outcome,tourism,dollar
Revenue per Available Room,1991-02-01,73.22,outcome,tourism,dollar
Revenue per Available Room,1991-03-01,70.07,outcome,tourism,dollar
Revenue per Available Room,1991-04-01,68.83,outcome,tourism,dollar
Revenue per Available Room,1991-05-01,65.71,outcome,tourism,dollar
Revenue per Available Room,1991-06-01,71.06,outcome,tourism,dollar
Revenue per Available Room,1991-07-01,78.57,outcome,tourism,dollar
Revenue per Available Room,1991-08-01,84.53,outcome,tourism,dollar
Revenue per Available Room,1991-09-01,69.84,outcome,tourism,dollar
Revenue per Available Room,1991-10-01,68.36,outcome,tourism,dollar
Revenue per Available Room,1991-11-01,71.95,outcome,tourism,dollar
Revenue per Available Room,1991-12-01,75.96,outcome,tourism,dollar
Revenue per Available Room,1992-01-01,85.2,outcome,tourism,dollar
Revenue per Available Room,1992-02-01,90.87,outcome,tourism,dollar
Revenue per Available Room,1992-03-01,78.07,outcome,tourism,dollar
Revenue per Available Room,1992-04-01,72.2,outcome,tourism,dollar
Revenue per Available Room,1992-05-01,68.44,outcome,tourism,dollar
Revenue per Available Room,1992-06-01,69.39,outcome,tourism,dollar
Revenue per Available Room,1992-07-01,72.81,outcome,tourism,dollar
Revenue per Available Room,1992-08-01,82.37,outcome,tourism,dollar
Revenue per Available Room,1992-09-01,74.73,outcome,tourism,dollar
Revenue per Available Room,1992-10-01,74.16,outcome,tourism,dollar
Revenue per Available Room,1992-11-01,78.5,outcome,tourism,dollar
Revenue per Available Room,1992-12-01,77.37,outcome,tourism,dollar
Revenue per Available Room,1993-01-01,83.26,outcome,tourism,dollar
Revenue per Available Room,1993-02-01,87.12,outcome,tourism,dollar
Revenue per Available Room,1993-03-01,78.24,outcome,tourism,dollar
Revenue per Available Room,1993-04-01,70.21,outcome,tourism,dollar
Revenue per Available Room,1993-05-01,68.64,outcome,tourism,dollar
Revenue per Available Room,1993-06-01,69.62,outcome,tourism,dollar
Revenue per Available Room,1993-07-01,73.05,outcome,tourism,dollar
Revenue per Available Room,1993-08-01,83.31,outcome,tourism,dollar
Revenue per Available Room,1993-09-01,67.32,outcome,tourism,dollar
Revenue per Available Room,1993-10-01,69.18,outcome,tourism,dollar
Revenue per Available Room,1993-11-01,70.65,outcome,tourism,dollar
Revenue per Available Room,1993-12-01,75.98,outcome,tourism,dollar
Revenue per Available Room,1994-01-01,77.75,outcome,tourism,dollar
Revenue per Available Room,1994-02-01,93.26,outcome,tourism,dollar
Revenue per Available Room,1994-03-01,89.98,outcome,tourism,dollar
Revenue per Available Room,1994-04-01,76.9,outcome,tourism,dollar
Revenue per Available Room,1994-05-01,73.38,outcome,tourism,dollar
Revenue per Available Room,1994-06-01,75.0,outcome,tourism,dollar
Revenue per Available Room,1994-07-01,78.18,outcome,tourism,dollar
Revenue per Available Room,1994-08-01,90.12,outcome,tourism,dollar
Revenue per Available Room,1994-09-01,77.73,outcome,tourism,dollar
Revenue per Available Room,1994-10-01,76.58,outcome,tourism,dollar
Revenue per Available Room,1994-11-01,78.53,outcome,tourism,dollar
Revenue per Available Room,1994-12-01,81.24,outcome,tourism,dollar
Revenue per Available Room,1995-01-01,88.84,outcome,tourism,dollar
Revenue per Available Room,1995-02-01,93.46,outcome,tourism,dollar
Revenue per Available Room,1995-03-01,87.14,outcome,tourism,dollar
Revenue per Available Room,1995-04-01,74.99,outcome,tourism,dollar
Revenue per Available Room,1995-05-01,73.2,outcome,tourism,dollar
Revenue per Available Room,1995-06-01,77.93,outcome,tourism,dollar
Revenue per Available Room,1995-07-01,84.42,outcome,tourism,dollar
Revenue per Available Room,1995-08-01,90.21,outcome,tourism,dollar
Revenue per Available Room,1995-09-01,78.9,outcome,tourism,dollar
Revenue per Available Room,1995-10-01,81.44,outcome,tourism,dollar
Revenue per Available Room,1995-11-01,81.98,outcome,tourism,dollar
Revenue per Available Room,1995-12-01,85.52,outcome,tourism,dollar
Revenue per Available Room,1996-01-01,95.09,outcome,tourism,dollar
Revenue per Available Room,1996-02-01,108.6,outcome,tourism,dollar
Revenue per Available Room,1996-03-01,94.83,outcome,tourism,dollar
Revenue per Available Room,1996-04-01,82.91,outcome,tourism,dollar
Revenue per Available Room,1996-05-01,76.04,outcome,tourism,dollar
Revenue per Available Room,1996-06-01,85.28,outcome,tourism,dollar
Revenue per Available Room,1996-07-01,87.44,outcome,tourism,dollar
Revenue per Available Room,1996-08-01,94.32,outcome,tourism,dollar
Revenue per Available Room,1996-09-01,80.88,outcome,tourism,dollar
Revenue per Available Room,1996-10-01,80.84,outcome,tourism,dollar
Revenue per Available Room,1996-11-01,78.48,outcome,tourism,dollar
Revenue per Available Room,1996-12-01,86.48,outcome,tourism,dollar
Revenue per Available Room,1997-01-01,97.05,outcome,tourism,dollar
Revenue per Available Room,1997-02-01,110.65,outcome,tourism,dollar
Revenue per Available Room,1997-03-01,103.6,outcome,tourism,dollar
Revenue per Available Room,1997-04-01,91.7,outcome,tourism,dollar
Revenue per Available Room,1997-05-01,80.86,outcome,tourism,dollar
Revenue per Available Room,1997-06-01,84.94,outcome,tourism,dollar
Revenue per Available Room,1997-07-01,92.45,outcome,tourism,dollar
Revenue per Available Room,1997-08-01,100.14,outcome,tourism,dollar
Revenue per Available Room,1997-09-01,86.92,outcome,tourism,dollar
Revenue per Available Room,1997-10-01,84.59,outcome,tourism,dollar
Revenue per Available Room,1997-11-01,84.16,outcome,tourism,dollar
Revenue per Available Room,1997-12-01,89.69,outcome,tourism,dollar
Revenue per Available Room,1998-01-01,100.17,outcome,tourism,dollar
Revenue per Available Room,1998-02-01,112.51,outcome,tourism,dollar
Revenue per Available Room,1998-03-01,102.8,outcome,tourism,dollar
Revenue per Available Room,1998-04-01,92.27,outcome,tourism,dollar
Revenue per Available Room,1998-05-01,81.92,outcome,tourism,dollar
Revenue per Available Room,1998-06-01,85.79,outcome,tourism,dollar
Revenue per Available Room,1998-07-01,92.82,outcome,tourism,dollar
Revenue per Available Room,1998-08-01,98.98,outcome,tourism,dollar
Revenue per Available Room,1998-09-01,83.85,outcome,tourism,dollar
Revenue per Available Room,1998-10-01,86.68,outcome,tourism,dollar
Revenue per Available Room,1998-11-01,80.92,outcome,tourism,dollar
Revenue per Available Room,1998-12-01,89.12,outcome,tourism,dollar
Revenue per Available Room,1999-01-01,95.8,outcome,tourism,dollar
Revenue per Available Room,1999-02-01,111.95,outcome,tourism,dollar
Revenue per Available Room,1999-03-01,102.26,outcome,tourism,dollar
Revenue per Available Room,1999-04-01,90.93,outcome,tourism,dollar
Revenue per Available Room,1999-05-01,81.62,outcome,tourism,dollar
Revenue per Available Room,1999-06-01,87.04,outcome,tourism,dollar
Revenue per Available Room,1999-07-01,97.6,outcome,tourism,dollar
Revenue per Available Room,1999-08-01,103.65,outcome,tourism,dollar
Revenue per Available Room,1999-09-01,89.87,outcome,tourism,dollar
Revenue per Available Room,1999-10-01,94.18,outcome,tourism,dollar
Revenue per Available Room,1999-11-01,89.72,outcome,tourism,dollar
Revenue per Available Room,1999-12-01,92.43,outcome,tourism,dollar
Revenue per Available Room,2000-01-01,100.91,outcome,tourism,dollar
Revenue per Available Room,2000-02-01,124.57,outcome,tourism,dollar
Revenue per Available Room,2000-03-01,119.77,outcome,tourism,dollar
Revenue per Available Room,2000-04-01,105.69,outcome,tourism,dollar
Revenue per Available Room,2000-05-01,98.23,outcome,tourism,dollar
Revenue per Available Room,2000-06-01,106.58,outcome,tourism,dollar
Revenue per Available Room,2000-07-01,114.65,outcome,tourism,dollar
Revenue per Available Room,2000-08-01,114.89,outcome,tourism,dollar
Revenue per Available Room,2000-09-01,97.8,outcome,tourism,dollar
Revenue per Available Room,2000-10-01,101.11,outcome,tourism,dollar
Revenue per Available Room,2000-11-01,101.69,outcome,tourism,dollar
Revenue per Available Room,2000-12-01,104.33,outcome,tourism,dollar
Revenue per Available Room,2001-01-01,114.85,outcome,tourism,dollar
Revenue per Available Room,2001-02-01,134.84,outcome,tourism,dollar
Revenue per Available Room,2001-03-01,118.24,outcome,tourism,dollar
Revenue per Available Room,2001-04-01,104.97,outcome,tourism,dollar
Revenue per Available Room,2001-05-01,94.68,outcome,tourism,dollar
Revenue per Available Room,2001-06-01,102.37,outcome,tourism,dollar
Revenue per Available Room,2001-07-01,112.92,outcome,tourism,dollar
Revenue per Available Room,2001-08-01,119.52,outcome,tourism,dollar
Revenue per Available Room,2001-09-01,73.18,outcome,tourism,dollar
Revenue per Available Room,2001-10-01,74.87,outcome,tourism,dollar
Revenue per Available Room,2001-11-01,73.91,outcome,tourism,dollar
Revenue per Available Room,2001-12-01,85.4,outcome,tourism,dollar
Revenue per Available Room,2002-01-01,91.62,outcome,tourism,dollar
Revenue per Available Room,2002-02-01,111.27,outcome,tourism,dollar
Revenue per Available Room,2002-03-01,107.02,outcome,tourism,dollar
Revenue per Available Room,2002-04-01,93.57,outcome,tourism,dollar
Revenue per Available Room,2002-05-01,87.62,outcome,tourism,dollar
Revenue per Available Room,2002-06-01,99.35,outcome,tourism,dollar
Revenue per Available Room,2002-07-01,107.8,outcome,tourism,dollar
Revenue per Available Room,2002-08-01,116.31,outcome,tourism,dollar
Revenue per Available Room,2002-09-01,84.08,outcome,tourism,dollar
Revenue per Available Room,2002-10-01,91.32,outcome,tourism,dollar
Revenue per Available Room,2002-11-01,86.21,outcome,tourism,dollar
Revenue per Available Room,2002-12-01,101.72,outcome,tourism,dollar
Revenue per Available Room,2003-01-01,106.76,outcome,tourism,dollar
Revenue per Available Room,2003-02-01,116.59,outcome,tourism,dollar
Revenue per Available Room,2003-03-01,110.81,outcome,tourism,dollar
Revenue per Available Room,2003-04-01,98.89,outcome,tourism,dollar
Revenue per Available Room,2003-05-01,88.35,outcome,tourism,dollar
Revenue per Available Room,2003-06-01,100.35,outcome,tourism,dollar
Revenue per Available Room,2003-07-01,116.61,outcome,tourism,dollar
Revenue per Available Room,2003-08-01,124.85,outcome,tourism,dollar
Revenue per Available Room,2003-09-01,94.31,outcome,tourism,dollar
Revenue per Available Room,2003-10-01,96.84,outcome,tourism,dollar
Revenue per Available Room,2003-11-01,93.32,outcome,tourism,dollar
Revenue per Available Room,2003-12-01,114.88,outcome,tourism,dollar
Revenue per Available Room,2004-01-01,115.01,outcome,tourism,dollar
Revenue per Available Room,2004-02-01,126.97,outcome,tourism,dollar
Revenue per Available Room,2004-03-01,124.95,outcome,tourism,dollar
Revenue per Available Room,2004-04-01,113.96,outcome,tourism,dollar
Revenue per Available Room,2004-05-01,103.05,outcome,tourism,dollar
Revenue per Available Room,2004-06-01,120.96,outcome,tourism,dollar
Revenue per Available Room,2004-07-01,137.2,outcome,tourism,dollar
Revenue per Available Room,2004-08-01,134.52,outcome,tourism,dollar
Revenue per Available Room,2004-09-01,104.24,outcome,tourism,dollar
Revenue per Available Room,2004-10-01,109.25,outcome,tourism,dollar
Revenue per Available Room,2004-11-01,103.11,outcome,tourism,dollar
Revenue per Available Room,2004-12-01,120.16,outcome,tourism,dollar
Revenue per Available Room,2005-01-01,128.75,outcome,tourism,dollar
Revenue per Available Room,2005-02-01,142.98,outcome,tourism,dollar
Revenue per Available Room,2005-03-01,144.3,outcome,tourism,dollar
Revenue per Available Room,2005-04-01,119.34,outcome,tourism,dollar
Revenue per Available Room,2005-05-01,117.1,outcome,tourism,dollar
Revenue per Available Room,2005-06-01,136.23,outcome,tourism,dollar
Revenue per Available Room,2005-07-01,154.43,outcome,tourism,dollar
Revenue per Available Room,2005-08-01,154.52,outcome,tourism,dollar
Revenue per Available Room,2005-09-01,123.48,outcome,tourism,dollar
Revenue per Available Room,2005-10-01,126.98,outcome,tourism,dollar
Revenue per Available Room,2005-11-01,125.35,outcome,tourism,dollar
Revenue per Available Room,2005-12-01,145.36,outcome,tourism,dollar
Revenue per Available Room,2006-01-01,146.48,outcome,tourism,dollar
Revenue per Available Room,2006-02-01,166.35,outcome,tourism,dollar
Revenue per Available Room,2006-03-01,155.56,outcome,tourism,dollar
Revenue per Available Room,2006-04-01,145.12,outcome,tourism,dollar
Revenue per Available Room,2006-05-01,132.05,outcome,tourism,dollar
Revenue per Available Room,2006-06-01,154.0,outcome,tourism,dollar
Revenue per Available Room,2006-07-01,174.45,outcome,tourism,dollar
Revenue per Available Room,2006-08-01,169.58,outcome,tourism,dollar
Revenue per Available Room,2006-09-01,130.47,outcome,tourism,dollar
Revenue per Available Room,2006-10-01,127.84,outcome,tourism,dollar
Revenue per Available Room,2006-11-01,130.64,outcome,tourism,dollar
Revenue per Available Room,2006-12-01,150.96,outcome,tourism,dollar
Revenue per Available Room,2007-01-01,148.57,outcome,tourism,dollar
Revenue per Available Room,2007-02-01,163.05,outcome,tourism,dollar
Revenue per Available Room,2007-03-01,157.91,outcome,tourism,dollar
Revenue per Available Room,2007-04-01,141.45,outcome,tourism,dollar
Revenue per Available Room,2007-05-01,129.17,outcome,tourism,dollar
Revenue per Available Room,2007-06-01,153.36,outcome,tourism,dollar
Revenue per Available Room,2007-07-01,172.09,outcome,tourism,dollar
Revenue per Available Room,2007-08-01,172.71,outcome,tourism,dollar
Revenue per Available Room,2007-09-01,134.83,outcome,tourism,dollar
Revenue per Available Room,2007-10-01,135.23,outcome,tourism,dollar
Revenue per Available Room,2007-11-01,133.74,outcome,tourism,dollar
Revenue per Available Room,2007-12-01,157.81,outcome,tourism,dollar
Revenue per Available Room,2008-01-01,161.86,outcome,tourism,dollar
Revenue per Available Room,2008-02-01,178.37,outcome,tourism,dollar
Revenue per Available Room,2008-03-01,168.68,outcome,tourism,dollar
Revenue per Available Room,2008-04-01,136.7,outcome,tourism,dollar
Revenue per Available Room,2008-05-01,130.04,outcome,tourism,dollar
Revenue per Available Room,2008-06-01,142.11,outcome,tourism,dollar
Revenue per Available Room,2008-07-01,156.47,outcome,tourism,dollar
Revenue per Available Room,2008-08-01,157.33,outcome,tourism,dollar
Revenue per Available Room,2008-09-01,112.41,outcome,tourism,dollar
Revenue per Available Room,2008-10-01,119.22,outcome,tourism,dollar
Revenue per Available Room,2008-11-01,112.9,outcome,tourism,dollar
Revenue per Available Room,2008-12-01,130.28,outcome,tourism,dollar
Revenue per Available Room,2009-01-01,124.57,outcome,tourism,dollar
Revenue per Available Room,2009-02-01,136.06,outcome,tourism,dollar
Revenue per Available Room,2009-03-01,119.21,outcome,tourism,dollar
Revenue per Available Room,2009-04-01,112.85,outcome,tourism,dollar
Revenue per Available Room,2009-05-01,101.02,outcome,tourism,dollar
Revenue per Available Room,2009-06-01,106.44,outcome,tourism,dollar
Revenue per Available Room,2009-07-01,121.69,outcome,tourism,dollar
Revenue per Available Room,2009-08-01,123.68,outcome,tourism,dollar
Revenue per Available Room,2009-09-01,102.02,outcome,tourism,dollar
Revenue per Available Room,2009-10-01,109.31,outcome,tourism,dollar
Revenue per Available Room,2009-11-01,99.26,outcome,tourism,dollar
Revenue per Available Room,2009-12-01,123.3,outcome,tourism,dollar
Revenue per Available Room,2010-01-01,117.45,outcome,tourism,dollar
Revenue per Available Room,2010-02-01,132.29,outcome,tourism,dollar
Revenue per Available Room,2010-03-01,122.33,outcome,tourism,dollar
Revenue per Available Room,2010-04-01,115.12,outcome,tourism,dollar
Revenue per Available Room,2010-05-01,104.77,outcome,tourism,dollar
Revenue per Available Room,2010-06-01,121.49,outcome,tourism,dollar
Revenue per Available Room,2010-07-01,143.86,outcome,tourism,dollar
Revenue per Available Room,2010-08-01,137.62,outcome,tourism,dollar
Revenue per Available Room,2010-09-01,113.31,outcome,tourism,dollar
Revenue per Available Room,2010-10-01,116.25,outcome,tourism,dollar
Revenue per Available Room,2010-11-01,114.72,outcome,tourism,dollar
Revenue per Available Room,2010-12-01,143.1,outcome,tourism,dollar
Revenue per Available Room,2011-01-01,141.27,outcome,tourism,dollar
Revenue per Available Room,2011-02-01,156.82,outcome,tourism,dollar
Revenue per Available Room,2011-03-01,142.18,outcome,tourism,dollar
Revenue per Available Room,2011-04-01,131.17,outcome,tourism,dollar
Revenue per Available Room,2011-05-01,117.16,outcome,tourism,dollar
Revenue per Available Room,2011-06-01,131.27,outcome,tourism,dollar
Revenue per Available Room,2011-07-01,150.2,outcome,tourism,dollar
Revenue per Available Room,2011-08-01,150.55,outcome,tourism,dollar
Revenue per Available Room,2011-09-01,128.6,outcome,tourism,dollar
Revenue per Available Room,2011-10-01,127.52,outcome,tourism,dollar
Revenue per Available Room,2011-11-01,131.25,outcome,tourism,dollar
Revenue per Available Room,2011-12-01,160.25,outcome,tourism,dollar
Revenue per Available Room,2012-01-01,163.95,outcome,tourism,dollar
Revenue per Available Room,2012-02-01,171.62,outcome,tourism,dollar
Revenue per Available Room,2012-03-01,161.81,outcome,tourism,dollar
Revenue per Available Room,2012-04-01,147.18,outcome,tourism,dollar
Revenue per Available Room,2012-05-01,137.88,outcome,tourism,dollar
Revenue per Available Room,2012-06-01,154.24,outcome,tourism,dollar
Revenue per Available Room,2012-07-01,176.83,outcome,tourism,dollar
Revenue per Available Room,2012-08-01,175.36,outcome,tourism,dollar
Revenue per Available Room,2012-09-01,137.95,outcome,tourism,dollar
Revenue per Available Room,2012-10-01,141.59,outcome,tourism,dollar
Revenue per Available Room,2012-11-01,144.31,outcome,tourism,dollar
Revenue per Available Room,2012-12-01,177.16,outcome,tourism,dollar
Revenue per Available Room,2013-01-01,189.41,outcome,tourism,dollar
Revenue per Available Room,2013-02-01,202.22,outcome,tourism,dollar
Revenue per Available Room,2013-03-01,188.53,outcome,tourism,dollar
Revenue per Available Room,2013-04-01,165.47,outcome,tourism,dollar
Revenue per Available Room,2013-05-01,151.71,outcome,tourism,dollar
Revenue per Available Room,2013-06-01,173.11,outcome,tourism,dollar
Revenue per Available Room,2013-07-01,193.93,outcome,tourism,dollar
Revenue per Available Room,2013-08-01,196.12,outcome,tourism,dollar
Revenue per Available Room,2013-09-01,154.75,outcome,tourism,dollar
Revenue per Available Room,2013-10-01,154.21,outcome,tourism,dollar
Revenue per Available Room,2013-11-01,150.67,outcome,tourism,dollar
Revenue per Available Room,2013-12-01,192.8,outcome,tourism,dollar
Revenue per Available Room,2014-01-01,197.75,outcome,tourism,dollar
Revenue per Available Room,2014-02-01,208.19,outcome,tourism,dollar
Revenue per Available Room,2014-03-01,186.27,outcome,tourism,dollar
Revenue per Available Room,2014-04-01,165.27,outcome,tourism,dollar
Revenue per Available Room,2014-05-01,153.48,outcome,tourism,dollar
Revenue per Available Room,2014-06-01,174.25,outcome,tourism,dollar
Revenue per Available Room,2014-07-01,201.0,outcome,tourism,dollar
Revenue per Available Room,2014-08-01,191.43,outcome,tourism,dollar
Revenue per Available Room,2014-09-01,161.22,outcome,tourism,dollar
Revenue per Available Room,2014-10-01,166.65,outcome,tourism,dollar
Revenue per Available Room,2014-11-01,159.46,outcome,tourism,dollar
Revenue per Available Room,2014-12-01,208.75,outcome,tourism,dollar
Revenue per Available Room,2015-01-01,196.64,outcome,tourism,dollar
Revenue per Available Room,2015-02-01,210.7,outcome,tourism,dollar
Revenue per Available Room,2015-03-01,198.32,outcome,tourism,dollar
Revenue per Available Room,2015-04-01,176.55,outcome,tourism,dollar
Revenue per Available Room,2015-05-01,171.2,outcome,tourism,dollar
Revenue per Available Room,2015-06-01,200.54,outcome,tourism,dollar
Revenue per Available Room,2015-07-01,211.57,outcome,tourism,dollar
Revenue per Available Room,2015-08-01,202.76,outcome,tourism,dollar
Revenue per Available Room,2015-09-01,166.45,outcome,tourism,dollar
Revenue per Available Room,2015-10-01,173.9,outcome,tourism,dollar
Revenue per Available Room,2015-11-01,172.32,outcome,tourism,dollar
Revenue per Available Room,2015-12-01,227.11,outcome,tourism,dollar
Revenue per Available Room,2016-01-01,206.35,outcome,tourism,dollar
Revenue per Available Room,2016-02-01,218.17,outcome,tourism,dollar
Revenue per Available Room,2016-03-01,203.3,outcome,tourism,dollar
Revenue per Available Room,2016-04-01,184.36,outcome,tourism,dollar
Revenue per Available Room,2016-05-01,173.55,outcome,tourism,dollar
Revenue per Available Room,2016-06-01,202.69,outcome,tourism,dollar
Revenue per Available Room,2016-07-01,226.14,outcome,tourism,dollar
Revenue per Available Room,2016-08-01,212.9,outcome,tourism,dollar
Revenue per Available Room,2016-09-01,184.81,outcome,tourism,dollar
Revenue per Available Room,2016-10-01,182.52,outcome,tourism,dollar
Revenue per Available Room,2016-11-01,180.43,outcome,tourism,dollar
Revenue per Available Room,2016-12-01,243.8,outcome,tourism,dollar
Revenue per Available Room,2017-01-01,228.84,outcome,tourism,dollar
Revenue per Available Room,2017-02-01,227.75,outcome,tourism,dollar
Revenue per Available Room,2017-03-01,211.47,outcome,tourism,dollar
Revenue per Available Room,2017-04-01,200.84,outcome,tourism,dollar
Revenue per Available Room,2017-05-01,188.22,outcome,tourism,dollar
Revenue per Available Room,2017-06-01,216.99,outcome,tourism,dollar
Revenue per Available Room,2017-07-01,238.97,outcome,tourism,dollar
Revenue per Available Room,2017-08-01,218.89,outcome,tourism,dollar
Revenue per Available Room,2017-09-01,181.25,outcome,tourism,dollar
Revenue per Available Room,2017-10-01,189.66,outcome,tourism,dollar
Revenue per Available Room,2017-11-01,190.43,outcome,tourism,dollar
Revenue per Available Room,2017-12-01,251.29,outcome,tourism,dollar
Revenue per Available Room,2018-01-01,241.23,outcome,tourism,dollar
Revenue per Available Room,2018-02-01,251.75,outcome,tourism,dollar
Revenue per Available Room,2018-03-01,235.72,outcome,tourism,dollar
Revenue per Available Room,2018-04-01,216.8,outcome,tourism,dollar
Revenue per Available Room,2018-05-01,203.54,outcome,tourism,dollar
Revenue per Available Room,2018-06-01,227.11,outcome,tourism,dollar
Revenue per Available Room,2018-07-01,247.63,outcome,tourism,dollar
Revenue per Available Room,2018-08-01,220.46,outcome,tourism,dollar
Revenue per Available Room,2018-09-01,185.96,outcome,tourism,dollar
Revenue per Available Room,2018-10-01,190.21,outcome,tourism,dollar
Revenue per Available Room,2018-11-01,190.13,outcome,tourism,dollar
Revenue per Available Room,2018-12-01,251.94,outcome,tourism,dollar
Revenue per Available Room,2019-01-01,237.56,outcome,tourism,dollar
Revenue per Available Room,2019-02-01,241.92,outcome,tourism,dollar
Revenue per Available Room,2019-03-01,226.83,outcome,tourism,dollar
Revenue per Available Room,2019-04-01,215.41,outcome,tourism,dollar
Revenue per Available Room,2019-05-01,202.72,outcome,tourism,dollar
Revenue per Available Room,2019-06-01,235.91,outcome,tourism,dollar
Revenue per Available Room,2019-07-01,259.52,outcome,tourism,dollar
Revenue per Available Room,2019-08-01,244.27,outcome,tourism,dollar
Revenue per Available Room,2019-09-01,193.25,outcome,tourism,dollar
Revenue per Available Room,2019-10-01,200.26,outcome,tourism,dollar
Revenue per Available Room,2019-11-01,204.8,outcome,tourism,dollar
Revenue per Available Room,2019-12-01,282.36,outcome,tourism,dollar
Revenue per Available Room,2020-01-01,264.27,outcome,tourism,dollar
Revenue per Available Room,2020-02-01,262.7,outcome,tourism,dollar
Revenue per Available Room,2020-03-01,124.68,outcome,tourism,dollar
Revenue per Available Room,2020-04-01,11.7,outcome,tourism,dollar
Revenue per Available Room,2020-05-01,17.95,outcome,tourism,dollar
Revenue per Available Room,2020-06-01,25.28,outcome,tourism,dollar
Revenue per Available Room,2020-07-01,36.39,outcome,tourism,dollar
Revenue per Available Room,2020-08-01,34.3,outcome,tourism,dollar
Revenue per Available Room,2020-09-01,29.15,outcome,tourism,dollar
Revenue per Available Room,2020-10-01,34.26,outcome,tourism,dollar
Revenue per Available Room,2020-11-01,50.75,outcome,tourism,dollar
Revenue per Available Room,2020-12-01,69.21,outcome,tourism,dollar
Revenue per Available Room,2021-01-01,58.47,outcome,tourism,dollar
Revenue per Available Room,2021-02-01,78.97,outcome,tourism,dollar
Revenue per Available Room,2021-03-01,122.86,outcome,tourism,dollar
Revenue per Available Room,2021-04-01,152.52,outcome,tourism,dollar
Revenue per Available Room,2021-05-01,177.08,outcome,tourism,dollar
Revenue per Available Room,2021-06-01,246.75,outcome,tourism,dollar
Revenue per Available Room,2021-07-01,303.01,outcome,tourism,dollar
Revenue per Available Room,2021-08-01,260.84,outcome,tourism,dollar
Revenue per Available Room,2021-09-01,167.92,outcome,tourism,dollar
Revenue per Available Room,2021-10-01,168.9,outcome,tourism,dollar
Revenue per Available Room,2021-11-01,198.61,outcome,tourism,dollar
Revenue per Available Room,2021-12-01,304.75,outcome,tourism,dollar
Revenue per Available Room,2022-01-01,233.46,outcome,tourism,dollar
Revenue per Available Room,2022-02-01,253.18,outcome,tourism,dollar
Revenue per Available Room,2022-03-01,284.16,outcome,tourism,dollar
Revenue per Available Room,2022-04-01,282.83,outcome,tourism,dollar
Revenue per Available Room,2022-05-01,251.36,outcome,tourism,dollar
Revenue per Available Room,2022-06-01,296.85,outcome,tourism,dollar
Revenue per Available Room,2022-07-01,337.01,outcome,tourism,dollar
Revenue per Available Room,2022-08-01,295.26,outcome,tourism,dollar
Revenue per Available Room,2022-09-01,247.86,outcome,tourism,dollar
Revenue per Available Room,2022-10-01,243.46,outcome,tourism,dollar
Revenue per Available Room,2022-11-01,243.36,outcome,tourism,dollar
Revenue per Available Room,2022-12-01,313.69,outcome,tourism,dollar
Revenue per Available Room,2023-01-01,285.7,outcome,tourism,dollar
Revenue per Available Room,2023-02-01,295.54,outcome,tourism,dollar
Revenue per Available Room,2023-03-01,295.94,outcome,tourism,dollar
Revenue per Available Room,2023-04-01,278.16,outcome,tourism,dollar
Revenue per Available Room,2023-05-01,252.89,outcome,tourism,dollar
Revenue per Available Room,2023-06-01,298.1,outcome,tourism,dollar
Revenue per Available Room,2023-07-01,316.66,outcome,tourism,dollar
Revenue per Available Room,2023-08-01,274.6,outcome,tourism,dollar
Revenue per Available Room,2023-09-01,260.83,outcome,tourism,dollar
Revenue per Available Room,2023-10-01,258.46,outcome,tourism,dollar
Revenue per Available Room,2023-11-01,255.04,outcome,tourism,dollar
Revenue per Available Room,2023-12-01,309.39,outcome,tourism,dollar
Revenue per Available Room,2024-01-01,285.14,outcome,tourism,dollar
Revenue per Available Room,2024-02-01,296.98,outcome,tourism,dollar
Revenue per Available Room,2024-03-01,286.67,outcome,tourism,dollar
Revenue per Available Room,2024-04-01,266.11,outcome,tourism,dollar
Revenue per Available Room,2024-05-01,243.44,outcome,tourism,dollar
Revenue per Available Room,2024-06-01,281.28,outcome,tourism,dollar
Revenue per Available Room,2024-07-01,301.29,outcome,tourism,dollar
Revenue per Available Room,2024-08-01,266.25,outcome,tourism,dollar
Revenue per Available Room,2024-09-01,217.68,outcome,tourism,dollar
Revenue per Available Room,2024-10-01,226.93,outcome,tourism,dollar
Revenue per Available Room,2024-11-01,231.78,outcome,tourism,dollar
Revenue per Available Room,2024-12-01,310.2,outcome,tourism,dollar
Revenue per Available Room,2025-01-01,284.25,outcome,tourism,dollar
Revenue per Available Room,2025-02-01,300.69,outcome,tourism,dollar
Revenue per Available Room,2025-03-01,282.07,outcome,tourism,dollar
Revenue per Available Room,2025-04-01,265.1,outcome,tourism,dollar
Revenue per Available Room,2025-05-01,241.77,outcome,tourism,dollar
Revenue per Available Room,2025-06-01,278.12,outcome,tourism,dollar
Revenue per Available Room,2025-07-01,297.68,outcome,tourism,dollar
Revenue per Available Room,2025-08-01,267.58,outcome,tourism,dollar
Revenue per Available Room,2025-09-01,219.41,outcome,tourism,dollar
Revenue per Available Room,2025-10-01,234.24,outcome,tourism,dollar
Revenue per Available Room,2025-11-01,242.0,outcome,tourism,dollar
Revenue per Available Room,2025-12-01,341.58,outcome,tourism,dollar
Revenue per Available Room,2026-01-01,290.28,outcome,tourism,dollar
Revenue per Available Room,2026-02-01,302.01,outcome,tourism,dollar
Revenue per Available Room,2026-03-01,280.02,outcome,tourism,dollar
Revenue per Available Room,2026-04-01,271.92,outcome,tourism,dollar
Revenue per Available Room,2026-05-01,253.37,outcome,tourism,dollar
Visitor Arrivals,1990-01-01,576547.0,outcome,tourism,persons
Visitor Arrivals,1990-02-01,554097.0,outcome,tourism,persons
Visitor Arrivals,1990-03-01,553334.0,outcome,tourism,persons
Visitor Arrivals,1990-04-01,571764.0,outcome,tourism,persons
Visitor Arrivals,1990-05-01,557841.0,outcome,tourism,persons
Visitor Arrivals,1990-06-01,573569.0,outcome,tourism,persons
Visitor Arrivals,1990-07-01,571081.0,outcome,tourism,persons
Visitor Arrivals,1990-08-01,573140.0,outcome,tourism,persons
Visitor Arrivals,1990-09-01,534685.0,outcome,tourism,persons
Visitor Arrivals,1990-10-01,548717.0,outcome,tourism,persons
Visitor Arrivals,1990-11-01,553387.0,outcome,tourism,persons
Visitor Arrivals,1990-12-01,551832.0,outcome,tourism,persons
Visitor Arrivals,1991-01-01,544479.0,outcome,tourism,persons
Visitor Arrivals,1991-02-01,428220.0,outcome,tourism,persons
Visitor Arrivals,1991-03-01,476316.0,outcome,tourism,persons
Visitor Arrivals,1991-04-01,561035.0,outcome,tourism,persons
Visitor Arrivals,1991-05-01,557567.0,outcome,tourism,persons
Visitor Arrivals,1991-06-01,567417.0,outcome,tourism,persons
Visitor Arrivals,1991-07-01,576665.0,outcome,tourism,persons
Visitor Arrivals,1991-08-01,573530.0,outcome,tourism,persons
Visitor Arrivals,1991-09-01,578745.0,outcome,tourism,persons
Visitor Arrivals,1991-10-01,545925.0,outcome,tourism,persons
Visitor Arrivals,1991-11-01,545858.0,outcome,tourism,persons
Visitor Arrivals,1991-12-01,556316.0,outcome,tourism,persons
Visitor Arrivals,1992-01-01,556142.0,outcome,tourism,persons
Visitor Arrivals,1992-02-01,558829.0,outcome,tourism,persons
Visitor Arrivals,1992-03-01,520377.0,outcome,tourism,persons
Visitor Arrivals,1992-04-01,537117.0,outcome,tourism,persons
Visitor Arrivals,1992-05-01,551629.0,outcome,tourism,persons
Visitor Arrivals,1992-06-01,546679.0,outcome,tourism,persons
Visitor Arrivals,1992-07-01,521538.0,outcome,tourism,persons
Visitor Arrivals,1992-08-01,520881.0,outcome,tourism,persons
Visitor Arrivals,1992-09-01,552517.0,outcome,tourism,persons
Visitor Arrivals,1992-10-01,544935.0,outcome,tourism,persons
Visitor Arrivals,1992-11-01,546026.0,outcome,tourism,persons
Visitor Arrivals,1992-12-01,532271.0,outcome,tourism,persons
Visitor Arrivals,1993-01-01,538812.0,outcome,tourism,persons
Visitor Arrivals,1993-02-01,504087.0,outcome,tourism,persons
Visitor Arrivals,1993-03-01,516442.0,outcome,tourism,persons
Visitor Arrivals,1993-04-01,506379.0,outcome,tourism,persons
Visitor Arrivals,1993-05-01,518410.0,outcome,tourism,persons
Visitor Arrivals,1993-06-01,484419.0,outcome,tourism,persons
Visitor Arrivals,1993-07-01,495278.0,outcome,tourism,persons
Visitor Arrivals,1993-08-01,496952.0,outcome,tourism,persons
Visitor Arrivals,1993-09-01,495349.0,outcome,tourism,persons
Visitor Arrivals,1993-10-01,519672.0,outcome,tourism,persons
Visitor Arrivals,1993-11-01,505794.0,outcome,tourism,persons
Visitor Arrivals,1993-12-01,503246.0,outcome,tourism,persons
Visitor Arrivals,1994-01-01,504091.0,outcome,tourism,persons
Visitor Arrivals,1994-02-01,539209.0,outcome,tourism,persons
Visitor Arrivals,1994-03-01,544384.0,outcome,tourism,persons
Visitor Arrivals,1994-04-01,534110.0,outcome,tourism,persons
Visitor Arrivals,1994-05-01,515436.0,outcome,tourism,persons
Visitor Arrivals,1994-06-01,520565.0,outcome,tourism,persons
Visitor Arrivals,1994-07-01,520711.0,outcome,tourism,persons
Visitor Arrivals,1994-08-01,536272.0,outcome,tourism,persons
Visitor Arrivals,1994-09-01,527008.0,outcome,tourism,persons
Visitor Arrivals,1994-10-01,529310.0,outcome,tourism,persons
Visitor Arrivals,1994-11-01,550799.0,outcome,tourism,persons
Visitor Arrivals,1994-12-01,546494.0,outcome,tourism,persons
Visitor Arrivals,1995-01-01,538970.0,outcome,tourism,persons
Visitor Arrivals,1995-02-01,514570.0,outcome,tourism,persons
Visitor Arrivals,1995-03-01,540164.0,outcome,tourism,persons
Visitor Arrivals,1995-04-01,524950.0,outcome,tourism,persons
Visitor Arrivals,1995-05-01,544521.0,outcome,tourism,persons
Visitor Arrivals,1995-06-01,546693.0,outcome,tourism,persons
Visitor Arrivals,1995-07-01,557308.0,outcome,tourism,persons
Visitor Arrivals,1995-08-01,556734.0,outcome,tourism,persons
Visitor Arrivals,1995-09-01,552081.0,outcome,tourism,persons
Visitor Arrivals,1995-10-01,554855.0,outcome,tourism,persons
Visitor Arrivals,1995-11-01,557575.0,outcome,tourism,persons
Visitor Arrivals,1995-12-01,563585.0,outcome,tourism,persons
Visitor Arrivals,1996-01-01,561313.0,outcome,tourism,persons
Visitor Arrivals,1996-02-01,588353.0,outcome,tourism,persons
Visitor Arrivals,1996-03-01,563248.0,outcome,tourism,persons
Visitor Arrivals,1996-04-01,542144.0,outcome,tourism,persons
Visitor Arrivals,1996-05-01,565533.0,outcome,tourism,persons
Visitor Arrivals,1996-06-01,579137.0,outcome,tourism,persons
Visitor Arrivals,1996-07-01,560870.0,outcome,tourism,persons
Visitor Arrivals,1996-08-01,564712.0,outcome,tourism,persons
Visitor Arrivals,1996-09-01,560784.0,outcome,tourism,persons
Visitor Arrivals,1996-10-01,545538.0,outcome,tourism,persons
Visitor Arrivals,1996-11-01,549826.0,outcome,tourism,persons
Visitor Arrivals,1996-12-01,547558.0,outcome,tourism,persons
Visitor Arrivals,1997-01-01,553562.0,outcome,tourism,persons
Visitor Arrivals,1997-02-01,559569.0,outcome,tourism,persons
Visitor Arrivals,1997-03-01,565001.0,outcome,tourism,persons
Visitor Arrivals,1997-04-01,575628.0,outcome,tourism,persons
Visitor Arrivals,1997-05-01,557338.0,outcome,tourism,persons
Visitor Arrivals,1997-06-01,551818.0,outcome,tourism,persons
Visitor Arrivals,1997-07-01,557367.0,outcome,tourism,persons
Visitor Arrivals,1997-08-01,559770.0,outcome,tourism,persons
Visitor Arrivals,1997-09-01,587832.0,outcome,tourism,persons
Visitor Arrivals,1997-10-01,571844.0,outcome,tourism,persons
Visitor Arrivals,1997-11-01,569963.0,outcome,tourism,persons
Visitor Arrivals,1997-12-01,560046.0,outcome,tourism,persons
Visitor Arrivals,1998-01-01,566185.0,outcome,tourism,persons
Visitor Arrivals,1998-02-01,552588.0,outcome,tourism,persons
Visitor Arrivals,1998-03-01,547802.0,outcome,tourism,persons
Visitor Arrivals,1998-04-01,567525.0,outcome,tourism,persons
Visitor Arrivals,1998-05-01,554512.0,outcome,tourism,persons
Visitor Arrivals,1998-06-01,538688.0,outcome,tourism,persons
Visitor Arrivals,1998-07-01,546692.0,outcome,tourism,persons
Visitor Arrivals,1998-08-01,539174.0,outcome,tourism,persons
Visitor Arrivals,1998-09-01,549938.0,outcome,tourism,persons
Visitor Arrivals,1998-10-01,547702.0,outcome,tourism,persons
Visitor Arrivals,1998-11-01,551953.0,outcome,tourism,persons
Visitor Arrivals,1998-12-01,545393.0,outcome,tourism,persons
Visitor Arrivals,1999-01-01,555990.0,outcome,tourism,persons
Visitor Arrivals,1999-02-01,564215.0,outcome,tourism,persons
Visitor Arrivals,1999-03-01,553454.0,outcome,tourism,persons
Visitor Arrivals,1999-04-01,559701.0,outcome,tourism,persons
Visitor Arrivals,1999-05-01,551952.0,outcome,tourism,persons
Visitor Arrivals,1999-06-01,552904.0,outcome,tourism,persons
Visitor Arrivals,1999-07-01,569904.0,outcome,tourism,persons
Visitor Arrivals,1999-08-01,564118.0,outcome,tourism,persons
Visitor Arrivals,1999-09-01,574363.0,outcome,tourism,persons
Visitor Arrivals,1999-10-01,589259.0,outcome,tourism,persons
Visitor Arrivals,1999-11-01,588806.0,outcome,tourism,persons
Visitor Arrivals,1999-12-01,526295.0,outcome,tourism,persons
Visitor Arrivals,2000-01-01,539821.0,outcome,tourism,persons
Visitor Arrivals,2000-02-01,586572.0,outcome,tourism,persons
Visitor Arrivals,2000-03-01,589426.0,outcome,tourism,persons
Visitor Arrivals,2000-04-01,590686.0,outcome,tourism,persons
Visitor Arrivals,2000-05-01,591273.0,outcome,tourism,persons
Visitor Arrivals,2000-06-01,591135.0,outcome,tourism,persons
Visitor Arrivals,2000-07-01,577953.0,outcome,tourism,persons
Visitor Arrivals,2000-08-01,563365.0,outcome,tourism,persons
Visitor Arrivals,2000-09-01,583586.0,outcome,tourism,persons
Visitor Arrivals,2000-10-01,589405.0,outcome,tourism,persons
Visitor Arrivals,2000-11-01,584486.0,outcome,tourism,persons
Visitor Arrivals,2000-12-01,565263.0,outcome,tourism,persons
Visitor Arrivals,2001-01-01,577493.0,outcome,tourism,persons
Visitor Arrivals,2001-02-01,562933.0,outcome,tourism,persons
Visitor Arrivals,2001-03-01,577888.0,outcome,tourism,persons
Visitor Arrivals,2001-04-01,576759.0,outcome,tourism,persons
Visitor Arrivals,2001-05-01,560927.0,outcome,tourism,persons
Visitor Arrivals,2001-06-01,564177.0,outcome,tourism,persons
Visitor Arrivals,2001-07-01,562711.0,outcome,tourism,persons
Visitor Arrivals,2001-08-01,571780.0,outcome,tourism,persons
Visitor Arrivals,2001-09-01,396181.0,outcome,tourism,persons
Visitor Arrivals,2001-10-01,413800.0,outcome,tourism,persons
Visitor Arrivals,2001-11-01,429449.0,outcome,tourism,persons
Visitor Arrivals,2001-12-01,472962.0,outcome,tourism,persons
Visitor Arrivals,2002-01-01,484738.0,outcome,tourism,persons
Visitor Arrivals,2002-02-01,517656.0,outcome,tourism,persons
Visitor Arrivals,2002-03-01,521508.0,outcome,tourism,persons
Visitor Arrivals,2002-04-01,522308.0,outcome,tourism,persons
Visitor Arrivals,2002-05-01,544519.0,outcome,tourism,persons
Visitor Arrivals,2002-06-01,559050.0,outcome,tourism,persons
Visitor Arrivals,2002-07-01,532948.0,outcome,tourism,persons
Visitor Arrivals,2002-08-01,544501.0,outcome,tourism,persons
Visitor Arrivals,2002-09-01,515675.0,outcome,tourism,persons
Visitor Arrivals,2002-10-01,543529.0,outcome,tourism,persons
Visitor Arrivals,2002-11-01,542965.0,outcome,tourism,persons
Visitor Arrivals,2002-12-01,545267.0,outcome,tourism,persons
Visitor Arrivals,2003-01-01,541681.0,outcome,tourism,persons
Visitor Arrivals,2003-02-01,520283.0,outcome,tourism,persons
Visitor Arrivals,2003-03-01,516828.0,outcome,tourism,persons
Visitor Arrivals,2003-04-01,506724.0,outcome,tourism,persons
Visitor Arrivals,2003-05-01,503744.0,outcome,tourism,persons
Visitor Arrivals,2003-06-01,516514.0,outcome,tourism,persons
Visitor Arrivals,2003-07-01,534820.0,outcome,tourism,persons
Visitor Arrivals,2003-08-01,552629.0,outcome,tourism,persons
Visitor Arrivals,2003-09-01,529661.0,outcome,tourism,persons
Visitor Arrivals,2003-10-01,541491.0,outcome,tourism,persons
Visitor Arrivals,2003-11-01,551465.0,outcome,tourism,persons
Visitor Arrivals,2003-12-01,558596.0,outcome,tourism,persons
Visitor Arrivals,2004-01-01,542597.0,outcome,tourism,persons
Visitor Arrivals,2004-02-01,561818.0,outcome,tourism,persons
Visitor Arrivals,2004-03-01,553344.0,outcome,tourism,persons
Visitor Arrivals,2004-04-01,576257.0,outcome,tourism,persons
Visitor Arrivals,2004-05-01,582899.0,outcome,tourism,persons
Visitor Arrivals,2004-06-01,579865.0,outcome,tourism,persons
Visitor Arrivals,2004-07-01,590517.0,outcome,tourism,persons
Visitor Arrivals,2004-08-01,571624.0,outcome,tourism,persons
Visitor Arrivals,2004-09-01,583751.0,outcome,tourism,persons
Visitor Arrivals,2004-10-01,597539.0,outcome,tourism,persons
Visitor Arrivals,2004-11-01,581198.0,outcome,tourism,persons
Visitor Arrivals,2004-12-01,587507.0,outcome,tourism,persons
Visitor Arrivals,2005-01-01,603244.0,outcome,tourism,persons
Visitor Arrivals,2005-02-01,600176.0,outcome,tourism,persons
Visitor Arrivals,2005-03-01,613987.0,outcome,tourism,persons
Visitor Arrivals,2005-04-01,597186.0,outcome,tourism,persons
Visitor Arrivals,2005-05-01,613519.0,outcome,tourism,persons
Visitor Arrivals,2005-06-01,621934.0,outcome,tourism,persons
Visitor Arrivals,2005-07-01,637881.0,outcome,tourism,persons
Visitor Arrivals,2005-08-01,617552.0,outcome,tourism,persons
Visitor Arrivals,2005-09-01,626043.0,outcome,tourism,persons
Visitor Arrivals,2005-10-01,632809.0,outcome,tourism,persons
Visitor Arrivals,2005-11-01,618129.0,outcome,tourism,persons
Visitor Arrivals,2005-12-01,622236.0,outcome,tourism,persons
Visitor Arrivals,2006-01-01,632267.0,outcome,tourism,persons
Visitor Arrivals,2006-02-01,614189.0,outcome,tourism,persons
Visitor Arrivals,2006-03-01,614849.0,outcome,tourism,persons
Visitor Arrivals,2006-04-01,631353.0,outcome,tourism,persons
Visitor Arrivals,2006-05-01,619666.0,outcome,tourism,persons
Visitor Arrivals,2006-06-01,637315.0,outcome,tourism,persons
Visitor Arrivals,2006-07-01,633573.0,outcome,tourism,persons
Visitor Arrivals,2006-08-01,618545.0,outcome,tourism,persons
Visitor Arrivals,2006-09-01,631702.0,outcome,tourism,persons
Visitor Arrivals,2006-10-01,617076.0,outcome,tourism,persons
Visitor Arrivals,2006-11-01,635797.0,outcome,tourism,persons
Visitor Arrivals,2006-12-01,639296.0,outcome,tourism,persons
Visitor Arrivals,2007-01-01,603053.0,outcome,tourism,persons
Visitor Arrivals,2007-02-01,602649.0,outcome,tourism,persons
Visitor Arrivals,2007-03-01,640120.0,outcome,tourism,persons
Visitor Arrivals,2007-04-01,621540.0,outcome,tourism,persons
Visitor Arrivals,2007-05-01,621450.0,outcome,tourism,persons
Visitor Arrivals,2007-06-01,635047.0,outcome,tourism,persons
Visitor Arrivals,2007-07-01,619292.0,outcome,tourism,persons
Visitor Arrivals,2007-08-01,650915.0,outcome,tourism,persons
Visitor Arrivals,2007-09-01,629222.0,outcome,tourism,persons
Visitor Arrivals,2007-10-01,612583.0,outcome,tourism,persons
Visitor Arrivals,2007-11-01,631023.0,outcome,tourism,persons
Visitor Arrivals,2007-12-01,625907.0,outcome,tourism,persons
Visitor Arrivals,2008-01-01,610573.0,outcome,tourism,persons
Visitor Arrivals,2008-02-01,620742.0,outcome,tourism,persons
Visitor Arrivals,2008-03-01,601183.0,outcome,tourism,persons
Visitor Arrivals,2008-04-01,579202.0,outcome,tourism,persons
Visitor Arrivals,2008-05-01,579149.0,outcome,tourism,persons
Visitor Arrivals,2008-06-01,551005.0,outcome,tourism,persons
Visitor Arrivals,2008-07-01,536348.0,outcome,tourism,persons
Visitor Arrivals,2008-08-01,540929.0,outcome,tourism,persons
Visitor Arrivals,2008-09-01,509232.0,outcome,tourism,persons
Visitor Arrivals,2008-10-01,533841.0,outcome,tourism,persons
Visitor Arrivals,2008-11-01,533278.0,outcome,tourism,persons
Visitor Arrivals,2008-12-01,520385.0,outcome,tourism,persons
Visitor Arrivals,2009-01-01,531296.0,outcome,tourism,persons
Visitor Arrivals,2009-02-01,535911.0,outcome,tourism,persons
Visitor Arrivals,2009-03-01,514753.0,outcome,tourism,persons
Visitor Arrivals,2009-04-01,546722.0,outcome,tourism,persons
Visitor Arrivals,2009-05-01,540099.0,outcome,tourism,persons
Visitor Arrivals,2009-06-01,523432.0,outcome,tourism,persons
Visitor Arrivals,2009-07-01,542990.0,outcome,tourism,persons
Visitor Arrivals,2009-08-01,544928.0,outcome,tourism,persons
Visitor Arrivals,2009-09-01,546312.0,outcome,tourism,persons
Visitor Arrivals,2009-10-01,531595.0,outcome,tourism,persons
Visitor Arrivals,2009-11-01,524659.0,outcome,tourism,persons
Visitor Arrivals,2009-12-01,537664.0,outcome,tourism,persons
Visitor Arrivals,2010-01-01,539720.0,outcome,tourism,persons
Visitor Arrivals,2010-02-01,541285.0,outcome,tourism,persons
Visitor Arrivals,2010-03-01,556841.0,outcome,tourism,persons
Visitor Arrivals,2010-04-01,569676.0,outcome,tourism,persons
Visitor Arrivals,2010-05-01,575381.0,outcome,tourism,persons
Visitor Arrivals,2010-06-01,578404.0,outcome,tourism,persons
Visitor Arrivals,2010-07-01,595880.0,outcome,tourism,persons
Visitor Arrivals,2010-08-01,583673.0,outcome,tourism,persons
Visitor Arrivals,2010-09-01,593090.0,outcome,tourism,persons
Visitor Arrivals,2010-10-01,605113.0,outcome,tourism,persons
Visitor Arrivals,2010-11-01,588738.0,outcome,tourism,persons
Visitor Arrivals,2010-12-01,586688.0,outcome,tourism,persons
Visitor Arrivals,2011-01-01,602840.0,outcome,tourism,persons
Visitor Arrivals,2011-02-01,607434.0,outcome,tourism,persons
Visitor Arrivals,2011-03-01,578388.0,outcome,tourism,persons
Visitor Arrivals,2011-04-01,591828.0,outcome,tourism,persons
Visitor Arrivals,2011-05-01,576241.0,outcome,tourism,persons
Visitor Arrivals,2011-06-01,576188.0,outcome,tourism,persons
Visitor Arrivals,2011-07-01,586625.0,outcome,tourism,persons
Visitor Arrivals,2011-08-01,592347.0,outcome,tourism,persons
Visitor Arrivals,2011-09-01,621961.0,outcome,tourism,persons
Visitor Arrivals,2011-10-01,610382.0,outcome,tourism,persons
Visitor Arrivals,2011-11-01,610433.0,outcome,tourism,persons
Visitor Arrivals,2011-12-01,628193.0,outcome,tourism,persons
Visitor Arrivals,2012-01-01,647529.0,outcome,tourism,persons
Visitor Arrivals,2012-02-01,640489.0,outcome,tourism,persons
Visitor Arrivals,2012-03-01,646336.0,outcome,tourism,persons
Visitor Arrivals,2012-04-01,643608.0,outcome,tourism,persons
Visitor Arrivals,2012-05-01,644820.0,outcome,tourism,persons
Visitor Arrivals,2012-06-01,642316.0,outcome,tourism,persons
Visitor Arrivals,2012-07-01,638463.0,outcome,tourism,persons
Visitor Arrivals,2012-08-01,666619.0,outcome,tourism,persons
Visitor Arrivals,2012-09-01,664067.0,outcome,tourism,persons
Visitor Arrivals,2012-10-01,665842.0,outcome,tourism,persons
Visitor Arrivals,2012-11-01,692786.0,outcome,tourism,persons
Visitor Arrivals,2012-12-01,678940.0,outcome,tourism,persons
Visitor Arrivals,2013-01-01,664082.0,outcome,tourism,persons
Visitor Arrivals,2013-02-01,672934.0,outcome,tourism,persons
Visitor Arrivals,2013-03-01,684147.0,outcome,tourism,persons
Visitor Arrivals,2013-04-01,658635.0,outcome,tourism,persons
Visitor Arrivals,2013-05-01,661998.0,outcome,tourism,persons
Visitor Arrivals,2013-06-01,669083.0,outcome,tourism,persons
Visitor Arrivals,2013-07-01,663069.0,outcome,tourism,persons
Visitor Arrivals,2013-08-01,680312.0,outcome,tourism,persons
Visitor Arrivals,2013-09-01,663060.0,outcome,tourism,persons
Visitor Arrivals,2013-10-01,663655.0,outcome,tourism,persons
Visitor Arrivals,2013-11-01,664839.0,outcome,tourism,persons
Visitor Arrivals,2013-12-01,655978.0,outcome,tourism,persons
Visitor Arrivals,2014-01-01,686113.0,outcome,tourism,persons
Visitor Arrivals,2014-02-01,671836.0,outcome,tourism,persons
Visitor Arrivals,2014-03-01,671256.0,outcome,tourism,persons
Visitor Arrivals,2014-04-01,672879.0,outcome,tourism,persons
Visitor Arrivals,2014-05-01,669858.0,outcome,tourism,persons
Visitor Arrivals,2014-06-01,676961.0,outcome,tourism,persons
Visitor Arrivals,2014-07-01,680169.0,outcome,tourism,persons
Visitor Arrivals,2014-08-01,683310.0,outcome,tourism,persons
Visitor Arrivals,2014-09-01,694003.0,outcome,tourism,persons
Visitor Arrivals,2014-10-01,702453.0,outcome,tourism,persons
Visitor Arrivals,2014-11-01,688097.0,outcome,tourism,persons
Visitor Arrivals,2014-12-01,701008.0,outcome,tourism,persons
Visitor Arrivals,2015-01-01,692012.0,outcome,tourism,persons
Visitor Arrivals,2015-02-01,693387.0,outcome,tourism,persons
Visitor Arrivals,2015-03-01,713395.0,outcome,tourism,persons
Visitor Arrivals,2015-04-01,696619.0,outcome,tourism,persons
Visitor Arrivals,2015-05-01,725879.0,outcome,tourism,persons
Visitor Arrivals,2015-06-01,722234.0,outcome,tourism,persons
Visitor Arrivals,2015-07-01,715504.0,outcome,tourism,persons
Visitor Arrivals,2015-08-01,709640.0,outcome,tourism,persons
Visitor Arrivals,2015-09-01,710844.0,outcome,tourism,persons
Visitor Arrivals,2015-10-01,725528.0,outcome,tourism,persons
Visitor Arrivals,2015-11-01,719333.0,outcome,tourism,persons
Visitor Arrivals,2015-12-01,734573.0,outcome,tourism,persons
Visitor Arrivals,2016-01-01,729294.0,outcome,tourism,persons
Visitor Arrivals,2016-02-01,729142.0,outcome,tourism,persons
Visitor Arrivals,2016-03-01,720445.0,outcome,tourism,persons
Visitor Arrivals,2016-04-01,703966.0,outcome,tourism,persons
Visitor Arrivals,2016-05-01,729959.0,outcome,tourism,persons
Visitor Arrivals,2016-06-01,738572.0,outcome,tourism,persons
Visitor Arrivals,2016-07-01,728589.0,outcome,tourism,persons
Visitor Arrivals,2016-08-01,732076.0,outcome,tourism,persons
Visitor Arrivals,2016-09-01,751915.0,outcome,tourism,persons
Visitor Arrivals,2016-10-01,753948.0,outcome,tourism,persons
Visitor Arrivals,2016-11-01,748652.0,outcome,tourism,persons
Visitor Arrivals,2016-12-01,758335.0,outcome,tourism,persons
Visitor Arrivals,2017-01-01,760801.0,outcome,tourism,persons
Visitor Arrivals,2017-02-01,740323.0,outcome,tourism,persons
Visitor Arrivals,2017-03-01,739000.0,outcome,tourism,persons
Visitor Arrivals,2017-04-01,766327.0,outcome,tourism,persons
Visitor Arrivals,2017-05-01,761279.0,outcome,tourism,persons
Visitor Arrivals,2017-06-01,770237.0,outcome,tourism,persons
Visitor Arrivals,2017-07-01,778591.0,outcome,tourism,persons
Visitor Arrivals,2017-08-01,775807.0,outcome,tourism,persons
Visitor Arrivals,2017-09-01,793498.0,outcome,tourism,persons
Visitor Arrivals,2017-10-01,786489.0,outcome,tourism,persons
Visitor Arrivals,2017-11-01,805564.0,outcome,tourism,persons
Visitor Arrivals,2017-12-01,804048.0,outcome,tourism,persons
Visitor Arrivals,2018-01-01,805608.0,outcome,tourism,persons
Visitor Arrivals,2018-02-01,812556.0,outcome,tourism,persons
Visitor Arrivals,2018-03-01,815484.0,outcome,tourism,persons
Visitor Arrivals,2018-04-01,797207.0,outcome,tourism,persons
Visitor Arrivals,2018-05-01,808040.0,outcome,tourism,persons
Visitor Arrivals,2018-06-01,817638.0,outcome,tourism,persons
Visitor Arrivals,2018-07-01,812783.0,outcome,tourism,persons
Visitor Arrivals,2018-08-01,805879.0,outcome,tourism,persons
Visitor Arrivals,2018-09-01,816320.0,outcome,tourism,persons
Visitor Arrivals,2018-10-01,815658.0,outcome,tourism,persons
Visitor Arrivals,2018-11-01,836159.0,outcome,tourism,persons
Visitor Arrivals,2018-12-01,819556.0,outcome,tourism,persons
Visitor Arrivals,2019-01-01,832578.0,outcome,tourism,persons
Visitor Arrivals,2019-02-01,815622.0,outcome,tourism,persons
Visitor Arrivals,2019-03-01,843516.0,outcome,tourism,persons
Visitor Arrivals,2019-04-01,835964.0,outcome,tourism,persons
Visitor Arrivals,2019-05-01,852512.0,outcome,tourism,persons
Visitor Arrivals,2019-06-01,867233.0,outcome,tourism,persons
Visitor Arrivals,2019-07-01,863044.0,outcome,tourism,persons
Visitor Arrivals,2019-08-01,889575.0,outcome,tourism,persons
Visitor Arrivals,2019-09-01,833623.0,outcome,tourism,persons
Visitor Arrivals,2019-10-01,857588.0,outcome,tourism,persons
Visitor Arrivals,2019-11-01,866780.0,outcome,tourism,persons
Visitor Arrivals,2019-12-01,873966.0,outcome,tourism,persons
Visitor Arrivals,2020-01-01,878304.0,outcome,tourism,persons
Visitor Arrivals,2020-02-01,861512.0,outcome,tourism,persons
Visitor Arrivals,2020-03-01,393385.0,outcome,tourism,persons
Visitor Arrivals,2020-04-01,5001.0,outcome,tourism,persons
Visitor Arrivals,2020-05-01,10171.0,outcome,tourism,persons
Visitor Arrivals,2020-06-01,16239.0,outcome,tourism,persons
Visitor Arrivals,2020-07-01,19532.0,outcome,tourism,persons
Visitor Arrivals,2020-08-01,22600.0,outcome,tourism,persons
Visitor Arrivals,2020-09-01,21433.0,outcome,tourism,persons
Visitor Arrivals,2020-10-01,85133.0,outcome,tourism,persons
Visitor Arrivals,2020-11-01,201545.0,outcome,tourism,persons
Visitor Arrivals,2020-12-01,219977.0,outcome,tourism,persons
Visitor Arrivals,2021-01-01,179306.0,outcome,tourism,persons
Visitor Arrivals,2021-02-01,250154.0,outcome,tourism,persons
Visitor Arrivals,2021-03-01,401693.0,outcome,tourism,persons
Visitor Arrivals,2021-04-01,481431.0,outcome,tourism,persons
Visitor Arrivals,2021-05-01,637448.0,outcome,tourism,persons
Visitor Arrivals,2021-06-01,724324.0,outcome,tourism,persons
Visitor Arrivals,2021-07-01,759626.0,outcome,tourism,persons
Visitor Arrivals,2021-08-01,704556.0,outcome,tourism,persons
Visitor Arrivals,2021-09-01,588829.0,outcome,tourism,persons
Visitor Arrivals,2021-10-01,612785.0,outcome,tourism,persons
Visitor Arrivals,2021-11-01,674013.0,outcome,tourism,persons
Visitor Arrivals,2021-12-01,700521.0,outcome,tourism,persons
Visitor Arrivals,2022-01-01,592965.0,outcome,tourism,persons
Visitor Arrivals,2022-02-01,652702.0,outcome,tourism,persons
Visitor Arrivals,2022-03-01,717744.0,outcome,tourism,persons
Visitor Arrivals,2022-04-01,800929.0,outcome,tourism,persons
Visitor Arrivals,2022-05-01,781811.0,outcome,tourism,persons
Visitor Arrivals,2022-06-01,768773.0,outcome,tourism,persons
Visitor Arrivals,2022-07-01,793541.0,outcome,tourism,persons
Visitor Arrivals,2022-08-01,811362.0,outcome,tourism,persons
Visitor Arrivals,2022-09-01,809178.0,outcome,tourism,persons
Visitor Arrivals,2022-10-01,807856.0,outcome,tourism,persons
Visitor Arrivals,2022-11-01,787668.0,outcome,tourism,persons
Visitor Arrivals,2022-12-01,797360.0,outcome,tourism,persons
Visitor Arrivals,2023-01-01,811588.0,outcome,tourism,persons
Visitor Arrivals,2023-02-01,782035.0,outcome,tourism,persons
Visitor Arrivals,2023-03-01,810531.0,outcome,tourism,persons
Visitor Arrivals,2023-04-01,801430.0,outcome,tourism,persons
Visitor Arrivals,2023-05-01,800138.0,outcome,tourism,persons
Visitor Arrivals,2023-06-01,809153.0,outcome,tourism,persons
Visitor Arrivals,2023-07-01,805693.0,outcome,tourism,persons
Visitor Arrivals,2023-08-01,750878.0,outcome,tourism,persons
Visitor Arrivals,2023-09-01,758856.0,outcome,tourism,persons
Visitor Arrivals,2023-10-01,775320.0,outcome,tourism,persons
Visitor Arrivals,2023-11-01,787081.0,outcome,tourism,persons
Visitor Arrivals,2023-12-01,784760.0,outcome,tourism,persons
Visitor Arrivals,2024-01-01,768561.0,outcome,tourism,persons
Visitor Arrivals,2024-02-01,794289.0,outcome,tourism,persons
Visitor Arrivals,2024-03-01,784717.0,outcome,tourism,persons
Visitor Arrivals,2024-04-01,736048.0,outcome,tourism,persons
Visitor Arrivals,2024-05-01,779270.0,outcome,tourism,persons
Visitor Arrivals,2024-06-01,794823.0,outcome,tourism,persons
Visitor Arrivals,2024-07-01,794178.0,outcome,tourism,persons
Visitor Arrivals,2024-08-01,810903.0,outcome,tourism,persons
Visitor Arrivals,2024-09-01,807661.0,outcome,tourism,persons
Visitor Arrivals,2024-10-01,811938.0,outcome,tourism,persons
Visitor Arrivals,2024-11-01,821895.0,outcome,tourism,persons
Visitor Arrivals,2024-12-01,822215.0,outcome,tourism,persons
Visitor Arrivals,2025-01-01,807757.0,outcome,tourism,persons
Visitor Arrivals,2025-02-01,786853.0,outcome,tourism,persons
Visitor Arrivals,2025-03-01,807685.0,outcome,tourism,persons
Visitor Arrivals,2025-04-01,809143.0,outcome,tourism,persons
Visitor Arrivals,2025-05-01,779273.0,outcome,tourism,persons
Visitor Arrivals,2025-06-01,782652.0,outcome,tourism,persons
Visitor Arrivals,2025-07-01,760952.0,outcome,tourism,persons
Visitor Arrivals,2025-08-01,789722.0,outcome,tourism,persons
Visitor Arrivals,2025-09-01,789748.0,outcome,tourism,persons
Visitor Arrivals,2025-10-01,800964.0,outcome,tourism,persons
Visitor Arrivals,2025-11-01,791343.0,outcome,tourism,persons
Visitor Arrivals,2025-12-01,786104.0,outcome,tourism,persons
Visitor Arrivals,2026-01-01,896791.0,outcome,tourism,persons
Visitor Arrivals,2026-02-01,808460.0,outcome,tourism,persons
Visitor Arrivals,2026-03-01,789277.0,outcome,tourism,persons
Visitor Arrivals,2026-04-01,799810.0,outcome,tourism,persons
Visitor Arrivals,2026-05-01,808623.0,outcome,tourism,persons
Visitor Days,1990-01-01,4803422.0,outcome,tourism,days
Visitor Days,1990-02-01,4696874.0,outcome,tourism,days
Visitor Days,1990-03-01,4780957.0,outcome,tourism,days
Visitor Days,1990-04-01,4795419.0,outcome,tourism,days
Visitor Days,1990-05-01,4689487.0,outcome,tourism,days
Visitor Days,1990-06-01,4784467.0,outcome,tourism,days
Visitor Days,1990-07-01,4748013.0,outcome,tourism,days
Visitor Days,1990-08-01,4758239.0,outcome,tourism,days
Visitor Days,1990-09-01,4530615.0,outcome,tourism,days
Visitor Days,1990-10-01,4619378.0,outcome,tourism,days
Visitor Days,1990-11-01,4656259.0,outcome,tourism,days
Visitor Days,1990-12-01,4608506.0,outcome,tourism,days
Visitor Days,1991-01-01,4461484.0,outcome,tourism,days
Visitor Days,1991-02-01,3616430.0,outcome,tourism,days
Visitor Days,1991-03-01,4320427.0,outcome,tourism,days
Visitor Days,1991-04-01,4503301.0,outcome,tourism,days
Visitor Days,1991-05-01,4595077.0,outcome,tourism,days
Visitor Days,1991-06-01,4640768.0,outcome,tourism,days
Visitor Days,1991-07-01,4722260.0,outcome,tourism,days
Visitor Days,1991-08-01,4701758.0,outcome,tourism,days
Visitor Days,1991-09-01,4747741.0,outcome,tourism,days
Visitor Days,1991-10-01,4479271.0,outcome,tourism,days
Visitor Days,1991-11-01,4467176.0,outcome,tourism,days
Visitor Days,1991-12-01,4591628.0,outcome,tourism,days
Visitor Days,1992-01-01,4726009.0,outcome,tourism,days
Visitor Days,1992-02-01,4768927.0,outcome,tourism,days
Visitor Days,1992-03-01,4570154.0,outcome,tourism,days
Visitor Days,1992-04-01,4686421.0,outcome,tourism,days
Visitor Days,1992-05-01,4700432.0,outcome,tourism,days
Visitor Days,1992-06-01,4662734.0,outcome,tourism,days
Visitor Days,1992-07-01,4503138.0,outcome,tourism,days
Visitor Days,1992-08-01,4506668.0,outcome,tourism,days
Visitor Days,1992-09-01,4748307.0,outcome,tourism,days
Visitor Days,1992-10-01,4754305.0,outcome,tourism,days
Visitor Days,1992-11-01,4756561.0,outcome,tourism,days
Visitor Days,1992-12-01,4594443.0,outcome,tourism,days
Visitor Days,1993-01-01,4702918.0,outcome,tourism,days
Visitor Days,1993-02-01,4481879.0,outcome,tourism,days
Visitor Days,1993-03-01,4605086.0,outcome,tourism,days
Visitor Days,1993-04-01,4538055.0,outcome,tourism,days
Visitor Days,1993-05-01,4592239.0,outcome,tourism,days
Visitor Days,1993-06-01,4309288.0,outcome,tourism,days
Visitor Days,1993-07-01,4426882.0,outcome,tourism,days
Visitor Days,1993-08-01,4417006.0,outcome,tourism,days
Visitor Days,1993-09-01,4420051.0,outcome,tourism,days
Visitor Days,1993-10-01,4622718.0,outcome,tourism,days
Visitor Days,1993-11-01,4483405.0,outcome,tourism,days
Visitor Days,1993-12-01,4484747.0,outcome,tourism,days
Visitor Days,1994-01-01,4481179.0,outcome,tourism,days
Visitor Days,1994-02-01,4809852.0,outcome,tourism,days
Visitor Days,1994-03-01,4968699.0,outcome,tourism,days
Visitor Days,1994-04-01,4754872.0,outcome,tourism,days
Visitor Days,1994-05-01,4653456.0,outcome,tourism,days
Visitor Days,1994-06-01,4719738.0,outcome,tourism,days
Visitor Days,1994-07-01,4722823.0,outcome,tourism,days
Visitor Days,1994-08-01,4821794.0,outcome,tourism,days
Visitor Days,1994-09-01,4756441.0,outcome,tourism,days
Visitor Days,1994-10-01,4747629.0,outcome,tourism,days
Visitor Days,1994-11-01,4938472.0,outcome,tourism,days
Visitor Days,1994-12-01,4894031.0,outcome,tourism,days
Visitor Days,1995-01-01,4710761.0,outcome,tourism,days
Visitor Days,1995-02-01,4588644.0,outcome,tourism,days
Visitor Days,1995-03-01,4732205.0,outcome,tourism,days
Visitor Days,1995-04-01,4744222.0,outcome,tourism,days
Visitor Days,1995-05-01,4791537.0,outcome,tourism,days
Visitor Days,1995-06-01,4808432.0,outcome,tourism,days
Visitor Days,1995-07-01,4853919.0,outcome,tourism,days
Visitor Days,1995-08-01,4858345.0,outcome,tourism,days
Visitor Days,1995-09-01,4824915.0,outcome,tourism,days
Visitor Days,1995-10-01,4884300.0,outcome,tourism,days
Visitor Days,1995-11-01,4862527.0,outcome,tourism,days
Visitor Days,1995-12-01,4871952.0,outcome,tourism,days
Visitor Days,1996-01-01,4725340.0,outcome,tourism,days
Visitor Days,1996-02-01,5062928.0,outcome,tourism,days
Visitor Days,1996-03-01,4838796.0,outcome,tourism,days
Visitor Days,1996-04-01,4825086.0,outcome,tourism,days
Visitor Days,1996-05-01,4975034.0,outcome,tourism,days
Visitor Days,1996-06-01,5005952.0,outcome,tourism,days
Visitor Days,1996-07-01,4818370.0,outcome,tourism,days
Visitor Days,1996-08-01,4913021.0,outcome,tourism,days
Visitor Days,1996-09-01,4880579.0,outcome,tourism,days
Visitor Days,1996-10-01,4704825.0,outcome,tourism,days
Visitor Days,1996-11-01,4744847.0,outcome,tourism,days
Visitor Days,1996-12-01,4625512.0,outcome,tourism,days
Visitor Days,1997-01-01,4481540.0,outcome,tourism,days
Visitor Days,1997-02-01,4673690.0,outcome,tourism,days
Visitor Days,1997-03-01,4943241.0,outcome,tourism,days
Visitor Days,1997-04-01,4889368.0,outcome,tourism,days
Visitor Days,1997-05-01,4850908.0,outcome,tourism,days
Visitor Days,1997-06-01,4710756.0,outcome,tourism,days
Visitor Days,1997-07-01,4740583.0,outcome,tourism,days
Visitor Days,1997-08-01,4822335.0,outcome,tourism,days
Visitor Days,1997-09-01,5047225.0,outcome,tourism,days
Visitor Days,1997-10-01,4933846.0,outcome,tourism,days
Visitor Days,1997-11-01,4884047.0,outcome,tourism,days
Visitor Days,1997-12-01,4640842.0,outcome,tourism,days
Visitor Days,1998-01-01,5126563.0,outcome,tourism,days
Visitor Days,1998-02-01,4853151.0,outcome,tourism,days
Visitor Days,1998-03-01,4707510.0,outcome,tourism,days
Visitor Days,1998-04-01,4848685.0,outcome,tourism,days
Visitor Days,1998-05-01,4678595.0,outcome,tourism,days
Visitor Days,1998-06-01,4705094.0,outcome,tourism,days
Visitor Days,1998-07-01,4727395.0,outcome,tourism,days
Visitor Days,1998-08-01,4692526.0,outcome,tourism,days
Visitor Days,1998-09-01,4626077.0,outcome,tourism,days
Visitor Days,1998-10-01,4668920.0,outcome,tourism,days
Visitor Days,1998-11-01,4794699.0,outcome,tourism,days
Visitor Days,1998-12-01,5123150.0,outcome,tourism,days
Visitor Days,1999-01-01,5199079.0,outcome,tourism,days
Visitor Days,1999-02-01,5003058.0,outcome,tourism,days
Visitor Days,1999-03-01,4904309.0,outcome,tourism,days
Visitor Days,1999-04-01,4768114.0,outcome,tourism,days
Visitor Days,1999-05-01,4847824.0,outcome,tourism,days
Visitor Days,1999-06-01,4918651.0,outcome,tourism,days
Visitor Days,1999-07-01,5089938.0,outcome,tourism,days
Visitor Days,1999-08-01,4942805.0,outcome,tourism,days
Visitor Days,1999-09-01,5006605.0,outcome,tourism,days
Visitor Days,1999-10-01,5277233.0,outcome,tourism,days
Visitor Days,1999-11-01,5085737.0,outcome,tourism,days
Visitor Days,1999-12-01,4998920.0,outcome,tourism,days
Visitor Days,2000-01-01,4972571.0,outcome,tourism,days
Visitor Days,2000-02-01,5235835.0,outcome,tourism,days
Visitor Days,2000-03-01,5226203.0,outcome,tourism,days
Visitor Days,2000-04-01,5288692.0,outcome,tourism,days
Visitor Days,2000-05-01,5226524.0,outcome,tourism,days
Visitor Days,2000-06-01,5240855.0,outcome,tourism,days
Visitor Days,2000-07-01,5129141.0,outcome,tourism,days
Visitor Days,2000-08-01,4972610.0,outcome,tourism,days
Visitor Days,2000-09-01,5034724.0,outcome,tourism,days
Visitor Days,2000-10-01,5132714.0,outcome,tourism,days
Visitor Days,2000-11-01,5106576.0,outcome,tourism,days
Visitor Days,2000-12-01,5155216.0,outcome,tourism,days
Visitor Days,2001-01-01,5248966.0,outcome,tourism,days
Visitor Days,2001-02-01,5018586.0,outcome,tourism,days
Visitor Days,2001-03-01,5158582.0,outcome,tourism,days
Visitor Days,2001-04-01,5185605.0,outcome,tourism,days
Visitor Days,2001-05-01,4983096.0,outcome,tourism,days
Visitor Days,2001-06-01,5107222.0,outcome,tourism,days
Visitor Days,2001-07-01,5120806.0,outcome,tourism,days
Visitor Days,2001-08-01,5117540.0,outcome,tourism,days
Visitor Days,2001-09-01,3743238.0,outcome,tourism,days
Visitor Days,2001-10-01,3908267.0,outcome,tourism,days
Visitor Days,2001-11-01,4233415.0,outcome,tourism,days
Visitor Days,2001-12-01,4506605.0,outcome,tourism,days
Visitor Days,2002-01-01,4631310.0,outcome,tourism,days
Visitor Days,2002-02-01,4815455.0,outcome,tourism,days
Visitor Days,2002-03-01,4857544.0,outcome,tourism,days
Visitor Days,2002-04-01,4710955.0,outcome,tourism,days
Visitor Days,2002-05-01,5042423.0,outcome,tourism,days
Visitor Days,2002-06-01,5106811.0,outcome,tourism,days
Visitor Days,2002-07-01,4983041.0,outcome,tourism,days
Visitor Days,2002-08-01,5160025.0,outcome,tourism,days
Visitor Days,2002-09-01,5209484.0,outcome,tourism,days
Visitor Days,2002-10-01,5123648.0,outcome,tourism,days
Visitor Days,2002-11-01,5194449.0,outcome,tourism,days
Visitor Days,2002-12-01,5116183.0,outcome,tourism,days
Visitor Days,2003-01-01,4911429.0,outcome,tourism,days
Visitor Days,2003-02-01,4813648.0,outcome,tourism,days
Visitor Days,2003-03-01,4691791.0,outcome,tourism,days
Visitor Days,2003-04-01,4883747.0,outcome,tourism,days
Visitor Days,2003-05-01,4795965.0,outcome,tourism,days
Visitor Days,2003-06-01,4822757.0,outcome,tourism,days
Visitor Days,2003-07-01,4962898.0,outcome,tourism,days
Visitor Days,2003-08-01,5124156.0,outcome,tourism,days
Visitor Days,2003-09-01,4752422.0,outcome,tourism,days
Visitor Days,2003-10-01,4922410.0,outcome,tourism,days
Visitor Days,2003-11-01,4950623.0,outcome,tourism,days
Visitor Days,2003-12-01,5070778.0,outcome,tourism,days
Visitor Days,2004-01-01,5032361.0,outcome,tourism,days
Visitor Days,2004-02-01,5156410.0,outcome,tourism,days
Visitor Days,2004-03-01,5024222.0,outcome,tourism,days
Visitor Days,2004-04-01,5276195.0,outcome,tourism,days
Visitor Days,2004-05-01,5302125.0,outcome,tourism,days
Visitor Days,2004-06-01,5224471.0,outcome,tourism,days
Visitor Days,2004-07-01,5309903.0,outcome,tourism,days
Visitor Days,2004-08-01,5181743.0,outcome,tourism,days
Visitor Days,2004-09-01,5297995.0,outcome,tourism,days
Visitor Days,2004-10-01,5329494.0,outcome,tourism,days
Visitor Days,2004-11-01,5264540.0,outcome,tourism,days
Visitor Days,2004-12-01,5356152.0,outcome,tourism,days
Visitor Days,2005-01-01,5516782.0,outcome,tourism,days
Visitor Days,2005-02-01,5478738.0,outcome,tourism,days
Visitor Days,2005-03-01,5752687.0,outcome,tourism,days
Visitor Days,2005-04-01,5333489.0,outcome,tourism,days
Visitor Days,2005-05-01,5517722.0,outcome,tourism,days
Visitor Days,2005-06-01,5651450.0,outcome,tourism,days
Visitor Days,2005-07-01,5822550.0,outcome,tourism,days
Visitor Days,2005-08-01,5694250.0,outcome,tourism,days
Visitor Days,2005-09-01,5649192.0,outcome,tourism,days
Visitor Days,2005-10-01,5809286.0,outcome,tourism,days
Visitor Days,2005-11-01,5624732.0,outcome,tourism,days
Visitor Days,2005-12-01,5654398.0,outcome,tourism,days
Visitor Days,2006-01-01,5786145.0,outcome,tourism,days
Visitor Days,2006-02-01,5739485.0,outcome,tourism,days
Visitor Days,2006-03-01,5776685.0,outcome,tourism,days
Visitor Days,2006-04-01,5695644.0,outcome,tourism,days
Visitor Days,2006-05-01,5711660.0,outcome,tourism,days
Visitor Days,2006-06-01,5794781.0,outcome,tourism,days
Visitor Days,2006-07-01,5781589.0,outcome,tourism,days
Visitor Days,2006-08-01,5656653.0,outcome,tourism,days
Visitor Days,2006-09-01,5858775.0,outcome,tourism,days
Visitor Days,2006-10-01,5690694.0,outcome,tourism,days
Visitor Days,2006-11-01,5809965.0,outcome,tourism,days
Visitor Days,2006-12-01,5748431.0,outcome,tourism,days
Visitor Days,2007-01-01,5527604.0,outcome,tourism,days
Visitor Days,2007-02-01,5606825.0,outcome,tourism,days
Visitor Days,2007-03-01,5718667.0,outcome,tourism,days
Visitor Days,2007-04-01,5953068.0,outcome,tourism,days
Visitor Days,2007-05-01,5771454.0,outcome,tourism,days
Visitor Days,2007-06-01,5842511.0,outcome,tourism,days
Visitor Days,2007-07-01,5674974.0,outcome,tourism,days
Visitor Days,2007-08-01,5946300.0,outcome,tourism,days
Visitor Days,2007-09-01,5761569.0,outcome,tourism,days
Visitor Days,2007-10-01,5679631.0,outcome,tourism,days
Visitor Days,2007-11-01,5749574.0,outcome,tourism,days
Visitor Days,2007-12-01,5865796.0,outcome,tourism,days
Visitor Days,2008-01-01,5660727.0,outcome,tourism,days
Visitor Days,2008-02-01,5770964.0,outcome,tourism,days
Visitor Days,2008-03-01,5728627.0,outcome,tourism,days
Visitor Days,2008-04-01,5262043.0,outcome,tourism,days
Visitor Days,2008-05-01,5344987.0,outcome,tourism,days
Visitor Days,2008-06-01,5212061.0,outcome,tourism,days
Visitor Days,2008-07-01,5027654.0,outcome,tourism,days
Visitor Days,2008-08-01,5069478.0,outcome,tourism,days
Visitor Days,2008-09-01,4896444.0,outcome,tourism,days
Visitor Days,2008-10-01,5079655.0,outcome,tourism,days
Visitor Days,2008-11-01,5076798.0,outcome,tourism,days
Visitor Days,2008-12-01,4956957.0,outcome,tourism,days
Visitor Days,2009-01-01,5009647.0,outcome,tourism,days
Visitor Days,2009-02-01,4967784.0,outcome,tourism,days
Visitor Days,2009-03-01,4747191.0,outcome,tourism,days
Visitor Days,2009-04-01,5204766.0,outcome,tourism,days
Visitor Days,2009-05-01,5030331.0,outcome,tourism,days
Visitor Days,2009-06-01,5069266.0,outcome,tourism,days
Visitor Days,2009-07-01,5082156.0,outcome,tourism,days
Visitor Days,2009-08-01,5040288.0,outcome,tourism,days
Visitor Days,2009-09-01,5074664.0,outcome,tourism,days
Visitor Days,2009-10-01,4943106.0,outcome,tourism,days
Visitor Days,2009-11-01,4957008.0,outcome,tourism,days
Visitor Days,2009-12-01,5079701.0,outcome,tourism,days
Visitor Days,2010-01-01,5106199.0,outcome,tourism,days
Visitor Days,2010-02-01,5085438.0,outcome,tourism,days
Visitor Days,2010-03-01,5187167.0,outcome,tourism,days
Visitor Days,2010-04-01,5215539.0,outcome,tourism,days
Visitor Days,2010-05-01,5477528.0,outcome,tourism,days
Visitor Days,2010-06-01,5362977.0,outcome,tourism,days
Visitor Days,2010-07-01,5639074.0,outcome,tourism,days
Visitor Days,2010-08-01,5563465.0,outcome,tourism,days
Visitor Days,2010-09-01,5550856.0,outcome,tourism,days
Visitor Days,2010-10-01,5663553.0,outcome,tourism,days
Visitor Days,2010-11-01,5580461.0,outcome,tourism,days
Visitor Days,2010-12-01,5494916.0,outcome,tourism,days
Visitor Days,2011-01-01,5688545.0,outcome,tourism,days
Visitor Days,2011-02-01,5718978.0,outcome,tourism,days
Visitor Days,2011-03-01,5559922.0,outcome,tourism,days
Visitor Days,2011-04-01,5601844.0,outcome,tourism,days
Visitor Days,2011-05-01,5438221.0,outcome,tourism,days
Visitor Days,2011-06-01,5482713.0,outcome,tourism,days
Visitor Days,2011-07-01,5506951.0,outcome,tourism,days
Visitor Days,2011-08-01,5549434.0,outcome,tourism,days
Visitor Days,2011-09-01,5811698.0,outcome,tourism,days
Visitor Days,2011-10-01,5747170.0,outcome,tourism,days
Visitor Days,2011-11-01,5745836.0,outcome,tourism,days
Visitor Days,2011-12-01,5960114.0,outcome,tourism,days
Visitor Days,2012-01-01,6104863.0,outcome,tourism,days
Visitor Days,2012-02-01,6054707.0,outcome,tourism,days
Visitor Days,2012-03-01,6108566.0,outcome,tourism,days
Visitor Days,2012-04-01,6080146.0,outcome,tourism,days
Visitor Days,2012-05-01,6077182.0,outcome,tourism,days
Visitor Days,2012-06-01,5981977.0,outcome,tourism,days
Visitor Days,2012-07-01,6018166.0,outcome,tourism,days
Visitor Days,2012-08-01,6121871.0,outcome,tourism,days
Visitor Days,2012-09-01,6187325.0,outcome,tourism,days
Visitor Days,2012-10-01,6174326.0,outcome,tourism,days
Visitor Days,2012-11-01,6393804.0,outcome,tourism,days
Visitor Days,2012-12-01,6305582.0,outcome,tourism,days
Visitor Days,2013-01-01,6090150.0,outcome,tourism,days
Visitor Days,2013-02-01,6154255.0,outcome,tourism,days
Visitor Days,2013-03-01,6317893.0,outcome,tourism,days
Visitor Days,2013-04-01,6123388.0,outcome,tourism,days
Visitor Days,2013-05-01,6097952.0,outcome,tourism,days
Visitor Days,2013-06-01,6178758.0,outcome,tourism,days
Visitor Days,2013-07-01,6189313.0,outcome,tourism,days
Visitor Days,2013-08-01,6287979.0,outcome,tourism,days
Visitor Days,2013-09-01,6201250.0,outcome,tourism,days
Visitor Days,2013-10-01,6146327.0,outcome,tourism,days
Visitor Days,2013-11-01,6127226.0,outcome,tourism,days
Visitor Days,2013-12-01,6070625.0,outcome,tourism,days
Visitor Days,2014-01-01,6311091.0,outcome,tourism,days
Visitor Days,2014-02-01,6182486.0,outcome,tourism,days
Visitor Days,2014-03-01,6179718.0,outcome,tourism,days
Visitor Days,2014-04-01,6237042.0,outcome,tourism,days
Visitor Days,2014-05-01,6197896.0,outcome,tourism,days
Visitor Days,2014-06-01,6214531.0,outcome,tourism,days
Visitor Days,2014-07-01,6186570.0,outcome,tourism,days
Visitor Days,2014-08-01,6238489.0,outcome,tourism,days
Visitor Days,2014-09-01,6315391.0,outcome,tourism,days
Visitor Days,2014-10-01,6389112.0,outcome,tourism,days
Visitor Days,2014-11-01,6307174.0,outcome,tourism,days
Visitor Days,2014-12-01,6436559.0,outcome,tourism,days
Visitor Days,2015-01-01,6383648.0,outcome,tourism,days
Visitor Days,2015-02-01,6386586.0,outcome,tourism,days
Visitor Days,2015-03-01,6524625.0,outcome,tourism,days
Visitor Days,2015-04-01,6385003.0,outcome,tourism,days
Visitor Days,2015-05-01,6565150.0,outcome,tourism,days
Visitor Days,2015-06-01,6550344.0,outcome,tourism,days
Visitor Days,2015-07-01,6540715.0,outcome,tourism,days
Visitor Days,2015-08-01,6488163.0,outcome,tourism,days
Visitor Days,2015-09-01,6382421.0,outcome,tourism,days
Visitor Days,2015-10-01,6567361.0,outcome,tourism,days
Visitor Days,2015-11-01,6540432.0,outcome,tourism,days
Visitor Days,2015-12-01,6642170.0,outcome,tourism,days
Visitor Days,2016-01-01,6598125.0,outcome,tourism,days
Visitor Days,2016-02-01,6588176.0,outcome,tourism,days
Visitor Days,2016-03-01,6556429.0,outcome,tourism,days
Visitor Days,2016-04-01,6395058.0,outcome,tourism,days
Visitor Days,2016-05-01,6567481.0,outcome,tourism,days
Visitor Days,2016-06-01,6640234.0,outcome,tourism,days
Visitor Days,2016-07-01,6559276.0,outcome,tourism,days
Visitor Days,2016-08-01,6633896.0,outcome,tourism,days
Visitor Days,2016-09-01,6806158.0,outcome,tourism,days
Visitor Days,2016-10-01,6776871.0,outcome,tourism,days
Visitor Days,2016-11-01,6693485.0,outcome,tourism,days
Visitor Days,2016-12-01,6802403.0,outcome,tourism,days
Visitor Days,2017-01-01,6854091.0,outcome,tourism,days
Visitor Days,2017-02-01,6762941.0,outcome,tourism,days
Visitor Days,2017-03-01,6743625.0,outcome,tourism,days
Visitor Days,2017-04-01,6977879.0,outcome,tourism,days
Visitor Days,2017-05-01,6921736.0,outcome,tourism,days
Visitor Days,2017-06-01,6862360.0,outcome,tourism,days
Visitor Days,2017-07-01,7005677.0,outcome,tourism,days
Visitor Days,2017-08-01,6944118.0,outcome,tourism,days
Visitor Days,2017-09-01,7044427.0,outcome,tourism,days
Visitor Days,2017-10-01,7127933.0,outcome,tourism,days
Visitor Days,2017-11-01,7158824.0,outcome,tourism,days
Visitor Days,2017-12-01,7184702.0,outcome,tourism,days
Visitor Days,2018-01-01,7191190.0,outcome,tourism,days
Visitor Days,2018-02-01,7390924.0,outcome,tourism,days
Visitor Days,2018-03-01,7354271.0,outcome,tourism,days
Visitor Days,2018-04-01,7191826.0,outcome,tourism,days
Visitor Days,2018-05-01,7307103.0,outcome,tourism,days
Visitor Days,2018-06-01,7374127.0,outcome,tourism,days
Visitor Days,2018-07-01,7289295.0,outcome,tourism,days
Visitor Days,2018-08-01,7208350.0,outcome,tourism,days
Visitor Days,2018-09-01,7389018.0,outcome,tourism,days
Visitor Days,2018-10-01,7252747.0,outcome,tourism,days
Visitor Days,2018-11-01,7429845.0,outcome,tourism,days
Visitor Days,2018-12-01,7287954.0,outcome,tourism,days
Visitor Days,2019-01-01,7342248.0,outcome,tourism,days
Visitor Days,2019-02-01,7229436.0,outcome,tourism,days
Visitor Days,2019-03-01,7385951.0,outcome,tourism,days
Visitor Days,2019-04-01,7293951.0,outcome,tourism,days
Visitor Days,2019-05-01,7509636.0,outcome,tourism,days
Visitor Days,2019-06-01,7488089.0,outcome,tourism,days
Visitor Days,2019-07-01,7577144.0,outcome,tourism,days
Visitor Days,2019-08-01,7756939.0,outcome,tourism,days
Visitor Days,2019-09-01,7356545.0,outcome,tourism,days
Visitor Days,2019-10-01,7476053.0,outcome,tourism,days
Visitor Days,2019-11-01,7371682.0,outcome,tourism,days
Visitor Days,2019-12-01,7740171.0,outcome,tourism,days
Visitor Days,2020-01-01,7565726.0,outcome,tourism,days
Visitor Days,2020-02-01,7543064.0,outcome,tourism,days
Visitor Days,2020-03-01,3743858.0,outcome,tourism,days
Visitor Days,2020-04-01,137503.0,outcome,tourism,days
Visitor Days,2020-05-01,301615.0,outcome,tourism,days
Visitor Days,2020-06-01,423148.0,outcome,tourism,days
Visitor Days,2020-07-01,483069.0,outcome,tourism,days
Visitor Days,2020-08-01,699122.0,outcome,tourism,days
Visitor Days,2020-09-01,742619.0,outcome,tourism,days
Visitor Days,2020-10-01,1391746.0,outcome,tourism,days
Visitor Days,2020-11-01,2534122.0,outcome,tourism,days
Visitor Days,2020-12-01,2606108.0,outcome,tourism,days
Visitor Days,2021-01-01,2306276.0,outcome,tourism,days
Visitor Days,2021-02-01,2695463.0,outcome,tourism,days
Visitor Days,2021-03-01,4073665.0,outcome,tourism,days
Visitor Days,2021-04-01,4689850.0,outcome,tourism,days
Visitor Days,2021-05-01,6270175.0,outcome,tourism,days
Visitor Days,2021-06-01,6841597.0,outcome,tourism,days
Visitor Days,2021-07-01,6977861.0,outcome,tourism,days
Visitor Days,2021-08-01,6596666.0,outcome,tourism,days
Visitor Days,2021-09-01,5607485.0,outcome,tourism,days
Visitor Days,2021-10-01,5826098.0,outcome,tourism,days
Visitor Days,2021-11-01,6358986.0,outcome,tourism,days
Visitor Days,2021-12-01,6782867.0,outcome,tourism,days
Visitor Days,2022-01-01,5735162.0,outcome,tourism,days
Visitor Days,2022-02-01,6137322.0,outcome,tourism,days
Visitor Days,2022-03-01,6692402.0,outcome,tourism,days
Visitor Days,2022-04-01,7269761.0,outcome,tourism,days
Visitor Days,2022-05-01,7275448.0,outcome,tourism,days
Visitor Days,2022-06-01,7106077.0,outcome,tourism,days
Visitor Days,2022-07-01,7341474.0,outcome,tourism,days
Visitor Days,2022-08-01,7580939.0,outcome,tourism,days
Visitor Days,2022-09-01,7553032.0,outcome,tourism,days
Visitor Days,2022-10-01,7578024.0,outcome,tourism,days
Visitor Days,2022-11-01,7250349.0,outcome,tourism,days
Visitor Days,2022-12-01,7281768.0,outcome,tourism,days
Visitor Days,2023-01-01,7366888.0,outcome,tourism,days
Visitor Days,2023-02-01,7160351.0,outcome,tourism,days
Visitor Days,2023-03-01,7380089.0,outcome,tourism,days
Visitor Days,2023-04-01,7286684.0,outcome,tourism,days
Visitor Days,2023-05-01,7284145.0,outcome,tourism,days
Visitor Days,2023-06-01,7205978.0,outcome,tourism,days
Visitor Days,2023-07-01,7229741.0,outcome,tourism,days
Visitor Days,2023-08-01,6756067.0,outcome,tourism,days
Visitor Days,2023-09-01,6849799.0,outcome,tourism,days
Visitor Days,2023-10-01,6930258.0,outcome,tourism,days
Visitor Days,2023-11-01,6983211.0,outcome,tourism,days
Visitor Days,2023-12-01,7026155.0,outcome,tourism,days
Visitor Days,2024-01-01,6741530.0,outcome,tourism,days
Visitor Days,2024-02-01,7013894.0,outcome,tourism,days
Visitor Days,2024-03-01,6956089.0,outcome,tourism,days
Visitor Days,2024-04-01,6531406.0,outcome,tourism,days
Visitor Days,2024-05-01,6987448.0,outcome,tourism,days
Visitor Days,2024-06-01,7029006.0,outcome,tourism,days
Visitor Days,2024-07-01,6964680.0,outcome,tourism,days
Visitor Days,2024-08-01,7058819.0,outcome,tourism,days
Visitor Days,2024-09-01,7041371.0,outcome,tourism,days
Visitor Days,2024-10-01,7125209.0,outcome,tourism,days
Visitor Days,2024-11-01,7017043.0,outcome,tourism,days
Visitor Days,2024-12-01,7199715.0,outcome,tourism,days
Visitor Days,2025-01-01,6849783.0,outcome,tourism,days
Visitor Days,2025-02-01,6956099.0,outcome,tourism,days
Visitor Days,2025-03-01,7098866.0,outcome,tourism,days
Visitor Days,2025-04-01,7198734.0,outcome,tourism,days
Visitor Days,2025-05-01,6992228.0,outcome,tourism,days
Visitor Days,2025-06-01,6866905.0,outcome,tourism,days
Visitor Days,2025-07-01,6716245.0,outcome,tourism,days
Visitor Days,2025-08-01,6945521.0,outcome,tourism,days
Visitor Days,2025-09-01,6863289.0,outcome,tourism,days
Visitor Days,2025-10-01,6852514.0,outcome,tourism,days
Visitor Days,2025-11-01,7028937.0,outcome,tourism,days
Visitor Days,2025-12-01,6728821.0,outcome,tourism,days
Visitor Days,2026-01-01,7244960.0,outcome,tourism,days
Visitor Days,2026-02-01,6980274.0,outcome,tourism,days
Visitor Days,2026-03-01,6732351.0,outcome,tourism,days
Visitor Days,2026-04-01,6630435.0,outcome,tourism,days
Visitor Days,2026-05-01,6557748.0,outcome,tourism,days
Florida,2004-06-01,13.200803212851406,donor,travel-demand,pct_yoy
Florida,2004-07-01,13.30642060745867,donor,travel-demand,pct_yoy
Florida,2004-08-01,13.56731475397163,donor,travel-demand,pct_yoy
Florida,2004-09-01,11.363445906310233,donor,travel-demand,pct_yoy
Florida,2004-10-01,13.37148195725797,donor,travel-demand,pct_yoy
Florida,2004-11-01,17.40988909426987,donor,travel-demand,pct_yoy
Florida,2004-12-01,16.857081267514552,donor,travel-demand,pct_yoy
Florida,2005-01-01,10.420787014935552,donor,travel-demand,pct_yoy
Florida,2005-02-01,7.149289920332526,donor,travel-demand,pct_yoy
Florida,2005-03-01,13.116102499209113,donor,travel-demand,pct_yoy
Florida,2005-04-01,12.171447631754504,donor,travel-demand,pct_yoy
Florida,2005-05-01,8.561183325862842,donor,travel-demand,pct_yoy
Florida,2005-06-01,8.791286763401567,donor,travel-demand,pct_yoy
Florida,2005-07-01,8.618642054901429,donor,travel-demand,pct_yoy
Florida,2005-08-01,7.481025152309316,donor,travel-demand,pct_yoy
Florida,2005-09-01,5.308902099480774,donor,travel-demand,pct_yoy
Florida,2005-10-01,5.9813212470814445,donor,travel-demand,pct_yoy
Florida,2005-11-01,3.981763914854538,donor,travel-demand,pct_yoy
Florida,2005-12-01,0.7040521429010638,donor,travel-demand,pct_yoy
Florida,2006-01-01,-0.4416033598912976,donor,travel-demand,pct_yoy
Florida,2006-02-01,-1.787676989720049,donor,travel-demand,pct_yoy
Florida,2006-03-01,-1.7731289853451169,donor,travel-demand,pct_yoy
Florida,2006-04-01,-0.3062832674180023,donor,travel-demand,pct_yoy
Florida,2006-05-01,-1.460966778885854,donor,travel-demand,pct_yoy
Florida,2006-06-01,-2.5957932496331324,donor,travel-demand,pct_yoy
Florida,2006-07-01,-3.4425666177251566,donor,travel-demand,pct_yoy
Florida,2006-08-01,-3.138161436397606,donor,travel-demand,pct_yoy
Florida,2006-09-01,-0.1643502804673264,donor,travel-demand,pct_yoy
Florida,2006-10-01,-3.1523359035832312,donor,travel-demand,pct_yoy
Florida,2006-11-01,-3.8355991546541337,donor,travel-demand,pct_yoy
Florida,2006-12-01,1.8317814074187149,donor,travel-demand,pct_yoy
Florida,2007-01-01,6.234684698656906,donor,travel-demand,pct_yoy
Florida,2007-02-01,5.677890787005036,donor,travel-demand,pct_yoy
Florida,2007-03-01,6.3265189909458455,donor,travel-demand,pct_yoy
Florida,2007-04-01,5.31826045457257,donor,travel-demand,pct_yoy
Florida,2007-05-01,7.258428414877844,donor,travel-demand,pct_yoy
Florida,2007-06-01,7.0072650574173885,donor,travel-demand,pct_yoy
Florida,2007-07-01,6.842667184315249,donor,travel-demand,pct_yoy
Florida,2007-08-01,6.561396626127894,donor,travel-demand,pct_yoy
Florida,2007-09-01,3.9079554808002,donor,travel-demand,pct_yoy
Florida,2007-10-01,3.6396480781453855,donor,travel-demand,pct_yoy
Florida,2007-11-01,5.274379243612031,donor,travel-demand,pct_yoy
Florida,2007-12-01,3.4267725978114227,donor,travel-demand,pct_yoy
Florida,2008-01-01,-0.9985693012934684,donor,travel-demand,pct_yoy
Florida,2008-02-01,3.2236965053261075,donor,travel-demand,pct_yoy
Florida,2008-03-01,1.6977292202227934,donor,travel-demand,pct_yoy
Florida,2008-04-01,-0.6570562746042086,donor,travel-demand,pct_yoy
Florida,2008-05-01,-0.1953242382354708,donor,travel-demand,pct_yoy
Florida,2008-06-01,0.1095050372317126,donor,travel-demand,pct_yoy
Florida,2008-07-01,-0.5904796511627907,donor,travel-demand,pct_yoy
Florida,2008-08-01,-2.199723884031293,donor,travel-demand,pct_yoy
Florida,2008-09-01,-8.338212502152574,donor,travel-demand,pct_yoy
Florida,2008-10-01,-8.30509021658436,donor,travel-demand,pct_yoy
Florida,2008-11-01,-6.530612244897959,donor,travel-demand,pct_yoy
Florida,2008-12-01,-7.154037915241464,donor,travel-demand,pct_yoy
Florida,2009-01-01,-7.541215678178547,donor,travel-demand,pct_yoy
Florida,2009-02-01,-10.563954014664615,donor,travel-demand,pct_yoy
Florida,2009-03-01,-8.202117015114013,donor,travel-demand,pct_yoy
Florida,2009-04-01,-6.653932776463209,donor,travel-demand,pct_yoy
Florida,2009-05-01,-8.117303465510494,donor,travel-demand,pct_yoy
Florida,2009-06-01,-8.616432790574116,donor,travel-demand,pct_yoy
Florida,2009-07-01,-7.012092966584422,donor,travel-demand,pct_yoy
Florida,2009-08-01,-6.935817805383023,donor,travel-demand,pct_yoy
Florida,2009-09-01,-3.8776583752912,donor,travel-demand,pct_yoy
Florida,2009-10-01,-1.7811883976344691,donor,travel-demand,pct_yoy
Florida,2009-11-01,-3.0967698923297444,donor,travel-demand,pct_yoy
Florida,2009-12-01,-0.4152357165157665,donor,travel-demand,pct_yoy
Florida,2010-01-01,0.7017543859649122,donor,travel-demand,pct_yoy
Florida,2010-02-01,0.9244264507422404,donor,travel-demand,pct_yoy
Florida,2010-03-01,0.0430255571809655,donor,travel-demand,pct_yoy
Florida,2010-04-01,0.4978163271538955,donor,travel-demand,pct_yoy
Florida,2010-05-01,4.397548907166497,donor,travel-demand,pct_yoy
Florida,2010-06-01,6.104651162790697,donor,travel-demand,pct_yoy
Florida,2010-07-01,3.911291643463164,donor,travel-demand,pct_yoy
Florida,2010-08-01,3.3302996595543872,donor,travel-demand,pct_yoy
Florida,2010-09-01,6.7469314361660535,donor,travel-demand,pct_yoy
Florida,2010-10-01,4.738011612070819,donor,travel-demand,pct_yoy
Florida,2010-11-01,6.762985896112832,donor,travel-demand,pct_yoy
Florida,2010-12-01,6.699689625983635,donor,travel-demand,pct_yoy
Florida,2011-01-01,5.666772252138106,donor,travel-demand,pct_yoy
Florida,2011-02-01,3.844353814267567,donor,travel-demand,pct_yoy
Florida,2011-03-01,6.023854578817592,donor,travel-demand,pct_yoy
Florida,2011-04-01,5.825685285358293,donor,travel-demand,pct_yoy
Florida,2011-05-01,0.4206032832166735,donor,travel-demand,pct_yoy
Florida,2011-06-01,-0.2965350523771152,donor,travel-demand,pct_yoy
Florida,2011-07-01,2.0837930708363546,donor,travel-demand,pct_yoy
Florida,2011-08-01,0.848148752242701,donor,travel-demand,pct_yoy
Florida,2011-09-01,-0.3149260290024901,donor,travel-demand,pct_yoy
Florida,2011-10-01,0.4140432521215439,donor,travel-demand,pct_yoy
Florida,2011-11-01,-2.967521587833484,donor,travel-demand,pct_yoy
Florida,2011-12-01,-3.25850619968267,donor,travel-demand,pct_yoy
Florida,2012-01-01,-3.4893132288138133,donor,travel-demand,pct_yoy
Florida,2012-02-01,0.9657481328869432,donor,travel-demand,pct_yoy
Florida,2012-03-01,-2.955731631466508,donor,travel-demand,pct_yoy
Florida,2012-04-01,-5.843838842144559,donor,travel-demand,pct_yoy
Florida,2012-05-01,-2.581814771981371,donor,travel-demand,pct_yoy
Florida,2012-06-01,-1.6713542171790643,donor,travel-demand,pct_yoy
Florida,2012-07-01,-2.723735408560312,donor,travel-demand,pct_yoy
Florida,2012-08-01,-4.108038169173541,donor,travel-demand,pct_yoy
Florida,2012-09-01,-4.819631180662699,donor,travel-demand,pct_yoy
Florida,2012-10-01,-4.505026409950587,donor,travel-demand,pct_yoy
Florida,2012-11-01,-2.07205711439482,donor,travel-demand,pct_yoy
Florida,2012-12-01,-2.7729688686408505,donor,travel-demand,pct_yoy
Florida,2013-01-01,-2.248796396956049,donor,travel-demand,pct_yoy
Florida,2013-02-01,-4.450962887386813,donor,travel-demand,pct_yoy
Florida,2013-03-01,1.418380426907429,donor,travel-demand,pct_yoy
Florida,2013-04-01,0.951567646700012,donor,travel-demand,pct_yoy
Florida,2013-05-01,0.2534732248852953,donor,travel-demand,pct_yoy
Florida,2013-06-01,-0.6706996317727512,donor,travel-demand,pct_yoy
Florida,2013-07-01,-1.2571428571428571,donor,travel-demand,pct_yoy
Florida,2013-08-01,-1.3324337999662674,donor,travel-demand,pct_yoy
Florida,2013-09-01,-2.342724816673099,donor,travel-demand,pct_yoy
Florida,2013-10-01,0.0392534703636298,donor,travel-demand,pct_yoy
Florida,2013-11-01,-0.7324268420874165,donor,travel-demand,pct_yoy
Florida,2013-12-01,0.5685367987004873,donor,travel-demand,pct_yoy
Florida,2014-01-01,-0.5052270344126338,donor,travel-demand,pct_yoy
Florida,2014-02-01,-1.7051521623064605,donor,travel-demand,pct_yoy
Florida,2014-03-01,-2.0332463250446486,donor,travel-demand,pct_yoy
Florida,2014-04-01,-3.4864048338368576,donor,travel-demand,pct_yoy
Florida,2014-05-01,-2.240286756704858,donor,travel-demand,pct_yoy
Florida,2014-06-01,-5.097312326227989,donor,travel-demand,pct_yoy
Florida,2014-07-01,-5.533050411522634,donor,travel-demand,pct_yoy
Florida,2014-08-01,-5.039316239316239,donor,travel-demand,pct_yoy
Florida,2014-09-01,-2.0629964826305183,donor,travel-demand,pct_yoy
Florida,2014-10-01,-3.856031961189984,donor,travel-demand,pct_yoy
Florida,2014-11-01,-3.053800170794193,donor,travel-demand,pct_yoy
Florida,2014-12-01,-3.1216996955954524,donor,travel-demand,pct_yoy
Florida,2015-01-01,1.4052120592743995,donor,travel-demand,pct_yoy
Florida,2015-02-01,-0.7366670061445497,donor,travel-demand,pct_yoy
Florida,2015-03-01,0.1963259009956528,donor,travel-demand,pct_yoy
Florida,2015-04-01,1.3084580229136669,donor,travel-demand,pct_yoy
Florida,2015-05-01,-0.3863026255483533,donor,travel-demand,pct_yoy
Florida,2015-06-01,2.378627232142857,donor,travel-demand,pct_yoy
Florida,2015-07-01,2.4231698601232003,donor,travel-demand,pct_yoy
Florida,2015-08-01,2.289746543778802,donor,travel-demand,pct_yoy
Florida,2015-09-01,0.573019652152859,donor,travel-demand,pct_yoy
Florida,2015-10-01,0.9535116684599116,donor,travel-demand,pct_yoy
Florida,2015-11-01,3.421302984390965,donor,travel-demand,pct_yoy
Florida,2015-12-01,4.540062201417166,donor,travel-demand,pct_yoy
Florida,2016-01-01,0.0818846056941295,donor,travel-demand,pct_yoy
Florida,2016-02-01,4.117647058823529,donor,travel-demand,pct_yoy
Florida,2016-03-01,-1.1224632610216934,donor,travel-demand,pct_yoy
Florida,2016-04-01,-2.0485724879495737,donor,travel-demand,pct_yoy
Florida,2016-05-01,-2.267648218745892,donor,travel-demand,pct_yoy
Florida,2016-06-01,-1.69312529808544,donor,travel-demand,pct_yoy
Florida,2016-07-01,-1.8341917262003653,donor,travel-demand,pct_yoy
Florida,2016-08-01,-2.417992397578488,donor,travel-demand,pct_yoy
Florida,2016-09-01,-1.4484612606829037,donor,travel-demand,pct_yoy
Florida,2016-10-01,-1.7456817346563764,donor,travel-demand,pct_yoy
Florida,2016-11-01,-2.095257563368765,donor,travel-demand,pct_yoy
Florida,2016-12-01,-1.975157184480908,donor,travel-demand,pct_yoy
Florida,2017-01-01,-0.7300648247215055,donor,travel-demand,pct_yoy
Florida,2017-02-01,-4.700433582972014,donor,travel-demand,pct_yoy
Florida,2017-03-01,0.6652700713395991,donor,travel-demand,pct_yoy
Florida,2017-04-01,4.9178259360903445,donor,travel-demand,pct_yoy
Florida,2017-05-01,1.3047279574954602,donor,travel-demand,pct_yoy
Florida,2017-06-01,2.3425858543854177,donor,travel-demand,pct_yoy
Florida,2017-07-01,2.934705344751718,donor,travel-demand,pct_yoy
Florida,2017-08-01,3.7944093778178543,donor,travel-demand,pct_yoy
Florida,2017-09-01,1.229541568276199,donor,travel-demand,pct_yoy
Florida,2017-10-01,3.048438376659809,donor,travel-demand,pct_yoy
Florida,2017-11-01,1.746876848662004,donor,travel-demand,pct_yoy
Florida,2017-12-01,0.8541660148305747,donor,travel-demand,pct_yoy
Florida,2018-01-01,23.397578139859256,donor,travel-demand,pct_yoy
Florida,2018-02-01,24.750973701444178,donor,travel-demand,pct_yoy
Florida,2018-03-01,22.388143648584045,donor,travel-demand,pct_yoy
Florida,2018-04-01,16.834034876728804,donor,travel-demand,pct_yoy
Florida,2018-05-01,25.044811790479983,donor,travel-demand,pct_yoy
Florida,2018-06-01,24.49463312227,donor,travel-demand,pct_yoy
Florida,2018-07-01,23.919763235777705,donor,travel-demand,pct_yoy
Florida,2018-08-01,23.07050769711923,donor,travel-demand,pct_yoy
Florida,2018-09-01,28.844916344916346,donor,travel-demand,pct_yoy
Florida,2018-10-01,26.92196007259528,donor,travel-demand,pct_yoy
Florida,2018-11-01,25.356544341461746,donor,travel-demand,pct_yoy
Florida,2018-12-01,25.2373270459763,donor,travel-demand,pct_yoy
Florida,2019-01-01,4.017776864387186,donor,travel-demand,pct_yoy
Florida,2019-02-01,3.340332651820744,donor,travel-demand,pct_yoy
Florida,2019-03-01,5.257352941176471,donor,travel-demand,pct_yoy
Florida,2019-04-01,6.943050515967987,donor,travel-demand,pct_yoy
Florida,2019-05-01,4.178280374824135,donor,travel-demand,pct_yoy
Florida,2019-06-01,3.130524655261512,donor,travel-demand,pct_yoy
Florida,2019-07-01,2.9083961362912643,donor,travel-demand,pct_yoy
Florida,2019-08-01,3.3995934041111364,donor,travel-demand,pct_yoy
Florida,2019-09-01,2.4503683356224246,donor,travel-demand,pct_yoy
Florida,2019-10-01,4.770211914090428,donor,travel-demand,pct_yoy
Florida,2019-11-01,6.635200392873708,donor,travel-demand,pct_yoy
Florida,2019-12-01,8.977185464093736,donor,travel-demand,pct_yoy
Florida,2020-01-01,6.050727322120965,donor,travel-demand,pct_yoy
Florida,2020-02-01,10.996444135497152,donor,travel-demand,pct_yoy
Florida,2020-03-01,4.381330771917568,donor,travel-demand,pct_yoy
Florida,2020-04-01,-47.51064802560339,donor,travel-demand,pct_yoy
Florida,2020-05-01,-70.42170977194547,donor,travel-demand,pct_yoy
Florida,2020-06-01,-56.52460572815022,donor,travel-demand,pct_yoy
Florida,2020-07-01,-35.17276946879835,donor,travel-demand,pct_yoy
Florida,2020-08-01,-39.56308028399781,donor,travel-demand,pct_yoy
Florida,2020-09-01,-46.70180677005576,donor,travel-demand,pct_yoy
Florida,2020-10-01,-41.01269278012829,donor,travel-demand,pct_yoy
Florida,2020-11-01,-30.46948957400537,donor,travel-demand,pct_yoy
Florida,2020-12-01,-31.77323665128543,donor,travel-demand,pct_yoy
Florida,2021-01-01,-32.68670967140961,donor,travel-demand,pct_yoy
Florida,2021-02-01,-33.42566721264091,donor,travel-demand,pct_yoy
Florida,2021-03-01,-16.540834466171702,donor,travel-demand,pct_yoy
Florida,2021-04-01,83.2118461467932,donor,travel-demand,pct_yoy
Florida,2021-05-01,252.14507236388695,donor,travel-demand,pct_yoy
Florida,2021-06-01,147.12162572035183,donor,travel-demand,pct_yoy
Florida,2021-07-01,67.75258552108194,donor,travel-demand,pct_yoy
Florida,2021-08-01,80.44008675221399,donor,travel-demand,pct_yoy
Florida,2021-09-01,92.16829588978447,donor,travel-demand,pct_yoy
Florida,2021-10-01,77.59833410458121,donor,travel-demand,pct_yoy
Florida,2021-11-01,54.27215189873418,donor,travel-demand,pct_yoy
Florida,2021-12-01,51.71747459603532,donor,travel-demand,pct_yoy
Florida,2022-01-01,52.357723577235774,donor,travel-demand,pct_yoy
Florida,2022-02-01,46.64423459604182,donor,travel-demand,pct_yoy
Florida,2022-03-01,19.435673833508744,donor,travel-demand,pct_yoy
Florida,2022-04-01,10.086577920128114,donor,travel-demand,pct_yoy
Florida,2022-05-01,3.503192504342296,donor,travel-demand,pct_yoy
Florida,2022-06-01,-6.288968530610241,donor,travel-demand,pct_yoy
Florida,2022-07-01,-6.96654257463306,donor,travel-demand,pct_yoy
Florida,2022-08-01,-5.982221109302617,donor,travel-demand,pct_yoy
Florida,2022-09-01,2.983698238933841,donor,travel-demand,pct_yoy
Florida,2022-10-01,-2.975585606712004,donor,travel-demand,pct_yoy
Florida,2022-11-01,-6.778771615980918,donor,travel-demand,pct_yoy
Florida,2022-12-01,-6.414423119153234,donor,travel-demand,pct_yoy
Florida,2023-01-01,-4.393832739163014,donor,travel-demand,pct_yoy
Florida,2023-02-01,-2.7682514618440206,donor,travel-demand,pct_yoy
Florida,2023-03-01,-2.0855188619864884,donor,travel-demand,pct_yoy
Florida,2023-04-01,1.2933287873622004,donor,travel-demand,pct_yoy
Florida,2023-05-01,0.9477888865253256,donor,travel-demand,pct_yoy
Florida,2023-06-01,5.346290863369656,donor,travel-demand,pct_yoy
Florida,2023-07-01,6.779661016949152,donor,travel-demand,pct_yoy
Florida,2023-08-01,6.253662174399404,donor,travel-demand,pct_yoy
Florida,2023-09-01,4.364655247118635,donor,travel-demand,pct_yoy
Florida,2023-10-01,10.932674490426187,donor,travel-demand,pct_yoy
Florida,2023-11-01,11.337410127165263,donor,travel-demand,pct_yoy
Florida,2023-12-01,11.5916183682568,donor,travel-demand,pct_yoy
Florida,2024-01-01,10.868326049781492,donor,travel-demand,pct_yoy
Florida,2024-02-01,13.34974244461925,donor,travel-demand,pct_yoy
Florida,2024-03-01,11.901088540327418,donor,travel-demand,pct_yoy
Florida,2024-04-01,4.86491338299973,donor,travel-demand,pct_yoy
Florida,2024-05-01,4.811519550456567,donor,travel-demand,pct_yoy
Florida,2024-06-01,3.881443170798419,donor,travel-demand,pct_yoy
Florida,2024-07-01,1.2507459124000475,donor,travel-demand,pct_yoy
Florida,2024-08-01,-2.225898631373139,donor,travel-demand,pct_yoy
Florida,2024-09-01,-2.917243288126211,donor,travel-demand,pct_yoy
Orlando,2004-06-01,15.990547459629775,donor,travel-demand,pct_yoy
Orlando,2004-07-01,15.524545228008972,donor,travel-demand,pct_yoy
Orlando,2004-08-01,17.1256885327992,donor,travel-demand,pct_yoy
Orlando,2004-09-01,16.620033575825406,donor,travel-demand,pct_yoy
Orlando,2004-10-01,19.210122699386503,donor,travel-demand,pct_yoy
Orlando,2004-11-01,25.03556187766714,donor,travel-demand,pct_yoy
Orlando,2004-12-01,24.883148831488317,donor,travel-demand,pct_yoy
Orlando,2005-01-01,19.6684693157771,donor,travel-demand,pct_yoy
Orlando,2005-02-01,11.477572559366754,donor,travel-demand,pct_yoy
Orlando,2005-03-01,16.007450421825354,donor,travel-demand,pct_yoy
Orlando,2005-04-01,12.241706690494809,donor,travel-demand,pct_yoy
Orlando,2005-05-01,9.076594308851648,donor,travel-demand,pct_yoy
Orlando,2005-06-01,8.851160158460667,donor,travel-demand,pct_yoy
Orlando,2005-07-01,10.030198446937016,donor,travel-demand,pct_yoy
Orlando,2005-08-01,6.883283454467722,donor,travel-demand,pct_yoy
Orlando,2005-09-01,6.09404990403071,donor,travel-demand,pct_yoy
Orlando,2005-10-01,5.221400235874343,donor,travel-demand,pct_yoy
Orlando,2005-11-01,3.8059778674113134,donor,travel-demand,pct_yoy
Orlando,2005-12-01,2.639613907219541,donor,travel-demand,pct_yoy
Orlando,2006-01-01,-0.8252284114353079,donor,travel-demand,pct_yoy
Orlando,2006-02-01,0.8391608391608392,donor,travel-demand,pct_yoy
Orlando,2006-03-01,1.6717038156403476,donor,travel-demand,pct_yoy
Orlando,2006-04-01,4.497959996019504,donor,travel-demand,pct_yoy
Orlando,2006-05-01,4.650443390389771,donor,travel-demand,pct_yoy
Orlando,2006-06-01,1.6533222418633668,donor,travel-demand,pct_yoy
Orlando,2006-07-01,-0.2058419917663203,donor,travel-demand,pct_yoy
Orlando,2006-08-01,-0.32,donor,travel-demand,pct_yoy
Orlando,2006-09-01,1.2663952962460423,donor,travel-demand,pct_yoy
Orlando,2006-10-01,-2.221316486651722,donor,travel-demand,pct_yoy
Orlando,2006-11-01,-5.5096144266215,donor,travel-demand,pct_yoy
Orlando,2006-12-01,-3.349006813165724,donor,travel-demand,pct_yoy
Orlando,2007-01-01,1.8226844972758796,donor,travel-demand,pct_yoy
Orlando,2007-02-01,3.2540275258721865,donor,travel-demand,pct_yoy
Orlando,2007-03-01,4.412447747329308,donor,travel-demand,pct_yoy
Orlando,2007-04-01,4.437672602609275,donor,travel-demand,pct_yoy
Orlando,2007-05-01,8.710217755443885,donor,travel-demand,pct_yoy
Orlando,2007-06-01,12.152209492635023,donor,travel-demand,pct_yoy
Orlando,2007-07-01,13.417149592377958,donor,travel-demand,pct_yoy
Orlando,2007-08-01,14.636837881219902,donor,travel-demand,pct_yoy
Orlando,2007-09-01,10.741402411790975,donor,travel-demand,pct_yoy
Orlando,2007-10-01,10.379324718632764,donor,travel-demand,pct_yoy
Orlando,2007-11-01,13.00084352593842,donor,travel-demand,pct_yoy
Orlando,2007-12-01,13.592136616362192,donor,travel-demand,pct_yoy
Orlando,2008-01-01,7.627201089600155,donor,travel-demand,pct_yoy
Orlando,2008-02-01,10.61169663153544,donor,travel-demand,pct_yoy
Orlando,2008-03-01,8.06049822064057,donor,travel-demand,pct_yoy
Orlando,2008-04-01,5.160937357527127,donor,travel-demand,pct_yoy
Orlando,2008-05-01,5.9548626846732535,donor,travel-demand,pct_yoy
Orlando,2008-06-01,3.210507114191901,donor,travel-demand,pct_yoy
Orlando,2008-07-01,0.2684680003464103,donor,travel-demand,pct_yoy
Orlando,2008-08-01,-2.4503369213266826,donor,travel-demand,pct_yoy
Orlando,2008-09-01,-7.612421859245816,donor,travel-demand,pct_yoy
Orlando,2008-10-01,-8.08157099697885,donor,travel-demand,pct_yoy
Orlando,2008-11-01,-5.495941028272838,donor,travel-demand,pct_yoy
Orlando,2008-12-01,-6.878769338344551,donor,travel-demand,pct_yoy
Orlando,2009-01-01,-6.779354605441562,donor,travel-demand,pct_yoy
Orlando,2009-02-01,-10.014012143858013,donor,travel-demand,pct_yoy
Orlando,2009-03-01,-6.627696360941873,donor,travel-demand,pct_yoy
Orlando,2009-04-01,-6.442382727824504,donor,travel-demand,pct_yoy
Orlando,2009-05-01,-10.196749358426004,donor,travel-demand,pct_yoy
Orlando,2009-06-01,-9.21703782255214,donor,travel-demand,pct_yoy
Orlando,2009-07-01,-8.023838314043877,donor,travel-demand,pct_yoy
Orlando,2009-08-01,-8.181573517538352,donor,travel-demand,pct_yoy
Orlando,2009-09-01,-5.9260067663429,donor,travel-demand,pct_yoy
Orlando,2009-10-01,-3.420295809367296,donor,travel-demand,pct_yoy
Orlando,2009-11-01,-5.154028436018957,donor,travel-demand,pct_yoy
Orlando,2009-12-01,-2.778299230336024,donor,travel-demand,pct_yoy
Orlando,2010-01-01,-2.433821390478037,donor,travel-demand,pct_yoy
Orlando,2010-02-01,-1.9723865877712032,donor,travel-demand,pct_yoy
Orlando,2010-03-01,-2.1955735825764924,donor,travel-demand,pct_yoy
Orlando,2010-04-01,-2.242817423540315,donor,travel-demand,pct_yoy
Orlando,2010-05-01,-0.2571918460659173,donor,travel-demand,pct_yoy
Orlando,2010-06-01,2.0831305363574417,donor,travel-demand,pct_yoy
Orlando,2010-07-01,2.9580242276270075,donor,travel-demand,pct_yoy
Orlando,2010-08-01,1.358085002442599,donor,travel-demand,pct_yoy
Orlando,2010-09-01,2.366589327146172,donor,travel-demand,pct_yoy
Orlando,2010-10-01,1.690949696905243,donor,travel-demand,pct_yoy
Orlando,2010-11-01,2.9252550489277533,donor,travel-demand,pct_yoy
Orlando,2010-12-01,2.384630237497586,donor,travel-demand,pct_yoy
Orlando,2011-01-01,3.657324587557146,donor,travel-demand,pct_yoy
Orlando,2011-02-01,1.959123160012708,donor,travel-demand,pct_yoy
Orlando,2011-03-01,4.102055535521097,donor,travel-demand,pct_yoy
Orlando,2011-04-01,5.536594615092909,donor,travel-demand,pct_yoy
Orlando,2011-05-01,1.0982714162926177,donor,travel-demand,pct_yoy
Orlando,2011-06-01,1.029846476590064,donor,travel-demand,pct_yoy
Orlando,2011-07-01,2.4990879241152864,donor,travel-demand,pct_yoy
Orlando,2011-08-01,1.3880855986119145,donor,travel-demand,pct_yoy
Orlando,2011-09-01,0.8046237533998187,donor,travel-demand,pct_yoy
Orlando,2011-10-01,0.9412256850031374,donor,travel-demand,pct_yoy
Orlando,2011-11-01,-2.215029837159907,donor,travel-demand,pct_yoy
Orlando,2011-12-01,-1.914191419141914,donor,travel-demand,pct_yoy
Orlando,2012-01-01,-3.7583892617449663,donor,travel-demand,pct_yoy
Orlando,2012-02-01,2.077274615704196,donor,travel-demand,pct_yoy
Orlando,2012-03-01,-2.0784619381657574,donor,travel-demand,pct_yoy
Orlando,2012-04-01,-5.021559468199785,donor,travel-demand,pct_yoy
Orlando,2012-05-01,-1.766484035518609,donor,travel-demand,pct_yoy
Orlando,2012-06-01,-2.8598395469561115,donor,travel-demand,pct_yoy
Orlando,2012-07-01,-4.155543691048229,donor,travel-demand,pct_yoy
Orlando,2012-08-01,-6.38904734740445,donor,travel-demand,pct_yoy
Orlando,2012-09-01,-4.721753794266442,donor,travel-demand,pct_yoy
Orlando,2012-10-01,-4.4757563199336925,donor,travel-demand,pct_yoy
Orlando,2012-11-01,-2.616880430285478,donor,travel-demand,pct_yoy
Orlando,2012-12-01,-3.9127090944049225,donor,travel-demand,pct_yoy
Orlando,2013-01-01,-5.519027694759912,donor,travel-demand,pct_yoy
Orlando,2013-02-01,-8.14000814000814,donor,travel-demand,pct_yoy
Orlando,2013-03-01,-2.5382506411957197,donor,travel-demand,pct_yoy
Orlando,2013-04-01,-3.329234843469214,donor,travel-demand,pct_yoy
Orlando,2013-05-01,-4.952399269160496,donor,travel-demand,pct_yoy
Orlando,2013-06-01,-4.362611737271668,donor,travel-demand,pct_yoy
Orlando,2013-07-01,-5.273419366818309,donor,travel-demand,pct_yoy
Orlando,2013-08-01,-6.032906764168191,donor,travel-demand,pct_yoy
Orlando,2013-09-01,-9.144542772861357,donor,travel-demand,pct_yoy
Orlando,2013-10-01,-6.898047722342733,donor,travel-demand,pct_yoy
Orlando,2013-11-01,-4.227296866702071,donor,travel-demand,pct_yoy
Orlando,2013-12-01,-3.651825912956478,donor,travel-demand,pct_yoy
Orlando,2014-01-01,-3.1105018979333616,donor,travel-demand,pct_yoy
Orlando,2014-02-01,-4.275587062472309,donor,travel-demand,pct_yoy
Orlando,2014-03-01,-5.045372050816697,donor,travel-demand,pct_yoy
Orlando,2014-04-01,-6.496428920849231,donor,travel-demand,pct_yoy
Orlando,2014-05-01,-2.944152165115338,donor,travel-demand,pct_yoy
Orlando,2014-06-01,-3.606623996748959,donor,travel-demand,pct_yoy
Orlando,2014-07-01,-4.136038420072528,donor,travel-demand,pct_yoy
Orlando,2014-08-01,-3.058798097708604,donor,travel-demand,pct_yoy
Orlando,2014-09-01,-0.3376623376623376,donor,travel-demand,pct_yoy
Orlando,2014-10-01,-2.131873252562908,donor,travel-demand,pct_yoy
Orlando,2014-11-01,-1.3640900521237662,donor,travel-demand,pct_yoy
Orlando,2014-12-01,1.3187954309449637,donor,travel-demand,pct_yoy
Orlando,2015-01-01,9.64196321688976,donor,travel-demand,pct_yoy
Orlando,2015-02-01,6.838694746586437,donor,travel-demand,pct_yoy
Orlando,2015-03-01,7.903287461773701,donor,travel-demand,pct_yoy
Orlando,2015-04-01,9.657842419169196,donor,travel-demand,pct_yoy
Orlando,2015-05-01,8.308141353069946,donor,travel-demand,pct_yoy
Orlando,2015-06-01,8.147133220910623,donor,travel-demand,pct_yoy
Orlando,2015-07-01,7.494121255495348,donor,travel-demand,pct_yoy
Orlando,2015-08-01,7.782361467276173,donor,travel-demand,pct_yoy
Orlando,2015-09-01,9.199895751889498,donor,travel-demand,pct_yoy
Orlando,2015-10-01,7.701464111415307,donor,travel-demand,pct_yoy
Orlando,2015-11-01,11.176073757589386,donor,travel-demand,pct_yoy
Orlando,2015-12-01,10.700010249051962,donor,travel-demand,pct_yoy
Orlando,2016-01-01,6.5012406947890815,donor,travel-demand,pct_yoy
Orlando,2016-02-01,9.91010505794433,donor,travel-demand,pct_yoy
Orlando,2016-03-01,4.082897883269861,donor,travel-demand,pct_yoy
Orlando,2016-04-01,4.103053435114504,donor,travel-demand,pct_yoy
Orlando,2016-05-01,1.5014436958614052,donor,travel-demand,pct_yoy
Orlando,2016-06-01,3.4694474222785305,donor,travel-demand,pct_yoy
Orlando,2016-07-01,6.039566292562298,donor,travel-demand,pct_yoy
Orlando,2016-08-01,5.068790731354091,donor,travel-demand,pct_yoy
Orlando,2016-09-01,5.238663484486874,donor,travel-demand,pct_yoy
Orlando,2016-10-01,6.56498673740053,donor,travel-demand,pct_yoy
Orlando,2016-11-01,2.7204692556634305,donor,travel-demand,pct_yoy
Orlando,2016-12-01,2.7867790019442644,donor,travel-demand,pct_yoy
Orlando,2017-01-01,2.413793103448276,donor,travel-demand,pct_yoy
Orlando,2017-02-01,-0.3744580212849823,donor,travel-demand,pct_yoy
Orlando,2017-03-01,4.178012253233492,donor,travel-demand,pct_yoy
Orlando,2017-04-01,6.553620531622364,donor,travel-demand,pct_yoy
Orlando,2017-05-01,4.323914280295846,donor,travel-demand,pct_yoy
Orlando,2017-06-01,5.8585287746067625,donor,travel-demand,pct_yoy
Orlando,2017-07-01,6.26065117947798,donor,travel-demand,pct_yoy
Orlando,2017-08-01,9.589445702471204,donor,travel-demand,pct_yoy
Orlando,2017-09-01,7.5518766300034015,donor,travel-demand,pct_yoy
Orlando,2017-10-01,6.07757726612736,donor,travel-demand,pct_yoy
Orlando,2017-11-01,4.391060352466279,donor,travel-demand,pct_yoy
Orlando,2017-12-01,3.548910106287156,donor,travel-demand,pct_yoy
Orlando,2018-01-01,5.869505869505869,donor,travel-demand,pct_yoy
Orlando,2018-02-01,6.478733926805143,donor,travel-demand,pct_yoy
Orlando,2018-03-01,5.652209425794331,donor,travel-demand,pct_yoy
Orlando,2018-04-01,1.264516129032258,donor,travel-demand,pct_yoy
Orlando,2018-05-01,6.51699690965279,donor,travel-demand,pct_yoy
Orlando,2018-06-01,4.092890826585995,donor,travel-demand,pct_yoy
Orlando,2018-07-01,1.2070566388115136,donor,travel-demand,pct_yoy
Orlando,2018-08-01,-0.6109064774054442,donor,travel-demand,pct_yoy
Orlando,2018-09-01,5.745914602003163,donor,travel-demand,pct_yoy
Orlando,2018-10-01,7.6065701994524835,donor,travel-demand,pct_yoy
Orlando,2018-11-01,8.167499764217673,donor,travel-demand,pct_yoy
Orlando,2018-12-01,7.7070285316631875,donor,travel-demand,pct_yoy
Orlando,2019-01-01,3.5069623517276947,donor,travel-demand,pct_yoy
Orlando,2019-02-01,1.8300046446818392,donor,travel-demand,pct_yoy
Orlando,2019-03-01,3.022806339389254,donor,travel-demand,pct_yoy
Orlando,2019-04-01,4.018008834522596,donor,travel-demand,pct_yoy
Orlando,2019-05-01,3.259663793839065,donor,travel-demand,pct_yoy
Orlando,2019-06-01,1.4103769552953245,donor,travel-demand,pct_yoy
Orlando,2019-07-01,2.627189324437031,donor,travel-demand,pct_yoy
Orlando,2019-08-01,4.212238994847691,donor,travel-demand,pct_yoy
Orlando,2019-09-01,1.226321036889332,donor,travel-demand,pct_yoy
Orlando,2019-10-01,3.8797019807377793,donor,travel-demand,pct_yoy
Orlando,2019-11-01,5.301246839305955,donor,travel-demand,pct_yoy
Orlando,2019-12-01,5.734130188984008,donor,travel-demand,pct_yoy
Orlando,2020-01-01,6.427503736920777,donor,travel-demand,pct_yoy
Orlando,2020-02-01,13.07243203794928,donor,travel-demand,pct_yoy
Orlando,2020-03-01,4.434939216569113,donor,travel-demand,pct_yoy
Orlando,2020-04-01,-48.92609228256431,donor,travel-demand,pct_yoy
Orlando,2020-05-01,-74.5971407321709,donor,travel-demand,pct_yoy
Orlando,2020-06-01,-59.27174645987863,donor,travel-demand,pct_yoy
Orlando,2020-07-01,-38.88663145062983,donor,travel-demand,pct_yoy
Orlando,2020-08-01,-43.9240176945095,donor,travel-demand,pct_yoy
Orlando,2020-09-01,-48.36993991923569,donor,travel-demand,pct_yoy
Orlando,2020-10-01,-41.60762704452024,donor,travel-demand,pct_yoy
Orlando,2020-11-01,-32.01954127680715,donor,travel-demand,pct_yoy
Orlando,2020-12-01,-33.94439352276199,donor,travel-demand,pct_yoy
Orlando,2021-01-01,-36.92259675405743,donor,travel-demand,pct_yoy
Orlando,2021-02-01,-38.47519160951997,donor,travel-demand,pct_yoy
Orlando,2021-03-01,-21.233024358697996,donor,travel-demand,pct_yoy
Orlando,2021-04-01,75.88743204349217,donor,travel-demand,pct_yoy
Orlando,2021-05-01,285.9791802212102,donor,travel-demand,pct_yoy
Orlando,2021-06-01,146.77152317880794,donor,travel-demand,pct_yoy
Orlando,2021-07-01,65.09308510638297,donor,travel-demand,pct_yoy
Orlando,2021-08-01,88.78576952822893,donor,travel-demand,pct_yoy
Orlando,2021-09-01,101.03014116749333,donor,travel-demand,pct_yoy
Orlando,2021-10-01,75.11983223487118,donor,travel-demand,pct_yoy
Orlando,2021-11-01,43.90986601705237,donor,travel-demand,pct_yoy
Orlando,2021-12-01,44.56521739130434,donor,travel-demand,pct_yoy
Orlando,2022-01-01,50.75457694210787,donor,travel-demand,pct_yoy
Orlando,2022-02-01,45.65958562811435,donor,travel-demand,pct_yoy
Orlando,2022-03-01,18.49115124977194,donor,travel-demand,pct_yoy
Orlando,2022-04-01,13.645454545454546,donor,travel-demand,pct_yoy
Orlando,2022-05-01,4.736620311841551,donor,travel-demand,pct_yoy
Orlando,2022-06-01,-2.1553170077155315,donor,travel-demand,pct_yoy
Orlando,2022-07-01,-2.0298026580749093,donor,travel-demand,pct_yoy
Orlando,2022-08-01,-1.3928717738631708,donor,travel-demand,pct_yoy
Orlando,2022-09-01,6.784968684759916,donor,travel-demand,pct_yoy
Orlando,2022-10-01,5.200581643999658,donor,travel-demand,pct_yoy
Orlando,2022-11-01,6.652560304697419,donor,travel-demand,pct_yoy
Orlando,2022-12-01,8.414653655415133,donor,travel-demand,pct_yoy
Orlando,2023-01-01,9.354229917124805,donor,travel-demand,pct_yoy
Orlando,2023-02-01,11.658264314007925,donor,travel-demand,pct_yoy
Orlando,2023-03-01,12.34891061667565,donor,travel-demand,pct_yoy
Orlando,2023-04-01,12.65498760099192,donor,travel-demand,pct_yoy
Orlando,2023-05-01,12.505029371529734,donor,travel-demand,pct_yoy
Orlando,2023-06-01,13.182480500557128,donor,travel-demand,pct_yoy
Orlando,2023-07-01,13.228644248951738,donor,travel-demand,pct_yoy
Orlando,2023-08-01,10.976319069380972,donor,travel-demand,pct_yoy
Orlando,2023-09-01,8.930951746201012,donor,travel-demand,pct_yoy
Orlando,2023-10-01,13.310025205301242,donor,travel-demand,pct_yoy
Orlando,2023-11-01,13.744940877708116,donor,travel-demand,pct_yoy
Orlando,2023-12-01,11.590674339678325,donor,travel-demand,pct_yoy
Orlando,2024-01-01,7.330982216552863,donor,travel-demand,pct_yoy
Orlando,2024-02-01,9.433201644763365,donor,travel-demand,pct_yoy
Orlando,2024-03-01,7.270609196189954,donor,travel-demand,pct_yoy
Orlando,2024-04-01,0.617766100972804,donor,travel-demand,pct_yoy
Orlando,2024-05-01,-1.0228166797797011,donor,travel-demand,pct_yoy
Orlando,2024-06-01,-0.1968951154865581,donor,travel-demand,pct_yoy
Orlando,2024-07-01,-3.1585826314260816,donor,travel-demand,pct_yoy
Orlando,2024-08-01,-8.84995507637017,donor,travel-demand,pct_yoy
Orlando,2024-09-01,-12.22059063468755,donor,travel-demand,pct_yoy
Phoenix,2004-06-01,-0.3141062250142775,donor,travel-demand,pct_yoy
Phoenix,2004-07-01,-1.5405968077723802,donor,travel-demand,pct_yoy
Phoenix,2004-08-01,-0.4597060667270321,donor,travel-demand,pct_yoy
Phoenix,2004-09-01,0.7172131147540983,donor,travel-demand,pct_yoy
Phoenix,2004-10-01,1.3749561557348298,donor,travel-demand,pct_yoy
Phoenix,2004-11-01,2.6585168274541573,donor,travel-demand,pct_yoy
Phoenix,2004-12-01,3.176395849509423,donor,travel-demand,pct_yoy
Phoenix,2005-01-01,1.296244394618834,donor,travel-demand,pct_yoy
Phoenix,2005-02-01,-3.061822443598008,donor,travel-demand,pct_yoy
Phoenix,2005-03-01,0.645819170632223,donor,travel-demand,pct_yoy
Phoenix,2005-04-01,1.1049723756906076,donor,travel-demand,pct_yoy
Phoenix,2005-05-01,4.281409852147712,donor,travel-demand,pct_yoy
Phoenix,2005-06-01,4.167860211973647,donor,travel-demand,pct_yoy
Phoenix,2005-07-01,4.651818438116719,donor,travel-demand,pct_yoy
Phoenix,2005-08-01,4.898187670561891,donor,travel-demand,pct_yoy
Phoenix,2005-09-01,3.262607179189071,donor,travel-demand,pct_yoy
Phoenix,2005-10-01,2.4427375268147533,donor,travel-demand,pct_yoy
Phoenix,2005-11-01,3.637015781922525,donor,travel-demand,pct_yoy
Phoenix,2005-12-01,2.6339194089074365,donor,travel-demand,pct_yoy
Phoenix,2006-01-01,25.9597426852044,donor,travel-demand,pct_yoy
Phoenix,2006-02-01,23.348949675079343,donor,travel-demand,pct_yoy
Phoenix,2006-03-01,25.005065856129686,donor,travel-demand,pct_yoy
Phoenix,2006-04-01,23.203026481715007,donor,travel-demand,pct_yoy
Phoenix,2006-05-01,21.85190162612552,donor,travel-demand,pct_yoy
Phoenix,2006-06-01,22.84476832118796,donor,travel-demand,pct_yoy
Phoenix,2006-07-01,23.96955818965517,donor,travel-demand,pct_yoy
Phoenix,2006-08-01,23.340671069308254,donor,travel-demand,pct_yoy
Phoenix,2006-09-01,23.263668988811485,donor,travel-demand,pct_yoy
Phoenix,2006-10-01,23.42610105376925,donor,travel-demand,pct_yoy
Phoenix,2006-11-01,21.2985394891673,donor,travel-demand,pct_yoy
Phoenix,2006-12-01,21.617117717637647,donor,travel-demand,pct_yoy
Phoenix,2007-01-01,-0.1592531576057111,donor,travel-demand,pct_yoy
Phoenix,2007-02-01,0.5329576084293065,donor,travel-demand,pct_yoy
Phoenix,2007-03-01,0.1891176311665856,donor,travel-demand,pct_yoy
Phoenix,2007-04-01,1.0519731604685545,donor,travel-demand,pct_yoy
Phoenix,2007-05-01,-0.9595235469284218,donor,travel-demand,pct_yoy
Phoenix,2007-06-01,-3.615199507527002,donor,travel-demand,pct_yoy
Phoenix,2007-07-01,-3.05861900363992,donor,travel-demand,pct_yoy
Phoenix,2007-08-01,-3.2774472687939427,donor,travel-demand,pct_yoy
Phoenix,2007-09-01,-3.613632471313581,donor,travel-demand,pct_yoy
Phoenix,2007-10-01,-3.289185639229422,donor,travel-demand,pct_yoy
Phoenix,2007-11-01,-2.5793197900022826,donor,travel-demand,pct_yoy
Phoenix,2007-12-01,-3.233762674705399,donor,travel-demand,pct_yoy
Phoenix,2008-01-01,-2.6841207854353444,donor,travel-demand,pct_yoy
Phoenix,2008-02-01,1.1211991956614469,donor,travel-demand,pct_yoy
Phoenix,2008-03-01,-3.6565634775105167,donor,travel-demand,pct_yoy
Phoenix,2008-04-01,-2.959878453660458,donor,travel-demand,pct_yoy
Phoenix,2008-05-01,-2.978841870824054,donor,travel-demand,pct_yoy
Phoenix,2008-06-01,-1.312198803924984,donor,travel-demand,pct_yoy
Phoenix,2008-07-01,-2.544272584622282,donor,travel-demand,pct_yoy
Phoenix,2008-08-01,-6.301722209796466,donor,travel-demand,pct_yoy
Phoenix,2008-09-01,-10.163468372423596,donor,travel-demand,pct_yoy
Phoenix,2008-10-01,-11.482089298851225,donor,travel-demand,pct_yoy
Phoenix,2008-11-01,-12.125117150890349,donor,travel-demand,pct_yoy
Phoenix,2008-12-01,-11.424525630133108,donor,travel-demand,pct_yoy
Phoenix,2009-01-01,-12.349516758039902,donor,travel-demand,pct_yoy
Phoenix,2009-02-01,-14.661042482675503,donor,travel-demand,pct_yoy
Phoenix,2009-03-01,-9.264442454097626,donor,travel-demand,pct_yoy
Phoenix,2009-04-01,-10.002899391127864,donor,travel-demand,pct_yoy
Phoenix,2009-05-01,-9.8077474892396,donor,travel-demand,pct_yoy
Phoenix,2009-06-01,-9.248690945460964,donor,travel-demand,pct_yoy
Phoenix,2009-07-01,-8.113858539390455,donor,travel-demand,pct_yoy
Phoenix,2009-08-01,-6.492808975353584,donor,travel-demand,pct_yoy
Phoenix,2009-09-01,-4.423786919831223,donor,travel-demand,pct_yoy
Phoenix,2009-10-01,-3.2924178493798752,donor,travel-demand,pct_yoy
Phoenix,2009-11-01,-2.0663911478469537,donor,travel-demand,pct_yoy
Phoenix,2009-12-01,-0.1342882721575649,donor,travel-demand,pct_yoy
Phoenix,2010-01-01,-1.4250709311323189,donor,travel-demand,pct_yoy
Phoenix,2010-02-01,-1.3133738172574496,donor,travel-demand,pct_yoy
Phoenix,2010-03-01,-2.8811154296995496,donor,travel-demand,pct_yoy
Phoenix,2010-04-01,-3.260309278350516,donor,travel-demand,pct_yoy
Phoenix,2010-05-01,-1.8897938406719264,donor,travel-demand,pct_yoy
Phoenix,2010-06-01,-2.6774716369529985,donor,travel-demand,pct_yoy
Phoenix,2010-07-01,-3.5045997872207275,donor,travel-demand,pct_yoy
Phoenix,2010-08-01,-2.584721424468696,donor,travel-demand,pct_yoy
Phoenix,2010-09-01,0.4690625646685521,donor,travel-demand,pct_yoy
Phoenix,2010-10-01,0.978383023732399,donor,travel-demand,pct_yoy
Phoenix,2010-11-01,0.7350939286686632,donor,travel-demand,pct_yoy
Phoenix,2010-12-01,-0.377793430236281,donor,travel-demand,pct_yoy
Phoenix,2011-01-01,1.386799241185321,donor,travel-demand,pct_yoy
Phoenix,2011-02-01,1.4882655981682884,donor,travel-demand,pct_yoy
Phoenix,2011-03-01,6.466776775505019,donor,travel-demand,pct_yoy
Phoenix,2011-04-01,7.066737711469296,donor,travel-demand,pct_yoy
Phoenix,2011-05-01,5.76561385303846,donor,travel-demand,pct_yoy
Phoenix,2011-06-01,6.861177724487078,donor,travel-demand,pct_yoy
Phoenix,2011-07-01,6.71898307283222,donor,travel-demand,pct_yoy
Phoenix,2011-08-01,5.562106918238994,donor,travel-demand,pct_yoy
Phoenix,2011-09-01,1.730175077239959,donor,travel-demand,pct_yoy
Phoenix,2011-10-01,1.237315875613748,donor,travel-demand,pct_yoy
Phoenix,2011-11-01,0.6891891891891891,donor,travel-demand,pct_yoy
Phoenix,2011-12-01,0.5270600334233192,donor,travel-demand,pct_yoy
Phoenix,2012-01-01,-0.8323117620491643,donor,travel-demand,pct_yoy
Phoenix,2012-02-01,3.0315848843767625,donor,travel-demand,pct_yoy
Phoenix,2012-03-01,-0.9964200477326968,donor,travel-demand,pct_yoy
Phoenix,2012-04-01,-3.4152410575427687,donor,travel-demand,pct_yoy
Phoenix,2012-05-01,-3.4032376747608533,donor,travel-demand,pct_yoy
Phoenix,2012-06-01,-2.119436479241989,donor,travel-demand,pct_yoy
Phoenix,2012-07-01,-2.3397143725311453,donor,travel-demand,pct_yoy
Phoenix,2012-08-01,-4.667039036802581,donor,travel-demand,pct_yoy
Phoenix,2012-09-01,-5.831139906863737,donor,travel-demand,pct_yoy
Phoenix,2012-10-01,-3.640713916192447,donor,travel-demand,pct_yoy
Phoenix,2012-11-01,-3.569990605287881,donor,travel-demand,pct_yoy
Phoenix,2012-12-01,-5.038363171355498,donor,travel-demand,pct_yoy
Phoenix,2013-01-01,-4.456733897202343,donor,travel-demand,pct_yoy
Phoenix,2013-02-01,-8.142876693581497,donor,travel-demand,pct_yoy
Phoenix,2013-03-01,-3.097691797746037,donor,travel-demand,pct_yoy
Phoenix,2013-04-01,-3.922452660054103,donor,travel-demand,pct_yoy
Phoenix,2013-05-01,-3.7199263632324,donor,travel-demand,pct_yoy
Phoenix,2013-06-01,-2.9295631129792383,donor,travel-demand,pct_yoy
Phoenix,2013-07-01,-3.9327940261356567,donor,travel-demand,pct_yoy
Phoenix,2013-08-01,-2.7146670138662845,donor,travel-demand,pct_yoy
Phoenix,2013-09-01,-1.849064717265104,donor,travel-demand,pct_yoy
Phoenix,2013-10-01,-1.6643178310180524,donor,travel-demand,pct_yoy
Phoenix,2013-11-01,-1.8441196938065412,donor,travel-demand,pct_yoy
Phoenix,2013-12-01,-1.151360086183679,donor,travel-demand,pct_yoy
Phoenix,2014-01-01,-9.19305413687436,donor,travel-demand,pct_yoy
Phoenix,2014-02-01,-10.07896305125149,donor,travel-demand,pct_yoy
Phoenix,2014-03-01,-8.340070899931588,donor,travel-demand,pct_yoy
Phoenix,2014-04-01,-9.0902996581082,donor,travel-demand,pct_yoy
Phoenix,2014-05-01,-9.237159622865432,donor,travel-demand,pct_yoy
Phoenix,2014-06-01,-9.434457420286051,donor,travel-demand,pct_yoy
Phoenix,2014-07-01,-7.565746858401347,donor,travel-demand,pct_yoy
Phoenix,2014-08-01,-9.234475374732334,donor,travel-demand,pct_yoy
Phoenix,2014-09-01,-11.412924424972616,donor,travel-demand,pct_yoy
Phoenix,2014-10-01,-8.91967515184604,donor,travel-demand,pct_yoy
Phoenix,2014-11-01,-10.804679191775966,donor,travel-demand,pct_yoy
Phoenix,2014-12-01,-9.420339213950005,donor,travel-demand,pct_yoy
Phoenix,2015-01-01,-1.6047994000749906,donor,travel-demand,pct_yoy
Phoenix,2015-02-01,-1.358628116974567,donor,travel-demand,pct_yoy
Phoenix,2015-03-01,-1.458813950332474,donor,travel-demand,pct_yoy
Phoenix,2015-04-01,1.342083917115257,donor,travel-demand,pct_yoy
Phoenix,2015-05-01,0.2542496004649135,donor,travel-demand,pct_yoy
Phoenix,2015-06-01,0.4708780063749637,donor,travel-demand,pct_yoy
Phoenix,2015-07-01,0.0,donor,travel-demand,pct_yoy
Phoenix,2015-08-01,1.032143910350929,donor,travel-demand,pct_yoy
Phoenix,2015-09-01,-0.881965051104517,donor,travel-demand,pct_yoy
Phoenix,2015-10-01,-3.102053049602877,donor,travel-demand,pct_yoy
Phoenix,2015-11-01,-0.3974246880216199,donor,travel-demand,pct_yoy
Phoenix,2015-12-01,0.1503985561738607,donor,travel-demand,pct_yoy
Phoenix,2016-01-01,-0.6554378477250209,donor,travel-demand,pct_yoy
Phoenix,2016-02-01,3.250188964474679,donor,travel-demand,pct_yoy
Phoenix,2016-03-01,-0.5370791158851477,donor,travel-demand,pct_yoy
Phoenix,2016-04-01,-2.481263188532344,donor,travel-demand,pct_yoy
Phoenix,2016-05-01,-0.9492065792333888,donor,travel-demand,pct_yoy
Phoenix,2016-06-01,-1.2906482082341912,donor,travel-demand,pct_yoy
Phoenix,2016-07-01,-1.807988787666433,donor,travel-demand,pct_yoy
Phoenix,2016-08-01,-2.860478692352598,donor,travel-demand,pct_yoy
Phoenix,2016-09-01,-0.498960498960499,donor,travel-demand,pct_yoy
Phoenix,2016-10-01,0.2319826786266625,donor,travel-demand,pct_yoy
Phoenix,2016-11-01,1.7476657888436675,donor,travel-demand,pct_yoy
Phoenix,2016-12-01,2.320168193422436,donor,travel-demand,pct_yoy
Phoenix,2017-01-01,1.6494054468738015,donor,travel-demand,pct_yoy
Phoenix,2017-02-01,-3.139742964047503,donor,travel-demand,pct_yoy
Phoenix,2017-03-01,-0.5745932848736587,donor,travel-demand,pct_yoy
Phoenix,2017-04-01,-0.9252350395463362,donor,travel-demand,pct_yoy
Phoenix,2017-05-01,-1.3533284564740309,donor,travel-demand,pct_yoy
Phoenix,2017-06-01,-4.579985390796201,donor,travel-demand,pct_yoy
Phoenix,2017-07-01,-5.331144733085926,donor,travel-demand,pct_yoy
Phoenix,2017-08-01,-2.05078125,donor,travel-demand,pct_yoy
Phoenix,2017-09-01,-3.476807354784789,donor,travel-demand,pct_yoy
Phoenix,2017-10-01,-3.139947538960037,donor,travel-demand,pct_yoy
Phoenix,2017-11-01,-6.235294117647059,donor,travel-demand,pct_yoy
Phoenix,2017-12-01,-6.149556028472885,donor,travel-demand,pct_yoy
Phoenix,2018-01-01,11.0188679245283,donor,travel-demand,pct_yoy
Phoenix,2018-02-01,13.629492777964394,donor,travel-demand,pct_yoy
Phoenix,2018-03-01,13.681938448684027,donor,travel-demand,pct_yoy
Phoenix,2018-04-01,14.008133755083596,donor,travel-demand,pct_yoy
Phoenix,2018-05-01,13.807934742306266,donor,travel-demand,pct_yoy
Phoenix,2018-06-01,12.577508994871009,donor,travel-demand,pct_yoy
Phoenix,2018-07-01,14.059555220505088,donor,travel-demand,pct_yoy
Phoenix,2018-08-01,12.853746452948847,donor,travel-demand,pct_yoy
Phoenix,2018-09-01,16.12260801801022,donor,travel-demand,pct_yoy
Phoenix,2018-10-01,17.8494623655914,donor,travel-demand,pct_yoy
Phoenix,2018-11-01,19.43120033458804,donor,travel-demand,pct_yoy
Phoenix,2018-12-01,17.77308624599265,donor,travel-demand,pct_yoy
Phoenix,2019-01-01,1.9578518014955812,donor,travel-demand,pct_yoy
Phoenix,2019-02-01,1.7884856995048406,donor,travel-demand,pct_yoy
Phoenix,2019-03-01,1.3229619648435107,donor,travel-demand,pct_yoy
Phoenix,2019-04-01,1.3476020610384465,donor,travel-demand,pct_yoy
Phoenix,2019-05-01,-1.5442757542190657,donor,travel-demand,pct_yoy
Phoenix,2019-06-01,-1.931184550523596,donor,travel-demand,pct_yoy
Phoenix,2019-07-01,-2.7098479841374754,donor,travel-demand,pct_yoy
Phoenix,2019-08-01,-0.3397893306150186,donor,travel-demand,pct_yoy
Phoenix,2019-09-01,3.6089777048691376,donor,travel-demand,pct_yoy
Phoenix,2019-10-01,1.5004055150040552,donor,travel-demand,pct_yoy
Phoenix,2019-11-01,0.5673063454265304,donor,travel-demand,pct_yoy
Phoenix,2019-12-01,3.605098924445624,donor,travel-demand,pct_yoy
Phoenix,2020-01-01,3.620482731030804,donor,travel-demand,pct_yoy
Phoenix,2020-02-01,7.12989181732375,donor,travel-demand,pct_yoy
Phoenix,2020-03-01,3.094964637611074,donor,travel-demand,pct_yoy
Phoenix,2020-04-01,-39.095293964281055,donor,travel-demand,pct_yoy
Phoenix,2020-05-01,-70.88682991396426,donor,travel-demand,pct_yoy
Phoenix,2020-06-01,-58.6742476771599,donor,travel-demand,pct_yoy
Phoenix,2020-07-01,-41.419836956521735,donor,travel-demand,pct_yoy
Phoenix,2020-08-01,-37.326968973747015,donor,travel-demand,pct_yoy
Phoenix,2020-09-01,-37.16444764303706,donor,travel-demand,pct_yoy
Phoenix,2020-10-01,-36.30976161939007,donor,travel-demand,pct_yoy
Phoenix,2020-11-01,-29.410126053346332,donor,travel-demand,pct_yoy
Phoenix,2020-12-01,-33.61743031079782,donor,travel-demand,pct_yoy
Phoenix,2021-01-01,-32.74564056367029,donor,travel-demand,pct_yoy
Phoenix,2021-02-01,-35.96069129108776,donor,travel-demand,pct_yoy
Phoenix,2021-03-01,-21.659337437701552,donor,travel-demand,pct_yoy
Phoenix,2021-04-01,38.324058219178085,donor,travel-demand,pct_yoy
Phoenix,2021-05-01,217.02659695385316,donor,travel-demand,pct_yoy
Phoenix,2021-06-01,134.11073825503357,donor,travel-demand,pct_yoy
Phoenix,2021-07-01,66.8328887858054,donor,travel-demand,pct_yoy
Phoenix,2021-08-01,57.534544663257535,donor,travel-demand,pct_yoy
Phoenix,2021-09-01,60.43981216355515,donor,travel-demand,pct_yoy
Phoenix,2021-10-01,54.16623105070569,donor,travel-demand,pct_yoy
Phoenix,2021-11-01,44.90923441199685,donor,travel-demand,pct_yoy
Phoenix,2021-12-01,37.32020465295878,donor,travel-demand,pct_yoy
Phoenix,2022-01-01,29.68809797168006,donor,travel-demand,pct_yoy
Phoenix,2022-02-01,37.24203619430628,donor,travel-demand,pct_yoy
Phoenix,2022-03-01,11.024623905396302,donor,travel-demand,pct_yoy
Phoenix,2022-04-01,9.121856866537716,donor,travel-demand,pct_yoy
Phoenix,2022-05-01,-3.3988240355657533,donor,travel-demand,pct_yoy
Phoenix,2022-06-01,-4.35748584533792,donor,travel-demand,pct_yoy
Phoenix,2022-07-01,-4.038648686222716,donor,travel-demand,pct_yoy
Phoenix,2022-08-01,-6.664824918847986,donor,travel-demand,pct_yoy
Phoenix,2022-09-01,-7.145916619074814,donor,travel-demand,pct_yoy
Phoenix,2022-10-01,-3.817984538179845,donor,travel-demand,pct_yoy
Phoenix,2022-11-01,-5.242374727668846,donor,travel-demand,pct_yoy
Phoenix,2022-12-01,2.024604569420035,donor,travel-demand,pct_yoy
Phoenix,2023-01-01,11.33161195130948,donor,travel-demand,pct_yoy
Phoenix,2023-02-01,10.263726095003085,donor,travel-demand,pct_yoy
Phoenix,2023-03-01,7.455844681137927,donor,travel-demand,pct_yoy
Phoenix,2023-04-01,6.537152580828135,donor,travel-demand,pct_yoy
Phoenix,2023-05-01,9.233966745843231,donor,travel-demand,pct_yoy
Phoenix,2023-06-01,1.1315099288122892,donor,travel-demand,pct_yoy
Phoenix,2023-07-01,2.7453821079319085,donor,travel-demand,pct_yoy
Phoenix,2023-08-01,6.992748261062602,donor,travel-demand,pct_yoy
Phoenix,2023-09-01,10.978703774890445,donor,travel-demand,pct_yoy
Phoenix,2023-10-01,10.329267432842135,donor,travel-demand,pct_yoy
Phoenix,2023-11-01,14.851271734444603,donor,travel-demand,pct_yoy
Phoenix,2023-12-01,11.644732308964375,donor,travel-demand,pct_yoy
Phoenix,2024-01-01,3.1210655357497847,donor,travel-demand,pct_yoy
Phoenix,2024-02-01,5.105252115532554,donor,travel-demand,pct_yoy
Phoenix,2024-03-01,10.112923462986195,donor,travel-demand,pct_yoy
Phoenix,2024-04-01,11.007586849460935,donor,travel-demand,pct_yoy
Phoenix,2024-05-01,14.412883935852133,donor,travel-demand,pct_yoy
Phoenix,2024-06-01,14.130112625963248,donor,travel-demand,pct_yoy
Phoenix,2024-07-01,11.653976311336717,donor,travel-demand,pct_yoy
Phoenix,2024-08-01,7.510892869493049,donor,travel-demand,pct_yoy
Phoenix,2024-09-01,5.084863179771389,donor,travel-demand,pct_yoy
Tampa,2004-06-01,5.6471023884465845,donor,travel-demand,pct_yoy
Tampa,2004-07-01,4.827217670110438,donor,travel-demand,pct_yoy
Tampa,2004-08-01,6.888404216648492,donor,travel-demand,pct_yoy
Tampa,2004-09-01,3.500673206385843,donor,travel-demand,pct_yoy
Tampa,2004-10-01,5.69882777276826,donor,travel-demand,pct_yoy
Tampa,2004-11-01,21.98450756178532,donor,travel-demand,pct_yoy
Tampa,2004-12-01,21.5499306518724,donor,travel-demand,pct_yoy
Tampa,2005-01-01,20.38918546581712,donor,travel-demand,pct_yoy
Tampa,2005-02-01,12.585331699632418,donor,travel-demand,pct_yoy
Tampa,2005-03-01,19.344,donor,travel-demand,pct_yoy
Tampa,2005-04-01,21.125319693094628,donor,travel-demand,pct_yoy
Tampa,2005-05-01,12.900462566386842,donor,travel-demand,pct_yoy
Tampa,2005-06-01,12.635821941815632,donor,travel-demand,pct_yoy
Tampa,2005-07-01,13.899745114698389,donor,travel-demand,pct_yoy
Tampa,2005-08-01,12.548886243836083,donor,travel-demand,pct_yoy
Tampa,2005-09-01,10.25831629808586,donor,travel-demand,pct_yoy
Tampa,2005-10-01,8.548029346527898,donor,travel-demand,pct_yoy
Tampa,2005-11-01,-4.974296945872392,donor,travel-demand,pct_yoy
Tampa,2005-12-01,-5.676793610041363,donor,travel-demand,pct_yoy
Tampa,2006-01-01,-9.126019167501074,donor,travel-demand,pct_yoy
Tampa,2006-02-01,-6.685323383084577,donor,travel-demand,pct_yoy
Tampa,2006-03-01,-7.413862448049337,donor,travel-demand,pct_yoy
Tampa,2006-04-01,-7.587274774774774,donor,travel-demand,pct_yoy
Tampa,2006-05-01,-6.752655538694992,donor,travel-demand,pct_yoy
Tampa,2006-06-01,-7.406254862299673,donor,travel-demand,pct_yoy
Tampa,2006-07-01,-7.757720423690885,donor,travel-demand,pct_yoy
Tampa,2006-08-01,-5.997884876869618,donor,travel-demand,pct_yoy
Tampa,2006-09-01,-1.7191977077363898,donor,travel-demand,pct_yoy
Tampa,2006-10-01,-2.0748192392329456,donor,travel-demand,pct_yoy
Tampa,2006-11-01,2.863961813842482,donor,travel-demand,pct_yoy
Tampa,2006-12-01,7.364282473915015,donor,travel-demand,pct_yoy
Tampa,2007-01-01,8.972139146859751,donor,travel-demand,pct_yoy
Tampa,2007-02-01,6.647784071976008,donor,travel-demand,pct_yoy
Tampa,2007-03-01,8.934260063712713,donor,travel-demand,pct_yoy
Tampa,2007-04-01,7.53998476770754,donor,travel-demand,pct_yoy
Tampa,2007-05-01,8.673718470301058,donor,travel-demand,pct_yoy
Tampa,2007-06-01,7.30969584943707,donor,travel-demand,pct_yoy
Tampa,2007-07-01,5.984150088953583,donor,travel-demand,pct_yoy
Tampa,2007-08-01,4.934104789456766,donor,travel-demand,pct_yoy
Tampa,2007-09-01,2.6582061395986964,donor,travel-demand,pct_yoy
Tampa,2007-10-01,1.8138041733547352,donor,travel-demand,pct_yoy
Tampa,2007-11-01,0.9126063418406806,donor,travel-demand,pct_yoy
Tampa,2007-12-01,-2.9154929577464785,donor,travel-demand,pct_yoy
Tampa,2008-01-01,-2.7011411237902645,donor,travel-demand,pct_yoy
Tampa,2008-02-01,2.9370410873301047,donor,travel-demand,pct_yoy
Tampa,2008-03-01,1.7679117373388276,donor,travel-demand,pct_yoy
Tampa,2008-04-01,-0.141643059490085,donor,travel-demand,pct_yoy
Tampa,2008-05-01,0.7038035339922133,donor,travel-demand,pct_yoy
Tampa,2008-06-01,2.4115252113999373,donor,travel-demand,pct_yoy
Tampa,2008-07-01,2.441629787883412,donor,travel-demand,pct_yoy
Tampa,2008-08-01,-1.133404809312299,donor,travel-demand,pct_yoy
Tampa,2008-09-01,-8.018710324089543,donor,travel-demand,pct_yoy
Tampa,2008-10-01,-7.189027274160492,donor,travel-demand,pct_yoy
Tampa,2008-11-01,-8.307786633966892,donor,travel-demand,pct_yoy
Tampa,2008-12-01,-8.138691426084433,donor,travel-demand,pct_yoy
Tampa,2009-01-01,-11.445961995249409,donor,travel-demand,pct_yoy
Tampa,2009-02-01,-14.584914251024433,donor,travel-demand,pct_yoy
Tampa,2009-03-01,-12.055903866248691,donor,travel-demand,pct_yoy
Tampa,2009-04-01,-10.595744680851064,donor,travel-demand,pct_yoy
Tampa,2009-05-01,-10.706319702602231,donor,travel-demand,pct_yoy
Tampa,2009-06-01,-13.149847094801222,donor,travel-demand,pct_yoy
Tampa,2009-07-01,-13.07910025323998,donor,travel-demand,pct_yoy
Tampa,2009-08-01,-12.672347017815646,donor,travel-demand,pct_yoy
Tampa,2009-09-01,-10.788231020704686,donor,travel-demand,pct_yoy
Tampa,2009-10-01,-8.900968235094275,donor,travel-demand,pct_yoy
Tampa,2009-11-01,-8.910063523905048,donor,travel-demand,pct_yoy
Tampa,2009-12-01,-6.143398610233733,donor,travel-demand,pct_yoy
Tampa,2010-01-01,-3.956412405699916,donor,travel-demand,pct_yoy
Tampa,2010-02-01,-3.731343283582089,donor,travel-demand,pct_yoy
Tampa,2010-03-01,-3.846725085400268,donor,travel-demand,pct_yoy
Tampa,2010-04-01,-2.0625099159130573,donor,travel-demand,pct_yoy
Tampa,2010-05-01,-1.0324729392173189,donor,travel-demand,pct_yoy
Tampa,2010-06-01,-0.4225352112676055,donor,travel-demand,pct_yoy
Tampa,2010-07-01,-0.4113110539845758,donor,travel-demand,pct_yoy
Tampa,2010-08-01,-1.3837147418839808,donor,travel-demand,pct_yoy
Tampa,2010-09-01,1.3232899022801303,donor,travel-demand,pct_yoy
Tampa,2010-10-01,-0.5593884020137982,donor,travel-demand,pct_yoy
Tampa,2010-11-01,2.844558634611855,donor,travel-demand,pct_yoy
Tampa,2010-12-01,2.406192158842336,donor,travel-demand,pct_yoy
Tampa,2011-01-01,1.3789492057950776,donor,travel-demand,pct_yoy
Tampa,2011-02-01,-0.4614248800295312,donor,travel-demand,pct_yoy
Tampa,2011-03-01,1.7145505097312326,donor,travel-demand,pct_yoy
Tampa,2011-04-01,1.1825692531994167,donor,travel-demand,pct_yoy
Tampa,2011-05-01,-3.4662628302204275,donor,travel-demand,pct_yoy
Tampa,2011-06-01,0.7248939179632249,donor,travel-demand,pct_yoy
Tampa,2011-07-01,1.7036654620547238,donor,travel-demand,pct_yoy
Tampa,2011-08-01,1.5110631408526711,donor,travel-demand,pct_yoy
Tampa,2011-09-01,1.5069318866787222,donor,travel-demand,pct_yoy
Tampa,2011-10-01,2.400150009375586,donor,travel-demand,pct_yoy
Tampa,2011-11-01,-1.1955745895788723,donor,travel-demand,pct_yoy
Tampa,2011-12-01,-1.7088399605652318,donor,travel-demand,pct_yoy
Tampa,2012-01-01,-2.462121212121212,donor,travel-demand,pct_yoy
Tampa,2012-02-01,2.6515853884665304,donor,travel-demand,pct_yoy
Tampa,2012-03-01,-3.4016704631738803,donor,travel-demand,pct_yoy
Tampa,2012-04-01,-5.443483829650977,donor,travel-demand,pct_yoy
Tampa,2012-05-01,0.2091685549938992,donor,travel-demand,pct_yoy
Tampa,2012-06-01,-0.3686150605581885,donor,travel-demand,pct_yoy
Tampa,2012-07-01,-0.5245346869712352,donor,travel-demand,pct_yoy
Tampa,2012-08-01,-1.9670388091440725,donor,travel-demand,pct_yoy
Tampa,2012-09-01,-4.394299287410926,donor,travel-demand,pct_yoy
Tampa,2012-10-01,-4.9258377586522615,donor,travel-demand,pct_yoy
Tampa,2012-11-01,-2.293660827162724,donor,travel-demand,pct_yoy
Tampa,2012-12-01,-4.814443329989969,donor,travel-demand,pct_yoy
Tampa,2013-01-01,-4.483671668137688,donor,travel-demand,pct_yoy
Tampa,2013-02-01,-6.701589595375723,donor,travel-demand,pct_yoy
Tampa,2013-03-01,2.971230938531677,donor,travel-demand,pct_yoy
Tampa,2013-04-01,2.116491703352523,donor,travel-demand,pct_yoy
Tampa,2013-05-01,-0.7131675073925899,donor,travel-demand,pct_yoy
Tampa,2013-06-01,-2.272727272727273,donor,travel-demand,pct_yoy
Tampa,2013-07-01,-3.3168906276577648,donor,travel-demand,pct_yoy
Tampa,2013-08-01,-3.88647866955893,donor,travel-demand,pct_yoy
Tampa,2013-09-01,-4.492753623188406,donor,travel-demand,pct_yoy
Tampa,2013-10-01,-1.2711864406779665,donor,travel-demand,pct_yoy
Tampa,2013-11-01,-2.4029574861367835,donor,travel-demand,pct_yoy
Tampa,2013-12-01,-0.5444327362135581,donor,travel-demand,pct_yoy
Tampa,2014-01-01,0.3880983182406209,donor,travel-demand,pct_yoy
Tampa,2014-02-01,-0.4065827686350436,donor,travel-demand,pct_yoy
Tampa,2014-03-01,-0.7786259541984732,donor,travel-demand,pct_yoy
Tampa,2014-04-01,-2.47056872823744,donor,travel-demand,pct_yoy
Tampa,2014-05-01,-1.8044849334267692,donor,travel-demand,pct_yoy
Tampa,2014-06-01,-5.624661979448351,donor,travel-demand,pct_yoy
Tampa,2014-07-01,-5.313159746657284,donor,travel-demand,pct_yoy
Tampa,2014-08-01,-6.30054542034982,donor,travel-demand,pct_yoy
Tampa,2014-09-01,-0.8887925428137872,donor,travel-demand,pct_yoy
Tampa,2014-10-01,-2.438548575887632,donor,travel-demand,pct_yoy
Tampa,2014-11-01,1.6856060606060608,donor,travel-demand,pct_yoy
Tampa,2014-12-01,1.9954087939254808,donor,travel-demand,pct_yoy
Tampa,2015-01-01,9.830633284241532,donor,travel-demand,pct_yoy
Tampa,2015-02-01,6.084758942457231,donor,travel-demand,pct_yoy
Tampa,2015-03-01,5.477765810124635,donor,travel-demand,pct_yoy
Tampa,2015-04-01,4.760285617137028,donor,travel-demand,pct_yoy
Tampa,2015-05-01,5.941123996431758,donor,travel-demand,pct_yoy
Tampa,2015-06-01,9.493791786055397,donor,travel-demand,pct_yoy
Tampa,2015-07-01,8.732813080639168,donor,travel-demand,pct_yoy
Tampa,2015-08-01,9.032517061421116,donor,travel-demand,pct_yoy
Tampa,2015-09-01,4.440069991251094,donor,travel-demand,pct_yoy
Tampa,2015-10-01,2.9394121175764845,donor,travel-demand,pct_yoy
Tampa,2015-11-01,5.531756379214007,donor,travel-demand,pct_yoy
Tampa,2015-12-01,5.24584487534626,donor,travel-demand,pct_yoy
Tampa,2016-01-01,0.5028494803888702,donor,travel-demand,pct_yoy
Tampa,2016-02-01,4.672897196261682,donor,travel-demand,pct_yoy
Tampa,2016-03-01,-0.4084609773887673,donor,travel-demand,pct_yoy
Tampa,2016-04-01,-1.5741642323920804,donor,travel-demand,pct_yoy
Tampa,2016-05-01,-3.805995284607612,donor,travel-demand,pct_yoy
Tampa,2016-06-01,-3.332170272156315,donor,travel-demand,pct_yoy
Tampa,2016-07-01,-2.836637047163363,donor,travel-demand,pct_yoy
Tampa,2016-08-01,-3.51620029455081,donor,travel-demand,pct_yoy
Tampa,2016-09-01,-3.1413612565445024,donor,travel-demand,pct_yoy
Tampa,2016-10-01,-3.457653457653457,donor,travel-demand,pct_yoy
Tampa,2016-11-01,-2.770914225202965,donor,travel-demand,pct_yoy
Tampa,2016-12-01,-0.2303010363546636,donor,travel-demand,pct_yoy
Tampa,2017-01-01,-1.3675783855903936,donor,travel-demand,pct_yoy
Tampa,2017-02-01,-4.919467787114846,donor,travel-demand,pct_yoy
Tampa,2017-03-01,-0.6298520580049802,donor,travel-demand,pct_yoy
Tampa,2017-04-01,6.051112943116241,donor,travel-demand,pct_yoy
Tampa,2017-05-01,3.2387955182072834,donor,travel-demand,pct_yoy
Tampa,2017-06-01,4.890813932503158,donor,travel-demand,pct_yoy
Tampa,2017-07-01,4.238480478367921,donor,travel-demand,pct_yoy
Tampa,2017-08-01,6.410990269032628,donor,travel-demand,pct_yoy
Tampa,2017-09-01,4.216216216216216,donor,travel-demand,pct_yoy
Tampa,2017-10-01,7.323943661971831,donor,travel-demand,pct_yoy
Tampa,2017-11-01,4.93737520421129,donor,travel-demand,pct_yoy
Tampa,2017-12-01,6.413849958779884,donor,travel-demand,pct_yoy
Tampa,2018-01-01,10.90632397700372,donor,travel-demand,pct_yoy
Tampa,2018-02-01,11.047689191677408,donor,travel-demand,pct_yoy
Tampa,2018-03-01,8.077830188679245,donor,travel-demand,pct_yoy
Tampa,2018-04-01,0.2643034825870647,donor,travel-demand,pct_yoy
Tampa,2018-05-01,6.545701204002034,donor,travel-demand,pct_yoy
Tampa,2018-06-01,3.544390915347557,donor,travel-demand,pct_yoy
Tampa,2018-07-01,4.487936561498229,donor,travel-demand,pct_yoy
Tampa,2018-08-01,3.388918773534158,donor,travel-demand,pct_yoy
Tampa,2018-09-01,9.626556016597512,donor,travel-demand,pct_yoy
Tampa,2018-10-01,7.536557930258718,donor,travel-demand,pct_yoy
Tampa,2018-11-01,8.285763708700916,donor,travel-demand,pct_yoy
Tampa,2018-12-01,5.577936163619461,donor,travel-demand,pct_yoy
Tampa,2019-01-01,2.0277481323372464,donor,travel-demand,pct_yoy
Tampa,2019-02-01,0.4476869507544354,donor,travel-demand,pct_yoy
Tampa,2019-03-01,4.500818330605565,donor,travel-demand,pct_yoy
Tampa,2019-04-01,9.10218638548612,donor,travel-demand,pct_yoy
Tampa,2019-05-01,2.7852936495304794,donor,travel-demand,pct_yoy
Tampa,2019-06-01,2.8082419408441344,donor,travel-demand,pct_yoy
Tampa,2019-07-01,2.179880510253512,donor,travel-demand,pct_yoy
Tampa,2019-08-01,2.3759972251127297,donor,travel-demand,pct_yoy
Tampa,2019-09-01,-1.0598031794095382,donor,travel-demand,pct_yoy
Tampa,2019-10-01,3.2949790794979084,donor,travel-demand,pct_yoy
Tampa,2019-11-01,4.15335463258786,donor,travel-demand,pct_yoy
Tampa,2019-12-01,6.985617845611976,donor,travel-demand,pct_yoy
Tampa,2020-01-01,1.4943215780035863,donor,travel-demand,pct_yoy
Tampa,2020-02-01,8.137999339716078,donor,travel-demand,pct_yoy
Tampa,2020-03-01,2.5711302531975986,donor,travel-demand,pct_yoy
Tampa,2020-04-01,-45.636725412166,donor,travel-demand,pct_yoy
Tampa,2020-05-01,-73.47475998761226,donor,travel-demand,pct_yoy
Tampa,2020-06-01,-59.67350897042185,donor,travel-demand,pct_yoy
Tampa,2020-07-01,-36.39380530973451,donor,travel-demand,pct_yoy
Tampa,2020-08-01,-37.96374724716246,donor,travel-demand,pct_yoy
Tampa,2020-09-01,-47.36036725325173,donor,travel-demand,pct_yoy
Tampa,2020-10-01,-42.78481012658228,donor,travel-demand,pct_yoy
Tampa,2020-11-01,-31.21165644171779,donor,travel-demand,pct_yoy
Tampa,2020-12-01,-34.40329218106996,donor,travel-demand,pct_yoy
Tampa,2021-01-01,-31.021790341578324,donor,travel-demand,pct_yoy
Tampa,2021-02-01,-35.185467867501146,donor,travel-demand,pct_yoy
Tampa,2021-03-01,-23.09454129024049,donor,travel-demand,pct_yoy
Tampa,2021-04-01,54.22222222222223,donor,travel-demand,pct_yoy
Tampa,2021-05-01,248.861646234676,donor,travel-demand,pct_yoy
Tampa,2021-06-01,130.82164328657316,donor,travel-demand,pct_yoy
Tampa,2021-07-01,47.30434782608695,donor,travel-demand,pct_yoy
Tampa,2021-08-01,58.41070453304206,donor,travel-demand,pct_yoy
Tampa,2021-09-01,86.59156976744185,donor,travel-demand,pct_yoy
Tampa,2021-10-01,67.02064896755162,donor,travel-demand,pct_yoy
Tampa,2021-11-01,42.675585284280935,donor,travel-demand,pct_yoy
Tampa,2021-12-01,43.55918025930573,donor,travel-demand,pct_yoy
Tampa,2022-01-01,39.85058697972252,donor,travel-demand,pct_yoy
Tampa,2022-02-01,42.32218558643429,donor,travel-demand,pct_yoy
Tampa,2022-03-01,21.757114493712773,donor,travel-demand,pct_yoy
Tampa,2022-04-01,12.900491608747243,donor,travel-demand,pct_yoy
Tampa,2022-05-01,3.5140562248995986,donor,travel-demand,pct_yoy
Tampa,2022-06-01,-3.69855877756555,donor,travel-demand,pct_yoy
Tampa,2022-07-01,-4.047900151796256,donor,travel-demand,pct_yoy
Tampa,2022-08-01,-4.102740906740218,donor,travel-demand,pct_yoy
Tampa,2022-09-01,3.4274586173320354,donor,travel-demand,pct_yoy
Tampa,2022-10-01,-0.3179088661250441,donor,travel-demand,pct_yoy
Tampa,2022-11-01,-6.672917643381779,donor,travel-demand,pct_yoy
Tampa,2022-12-01,-3.685360524399126,donor,travel-demand,pct_yoy
Tampa,2023-01-01,-1.0378510378510375,donor,travel-demand,pct_yoy
Tampa,2023-02-01,-0.5626344530862155,donor,travel-demand,pct_yoy
Tampa,2023-03-01,-0.1358880282647099,donor,travel-demand,pct_yoy
Tampa,2023-04-01,6.291291291291292,donor,travel-demand,pct_yoy
Tampa,2023-05-01,7.225994180407372,donor,travel-demand,pct_yoy
Tampa,2023-06-01,11.720158672917416,donor,travel-demand,pct_yoy
Tampa,2023-07-01,13.27122517138337,donor,travel-demand,pct_yoy
Tampa,2023-08-01,10.731619629696208,donor,travel-demand,pct_yoy
Tampa,2023-09-01,7.286763321408397,donor,travel-demand,pct_yoy
Tampa,2023-10-01,17.08008504606662,donor,travel-demand,pct_yoy
Tampa,2023-11-01,12.910247823174815,donor,travel-demand,pct_yoy
Tampa,2023-12-01,9.815486993345433,donor,travel-demand,pct_yoy
Tampa,2024-01-01,5.228254164096237,donor,travel-demand,pct_yoy
Tampa,2024-02-01,9.385921118322518,donor,travel-demand,pct_yoy
Tampa,2024-03-01,9.443461695468772,donor,travel-demand,pct_yoy
Tampa,2024-04-01,0.5509252719310637,donor,travel-demand,pct_yoy
Tampa,2024-05-01,3.1659882406151065,donor,travel-demand,pct_yoy
Tampa,2024-06-01,0.7585539057456424,donor,travel-demand,pct_yoy
Tampa,2024-07-01,-1.8156424581005588,donor,travel-demand,pct_yoy
Tampa,2024-08-01,-4.26948051948052,donor,travel-demand,pct_yoy
Tampa,2024-09-01,-4.527904527904528,donor,travel-demand,pct_yoy
