unit,time,y,role,group
Financial_Emp,1991-01-01,2.950819672131156,donor,insulated
Financial_Emp,1991-02-01,1.954397394136809,donor,insulated
Financial_Emp,1991-03-01,1.6129032258064502,donor,insulated
Financial_Emp,1991-04-01,1.6233766233766156,donor,insulated
Financial_Emp,1991-05-01,0.9646302250803762,donor,insulated
Financial_Emp,1991-06-01,0.0,donor,insulated
Financial_Emp,1991-07-01,-0.3144654088050314,donor,insulated
Financial_Emp,1991-08-01,-0.6249999999999978,donor,insulated
Financial_Emp,1991-09-01,-0.943396226415094,donor,insulated
Financial_Emp,1991-10-01,-1.253918495297801,donor,insulated
Financial_Emp,1991-11-01,-0.313479623824453,donor,insulated
Financial_Emp,1991-12-01,0.0,donor,insulated
Financial_Emp,1992-01-01,-1.9108280254777064,donor,insulated
Financial_Emp,1992-02-01,-0.9584664536741228,donor,insulated
Financial_Emp,1992-03-01,-0.952380952380949,donor,insulated
Financial_Emp,1992-04-01,-0.9584664536741228,donor,insulated
Financial_Emp,1992-05-01,-1.273885350318471,donor,insulated
Financial_Emp,1992-06-01,-1.2658227848101222,donor,insulated
Financial_Emp,1992-07-01,-1.577287066246058,donor,insulated
Financial_Emp,1992-08-01,-1.5723270440251569,donor,insulated
Financial_Emp,1992-09-01,-0.6349206349206327,donor,insulated
Financial_Emp,1992-10-01,-0.3174603174603163,donor,insulated
Financial_Emp,1992-11-01,-1.5723270440251569,donor,insulated
Financial_Emp,1992-12-01,-1.2461059190031154,donor,insulated
Financial_Emp,1993-01-01,2.922077922077926,donor,insulated
Financial_Emp,1993-02-01,2.9032258064516148,donor,insulated
Financial_Emp,1993-03-01,2.8846153846153744,donor,insulated
Financial_Emp,1993-04-01,3.8709677419354938,donor,insulated
Financial_Emp,1993-05-01,4.193548387096757,donor,insulated
Financial_Emp,1993-06-01,4.166666666666674,donor,insulated
Financial_Emp,1993-07-01,4.166666666666674,donor,insulated
Financial_Emp,1993-08-01,3.833865814696491,donor,insulated
Financial_Emp,1993-09-01,3.514376996805102,donor,insulated
Financial_Emp,1993-10-01,2.5477707006369643,donor,insulated
Financial_Emp,1993-11-01,3.514376996805102,donor,insulated
Financial_Emp,1993-12-01,2.5236593059936974,donor,insulated
Financial_Emp,1994-01-01,2.5236593059936974,donor,insulated
Financial_Emp,1994-02-01,2.5078369905956244,donor,insulated
Financial_Emp,1994-03-01,1.8691588785046955,donor,insulated
Financial_Emp,1994-04-01,-1.552795031055909,donor,insulated
Financial_Emp,1994-05-01,-2.1671826625386914,donor,insulated
Financial_Emp,1994-06-01,-2.15384615384615,donor,insulated
Financial_Emp,1994-07-01,-2.15384615384615,donor,insulated
Financial_Emp,1994-08-01,-2.15384615384615,donor,insulated
Financial_Emp,1994-09-01,-1.5432098765432056,donor,insulated
Financial_Emp,1994-10-01,-2.484472049689457,donor,insulated
Financial_Emp,1994-11-01,-3.0864197530864224,donor,insulated
Financial_Emp,1994-12-01,-3.384615384615386,donor,insulated
Financial_Emp,1995-01-01,-4.923076923076919,donor,insulated
Financial_Emp,1995-02-01,-5.198776758409796,donor,insulated
Financial_Emp,1995-03-01,-4.892966360856277,donor,insulated
Financial_Emp,1995-04-01,-2.8391167192429068,donor,insulated
Financial_Emp,1995-05-01,-2.531645569620256,donor,insulated
Financial_Emp,1995-06-01,-2.8301886792452824,donor,insulated
Financial_Emp,1995-07-01,-3.773584905660377,donor,insulated
Financial_Emp,1995-08-01,-2.20125786163522,donor,insulated
Financial_Emp,1995-09-01,-2.8213166144200663,donor,insulated
Financial_Emp,1995-10-01,-1.9108280254777064,donor,insulated
Financial_Emp,1995-11-01,-1.5923566878980888,donor,insulated
Financial_Emp,1995-12-01,-1.9108280254777064,donor,insulated
Financial_Emp,1996-01-01,-0.9708737864077666,donor,insulated
Financial_Emp,1996-02-01,-0.3225806451612856,donor,insulated
Financial_Emp,1996-03-01,-0.3215434083601254,donor,insulated
Financial_Emp,1996-04-01,-0.649350649350644,donor,insulated
Financial_Emp,1996-05-01,-0.3246753246753275,donor,insulated
Financial_Emp,1996-06-01,-0.6472491909385147,donor,insulated
Financial_Emp,1996-07-01,0.0,donor,insulated
Financial_Emp,1996-08-01,-1.2861736334405127,donor,insulated
Financial_Emp,1996-09-01,-0.6451612903225823,donor,insulated
Financial_Emp,1996-10-01,-1.9480519480519431,donor,insulated
Financial_Emp,1996-11-01,-1.2944983818770184,donor,insulated
Financial_Emp,1996-12-01,-0.3246753246753275,donor,insulated
Financial_Emp,1997-01-01,-0.6535947712418277,donor,insulated
Financial_Emp,1997-02-01,-0.9708737864077666,donor,insulated
Financial_Emp,1997-03-01,-0.6451612903225823,donor,insulated
Financial_Emp,1997-04-01,-1.3071895424836557,donor,insulated
Financial_Emp,1997-05-01,-1.6286644951140072,donor,insulated
Financial_Emp,1997-06-01,-1.6286644951140072,donor,insulated
Financial_Emp,1997-07-01,-1.6339869281045805,donor,insulated
Financial_Emp,1997-08-01,-1.954397394136809,donor,insulated
Financial_Emp,1997-09-01,-1.9480519480519431,donor,insulated
Financial_Emp,1997-10-01,-1.655629139072845,donor,insulated
Financial_Emp,1997-11-01,-2.2950819672131195,donor,insulated
Financial_Emp,1997-12-01,-1.3029315960912058,donor,insulated
Financial_Emp,1998-01-01,-1.3157894736842146,donor,insulated
Financial_Emp,1998-02-01,-2.614379084967322,donor,insulated
Financial_Emp,1998-03-01,-2.2727272727272707,donor,insulated
Financial_Emp,1998-04-01,-0.6622516556291425,donor,insulated
Financial_Emp,1998-05-01,-0.6622516556291425,donor,insulated
Financial_Emp,1998-06-01,-0.3311258278145712,donor,insulated
Financial_Emp,1998-07-01,0.9966777408637828,donor,insulated
Financial_Emp,1998-08-01,0.9966777408637828,donor,insulated
Financial_Emp,1998-09-01,0.3311258278145601,donor,insulated
Financial_Emp,1998-10-01,1.346801346801341,donor,insulated
Financial_Emp,1998-11-01,1.6778523489932915,donor,insulated
Financial_Emp,1998-12-01,0.660066006600668,donor,insulated
Financial_Emp,1999-01-01,-0.666666666666671,donor,insulated
Financial_Emp,1999-02-01,0.6711409395973256,donor,insulated
Financial_Emp,1999-03-01,-0.3322259136212646,donor,insulated
Financial_Emp,1999-04-01,-0.3333333333333299,donor,insulated
Financial_Emp,1999-05-01,-0.666666666666671,donor,insulated
Financial_Emp,1999-06-01,-0.3322259136212646,donor,insulated
Financial_Emp,1999-07-01,-2.631578947368418,donor,insulated
Financial_Emp,1999-08-01,-2.960526315789469,donor,insulated
Financial_Emp,1999-09-01,-2.970297029702973,donor,insulated
Financial_Emp,1999-10-01,-2.657807308970095,donor,insulated
Financial_Emp,1999-11-01,-3.63036303630363,donor,insulated
Financial_Emp,1999-12-01,-3.278688524590168,donor,insulated
Financial_Emp,2000-01-01,-3.691275167785235,donor,insulated
Financial_Emp,2000-02-01,-3.666666666666664,donor,insulated
Financial_Emp,2000-03-01,-3.666666666666664,donor,insulated
Financial_Emp,2000-04-01,-4.013377926421402,donor,insulated
Financial_Emp,2000-05-01,-3.691275167785235,donor,insulated
Financial_Emp,2000-06-01,-3.666666666666664,donor,insulated
Financial_Emp,2000-07-01,-2.0270270270270285,donor,insulated
Financial_Emp,2000-08-01,-1.6949152542372836,donor,insulated
Financial_Emp,2000-09-01,-2.0408163265306145,donor,insulated
Financial_Emp,2000-10-01,-1.7064846416382284,donor,insulated
Financial_Emp,2000-11-01,-1.7123287671232834,donor,insulated
Financial_Emp,2000-12-01,-1.016949152542368,donor,insulated
Financial_Emp,2001-01-01,-1.0452961672473893,donor,insulated
Financial_Emp,2001-02-01,-1.384083044982698,donor,insulated
Financial_Emp,2001-03-01,-0.692041522491349,donor,insulated
Financial_Emp,2001-04-01,-0.6968641114982632,donor,insulated
Financial_Emp,2001-05-01,-0.6968641114982632,donor,insulated
Financial_Emp,2001-06-01,-1.038062283737029,donor,insulated
Financial_Emp,2001-07-01,-2.0689655172413834,donor,insulated
Financial_Emp,2001-08-01,-2.0689655172413834,donor,insulated
Financial_Emp,2001-09-01,-1.736111111111116,donor,insulated
Financial_Emp,2001-10-01,-3.125,donor,insulated
Financial_Emp,2001-11-01,-2.7874564459930307,donor,insulated
Financial_Emp,2001-12-01,-4.109589041095896,donor,insulated
Financial_Emp,2002-01-01,-3.169014084507038,donor,insulated
Financial_Emp,2002-02-01,-3.157894736842104,donor,insulated
Financial_Emp,2002-03-01,-2.7874564459930307,donor,insulated
Financial_Emp,2002-04-01,-2.8070175438596467,donor,insulated
Financial_Emp,2002-05-01,-2.1052631578947323,donor,insulated
Financial_Emp,2002-06-01,-1.74825174825175,donor,insulated
Financial_Emp,2002-07-01,-1.056338028169013,donor,insulated
Financial_Emp,2002-08-01,-1.056338028169013,donor,insulated
Financial_Emp,2002-09-01,-0.7067137809187329,donor,insulated
Financial_Emp,2002-10-01,1.0752688172043,donor,insulated
Financial_Emp,2002-11-01,1.7921146953405076,donor,insulated
Financial_Emp,2002-12-01,2.499999999999991,donor,insulated
Financial_Emp,2003-01-01,1.818181818181808,donor,insulated
Financial_Emp,2003-02-01,2.1739130434782705,donor,insulated
Financial_Emp,2003-03-01,1.7921146953405076,donor,insulated
Financial_Emp,2003-04-01,2.166064981949467,donor,insulated
Financial_Emp,2003-05-01,2.508960573476693,donor,insulated
Financial_Emp,2003-06-01,2.8469750889679624,donor,insulated
Financial_Emp,2003-07-01,3.2028469750889688,donor,insulated
Financial_Emp,2003-08-01,3.91459074733096,donor,insulated
Financial_Emp,2003-09-01,3.2028469750889688,donor,insulated
Financial_Emp,2003-10-01,2.8368794326241176,donor,insulated
Financial_Emp,2003-11-01,1.760563380281699,donor,insulated
Financial_Emp,2003-12-01,1.7421602787456525,donor,insulated
Financial_Emp,2004-01-01,3.214285714285725,donor,insulated
Financial_Emp,2004-02-01,2.4822695035461084,donor,insulated
Financial_Emp,2004-03-01,2.1126760563380254,donor,insulated
Financial_Emp,2004-04-01,2.826855123674909,donor,insulated
Financial_Emp,2004-05-01,1.74825174825175,donor,insulated
Financial_Emp,2004-06-01,1.384083044982698,donor,insulated
Financial_Emp,2004-07-01,1.0344827586206806,donor,insulated
Financial_Emp,2004-08-01,0.0,donor,insulated
Financial_Emp,2004-09-01,0.3448275862068861,donor,insulated
Financial_Emp,2004-10-01,1.379310344827589,donor,insulated
Financial_Emp,2004-11-01,2.076124567474058,donor,insulated
Financial_Emp,2004-12-01,1.7123287671232834,donor,insulated
Financial_Emp,2005-01-01,0.6920415224913601,donor,insulated
Financial_Emp,2005-02-01,1.730103806228378,donor,insulated
Financial_Emp,2005-03-01,1.379310344827589,donor,insulated
Financial_Emp,2005-04-01,0.6872852233676952,donor,insulated
Financial_Emp,2005-05-01,1.3745704467353903,donor,insulated
Financial_Emp,2005-06-01,1.0238907849829282,donor,insulated
Financial_Emp,2005-07-01,1.7064846416382284,donor,insulated
Financial_Emp,2005-08-01,2.397260273972601,donor,insulated
Financial_Emp,2005-09-01,2.7491408934707806,donor,insulated
Financial_Emp,2005-10-01,1.7006802721088343,donor,insulated
Financial_Emp,2005-11-01,2.033898305084736,donor,insulated
Financial_Emp,2005-12-01,2.020202020202011,donor,insulated
Financial_Emp,2006-01-01,2.7491408934707806,donor,insulated
Financial_Emp,2006-02-01,2.0408163265306145,donor,insulated
Financial_Emp,2006-03-01,3.0612244897959107,donor,insulated
Financial_Emp,2006-04-01,3.412969283276457,donor,insulated
Financial_Emp,2006-05-01,3.050847457627115,donor,insulated
Financial_Emp,2006-06-01,3.378378378378377,donor,insulated
Financial_Emp,2006-07-01,2.348993288590595,donor,insulated
Financial_Emp,2006-08-01,2.341137123745818,donor,insulated
Financial_Emp,2006-09-01,1.6722408026755842,donor,insulated
Financial_Emp,2006-10-01,1.3377926421404671,donor,insulated
Financial_Emp,2006-11-01,1.3289036544850583,donor,insulated
Financial_Emp,2006-12-01,1.320132013201314,donor,insulated
Financial_Emp,2007-01-01,1.3377926421404671,donor,insulated
Financial_Emp,2007-02-01,1.333333333333342,donor,insulated
Financial_Emp,2007-03-01,0.990099009900991,donor,insulated
Financial_Emp,2007-04-01,0.3300330033003229,donor,insulated
Financial_Emp,2007-05-01,0.328947368421062,donor,insulated
Financial_Emp,2007-06-01,0.3267973856209138,donor,insulated
Financial_Emp,2007-07-01,0.6557377049180246,donor,insulated
Financial_Emp,2007-08-01,0.0,donor,insulated
Financial_Emp,2007-09-01,0.0,donor,insulated
Financial_Emp,2007-10-01,0.660066006600668,donor,insulated
Financial_Emp,2007-11-01,-0.3278688524590123,donor,insulated
Financial_Emp,2007-12-01,-0.3257328990228014,donor,insulated
Financial_Emp,2008-01-01,-1.320132013201325,donor,insulated
Financial_Emp,2008-02-01,-0.6578947368421018,donor,insulated
Financial_Emp,2008-03-01,-1.6339869281045805,donor,insulated
Financial_Emp,2008-04-01,-0.6578947368421018,donor,insulated
Financial_Emp,2008-05-01,-0.6557377049180357,donor,insulated
Financial_Emp,2008-06-01,-1.6286644951140072,donor,insulated
Financial_Emp,2008-07-01,-1.954397394136809,donor,insulated
Financial_Emp,2008-08-01,-1.9607843137254943,donor,insulated
Financial_Emp,2008-09-01,-2.302631578947368,donor,insulated
Financial_Emp,2008-10-01,-4.262295081967215,donor,insulated
Financial_Emp,2008-11-01,-3.289473684210531,donor,insulated
Financial_Emp,2008-12-01,-4.248366013071891,donor,insulated
Financial_Emp,2009-01-01,-5.0167224080267525,donor,insulated
Financial_Emp,2009-02-01,-5.960264900662249,donor,insulated
Financial_Emp,2009-03-01,-5.6478405315614655,donor,insulated
Financial_Emp,2009-04-01,-6.29139072847682,donor,insulated
Financial_Emp,2009-05-01,-6.270627062706269,donor,insulated
Financial_Emp,2009-06-01,-5.960264900662249,donor,insulated
Financial_Emp,2009-07-01,-6.312292358803983,donor,insulated
Financial_Emp,2009-08-01,-6.000000000000005,donor,insulated
Financial_Emp,2009-09-01,-5.387205387205385,donor,insulated
Financial_Emp,2009-10-01,-4.109589041095896,donor,insulated
Financial_Emp,2009-11-01,-4.761904761904767,donor,insulated
Financial_Emp,2009-12-01,-4.0955631399317465,donor,insulated
Financial_Emp,2010-01-01,-2.8169014084507005,donor,insulated
Financial_Emp,2010-02-01,-2.8169014084507005,donor,insulated
Financial_Emp,2010-03-01,-2.464788732394363,donor,insulated
Financial_Emp,2010-04-01,-2.826855123674909,donor,insulated
Financial_Emp,2010-05-01,-3.521126760563376,donor,insulated
Financial_Emp,2010-06-01,-3.521126760563376,donor,insulated
Financial_Emp,2010-07-01,-2.4822695035460973,donor,insulated
Financial_Emp,2010-08-01,-2.4822695035460973,donor,insulated
Financial_Emp,2010-09-01,-2.846975088967973,donor,insulated
Financial_Emp,2010-10-01,-1.7857142857142905,donor,insulated
Financial_Emp,2010-11-01,-2.1428571428571463,donor,insulated
Financial_Emp,2010-12-01,-1.7793594306049876,donor,insulated
Financial_Emp,2011-01-01,-1.811594202898548,donor,insulated
Financial_Emp,2011-02-01,-1.449275362318836,donor,insulated
Financial_Emp,2011-03-01,-1.805054151624552,donor,insulated
Financial_Emp,2011-04-01,-1.0909090909090868,donor,insulated
Financial_Emp,2011-05-01,-0.7299270072992692,donor,insulated
Financial_Emp,2011-06-01,-0.7299270072992692,donor,insulated
Financial_Emp,2011-07-01,-0.363636363636366,donor,insulated
Financial_Emp,2011-08-01,-0.727272727272732,donor,insulated
Financial_Emp,2011-09-01,-0.73260073260073,donor,insulated
Financial_Emp,2011-10-01,-1.0909090909090868,donor,insulated
Financial_Emp,2011-11-01,0.0,donor,insulated
Financial_Emp,2011-12-01,-0.7246376811594235,donor,insulated
Financial_Emp,2012-01-01,-0.3690036900368953,donor,insulated
Financial_Emp,2012-02-01,0.0,donor,insulated
Financial_Emp,2012-03-01,0.0,donor,insulated
Financial_Emp,2012-04-01,0.0,donor,insulated
Financial_Emp,2012-05-01,0.3676470588235281,donor,insulated
Financial_Emp,2012-06-01,1.1029411764705843,donor,insulated
Financial_Emp,2012-07-01,0.364963503649629,donor,insulated
Financial_Emp,2012-08-01,0.73260073260073,donor,insulated
Financial_Emp,2012-09-01,1.4760147601476037,donor,insulated
Financial_Emp,2012-10-01,1.1029411764705843,donor,insulated
Financial_Emp,2012-11-01,0.7299270072992803,donor,insulated
Financial_Emp,2012-12-01,1.094890510948909,donor,insulated
Financial_Emp,2013-01-01,1.4814814814814836,donor,insulated
Financial_Emp,2013-02-01,1.1029411764705843,donor,insulated
Financial_Emp,2013-03-01,1.8382352941176403,donor,insulated
Financial_Emp,2013-04-01,2.2058823529411686,donor,insulated
Financial_Emp,2013-05-01,2.19780219780219,donor,insulated
Financial_Emp,2013-06-01,1.454545454545464,donor,insulated
Financial_Emp,2013-07-01,1.454545454545464,donor,insulated
Financial_Emp,2013-08-01,1.090909090909098,donor,insulated
Financial_Emp,2013-09-01,1.818181818181808,donor,insulated
Financial_Emp,2013-10-01,1.454545454545464,donor,insulated
Financial_Emp,2013-11-01,1.449275362318847,donor,insulated
Financial_Emp,2013-12-01,1.805054151624552,donor,insulated
Financial_Emp,2014-01-01,1.4598540145985384,donor,insulated
Financial_Emp,2014-02-01,1.454545454545464,donor,insulated
Financial_Emp,2014-03-01,1.4440433212996373,donor,insulated
Financial_Emp,2014-04-01,1.0791366906474753,donor,insulated
Financial_Emp,2014-05-01,1.0752688172043,donor,insulated
Financial_Emp,2014-06-01,1.4336917562723928,donor,insulated
Financial_Emp,2014-07-01,2.508960573476693,donor,insulated
Financial_Emp,2014-08-01,2.517985611510798,donor,insulated
Financial_Emp,2014-09-01,1.4285714285714235,donor,insulated
Financial_Emp,2014-10-01,2.1505376344086,donor,insulated
Financial_Emp,2014-11-01,1.7857142857142794,donor,insulated
Financial_Emp,2014-12-01,2.4822695035461084,donor,insulated
Financial_Emp,2015-01-01,2.517985611510798,donor,insulated
Financial_Emp,2015-02-01,2.508960573476693,donor,insulated
Financial_Emp,2015-03-01,2.491103202846978,donor,insulated
Financial_Emp,2015-04-01,2.8469750889679624,donor,insulated
Financial_Emp,2015-05-01,2.4822695035461084,donor,insulated
Financial_Emp,2015-06-01,2.826855123674909,donor,insulated
Financial_Emp,2015-07-01,1.3986013986013957,donor,insulated
Financial_Emp,2015-08-01,1.403508771929829,donor,insulated
Financial_Emp,2015-09-01,1.0563380281690238,donor,insulated
Financial_Emp,2015-10-01,0.7017543859649145,donor,insulated
Financial_Emp,2015-11-01,0.7017543859649145,donor,insulated
Financial_Emp,2015-12-01,0.34602076124568,donor,insulated
Financial_Emp,2016-01-01,1.403508771929829,donor,insulated
Financial_Emp,2016-02-01,1.3986013986013957,donor,insulated
Financial_Emp,2016-03-01,0.694444444444442,donor,insulated
Financial_Emp,2016-04-01,0.6920415224913601,donor,insulated
Financial_Emp,2016-05-01,0.6920415224913601,donor,insulated
Financial_Emp,2016-06-01,0.3436426116838476,donor,insulated
Financial_Emp,2016-07-01,1.724137931034475,donor,insulated
Financial_Emp,2016-08-01,2.422145328719716,donor,insulated
Financial_Emp,2016-09-01,2.4390243902439046,donor,insulated
Financial_Emp,2016-10-01,2.4390243902439046,donor,insulated
Financial_Emp,2016-11-01,2.4390243902439046,donor,insulated
Financial_Emp,2016-12-01,2.0689655172413834,donor,insulated
Financial_Emp,2017-01-01,1.384083044982698,donor,insulated
Financial_Emp,2017-02-01,1.0344827586206806,donor,insulated
Financial_Emp,2017-03-01,1.724137931034475,donor,insulated
Financial_Emp,2017-04-01,0.6872852233676952,donor,insulated
Financial_Emp,2017-05-01,1.0309278350515427,donor,insulated
Financial_Emp,2017-06-01,1.3698630136986356,donor,insulated
Financial_Emp,2017-07-01,0.0,donor,insulated
Financial_Emp,2017-08-01,-0.3378378378378399,donor,insulated
Financial_Emp,2017-09-01,0.0,donor,insulated
Financial_Emp,2017-10-01,0.340136054421758,donor,insulated
Financial_Emp,2017-11-01,0.6802721088435382,donor,insulated
Financial_Emp,2017-12-01,0.6756756756756799,donor,insulated
Financial_Emp,2018-01-01,0.6825938566553003,donor,insulated
Financial_Emp,2018-02-01,0.6825938566553003,donor,insulated
Financial_Emp,2018-03-01,0.6779661016949046,donor,insulated
Financial_Emp,2018-04-01,1.3651877133105783,donor,insulated
Financial_Emp,2018-05-01,0.6802721088435382,donor,insulated
Financial_Emp,2018-06-01,0.3378378378378288,donor,insulated
Financial_Emp,2018-07-01,0.6779661016949046,donor,insulated
Financial_Emp,2018-08-01,0.3389830508474523,donor,insulated
Financial_Emp,2018-09-01,0.340136054421758,donor,insulated
Financial_Emp,2018-10-01,1.016949152542379,donor,insulated
Financial_Emp,2018-11-01,0.6756756756756799,donor,insulated
Financial_Emp,2018-12-01,0.6711409395973256,donor,insulated
Financial_Emp,2019-01-01,0.0,donor,insulated
Financial_Emp,2019-02-01,0.6779661016949046,donor,insulated
Financial_Emp,2019-03-01,0.3367003367003462,donor,insulated
Financial_Emp,2019-04-01,1.0101010101010166,donor,insulated
Financial_Emp,2019-05-01,1.6891891891891886,donor,insulated
Financial_Emp,2019-06-01,1.683501683501687,donor,insulated
Financial_Emp,2019-07-01,1.346801346801341,donor,insulated
Financial_Emp,2019-08-01,1.3513513513513598,donor,insulated
Financial_Emp,2019-09-01,1.3559322033898311,donor,insulated
Financial_Emp,2019-10-01,1.342281879194629,donor,insulated
Financial_Emp,2019-11-01,1.342281879194629,donor,insulated
Financial_Emp,2019-12-01,1.0000000000000009,donor,insulated
Financial_Emp,2020-01-01,1.3559322033898311,donor,insulated
Financial_Emp,2020-02-01,0.6734006734006703,donor,insulated
Financial_Emp,2020-03-01,0.0,donor,insulated
Financial_Emp,2020-04-01,-10.33333333333334,donor,insulated
Financial_Emp,2020-05-01,-10.963455149501666,donor,insulated
Financial_Emp,2020-06-01,-11.92052980132451,donor,insulated
Financial_Emp,2020-07-01,-12.292358803986714,donor,insulated
Financial_Emp,2020-08-01,-12.333333333333329,donor,insulated
Financial_Emp,2020-09-01,-13.377926421404684,donor,insulated
Financial_Emp,2020-10-01,-12.91390728476821,donor,insulated
Financial_Emp,2020-11-01,-12.25165562913907,donor,insulated
Financial_Emp,2020-12-01,-11.551155115511548,donor,insulated
Government_Emp,1991-01-01,6.225296442687744,donor,insulated
Government_Emp,1991-02-01,4.671115347950439,donor,insulated
Government_Emp,1991-03-01,3.2437442075996303,donor,insulated
Government_Emp,1991-04-01,1.930147058823528,donor,insulated
Government_Emp,1991-05-01,1.2669683257918507,donor,insulated
Government_Emp,1991-06-01,1.951672862453524,donor,insulated
Government_Emp,1991-07-01,2.1484375,donor,insulated
Government_Emp,1991-08-01,3.036238981390804,donor,insulated
Government_Emp,1991-09-01,3.182751540041062,donor,insulated
Government_Emp,1991-10-01,3.615604186489052,donor,insulated
Government_Emp,1991-11-01,2.93040293040292,donor,insulated
Government_Emp,1991-12-01,3.5358114233907445,donor,insulated
Government_Emp,1992-01-01,2.6046511627906943,donor,insulated
Government_Emp,1992-02-01,2.914389799635697,donor,insulated
Government_Emp,1992-03-01,2.9622980251346576,donor,insulated
Government_Emp,1992-04-01,3.336339044183956,donor,insulated
Government_Emp,1992-05-01,2.591599642537989,donor,insulated
Government_Emp,1992-06-01,2.734731084776665,donor,insulated
Government_Emp,1992-07-01,1.5296367112810794,donor,insulated
Government_Emp,1992-08-01,1.0456273764258617,donor,insulated
Government_Emp,1992-09-01,1.2935323383084674,donor,insulated
Government_Emp,1992-10-01,1.1019283746556363,donor,insulated
Government_Emp,1992-11-01,0.9786476868327344,donor,insulated
Government_Emp,1992-12-01,1.050788091068311,donor,insulated
Government_Emp,1993-01-01,-0.2719854941069854,donor,insulated
Government_Emp,1993-02-01,0.3539823008849474,donor,insulated
Government_Emp,1993-03-01,0.7846556233652935,donor,insulated
Government_Emp,1993-04-01,0.9598603839441556,donor,insulated
Government_Emp,1993-05-01,1.8292682926829285,donor,insulated
Government_Emp,1993-06-01,0.5323868677906018,donor,insulated
Government_Emp,1993-07-01,-0.0941619585687392,donor,insulated
Government_Emp,1993-08-01,-0.1881467544684878,donor,insulated
Government_Emp,1993-09-01,-0.1964636542239661,donor,insulated
Government_Emp,1993-10-01,0.4541326067211582,donor,insulated
Government_Emp,1993-11-01,-0.2643171806167355,donor,insulated
Government_Emp,1993-12-01,0.2599653379549371,donor,insulated
Government_Emp,1994-01-01,-0.545454545454549,donor,insulated
Government_Emp,1994-02-01,0.6172839506172867,donor,insulated
Government_Emp,1994-03-01,0.34602076124568,donor,insulated
Government_Emp,1994-04-01,0.2592912705272177,donor,insulated
Government_Emp,1994-05-01,-2.1385799828913643,donor,insulated
Government_Emp,1994-06-01,1.4121800529567574,donor,insulated
Government_Emp,1994-07-01,1.036757775683328,donor,insulated
Government_Emp,1994-08-01,0.8482563619227168,donor,insulated
Government_Emp,1994-09-01,0.9842519685039351,donor,insulated
Government_Emp,1994-10-01,0.4520795660036159,donor,insulated
Government_Emp,1994-11-01,0.6183745583038913,donor,insulated
Government_Emp,1994-12-01,0.1728608470181525,donor,insulated
Government_Emp,1995-01-01,2.010968921389389,donor,insulated
Government_Emp,1995-02-01,1.3146362839614456,donor,insulated
Government_Emp,1995-03-01,0.9482758620689592,donor,insulated
Government_Emp,1995-04-01,0.775862068965516,donor,insulated
Government_Emp,1995-05-01,2.3601398601398538,donor,insulated
Government_Emp,1995-06-01,-0.435161009573537,donor,insulated
Government_Emp,1995-07-01,-0.7462686567164201,donor,insulated
Government_Emp,1995-08-01,-2.1495327102803774,donor,insulated
Government_Emp,1995-09-01,-1.5594541910331383,donor,insulated
Government_Emp,1995-10-01,-2.5202520252025185,donor,insulated
Government_Emp,1995-11-01,-2.2827041264266934,donor,insulated
Government_Emp,1995-12-01,-2.588438308886976,donor,insulated
Government_Emp,1996-01-01,-3.673835125448033,donor,insulated
Government_Emp,1996-02-01,-1.9896193771626325,donor,insulated
Government_Emp,1996-03-01,-2.0495303159692613,donor,insulated
Government_Emp,1996-04-01,-2.480752780153983,donor,insulated
Government_Emp,1996-05-01,-1.5371477369769404,donor,insulated
Government_Emp,1996-06-01,-1.4860139860139898,donor,insulated
Government_Emp,1996-07-01,0.1879699248120259,donor,insulated
Government_Emp,1996-08-01,1.7191977077363862,donor,insulated
Government_Emp,1996-09-01,0.4950495049504955,donor,insulated
Government_Emp,1996-10-01,0.5540166204986097,donor,insulated
Government_Emp,1996-11-01,0.8086253369272267,donor,insulated
Government_Emp,1996-12-01,0.7085916740478204,donor,insulated
Government_Emp,1997-01-01,2.9767441860465205,donor,insulated
Government_Emp,1997-02-01,0.2647837599293989,donor,insulated
Government_Emp,1997-03-01,-0.4359197907584988,donor,insulated
Government_Emp,1997-04-01,0.0,donor,insulated
Government_Emp,1997-05-01,0.2601908065914982,donor,insulated
Government_Emp,1997-06-01,1.2422360248447228,donor,insulated
Government_Emp,1997-07-01,-0.0938086303939988,donor,insulated
Government_Emp,1997-08-01,1.8779342723004744,donor,insulated
Government_Emp,1997-09-01,2.9556650246305383,donor,insulated
Government_Emp,1997-10-01,1.8365472910927487,donor,insulated
Government_Emp,1997-11-01,0.891265597147961,donor,insulated
Government_Emp,1997-12-01,0.8795074758135346,donor,insulated
Government_Emp,1998-01-01,0.3613369467027949,donor,insulated
Government_Emp,1998-02-01,-0.0880281690140871,donor,insulated
Government_Emp,1998-03-01,0.7880910683012221,donor,insulated
Government_Emp,1998-04-01,0.7017543859649145,donor,insulated
Government_Emp,1998-05-01,0.0865051903114144,donor,insulated
Government_Emp,1998-06-01,-0.3505696757230447,donor,insulated
Government_Emp,1998-07-01,0.5633802816901401,donor,insulated
Government_Emp,1998-08-01,0.0,donor,insulated
Government_Emp,1998-09-01,2.8708133971291794,donor,insulated
Government_Emp,1998-10-01,0.2705139765554643,donor,insulated
Government_Emp,1998-11-01,0.0,donor,insulated
Government_Emp,1998-12-01,0.1743679163034084,donor,insulated
Government_Emp,1999-01-01,-0.6300630063006296,donor,insulated
Government_Emp,1999-02-01,-0.0881057268722451,donor,insulated
Government_Emp,1999-03-01,-0.4344048653344923,donor,insulated
Government_Emp,1999-04-01,-0.2613240418118501,donor,insulated
Government_Emp,1999-05-01,-0.7778738115816752,donor,insulated
Government_Emp,1999-06-01,0.2638522427440559,donor,insulated
Government_Emp,1999-07-01,0.3734827264239015,donor,insulated
Government_Emp,1999-08-01,2.027649769585249,donor,insulated
Government_Emp,1999-09-01,1.3023255813953585,donor,insulated
Government_Emp,1999-10-01,1.3489208633093552,donor,insulated
Government_Emp,1999-11-01,1.76678445229681,donor,insulated
Government_Emp,1999-12-01,1.3925152306353272,donor,insulated
Government_Emp,2000-01-01,0.1811594202898447,donor,insulated
Government_Emp,2000-02-01,1.4991181657848296,donor,insulated
Government_Emp,2000-03-01,2.44328097731239,donor,insulated
Government_Emp,2000-04-01,2.2707423580786035,donor,insulated
Government_Emp,2000-05-01,4.181184668989557,donor,insulated
Government_Emp,2000-06-01,3.2456140350877183,donor,insulated
Government_Emp,2000-07-01,2.046511627906966,donor,insulated
Government_Emp,2000-08-01,-1.445347786811202,donor,insulated
Government_Emp,2000-09-01,1.28558310376492,donor,insulated
Government_Emp,2000-10-01,1.2422360248447228,donor,insulated
Government_Emp,2000-11-01,1.215277777777768,donor,insulated
Government_Emp,2000-12-01,1.3733905579399242,donor,insulated
Government_Emp,2001-01-01,-2.26039783001808,donor,insulated
Government_Emp,2001-02-01,0.8688097306689846,donor,insulated
Government_Emp,2001-03-01,-0.2555366269165193,donor,insulated
Government_Emp,2001-04-01,-1.6225448334756587,donor,insulated
Government_Emp,2001-05-01,-4.013377926421402,donor,insulated
Government_Emp,2001-06-01,-0.3398470688190325,donor,insulated
Government_Emp,2001-07-01,-0.8204193254329972,donor,insulated
Government_Emp,2001-08-01,0.6416131989000817,donor,insulated
Government_Emp,2001-09-01,1.5412511332729029,donor,insulated
Government_Emp,2001-10-01,1.2269938650306678,donor,insulated
Government_Emp,2001-11-01,2.144082332761577,donor,insulated
Government_Emp,2001-12-01,1.608806096528359,donor,insulated
Government_Emp,2002-01-01,6.012950971322839,donor,insulated
Government_Emp,2002-02-01,2.5839793281653645,donor,insulated
Government_Emp,2002-03-01,2.9888983774551736,donor,insulated
Government_Emp,2002-04-01,-0.607638888888884,donor,insulated
Government_Emp,2002-05-01,5.836236933797911,donor,insulated
Government_Emp,2002-06-01,5.71184995737426,donor,insulated
Government_Emp,2002-07-01,2.941176470588225,donor,insulated
Government_Emp,2002-08-01,2.2768670309653904,donor,insulated
Government_Emp,2002-09-01,2.0535714285714324,donor,insulated
Government_Emp,2002-10-01,2.857142857142847,donor,insulated
Government_Emp,2002-11-01,1.5113350125944611,donor,insulated
Government_Emp,2002-12-01,2.083333333333326,donor,insulated
Government_Emp,2003-01-01,3.752181500872598,donor,insulated
Government_Emp,2003-02-01,2.099076406381184,donor,insulated
Government_Emp,2003-03-01,1.49253731343284,donor,insulated
Government_Emp,2003-04-01,3.9301310043668094,donor,insulated
Government_Emp,2003-05-01,0.7407407407407307,donor,insulated
Government_Emp,2003-06-01,-2.3387096774193594,donor,insulated
Government_Emp,2003-07-01,1.6964285714285765,donor,insulated
Government_Emp,2003-08-01,0.7123775601068472,donor,insulated
Government_Emp,2003-09-01,0.0,donor,insulated
Government_Emp,2003-10-01,0.7575757575757569,donor,insulated
Government_Emp,2003-11-01,0.3308519437551727,donor,insulated
Government_Emp,2003-12-01,-0.4897959183673417,donor,insulated
Government_Emp,2004-01-01,-0.4205214465937801,donor,insulated
Government_Emp,2004-02-01,-0.5756578947368474,donor,insulated
Government_Emp,2004-03-01,0.0816993464052284,donor,insulated
Government_Emp,2004-04-01,2.268907563025202,donor,insulated
Government_Emp,2004-05-01,0.6535947712418277,donor,insulated
Government_Emp,2004-06-01,-0.1651527663088403,donor,insulated
Government_Emp,2004-07-01,0.2633889376646214,donor,insulated
Government_Emp,2004-08-01,1.3262599469495928,donor,insulated
Government_Emp,2004-09-01,2.09973753280841,donor,insulated
Government_Emp,2004-10-01,0.5847953216374213,donor,insulated
Government_Emp,2004-11-01,2.72052761747732,donor,insulated
Government_Emp,2004-12-01,0.8203445447087843,donor,insulated
Government_Emp,2005-01-01,-1.858108108108103,donor,insulated
Government_Emp,2005-02-01,0.082712985938782,donor,insulated
Government_Emp,2005-03-01,-0.2448979591836764,donor,insulated
Government_Emp,2005-04-01,-0.2465078060805203,donor,insulated
Government_Emp,2005-05-01,-0.4058441558441594,donor,insulated
Government_Emp,2005-06-01,0.496277915632759,donor,insulated
Government_Emp,2005-07-01,-0.1751313485113814,donor,insulated
Government_Emp,2005-08-01,0.9598603839441556,donor,insulated
Government_Emp,2005-09-01,-0.1713796058269046,donor,insulated
Government_Emp,2005-10-01,-0.2491694352159457,donor,insulated
Government_Emp,2005-11-01,-2.2471910112359605,donor,insulated
Government_Emp,2005-12-01,-0.2441008950366141,donor,insulated
Government_Emp,2006-01-01,-0.4302925989672967,donor,insulated
Government_Emp,2006-02-01,0.7438016528925617,donor,insulated
Government_Emp,2006-03-01,0.5728314238952592,donor,insulated
Government_Emp,2006-04-01,0.6589785831960571,donor,insulated
Government_Emp,2006-05-01,0.9779951100244544,donor,insulated
Government_Emp,2006-06-01,0.6584362139917754,donor,insulated
Government_Emp,2006-07-01,0.4385964912280604,donor,insulated
Government_Emp,2006-08-01,0.2592912705272177,donor,insulated
Government_Emp,2006-09-01,3.0042918454935563,donor,insulated
Government_Emp,2006-10-01,1.831806827643634,donor,insulated
Government_Emp,2006-11-01,5.254515599343179,donor,insulated
Government_Emp,2006-12-01,2.2022838499184294,donor,insulated
Government_Emp,2007-01-01,3.63007778738116,donor,insulated
Government_Emp,2007-02-01,1.8867924528301885,donor,insulated
Government_Emp,2007-03-01,1.6273393002441017,donor,insulated
Government_Emp,2007-04-01,-1.882160392798693,donor,insulated
Government_Emp,2007-05-01,1.1299435028248483,donor,insulated
Government_Emp,2007-06-01,0.9811937857726828,donor,insulated
Government_Emp,2007-07-01,0.7860262008733576,donor,insulated
Government_Emp,2007-08-01,-0.5172413793103403,donor,insulated
Government_Emp,2007-09-01,0.7500000000000062,donor,insulated
Government_Emp,2007-10-01,1.1447260834014816,donor,insulated
Government_Emp,2007-11-01,-2.1060842433697213,donor,insulated
Government_Emp,2007-12-01,1.0375099760574713,donor,insulated
Government_Emp,2008-01-01,1.2510425354462118,donor,insulated
Government_Emp,2008-02-01,0.8051529790660261,donor,insulated
Government_Emp,2008-03-01,1.6813450760608584,donor,insulated
Government_Emp,2008-04-01,1.5846538782318564,donor,insulated
Government_Emp,2008-05-01,2.0750199521149204,donor,insulated
Government_Emp,2008-06-01,1.9433198380566896,donor,insulated
Government_Emp,2008-07-01,2.5996533795493937,donor,insulated
Government_Emp,2008-08-01,4.2461005199306845,donor,insulated
Government_Emp,2008-09-01,1.985111662531014,donor,insulated
Government_Emp,2008-10-01,2.667744543249806,donor,insulated
Government_Emp,2008-11-01,5.976095617529875,donor,insulated
Government_Emp,2008-12-01,1.8167456556082096,donor,insulated
Government_Emp,2009-01-01,3.0477759472817167,donor,insulated
Government_Emp,2009-02-01,1.5175718849840258,donor,insulated
Government_Emp,2009-03-01,1.5748031496062964,donor,insulated
Government_Emp,2009-04-01,5.9113300492610765,donor,insulated
Government_Emp,2009-05-01,1.798279906176692,donor,insulated
Government_Emp,2009-06-01,1.6679904686258906,donor,insulated
Government_Emp,2009-07-01,1.520270270270263,donor,insulated
Government_Emp,2009-08-01,-1.3300083125519555,donor,insulated
Government_Emp,2009-09-01,-0.7299270072992692,donor,insulated
Government_Emp,2009-10-01,-1.3385826771653564,donor,insulated
Government_Emp,2009-11-01,-5.112781954887213,donor,insulated
Government_Emp,2009-12-01,-1.4740108611326574,donor,insulated
Government_Emp,2010-01-01,-2.2382094324540414,donor,insulated
Government_Emp,2010-02-01,-1.337529504327306,donor,insulated
Government_Emp,2010-03-01,-1.162790697674421,donor,insulated
Government_Emp,2010-04-01,-1.0852713178294615,donor,insulated
Government_Emp,2010-05-01,-0.3072196620583445,donor,insulated
Government_Emp,2010-06-01,-1.4843750000000044,donor,insulated
Government_Emp,2010-07-01,0.6655574043261225,donor,insulated
Government_Emp,2010-08-01,-1.8534119629317607,donor,insulated
Government_Emp,2010-09-01,-0.0816993464052284,donor,insulated
Government_Emp,2010-10-01,0.0,donor,insulated
Government_Emp,2010-11-01,3.5657686212361206,donor,insulated
Government_Emp,2010-12-01,0.47244094488188,donor,insulated
Government_Emp,2011-01-01,-1.7170891251022111,donor,insulated
Government_Emp,2011-02-01,1.1961722488038171,donor,insulated
Government_Emp,2011-03-01,0.1568627450980297,donor,insulated
Government_Emp,2011-04-01,-0.3918495297805635,donor,insulated
Government_Emp,2011-05-01,-1.2326656394453184,donor,insulated
Government_Emp,2011-06-01,-0.4758128469468659,donor,insulated
Government_Emp,2011-07-01,-1.157024793388428,donor,insulated
Government_Emp,2011-08-01,-0.8583690987124415,donor,insulated
Government_Emp,2011-09-01,0.1635322976287767,donor,insulated
Government_Emp,2011-10-01,0.4788507581803713,donor,insulated
Government_Emp,2011-11-01,-2.5248661055852994,donor,insulated
Government_Emp,2011-12-01,0.3918495297805746,donor,insulated
Government_Emp,2012-01-01,-4.242928452579031,donor,insulated
Government_Emp,2012-02-01,0.4728132387706862,donor,insulated
Government_Emp,2012-03-01,0.469851213782313,donor,insulated
Government_Emp,2012-04-01,1.1014948859165985,donor,insulated
Government_Emp,2012-05-01,0.6240249609984483,donor,insulated
Government_Emp,2012-06-01,0.3187250996016022,donor,insulated
Government_Emp,2012-07-01,-0.7525083612040184,donor,insulated
Government_Emp,2012-08-01,6.1471861471861455,donor,insulated
Government_Emp,2012-09-01,0.9795918367346834,donor,insulated
Government_Emp,2012-10-01,0.4765687053216894,donor,insulated
Government_Emp,2012-11-01,3.610675039246458,donor,insulated
Government_Emp,2012-12-01,0.6245120999219367,donor,insulated
Government_Emp,2013-01-01,0.5212858384013863,donor,insulated
Government_Emp,2013-02-01,0.3921568627450966,donor,insulated
Government_Emp,2013-03-01,0.0779423226812126,donor,insulated
Government_Emp,2013-04-01,-2.412451361867707,donor,insulated
Government_Emp,2013-05-01,0.1550387596899183,donor,insulated
Government_Emp,2013-06-01,-0.714853057982523,donor,insulated
Government_Emp,2013-07-01,0.0842459983150689,donor,insulated
Government_Emp,2013-08-01,-5.38336052202284,donor,insulated
Government_Emp,2013-09-01,0.0808407437348446,donor,insulated
Government_Emp,2013-10-01,0.3952569169960451,donor,insulated
Government_Emp,2013-11-01,-3.030303030303028,donor,insulated
Government_Emp,2013-12-01,-0.0775795190069761,donor,insulated
Government_Emp,2014-01-01,7.7787381158167745,donor,insulated
Government_Emp,2014-02-01,0.2343750000000088,donor,insulated
Government_Emp,2014-03-01,0.1557632398753838,donor,insulated
Government_Emp,2014-04-01,1.9936204146730363,donor,insulated
Government_Emp,2014-05-01,0.2321981424148633,donor,insulated
Government_Emp,2014-06-01,0.9600000000000052,donor,insulated
Government_Emp,2014-07-01,0.4208754208754106,donor,insulated
Government_Emp,2014-08-01,4.137931034482767,donor,insulated
Government_Emp,2014-09-01,0.8077544426494443,donor,insulated
Government_Emp,2014-10-01,0.0787401574803059,donor,insulated
Government_Emp,2014-11-01,2.734375,donor,insulated
Government_Emp,2014-12-01,-2.018633540372683,donor,insulated
Government_Emp,2015-01-01,0.0801924619085792,donor,insulated
Government_Emp,2015-02-01,0.0,donor,insulated
Government_Emp,2015-03-01,0.0777604976671675,donor,insulated
Government_Emp,2015-04-01,0.6254886630179701,donor,insulated
Government_Emp,2015-05-01,-0.0772200772200748,donor,insulated
Government_Emp,2015-06-01,0.0,donor,insulated
Government_Emp,2015-07-01,-0.5029337803855838,donor,insulated
Government_Emp,2015-08-01,0.6622516556291425,donor,insulated
Government_Emp,2015-09-01,-0.0801282051282048,donor,insulated
Government_Emp,2015-10-01,0.3933910306844979,donor,insulated
Government_Emp,2015-11-01,-2.357414448669204,donor,insulated
Government_Emp,2015-12-01,2.8526148969889142,donor,insulated
Government_Emp,2016-01-01,-1.522435897435892,donor,insulated
Government_Emp,2016-02-01,-0.3117692907248726,donor,insulated
Government_Emp,2016-03-01,0.2331002331002363,donor,insulated
Government_Emp,2016-04-01,-1.6317016317016209,donor,insulated
Government_Emp,2016-05-01,-0.2318392581143746,donor,insulated
Government_Emp,2016-06-01,0.0,donor,insulated
Government_Emp,2016-07-01,0.0842459983150689,donor,insulated
Government_Emp,2016-08-01,-1.5625,donor,insulated
Government_Emp,2016-09-01,0.5613472333600544,donor,insulated
Government_Emp,2016-10-01,0.0783699059561104,donor,insulated
Government_Emp,2016-11-01,2.7258566978193066,donor,insulated
Government_Emp,2016-12-01,-2.08012326656396,donor,insulated
Government_Emp,2017-01-01,1.4646053702196848,donor,insulated
Government_Emp,2017-02-01,1.016419077404218,donor,insulated
Government_Emp,2017-03-01,0.3100775193798366,donor,insulated
Government_Emp,2017-04-01,1.895734597156396,donor,insulated
Government_Emp,2017-05-01,0.3098373353989103,donor,insulated
Government_Emp,2017-06-01,-0.158478605388268,donor,insulated
Government_Emp,2017-07-01,-1.4309764309764272,donor,insulated
Government_Emp,2017-08-01,-4.260651629072687,donor,insulated
Government_Emp,2017-09-01,-0.8771929824561431,donor,insulated
Government_Emp,2017-10-01,-1.096319498825371,donor,insulated
Government_Emp,2017-11-01,-3.260045489006824,donor,insulated
Government_Emp,2017-12-01,1.1801730920534936,donor,insulated
Government_Emp,2018-01-01,-1.9246190858059344,donor,insulated
Government_Emp,2018-02-01,-1.0835913312693402,donor,insulated
Government_Emp,2018-03-01,-1.2364760432766575,donor,insulated
Government_Emp,2018-04-01,-1.6279069767441867,donor,insulated
Government_Emp,2018-05-01,-0.5405405405405239,donor,insulated
Government_Emp,2018-06-01,-0.5555555555555536,donor,insulated
Government_Emp,2018-07-01,0.4269854824936026,donor,insulated
Government_Emp,2018-08-01,4.10122164048865,donor,insulated
Government_Emp,2018-09-01,-0.2413515687851974,donor,insulated
Government_Emp,2018-10-01,0.1583531274742755,donor,insulated
Government_Emp,2018-11-01,2.978056426332288,donor,insulated
Government_Emp,2018-12-01,0.9331259720062324,donor,insulated
Government_Emp,2019-01-01,1.1447260834014816,donor,insulated
Government_Emp,2019-02-01,1.095461658841934,donor,insulated
Government_Emp,2019-03-01,1.0172143974960912,donor,insulated
Government_Emp,2019-04-01,0.6304176516942483,donor,insulated
Government_Emp,2019-05-01,0.8540372670807317,donor,insulated
Government_Emp,2019-06-01,0.7980845969672856,donor,insulated
Government_Emp,2019-07-01,0.7653061224489832,donor,insulated
Government_Emp,2019-08-01,-1.7602682313495377,donor,insulated
Government_Emp,2019-09-01,1.693548387096766,donor,insulated
Government_Emp,2019-10-01,1.1857707509881354,donor,insulated
Government_Emp,2019-11-01,-1.6742770167427867,donor,insulated
Government_Emp,2019-12-01,0.0,donor,insulated
Government_Emp,2020-01-01,1.859337105901382,donor,insulated
Government_Emp,2020-02-01,0.4643962848297489,donor,insulated
Government_Emp,2020-03-01,0.9295120061967532,donor,insulated
Government_Emp,2020-04-01,-8.222396241190289,donor,insulated
Government_Emp,2020-05-01,-10.777521170130866,donor,insulated
Government_Emp,2020-06-01,-7.5217735550277105,donor,insulated
Government_Emp,2020-07-01,-1.0126582278481069,donor,insulated
Government_Emp,2020-08-01,0.426621160409546,donor,insulated
Government_Emp,2020-09-01,-4.996034892942114,donor,insulated
Government_Emp,2020-10-01,-6.406250000000002,donor,insulated
Government_Emp,2020-11-01,-6.733746130030949,donor,insulated
Government_Emp,2020-12-01,-6.009244992295848,donor,insulated
HealthCare_Emp,1991-01-01,8.791208791208781,donor,insulated
HealthCare_Emp,1991-02-01,9.016393442622949,donor,insulated
HealthCare_Emp,1991-03-01,8.943089430894302,donor,insulated
HealthCare_Emp,1991-04-01,7.297297297297289,donor,insulated
HealthCare_Emp,1991-05-01,6.702412868632712,donor,insulated
HealthCare_Emp,1991-06-01,6.084656084656093,donor,insulated
HealthCare_Emp,1991-07-01,5.897435897435899,donor,insulated
HealthCare_Emp,1991-08-01,5.9125964010282805,donor,insulated
HealthCare_Emp,1991-09-01,5.208333333333326,donor,insulated
HealthCare_Emp,1991-10-01,5.958549222797926,donor,insulated
HealthCare_Emp,1991-11-01,5.398457583547556,donor,insulated
HealthCare_Emp,1991-12-01,5.897435897435899,donor,insulated
HealthCare_Emp,1992-01-01,2.777777777777768,donor,insulated
HealthCare_Emp,1992-02-01,2.2556390977443552,donor,insulated
HealthCare_Emp,1992-03-01,2.238805970149249,donor,insulated
HealthCare_Emp,1992-04-01,3.5264483627204024,donor,insulated
HealthCare_Emp,1992-05-01,3.266331658291466,donor,insulated
HealthCare_Emp,1992-06-01,2.9925187032418865,donor,insulated
HealthCare_Emp,1992-07-01,2.1791767554479424,donor,insulated
HealthCare_Emp,1992-08-01,2.669902912621369,donor,insulated
HealthCare_Emp,1992-09-01,3.4653465346534684,donor,insulated
HealthCare_Emp,1992-10-01,1.222493887530551,donor,insulated
HealthCare_Emp,1992-11-01,0.7317073170731714,donor,insulated
HealthCare_Emp,1992-12-01,0.7263922518159882,donor,insulated
HealthCare_Emp,1993-01-01,0.7371007371007376,donor,insulated
HealthCare_Emp,1993-02-01,1.7156862745097978,donor,insulated
HealthCare_Emp,1993-03-01,1.4598540145985384,donor,insulated
HealthCare_Emp,1993-04-01,0.9732360097323588,donor,insulated
HealthCare_Emp,1993-05-01,1.4598540145985384,donor,insulated
HealthCare_Emp,1993-06-01,1.6949152542372836,donor,insulated
HealthCare_Emp,1993-07-01,1.6587677725118375,donor,insulated
HealthCare_Emp,1993-08-01,0.0,donor,insulated
HealthCare_Emp,1993-09-01,0.0,donor,insulated
HealthCare_Emp,1993-10-01,1.449275362318847,donor,insulated
HealthCare_Emp,1993-11-01,1.937046004842613,donor,insulated
HealthCare_Emp,1993-12-01,2.163461538461542,donor,insulated
HealthCare_Emp,1994-01-01,3.170731707317076,donor,insulated
HealthCare_Emp,1994-02-01,1.9277108433734869,donor,insulated
HealthCare_Emp,1994-03-01,1.918465227817756,donor,insulated
HealthCare_Emp,1994-04-01,2.650602409638547,donor,insulated
HealthCare_Emp,1994-05-01,1.918465227817756,donor,insulated
HealthCare_Emp,1994-06-01,2.1428571428571352,donor,insulated
HealthCare_Emp,1994-07-01,2.0979020979021046,donor,insulated
HealthCare_Emp,1994-08-01,0.7092198581560183,donor,insulated
HealthCare_Emp,1994-09-01,1.9138755980861344,donor,insulated
HealthCare_Emp,1994-10-01,1.1904761904761862,donor,insulated
HealthCare_Emp,1994-11-01,1.187648456057011,donor,insulated
HealthCare_Emp,1994-12-01,0.9411764705882452,donor,insulated
HealthCare_Emp,1995-01-01,0.7092198581560183,donor,insulated
HealthCare_Emp,1995-02-01,0.4728132387706862,donor,insulated
HealthCare_Emp,1995-03-01,0.4705882352941115,donor,insulated
HealthCare_Emp,1995-04-01,0.0,donor,insulated
HealthCare_Emp,1995-05-01,1.6470588235294017,donor,insulated
HealthCare_Emp,1995-06-01,0.6993006993007089,donor,insulated
HealthCare_Emp,1995-07-01,-0.91324200913242,donor,insulated
HealthCare_Emp,1995-08-01,0.2347417840375509,donor,insulated
HealthCare_Emp,1995-09-01,0.4694835680751241,donor,insulated
HealthCare_Emp,1995-10-01,0.0,donor,insulated
HealthCare_Emp,1995-11-01,0.2347417840375509,donor,insulated
HealthCare_Emp,1995-12-01,0.4662004662004726,donor,insulated
HealthCare_Emp,1996-01-01,0.0,donor,insulated
HealthCare_Emp,1996-02-01,0.4705882352941115,donor,insulated
HealthCare_Emp,1996-03-01,0.936768149882905,donor,insulated
HealthCare_Emp,1996-04-01,0.4694835680751241,donor,insulated
HealthCare_Emp,1996-05-01,-0.2314814814814769,donor,insulated
HealthCare_Emp,1996-06-01,0.0,donor,insulated
HealthCare_Emp,1996-07-01,2.073732718894017,donor,insulated
HealthCare_Emp,1996-08-01,3.74707259953162,donor,insulated
HealthCare_Emp,1996-09-01,1.4018691588784993,donor,insulated
HealthCare_Emp,1996-10-01,2.35294117647058,donor,insulated
HealthCare_Emp,1996-11-01,3.278688524590168,donor,insulated
HealthCare_Emp,1996-12-01,3.248259860788872,donor,insulated
HealthCare_Emp,1997-01-01,3.7558685446009488,donor,insulated
HealthCare_Emp,1997-02-01,3.74707259953162,donor,insulated
HealthCare_Emp,1997-03-01,3.944315545243615,donor,insulated
HealthCare_Emp,1997-04-01,4.20560747663552,donor,insulated
HealthCare_Emp,1997-05-01,4.872389791183296,donor,insulated
HealthCare_Emp,1997-06-01,5.555555555555558,donor,insulated
HealthCare_Emp,1997-07-01,4.514672686230248,donor,insulated
HealthCare_Emp,1997-08-01,5.417607223476306,donor,insulated
HealthCare_Emp,1997-09-01,4.377880184331806,donor,insulated
HealthCare_Emp,1997-10-01,4.367816091954024,donor,insulated
HealthCare_Emp,1997-11-01,3.628117913832196,donor,insulated
HealthCare_Emp,1997-12-01,4.719101123595504,donor,insulated
HealthCare_Emp,1998-01-01,3.619909502262453,donor,insulated
HealthCare_Emp,1998-02-01,4.06320541760723,donor,insulated
HealthCare_Emp,1998-03-01,3.34821428571428,donor,insulated
HealthCare_Emp,1998-04-01,4.7085201793722,donor,insulated
HealthCare_Emp,1998-05-01,4.424778761061954,donor,insulated
HealthCare_Emp,1998-06-01,3.728070175438592,donor,insulated
HealthCare_Emp,1998-07-01,4.10367170626349,donor,insulated
HealthCare_Emp,1998-08-01,3.640256959314781,donor,insulated
HealthCare_Emp,1998-09-01,4.856512141280356,donor,insulated
HealthCare_Emp,1998-10-01,4.8458149779735615,donor,insulated
HealthCare_Emp,1998-11-01,4.814004376367609,donor,insulated
HealthCare_Emp,1998-12-01,3.433476394849788,donor,insulated
HealthCare_Emp,1999-01-01,2.401746724890818,donor,insulated
HealthCare_Emp,1999-02-01,2.6030368763557465,donor,insulated
HealthCare_Emp,1999-03-01,2.3758099352051865,donor,insulated
HealthCare_Emp,1999-04-01,2.997858672376874,donor,insulated
HealthCare_Emp,1999-05-01,2.542372881355925,donor,insulated
HealthCare_Emp,1999-06-01,2.3255813953488413,donor,insulated
HealthCare_Emp,1999-07-01,1.6597510373443924,donor,insulated
HealthCare_Emp,1999-08-01,1.6528925619834656,donor,insulated
HealthCare_Emp,1999-09-01,1.0526315789473717,donor,insulated
HealthCare_Emp,1999-10-01,1.680672268907557,donor,insulated
HealthCare_Emp,1999-11-01,1.6701461377870652,donor,insulated
HealthCare_Emp,1999-12-01,1.4522821576763434,donor,insulated
HealthCare_Emp,2000-01-01,2.1321961620469176,donor,insulated
HealthCare_Emp,2000-02-01,2.5369978858351017,donor,insulated
HealthCare_Emp,2000-03-01,3.164556962025311,donor,insulated
HealthCare_Emp,2000-04-01,1.2474012474012364,donor,insulated
HealthCare_Emp,2000-05-01,1.0330578512396604,donor,insulated
HealthCare_Emp,2000-06-01,4.132231404958686,donor,insulated
HealthCare_Emp,2000-07-01,2.0408163265306145,donor,insulated
HealthCare_Emp,2000-08-01,0.4065040650406581,donor,insulated
HealthCare_Emp,2000-09-01,3.333333333333344,donor,insulated
HealthCare_Emp,2000-10-01,2.2727272727272707,donor,insulated
HealthCare_Emp,2000-11-01,2.464065708418884,donor,insulated
HealthCare_Emp,2000-12-01,3.067484662576692,donor,insulated
HealthCare_Emp,2001-01-01,3.757828810020869,donor,insulated
HealthCare_Emp,2001-02-01,3.298969072164959,donor,insulated
HealthCare_Emp,2001-03-01,2.862985685071573,donor,insulated
HealthCare_Emp,2001-04-01,3.490759753593431,donor,insulated
HealthCare_Emp,2001-05-01,3.6809815950920255,donor,insulated
HealthCare_Emp,2001-06-01,2.182539682539675,donor,insulated
HealthCare_Emp,2001-07-01,2.6000000000000023,donor,insulated
HealthCare_Emp,2001-08-01,3.238866396761142,donor,insulated
HealthCare_Emp,2001-09-01,2.822580645161299,donor,insulated
HealthCare_Emp,2001-10-01,2.8282828282828243,donor,insulated
HealthCare_Emp,2001-11-01,3.006012024048088,donor,insulated
HealthCare_Emp,2001-12-01,2.3809523809523725,donor,insulated
HealthCare_Emp,2002-01-01,2.213279678068414,donor,insulated
HealthCare_Emp,2002-02-01,2.195608782435121,donor,insulated
HealthCare_Emp,2002-03-01,2.186878727634189,donor,insulated
HealthCare_Emp,2002-04-01,2.3809523809523725,donor,insulated
HealthCare_Emp,2002-05-01,1.9723865877712128,donor,insulated
HealthCare_Emp,2002-06-01,1.747572815533971,donor,insulated
HealthCare_Emp,2002-07-01,2.729044834308003,donor,insulated
HealthCare_Emp,2002-08-01,1.9607843137254832,donor,insulated
HealthCare_Emp,2002-09-01,2.549019607843128,donor,insulated
HealthCare_Emp,2002-10-01,2.946954813359537,donor,insulated
HealthCare_Emp,2002-11-01,2.7237354085603016,donor,insulated
HealthCare_Emp,2002-12-01,1.5503875968992276,donor,insulated
HealthCare_Emp,2003-01-01,2.559055118110232,donor,insulated
HealthCare_Emp,2003-02-01,3.125,donor,insulated
HealthCare_Emp,2003-03-01,3.30739299610896,donor,insulated
HealthCare_Emp,2003-04-01,2.906976744186052,donor,insulated
HealthCare_Emp,2003-05-01,2.9013539651837617,donor,insulated
HealthCare_Emp,2003-06-01,2.0992366412213803,donor,insulated
HealthCare_Emp,2003-07-01,1.8975332068311257,donor,insulated
HealthCare_Emp,2003-08-01,2.6923076923076827,donor,insulated
HealthCare_Emp,2003-09-01,3.0592734225621365,donor,insulated
HealthCare_Emp,2003-10-01,3.244274809160297,donor,insulated
HealthCare_Emp,2003-11-01,3.030303030303028,donor,insulated
HealthCare_Emp,2003-12-01,4.961832061068705,donor,insulated
HealthCare_Emp,2004-01-01,3.6468330134356894,donor,insulated
HealthCare_Emp,2004-02-01,3.409090909090917,donor,insulated
HealthCare_Emp,2004-03-01,3.201506591337089,donor,insulated
HealthCare_Emp,2004-04-01,3.201506591337089,donor,insulated
HealthCare_Emp,2004-05-01,3.9473684210526327,donor,insulated
HealthCare_Emp,2004-06-01,3.925233644859816,donor,insulated
HealthCare_Emp,2004-07-01,3.724394785847296,donor,insulated
HealthCare_Emp,2004-08-01,4.119850187265928,donor,insulated
HealthCare_Emp,2004-09-01,3.8961038961038863,donor,insulated
HealthCare_Emp,2004-10-01,4.066543438077641,donor,insulated
HealthCare_Emp,2004-11-01,4.227941176470584,donor,insulated
HealthCare_Emp,2004-12-01,4.545454545454541,donor,insulated
HealthCare_Emp,2005-01-01,4.629629629629628,donor,insulated
HealthCare_Emp,2005-02-01,4.578754578754585,donor,insulated
HealthCare_Emp,2005-03-01,4.197080291970812,donor,insulated
HealthCare_Emp,2005-04-01,4.379562043795615,donor,insulated
HealthCare_Emp,2005-05-01,3.435804701627476,donor,insulated
HealthCare_Emp,2005-06-01,3.7769784172661858,donor,insulated
HealthCare_Emp,2005-07-01,2.872531418312385,donor,insulated
HealthCare_Emp,2005-08-01,2.6978417266187105,donor,insulated
HealthCare_Emp,2005-09-01,2.678571428571419,donor,insulated
HealthCare_Emp,2005-10-01,1.5985790408525655,donor,insulated
HealthCare_Emp,2005-11-01,1.4109347442680775,donor,insulated
HealthCare_Emp,2005-12-01,0.8695652173912993,donor,insulated
HealthCare_Emp,2006-01-01,0.3539823008849474,donor,insulated
HealthCare_Emp,2006-02-01,0.3502626970227629,donor,insulated
HealthCare_Emp,2006-03-01,1.050788091068311,donor,insulated
HealthCare_Emp,2006-04-01,0.8741258741258751,donor,insulated
HealthCare_Emp,2006-05-01,1.74825174825175,donor,insulated
HealthCare_Emp,2006-06-01,1.906412478336228,donor,insulated
HealthCare_Emp,2006-07-01,1.3961605584642325,donor,insulated
HealthCare_Emp,2006-08-01,3.15236427320491,donor,insulated
HealthCare_Emp,2006-09-01,1.913043478260868,donor,insulated
HealthCare_Emp,2006-10-01,3.321678321678312,donor,insulated
HealthCare_Emp,2006-11-01,3.4782608695652195,donor,insulated
HealthCare_Emp,2006-12-01,3.275862068965507,donor,insulated
HealthCare_Emp,2007-01-01,3.3509700176366897,donor,insulated
HealthCare_Emp,2007-02-01,3.839441535776622,donor,insulated
HealthCare_Emp,2007-03-01,3.2928942807625594,donor,insulated
HealthCare_Emp,2007-04-01,2.9462738301559765,donor,insulated
HealthCare_Emp,2007-05-01,2.7491408934707806,donor,insulated
HealthCare_Emp,2007-06-01,2.5510204081632626,donor,insulated
HealthCare_Emp,2007-07-01,2.925989672977636,donor,insulated
HealthCare_Emp,2007-08-01,1.8675721561969505,donor,insulated
HealthCare_Emp,2007-09-01,2.3890784982935065,donor,insulated
HealthCare_Emp,2007-10-01,1.3536379018612488,donor,insulated
HealthCare_Emp,2007-11-01,1.0084033613445342,donor,insulated
HealthCare_Emp,2007-12-01,0.8347245409014992,donor,insulated
HealthCare_Emp,2008-01-01,1.7064846416382284,donor,insulated
HealthCare_Emp,2008-02-01,1.3445378151260456,donor,insulated
HealthCare_Emp,2008-03-01,1.342281879194629,donor,insulated
HealthCare_Emp,2008-04-01,1.5151515151515138,donor,insulated
HealthCare_Emp,2008-05-01,1.17056856187292,donor,insulated
HealthCare_Emp,2008-06-01,1.3266998341625147,donor,insulated
HealthCare_Emp,2008-07-01,1.6722408026755842,donor,insulated
HealthCare_Emp,2008-08-01,1.833333333333332,donor,insulated
HealthCare_Emp,2008-09-01,1.6666666666666607,donor,insulated
HealthCare_Emp,2008-10-01,2.003338898163598,donor,insulated
HealthCare_Emp,2008-11-01,2.1630615640598982,donor,insulated
HealthCare_Emp,2008-12-01,2.483443708609268,donor,insulated
HealthCare_Emp,2009-01-01,2.0134228187919545,donor,insulated
HealthCare_Emp,2009-02-01,1.49253731343284,donor,insulated
HealthCare_Emp,2009-03-01,1.490066225165565,donor,insulated
HealthCare_Emp,2009-04-01,1.1608623548922117,donor,insulated
HealthCare_Emp,2009-05-01,0.9917355371900748,donor,insulated
HealthCare_Emp,2009-06-01,1.4729950900163713,donor,insulated
HealthCare_Emp,2009-07-01,0.9868421052631636,donor,insulated
HealthCare_Emp,2009-08-01,0.1636661211129375,donor,insulated
HealthCare_Emp,2009-09-01,0.8196721311475308,donor,insulated
HealthCare_Emp,2009-10-01,0.654664484451728,donor,insulated
HealthCare_Emp,2009-11-01,0.3257328990228014,donor,insulated
HealthCare_Emp,2009-12-01,0.1615508885298933,donor,insulated
HealthCare_Emp,2010-01-01,1.4802631578947345,donor,insulated
HealthCare_Emp,2010-02-01,1.1437908496731986,donor,insulated
HealthCare_Emp,2010-03-01,1.4681892332789603,donor,insulated
HealthCare_Emp,2010-04-01,2.2950819672131084,donor,insulated
HealthCare_Emp,2010-05-01,2.2913256955810146,donor,insulated
HealthCare_Emp,2010-06-01,0.967741935483879,donor,insulated
HealthCare_Emp,2010-07-01,1.6286644951140072,donor,insulated
HealthCare_Emp,2010-08-01,2.12418300653594,donor,insulated
HealthCare_Emp,2010-09-01,1.300813008130075,donor,insulated
HealthCare_Emp,2010-10-01,1.788617886178856,donor,insulated
HealthCare_Emp,2010-11-01,1.7857142857142794,donor,insulated
HealthCare_Emp,2010-12-01,1.935483870967736,donor,insulated
HealthCare_Emp,2011-01-01,-0.324149108589955,donor,insulated
HealthCare_Emp,2011-02-01,0.9693053311793154,donor,insulated
HealthCare_Emp,2011-03-01,0.4823151125401992,donor,insulated
HealthCare_Emp,2011-04-01,0.480769230769229,donor,insulated
HealthCare_Emp,2011-05-01,0.4799999999999915,donor,insulated
HealthCare_Emp,2011-06-01,0.1597444089456834,donor,insulated
HealthCare_Emp,2011-07-01,1.4423076923076872,donor,insulated
HealthCare_Emp,2011-08-01,1.2799999999999925,donor,insulated
HealthCare_Emp,2011-09-01,1.9261637239165408,donor,insulated
HealthCare_Emp,2011-10-01,0.9584664536741228,donor,insulated
HealthCare_Emp,2011-11-01,1.1164274322169154,donor,insulated
HealthCare_Emp,2011-12-01,1.265822784810133,donor,insulated
HealthCare_Emp,2012-01-01,1.1382113821138296,donor,insulated
HealthCare_Emp,2012-02-01,0.8000000000000007,donor,insulated
HealthCare_Emp,2012-03-01,-0.319999999999998,donor,insulated
HealthCare_Emp,2012-04-01,0.6379585326953707,donor,insulated
HealthCare_Emp,2012-05-01,1.4331210191082857,donor,insulated
HealthCare_Emp,2012-06-01,1.2759170653907417,donor,insulated
HealthCare_Emp,2012-07-01,1.1058451816745585,donor,insulated
HealthCare_Emp,2012-08-01,1.2638230647709303,donor,insulated
HealthCare_Emp,2012-09-01,1.4173228346456843,donor,insulated
HealthCare_Emp,2012-10-01,2.5316455696202445,donor,insulated
HealthCare_Emp,2012-11-01,2.208201892744488,donor,insulated
HealthCare_Emp,2012-12-01,2.499999999999991,donor,insulated
HealthCare_Emp,2013-01-01,4.019292604501601,donor,insulated
HealthCare_Emp,2013-02-01,3.333333333333321,donor,insulated
HealthCare_Emp,2013-03-01,5.296950240770459,donor,insulated
HealthCare_Emp,2013-04-01,3.803486529318545,donor,insulated
HealthCare_Emp,2013-05-01,2.8257456828885363,donor,insulated
HealthCare_Emp,2013-06-01,3.464566929133861,donor,insulated
HealthCare_Emp,2013-07-01,2.812499999999996,donor,insulated
HealthCare_Emp,2013-08-01,3.1201248049922192,donor,insulated
HealthCare_Emp,2013-09-01,2.639751552795011,donor,insulated
HealthCare_Emp,2013-10-01,1.6975308641975273,donor,insulated
HealthCare_Emp,2013-11-01,2.9320987654321007,donor,insulated
HealthCare_Emp,2013-12-01,1.67682926829269,donor,insulated
HealthCare_Emp,2014-01-01,1.2364760432766575,donor,insulated
HealthCare_Emp,2014-02-01,0.9216589861751334,donor,insulated
HealthCare_Emp,2014-03-01,1.0670731707317138,donor,insulated
HealthCare_Emp,2014-04-01,1.3740458015267132,donor,insulated
HealthCare_Emp,2014-05-01,1.526717557251911,donor,insulated
HealthCare_Emp,2014-06-01,0.7610350076103556,donor,insulated
HealthCare_Emp,2014-07-01,1.2158054711246091,donor,insulated
HealthCare_Emp,2014-08-01,1.3615733736762392,donor,insulated
HealthCare_Emp,2014-09-01,1.81543116490166,donor,insulated
HealthCare_Emp,2014-10-01,1.9726858877086475,donor,insulated
HealthCare_Emp,2014-11-01,1.349325337331342,donor,insulated
HealthCare_Emp,2014-12-01,2.398800599700146,donor,insulated
HealthCare_Emp,2015-01-01,3.206106870228997,donor,insulated
HealthCare_Emp,2015-02-01,3.9573820395738313,donor,insulated
HealthCare_Emp,2015-03-01,3.7707390648567207,donor,insulated
HealthCare_Emp,2015-04-01,3.162650602409633,donor,insulated
HealthCare_Emp,2015-05-01,3.308270676691727,donor,insulated
HealthCare_Emp,2015-06-01,4.078549848942603,donor,insulated
HealthCare_Emp,2015-07-01,3.153153153153143,donor,insulated
HealthCare_Emp,2015-08-01,2.8358208955223896,donor,insulated
HealthCare_Emp,2015-09-01,2.971768202080227,donor,insulated
HealthCare_Emp,2015-10-01,3.571428571428581,donor,insulated
HealthCare_Emp,2015-11-01,3.106508875739644,donor,insulated
HealthCare_Emp,2015-12-01,3.221083455344065,donor,insulated
HealthCare_Emp,2016-01-01,2.51479289940828,donor,insulated
HealthCare_Emp,2016-02-01,1.6105417276720324,donor,insulated
HealthCare_Emp,2016-03-01,2.180232558139528,donor,insulated
HealthCare_Emp,2016-04-01,2.9197080291970767,donor,insulated
HealthCare_Emp,2016-05-01,2.183406113537112,donor,insulated
HealthCare_Emp,2016-06-01,1.8867924528301885,donor,insulated
HealthCare_Emp,2016-07-01,2.328966521106257,donor,insulated
HealthCare_Emp,2016-08-01,2.1770682148040565,donor,insulated
HealthCare_Emp,2016-09-01,2.4531024531024626,donor,insulated
HealthCare_Emp,2016-10-01,1.5804597701149392,donor,insulated
HealthCare_Emp,2016-11-01,1.5781922525107683,donor,insulated
HealthCare_Emp,2016-12-01,1.7021276595744703,donor,insulated
HealthCare_Emp,2017-01-01,2.164502164502169,donor,insulated
HealthCare_Emp,2017-02-01,2.017291066282412,donor,insulated
HealthCare_Emp,2017-03-01,1.991465149359884,donor,insulated
HealthCare_Emp,2017-04-01,1.843971631205665,donor,insulated
HealthCare_Emp,2017-05-01,1.9943019943019944,donor,insulated
HealthCare_Emp,2017-06-01,1.5669515669515688,donor,insulated
HealthCare_Emp,2017-07-01,3.271692745376953,donor,insulated
HealthCare_Emp,2017-08-01,3.409090909090917,donor,insulated
HealthCare_Emp,2017-09-01,3.661971830985911,donor,insulated
HealthCare_Emp,2017-10-01,3.2531824611032434,donor,insulated
HealthCare_Emp,2017-11-01,3.1073446327683607,donor,insulated
HealthCare_Emp,2017-12-01,3.486750348675028,donor,insulated
HealthCare_Emp,2018-01-01,2.9661016949152463,donor,insulated
HealthCare_Emp,2018-02-01,2.9661016949152463,donor,insulated
HealthCare_Emp,2018-03-01,2.9288702928870203,donor,insulated
HealthCare_Emp,2018-04-01,1.671309192200554,donor,insulated
HealthCare_Emp,2018-05-01,1.2569832402234526,donor,insulated
HealthCare_Emp,2018-06-01,2.384291725105192,donor,insulated
HealthCare_Emp,2018-07-01,-0.5509641873278182,donor,insulated
HealthCare_Emp,2018-08-01,0.4120879120879106,donor,insulated
HealthCare_Emp,2018-09-01,-0.4076086956521729,donor,insulated
HealthCare_Emp,2018-10-01,-0.136986301369868,donor,insulated
HealthCare_Emp,2018-11-01,0.5479452054794498,donor,insulated
HealthCare_Emp,2018-12-01,0.0,donor,insulated
HealthCare_Emp,2019-01-01,-0.5486968449931462,donor,insulated
HealthCare_Emp,2019-02-01,0.137174211248281,donor,insulated
HealthCare_Emp,2019-03-01,0.2710027100270906,donor,insulated
HealthCare_Emp,2019-04-01,0.6849315068493178,donor,insulated
HealthCare_Emp,2019-05-01,0.8275862068965578,donor,insulated
HealthCare_Emp,2019-06-01,-0.5479452054794498,donor,insulated
HealthCare_Emp,2019-07-01,1.2465373961218829,donor,insulated
HealthCare_Emp,2019-08-01,0.9575923392612928,donor,insulated
HealthCare_Emp,2019-09-01,1.3642564802182733,donor,insulated
HealthCare_Emp,2019-10-01,1.5089163237311354,donor,insulated
HealthCare_Emp,2019-11-01,1.2261580381471404,donor,insulated
HealthCare_Emp,2019-12-01,0.9433962264151052,donor,insulated
HealthCare_Emp,2020-01-01,2.482758620689652,donor,insulated
HealthCare_Emp,2020-02-01,1.7808219178082174,donor,insulated
HealthCare_Emp,2020-03-01,0.4054054054054123,donor,insulated
HealthCare_Emp,2020-04-01,-10.20408163265306,donor,insulated
HealthCare_Emp,2020-05-01,-6.429548563611487,donor,insulated
HealthCare_Emp,2020-06-01,-3.1680440771349905,donor,insulated
HealthCare_Emp,2020-07-01,-3.4199726402188824,donor,insulated
HealthCare_Emp,2020-08-01,-4.878048780487809,donor,insulated
HealthCare_Emp,2020-09-01,-5.787348586810226,donor,insulated
HealthCare_Emp,2020-10-01,-4.189189189189191,donor,insulated
HealthCare_Emp,2020-11-01,-3.364737550471064,donor,insulated
HealthCare_Emp,2020-12-01,-2.5367156208277675,donor,insulated
NatRes_Constr_Emp,1991-01-01,7.079646017699126,donor,insulated
NatRes_Constr_Emp,1991-02-01,4.347826086956519,donor,insulated
NatRes_Constr_Emp,1991-03-01,4.31034482758621,donor,insulated
NatRes_Constr_Emp,1991-04-01,5.5393586005831,donor,insulated
NatRes_Constr_Emp,1991-05-01,4.885057471264376,donor,insulated
NatRes_Constr_Emp,1991-06-01,3.370786516853941,donor,insulated
NatRes_Constr_Emp,1991-07-01,1.955307262569828,donor,insulated
NatRes_Constr_Emp,1991-08-01,1.1080332409972191,donor,insulated
NatRes_Constr_Emp,1991-09-01,-0.2770083102493048,donor,insulated
NatRes_Constr_Emp,1991-10-01,-3.513513513513511,donor,insulated
NatRes_Constr_Emp,1991-11-01,-4.336043360433606,donor,insulated
NatRes_Constr_Emp,1991-12-01,-5.107526881720426,donor,insulated
NatRes_Constr_Emp,1992-01-01,-6.6115702479338845,donor,insulated
NatRes_Constr_Emp,1992-02-01,-7.222222222222219,donor,insulated
NatRes_Constr_Emp,1992-03-01,-7.162534435261703,donor,insulated
NatRes_Constr_Emp,1992-04-01,-7.182320441988955,donor,insulated
NatRes_Constr_Emp,1992-05-01,-7.671232876712331,donor,insulated
NatRes_Constr_Emp,1992-06-01,-7.336956521739135,donor,insulated
NatRes_Constr_Emp,1992-07-01,-5.47945205479452,donor,insulated
NatRes_Constr_Emp,1992-08-01,-6.849315068493156,donor,insulated
NatRes_Constr_Emp,1992-09-01,-7.499999999999996,donor,insulated
NatRes_Constr_Emp,1992-10-01,-3.361344537815125,donor,insulated
NatRes_Constr_Emp,1992-11-01,-1.1331444759206777,donor,insulated
NatRes_Constr_Emp,1992-12-01,-0.5665722379603388,donor,insulated
NatRes_Constr_Emp,1993-01-01,2.6548672566371723,donor,insulated
NatRes_Constr_Emp,1993-02-01,5.089820359281427,donor,insulated
NatRes_Constr_Emp,1993-03-01,4.451038575667665,donor,insulated
NatRes_Constr_Emp,1993-04-01,4.166666666666674,donor,insulated
NatRes_Constr_Emp,1993-05-01,3.857566765578646,donor,insulated
NatRes_Constr_Emp,1993-06-01,2.639296187683282,donor,insulated
NatRes_Constr_Emp,1993-07-01,2.3188405797101463,donor,insulated
NatRes_Constr_Emp,1993-08-01,2.0588235294117574,donor,insulated
NatRes_Constr_Emp,1993-09-01,3.9039039039038936,donor,insulated
NatRes_Constr_Emp,1993-10-01,-1.1594202898550732,donor,insulated
NatRes_Constr_Emp,1993-11-01,-4.011461318051579,donor,insulated
NatRes_Constr_Emp,1993-12-01,-6.837606837606824,donor,insulated
NatRes_Constr_Emp,1994-01-01,-10.632183908045976,donor,insulated
NatRes_Constr_Emp,1994-02-01,-12.250712250712247,donor,insulated
NatRes_Constr_Emp,1994-03-01,-11.64772727272727,donor,insulated
NatRes_Constr_Emp,1994-04-01,-10.571428571428577,donor,insulated
NatRes_Constr_Emp,1994-05-01,-10.857142857142854,donor,insulated
NatRes_Constr_Emp,1994-06-01,-10.571428571428577,donor,insulated
NatRes_Constr_Emp,1994-07-01,-11.048158640226625,donor,insulated
NatRes_Constr_Emp,1994-08-01,-9.22190201729106,donor,insulated
NatRes_Constr_Emp,1994-09-01,-9.537572254335258,donor,insulated
NatRes_Constr_Emp,1994-10-01,-9.97067448680352,donor,insulated
NatRes_Constr_Emp,1994-11-01,-9.552238805970148,donor,insulated
NatRes_Constr_Emp,1994-12-01,-9.480122324159035,donor,insulated
NatRes_Constr_Emp,1995-01-01,-9.646302250803862,donor,insulated
NatRes_Constr_Emp,1995-02-01,-10.064935064935066,donor,insulated
NatRes_Constr_Emp,1995-03-01,-9.646302250803862,donor,insulated
NatRes_Constr_Emp,1995-04-01,-11.82108626198083,donor,insulated
NatRes_Constr_Emp,1995-05-01,-11.217948717948724,donor,insulated
NatRes_Constr_Emp,1995-06-01,-10.22364217252396,donor,insulated
NatRes_Constr_Emp,1995-07-01,-10.828025477707005,donor,insulated
NatRes_Constr_Emp,1995-08-01,-10.158730158730156,donor,insulated
NatRes_Constr_Emp,1995-09-01,-9.904153354632584,donor,insulated
NatRes_Constr_Emp,1995-10-01,-10.097719869706845,donor,insulated
NatRes_Constr_Emp,1995-11-01,-9.570957095709575,donor,insulated
NatRes_Constr_Emp,1995-12-01,-9.121621621621625,donor,insulated
NatRes_Constr_Emp,1996-01-01,-8.896797153024917,donor,insulated
NatRes_Constr_Emp,1996-02-01,-9.747292418772568,donor,insulated
NatRes_Constr_Emp,1996-03-01,-11.032028469750887,donor,insulated
NatRes_Constr_Emp,1996-04-01,-9.782608695652172,donor,insulated
NatRes_Constr_Emp,1996-05-01,-9.386281588447654,donor,insulated
NatRes_Constr_Emp,1996-06-01,-9.608540925266906,donor,insulated
NatRes_Constr_Emp,1996-07-01,-9.642857142857142,donor,insulated
NatRes_Constr_Emp,1996-08-01,-9.540636042402827,donor,insulated
NatRes_Constr_Emp,1996-09-01,-9.57446808510638,donor,insulated
NatRes_Constr_Emp,1996-10-01,-7.971014492753625,donor,insulated
NatRes_Constr_Emp,1996-11-01,-11.31386861313869,donor,insulated
NatRes_Constr_Emp,1996-12-01,-6.691449814126393,donor,insulated
NatRes_Constr_Emp,1997-01-01,-6.640625,donor,insulated
NatRes_Constr_Emp,1997-02-01,-4.800000000000004,donor,insulated
NatRes_Constr_Emp,1997-03-01,-4.800000000000004,donor,insulated
NatRes_Constr_Emp,1997-04-01,-6.425702811244982,donor,insulated
NatRes_Constr_Emp,1997-05-01,-6.3745019920318775,donor,insulated
NatRes_Constr_Emp,1997-06-01,-7.0866141732283445,donor,insulated
NatRes_Constr_Emp,1997-07-01,-5.533596837944666,donor,insulated
NatRes_Constr_Emp,1997-08-01,-5.859375,donor,insulated
NatRes_Constr_Emp,1997-09-01,-5.490196078431375,donor,insulated
NatRes_Constr_Emp,1997-10-01,-5.511811023622048,donor,insulated
NatRes_Constr_Emp,1997-11-01,-2.0576131687242816,donor,insulated
NatRes_Constr_Emp,1997-12-01,-5.577689243027884,donor,insulated
NatRes_Constr_Emp,1998-01-01,-6.276150627615063,donor,insulated
NatRes_Constr_Emp,1998-02-01,-4.621848739495793,donor,insulated
NatRes_Constr_Emp,1998-03-01,-4.201680672268903,donor,insulated
NatRes_Constr_Emp,1998-04-01,-3.0042918454935674,donor,insulated
NatRes_Constr_Emp,1998-05-01,-2.9787234042553234,donor,insulated
NatRes_Constr_Emp,1998-06-01,-2.5423728813559365,donor,insulated
NatRes_Constr_Emp,1998-07-01,-2.092050209205021,donor,insulated
NatRes_Constr_Emp,1998-08-01,-2.0746887966805017,donor,insulated
NatRes_Constr_Emp,1998-09-01,-2.4896265560166,donor,insulated
NatRes_Constr_Emp,1998-10-01,-2.500000000000002,donor,insulated
NatRes_Constr_Emp,1998-11-01,-2.5210084033613467,donor,insulated
NatRes_Constr_Emp,1998-12-01,-0.8438818565400852,donor,insulated
NatRes_Constr_Emp,1999-01-01,-0.8928571428571397,donor,insulated
NatRes_Constr_Emp,1999-02-01,-2.2026431718061623,donor,insulated
NatRes_Constr_Emp,1999-03-01,-2.631578947368418,donor,insulated
NatRes_Constr_Emp,1999-04-01,-0.8849557522123908,donor,insulated
NatRes_Constr_Emp,1999-05-01,-0.8771929824561431,donor,insulated
NatRes_Constr_Emp,1999-06-01,0.0,donor,insulated
NatRes_Constr_Emp,1999-07-01,0.0,donor,insulated
NatRes_Constr_Emp,1999-08-01,-0.8474576271186418,donor,insulated
NatRes_Constr_Emp,1999-09-01,0.4255319148936065,donor,insulated
NatRes_Constr_Emp,1999-10-01,0.0,donor,insulated
NatRes_Constr_Emp,1999-11-01,1.2931034482758674,donor,insulated
NatRes_Constr_Emp,1999-12-01,1.7021276595744703,donor,insulated
NatRes_Constr_Emp,2000-01-01,5.405405405405395,donor,insulated
NatRes_Constr_Emp,2000-02-01,5.855855855855863,donor,insulated
NatRes_Constr_Emp,2000-03-01,8.558558558558559,donor,insulated
NatRes_Constr_Emp,2000-04-01,8.92857142857142,donor,insulated
NatRes_Constr_Emp,2000-05-01,9.734513274336276,donor,insulated
NatRes_Constr_Emp,2000-06-01,9.565217391304335,donor,insulated
NatRes_Constr_Emp,2000-07-01,10.68376068376069,donor,insulated
NatRes_Constr_Emp,2000-08-01,11.965811965811968,donor,insulated
NatRes_Constr_Emp,2000-09-01,11.864406779661008,donor,insulated
NatRes_Constr_Emp,2000-10-01,11.111111111111116,donor,insulated
NatRes_Constr_Emp,2000-11-01,10.63829787234043,donor,insulated
NatRes_Constr_Emp,2000-12-01,10.041841004184104,donor,insulated
NatRes_Constr_Emp,2001-01-01,7.692307692307687,donor,insulated
NatRes_Constr_Emp,2001-02-01,6.808510638297882,donor,insulated
NatRes_Constr_Emp,2001-03-01,4.564315352697101,donor,insulated
NatRes_Constr_Emp,2001-04-01,1.6393442622950838,donor,insulated
NatRes_Constr_Emp,2001-05-01,1.2096774193548487,donor,insulated
NatRes_Constr_Emp,2001-06-01,-0.3968253968253954,donor,insulated
NatRes_Constr_Emp,2001-07-01,-2.316602316602312,donor,insulated
NatRes_Constr_Emp,2001-08-01,-2.6717557251908386,donor,insulated
NatRes_Constr_Emp,2001-09-01,-3.409090909090906,donor,insulated
NatRes_Constr_Emp,2001-10-01,-3.846153846153844,donor,insulated
NatRes_Constr_Emp,2001-11-01,-3.4615384615384603,donor,insulated
NatRes_Constr_Emp,2001-12-01,-4.1825095057034245,donor,insulated
NatRes_Constr_Emp,2002-01-01,-1.1904761904761862,donor,insulated
NatRes_Constr_Emp,2002-02-01,-1.195219123505975,donor,insulated
NatRes_Constr_Emp,2002-03-01,0.7936507936507908,donor,insulated
NatRes_Constr_Emp,2002-04-01,3.2258064516129004,donor,insulated
NatRes_Constr_Emp,2002-05-01,3.187250996015933,donor,insulated
NatRes_Constr_Emp,2002-06-01,6.374501992031867,donor,insulated
NatRes_Constr_Emp,2002-07-01,7.114624505928857,donor,insulated
NatRes_Constr_Emp,2002-08-01,7.843137254901955,donor,insulated
NatRes_Constr_Emp,2002-09-01,7.058823529411762,donor,insulated
NatRes_Constr_Emp,2002-10-01,9.600000000000009,donor,insulated
NatRes_Constr_Emp,2002-11-01,9.960159362549792,donor,insulated
NatRes_Constr_Emp,2002-12-01,9.92063492063493,donor,insulated
NatRes_Constr_Emp,2003-01-01,9.236947791164663,donor,insulated
NatRes_Constr_Emp,2003-02-01,10.080645161290324,donor,insulated
NatRes_Constr_Emp,2003-03-01,8.661417322834652,donor,insulated
NatRes_Constr_Emp,2003-04-01,9.375,donor,insulated
NatRes_Constr_Emp,2003-05-01,9.652509652509655,donor,insulated
NatRes_Constr_Emp,2003-06-01,7.490636704119846,donor,insulated
NatRes_Constr_Emp,2003-07-01,7.011070110701101,donor,insulated
NatRes_Constr_Emp,2003-08-01,6.545454545454543,donor,insulated
NatRes_Constr_Emp,2003-09-01,7.326007326007322,donor,insulated
NatRes_Constr_Emp,2003-10-01,6.569343065693434,donor,insulated
NatRes_Constr_Emp,2003-11-01,5.434782608695654,donor,insulated
NatRes_Constr_Emp,2003-12-01,4.332129963898912,donor,insulated
NatRes_Constr_Emp,2004-01-01,3.6764705882353033,donor,insulated
NatRes_Constr_Emp,2004-02-01,4.395604395604402,donor,insulated
NatRes_Constr_Emp,2004-03-01,1.449275362318847,donor,insulated
NatRes_Constr_Emp,2004-04-01,3.571428571428581,donor,insulated
NatRes_Constr_Emp,2004-05-01,3.873239436619724,donor,insulated
NatRes_Constr_Emp,2004-06-01,4.878048780487809,donor,insulated
NatRes_Constr_Emp,2004-07-01,5.517241379310356,donor,insulated
NatRes_Constr_Emp,2004-08-01,4.778156996587035,donor,insulated
NatRes_Constr_Emp,2004-09-01,5.802047781569963,donor,insulated
NatRes_Constr_Emp,2004-10-01,6.849315068493156,donor,insulated
NatRes_Constr_Emp,2004-11-01,8.247422680412363,donor,insulated
NatRes_Constr_Emp,2004-12-01,10.380622837370248,donor,insulated
NatRes_Constr_Emp,2005-01-01,11.347517730496447,donor,insulated
NatRes_Constr_Emp,2005-02-01,11.228070175438589,donor,insulated
NatRes_Constr_Emp,2005-03-01,15.714285714285726,donor,insulated
NatRes_Constr_Emp,2005-04-01,13.793103448275868,donor,insulated
NatRes_Constr_Emp,2005-05-01,13.898305084745765,donor,insulated
NatRes_Constr_Emp,2005-06-01,13.953488372093029,donor,insulated
NatRes_Constr_Emp,2005-07-01,13.398692810457511,donor,insulated
NatRes_Constr_Emp,2005-08-01,14.332247557003264,donor,insulated
NatRes_Constr_Emp,2005-09-01,14.83870967741936,donor,insulated
NatRes_Constr_Emp,2005-10-01,13.461538461538458,donor,insulated
NatRes_Constr_Emp,2005-11-01,13.015873015873014,donor,insulated
NatRes_Constr_Emp,2005-12-01,12.852664576802496,donor,insulated
NatRes_Constr_Emp,2006-01-01,12.101910828025474,donor,insulated
NatRes_Constr_Emp,2006-02-01,11.671924290220815,donor,insulated
NatRes_Constr_Emp,2006-03-01,9.876543209876544,donor,insulated
NatRes_Constr_Emp,2006-04-01,8.18181818181818,donor,insulated
NatRes_Constr_Emp,2006-05-01,8.333333333333325,donor,insulated
NatRes_Constr_Emp,2006-06-01,8.163265306122458,donor,insulated
NatRes_Constr_Emp,2006-07-01,7.78097982708934,donor,insulated
NatRes_Constr_Emp,2006-08-01,8.26210826210827,donor,insulated
NatRes_Constr_Emp,2006-09-01,8.426966292134841,donor,insulated
NatRes_Constr_Emp,2006-10-01,8.757062146892647,donor,insulated
NatRes_Constr_Emp,2006-11-01,9.8314606741573,donor,insulated
NatRes_Constr_Emp,2006-12-01,10.277777777777786,donor,insulated
NatRes_Constr_Emp,2007-01-01,8.52272727272727,donor,insulated
NatRes_Constr_Emp,2007-02-01,9.039548022598876,donor,insulated
NatRes_Constr_Emp,2007-03-01,8.98876404494382,donor,insulated
NatRes_Constr_Emp,2007-04-01,9.243697478991583,donor,insulated
NatRes_Constr_Emp,2007-05-01,8.241758241758234,donor,insulated
NatRes_Constr_Emp,2007-06-01,8.35579514824798,donor,insulated
NatRes_Constr_Emp,2007-07-01,7.754010695187175,donor,insulated
NatRes_Constr_Emp,2007-08-01,6.842105263157894,donor,insulated
NatRes_Constr_Emp,2007-09-01,5.699481865284972,donor,insulated
NatRes_Constr_Emp,2007-10-01,5.974025974025965,donor,insulated
NatRes_Constr_Emp,2007-11-01,4.603580562659837,donor,insulated
NatRes_Constr_Emp,2007-12-01,2.5188916876574208,donor,insulated
NatRes_Constr_Emp,2008-01-01,3.926701570680624,donor,insulated
NatRes_Constr_Emp,2008-02-01,3.1088082901554515,donor,insulated
NatRes_Constr_Emp,2008-03-01,2.319587628865971,donor,insulated
NatRes_Constr_Emp,2008-04-01,1.025641025641022,donor,insulated
NatRes_Constr_Emp,2008-05-01,-1.269035532994922,donor,insulated
NatRes_Constr_Emp,2008-06-01,-2.985074626865669,donor,insulated
NatRes_Constr_Emp,2008-07-01,-3.47394540942928,donor,insulated
NatRes_Constr_Emp,2008-08-01,-4.679802955665025,donor,insulated
NatRes_Constr_Emp,2008-09-01,-5.6372549019607865,donor,insulated
NatRes_Constr_Emp,2008-10-01,-7.352941176470584,donor,insulated
NatRes_Constr_Emp,2008-11-01,-9.290953545232272,donor,insulated
NatRes_Constr_Emp,2008-12-01,-10.565110565110569,donor,insulated
NatRes_Constr_Emp,2009-01-01,-12.594458438287148,donor,insulated
NatRes_Constr_Emp,2009-02-01,-14.572864321608035,donor,insulated
NatRes_Constr_Emp,2009-03-01,-15.617128463476073,donor,insulated
NatRes_Constr_Emp,2009-04-01,-17.00507614213197,donor,insulated
NatRes_Constr_Emp,2009-05-01,-16.45244215938303,donor,insulated
NatRes_Constr_Emp,2009-06-01,-16.41025641025641,donor,insulated
NatRes_Constr_Emp,2009-07-01,-16.966580976863767,donor,insulated
NatRes_Constr_Emp,2009-08-01,-18.346253229974163,donor,insulated
NatRes_Constr_Emp,2009-09-01,-18.701298701298697,donor,insulated
NatRes_Constr_Emp,2009-10-01,-17.989417989417987,donor,insulated
NatRes_Constr_Emp,2009-11-01,-17.520215633423174,donor,insulated
NatRes_Constr_Emp,2009-12-01,-16.208791208791208,donor,insulated
NatRes_Constr_Emp,2010-01-01,-13.832853025936595,donor,insulated
NatRes_Constr_Emp,2010-02-01,-12.647058823529411,donor,insulated
NatRes_Constr_Emp,2010-03-01,-11.044776119402988,donor,insulated
NatRes_Constr_Emp,2010-04-01,-9.174311926605515,donor,insulated
NatRes_Constr_Emp,2010-05-01,-8.923076923076923,donor,insulated
NatRes_Constr_Emp,2010-06-01,-9.202453987730063,donor,insulated
NatRes_Constr_Emp,2010-07-01,-7.739938080495346,donor,insulated
NatRes_Constr_Emp,2010-08-01,-6.329113924050633,donor,insulated
NatRes_Constr_Emp,2010-09-01,-5.111821086261981,donor,insulated
NatRes_Constr_Emp,2010-10-01,-3.2258064516129004,donor,insulated
NatRes_Constr_Emp,2010-11-01,-1.9607843137254943,donor,insulated
NatRes_Constr_Emp,2010-12-01,-1.3114754098360604,donor,insulated
NatRes_Constr_Emp,2011-01-01,-4.682274247491636,donor,insulated
NatRes_Constr_Emp,2011-02-01,-2.6936026936026924,donor,insulated
NatRes_Constr_Emp,2011-03-01,-2.684563758389258,donor,insulated
NatRes_Constr_Emp,2011-04-01,-1.0101010101010055,donor,insulated
NatRes_Constr_Emp,2011-05-01,-0.6756756756756799,donor,insulated
NatRes_Constr_Emp,2011-06-01,1.3513513513513598,donor,insulated
NatRes_Constr_Emp,2011-07-01,2.0134228187919545,donor,insulated
NatRes_Constr_Emp,2011-08-01,2.3648648648648685,donor,insulated
NatRes_Constr_Emp,2011-09-01,2.6936026936027035,donor,insulated
NatRes_Constr_Emp,2011-10-01,0.6666666666666599,donor,insulated
NatRes_Constr_Emp,2011-11-01,0.333333333333341,donor,insulated
NatRes_Constr_Emp,2011-12-01,0.3322259136212535,donor,insulated
NatRes_Constr_Emp,2012-01-01,3.157894736842115,donor,insulated
NatRes_Constr_Emp,2012-02-01,1.730103806228378,donor,insulated
NatRes_Constr_Emp,2012-03-01,1.724137931034475,donor,insulated
NatRes_Constr_Emp,2012-04-01,0.340136054421758,donor,insulated
NatRes_Constr_Emp,2012-05-01,1.3605442176870763,donor,insulated
NatRes_Constr_Emp,2012-06-01,1.333333333333342,donor,insulated
NatRes_Constr_Emp,2012-07-01,0.328947368421062,donor,insulated
NatRes_Constr_Emp,2012-08-01,1.650165016501659,donor,insulated
NatRes_Constr_Emp,2012-09-01,2.2950819672131084,donor,insulated
NatRes_Constr_Emp,2012-10-01,3.973509933774833,donor,insulated
NatRes_Constr_Emp,2012-11-01,4.651162790697683,donor,insulated
NatRes_Constr_Emp,2012-12-01,4.304635761589415,donor,insulated
NatRes_Constr_Emp,2013-01-01,4.761904761904767,donor,insulated
NatRes_Constr_Emp,2013-02-01,5.782312925170063,donor,insulated
NatRes_Constr_Emp,2013-03-01,6.779661016949157,donor,insulated
NatRes_Constr_Emp,2013-04-01,7.457627118644061,donor,insulated
NatRes_Constr_Emp,2013-05-01,8.389261744966436,donor,insulated
NatRes_Constr_Emp,2013-06-01,5.263157894736836,donor,insulated
NatRes_Constr_Emp,2013-07-01,6.229508196721301,donor,insulated
NatRes_Constr_Emp,2013-08-01,5.519480519480524,donor,insulated
NatRes_Constr_Emp,2013-09-01,4.166666666666674,donor,insulated
NatRes_Constr_Emp,2013-10-01,3.1847133757961776,donor,insulated
NatRes_Constr_Emp,2013-11-01,3.492063492063502,donor,insulated
NatRes_Constr_Emp,2013-12-01,4.126984126984135,donor,insulated
NatRes_Constr_Emp,2014-01-01,2.922077922077926,donor,insulated
NatRes_Constr_Emp,2014-02-01,2.893890675241151,donor,insulated
NatRes_Constr_Emp,2014-03-01,2.2222222222222365,donor,insulated
NatRes_Constr_Emp,2014-04-01,1.5772870662460692,donor,insulated
NatRes_Constr_Emp,2014-05-01,1.547987616099089,donor,insulated
NatRes_Constr_Emp,2014-06-01,3.4375000000000044,donor,insulated
NatRes_Constr_Emp,2014-07-01,3.703703703703698,donor,insulated
NatRes_Constr_Emp,2014-08-01,4.000000000000004,donor,insulated
NatRes_Constr_Emp,2014-09-01,5.230769230769239,donor,insulated
NatRes_Constr_Emp,2014-10-01,6.172839506172845,donor,insulated
NatRes_Constr_Emp,2014-11-01,5.21472392638036,donor,insulated
NatRes_Constr_Emp,2014-12-01,4.268292682926833,donor,insulated
NatRes_Constr_Emp,2015-01-01,4.416403785488954,donor,insulated
NatRes_Constr_Emp,2015-02-01,4.374999999999996,donor,insulated
NatRes_Constr_Emp,2015-03-01,5.900621118012417,donor,insulated
NatRes_Constr_Emp,2015-04-01,7.453416149068315,donor,insulated
NatRes_Constr_Emp,2015-05-01,7.317073170731714,donor,insulated
NatRes_Constr_Emp,2015-06-01,8.45921450151057,donor,insulated
NatRes_Constr_Emp,2015-07-01,9.523809523809534,donor,insulated
NatRes_Constr_Emp,2015-08-01,9.171597633136086,donor,insulated
NatRes_Constr_Emp,2015-09-01,8.479532163742686,donor,insulated
NatRes_Constr_Emp,2015-10-01,11.33720930232558,donor,insulated
NatRes_Constr_Emp,2015-11-01,12.536443148688049,donor,insulated
NatRes_Constr_Emp,2015-12-01,14.327485380116968,donor,insulated
NatRes_Constr_Emp,2016-01-01,16.012084592145026,donor,insulated
NatRes_Constr_Emp,2016-02-01,16.467065868263475,donor,insulated
NatRes_Constr_Emp,2016-03-01,14.956011730205288,donor,insulated
NatRes_Constr_Emp,2016-04-01,13.005780346820806,donor,insulated
NatRes_Constr_Emp,2016-05-01,11.931818181818189,donor,insulated
NatRes_Constr_Emp,2016-06-01,10.027855153203348,donor,insulated
NatRes_Constr_Emp,2016-07-01,8.695652173913038,donor,insulated
NatRes_Constr_Emp,2016-08-01,8.130081300813007,donor,insulated
NatRes_Constr_Emp,2016-09-01,6.199460916442057,donor,insulated
NatRes_Constr_Emp,2016-10-01,1.305483028720622,donor,insulated
NatRes_Constr_Emp,2016-11-01,0.5181347150259086,donor,insulated
NatRes_Constr_Emp,2016-12-01,-1.7902813299232712,donor,insulated
NatRes_Constr_Emp,2017-01-01,-3.385416666666663,donor,insulated
NatRes_Constr_Emp,2017-02-01,-4.113110539845755,donor,insulated
NatRes_Constr_Emp,2017-03-01,-4.081632653061229,donor,insulated
NatRes_Constr_Emp,2017-04-01,-4.6035805626598485,donor,insulated
NatRes_Constr_Emp,2017-05-01,-4.822335025380708,donor,insulated
NatRes_Constr_Emp,2017-06-01,-4.303797468354431,donor,insulated
NatRes_Constr_Emp,2017-07-01,-6.000000000000005,donor,insulated
NatRes_Constr_Emp,2017-08-01,-5.513784461152882,donor,insulated
NatRes_Constr_Emp,2017-09-01,-4.822335025380708,donor,insulated
NatRes_Constr_Emp,2017-10-01,-4.89690721649485,donor,insulated
NatRes_Constr_Emp,2017-11-01,-4.381443298969067,donor,insulated
NatRes_Constr_Emp,2017-12-01,-3.125,donor,insulated
NatRes_Constr_Emp,2018-01-01,-2.425876010781669,donor,insulated
NatRes_Constr_Emp,2018-02-01,-2.144772117962468,donor,insulated
NatRes_Constr_Emp,2018-03-01,-1.8617021276595704,donor,insulated
NatRes_Constr_Emp,2018-04-01,-0.2680965147453085,donor,insulated
NatRes_Constr_Emp,2018-05-01,-0.2666666666666706,donor,insulated
NatRes_Constr_Emp,2018-06-01,0.2645502645502562,donor,insulated
NatRes_Constr_Emp,2018-07-01,1.5957446808510634,donor,insulated
NatRes_Constr_Emp,2018-08-01,1.3262599469495928,donor,insulated
NatRes_Constr_Emp,2018-09-01,1.866666666666661,donor,insulated
NatRes_Constr_Emp,2018-10-01,3.794037940379402,donor,insulated
NatRes_Constr_Emp,2018-11-01,2.42587601078168,donor,insulated
NatRes_Constr_Emp,2018-12-01,2.1505376344086,donor,insulated
NatRes_Constr_Emp,2019-01-01,1.3812154696132506,donor,insulated
NatRes_Constr_Emp,2019-02-01,1.0958904109588996,donor,insulated
NatRes_Constr_Emp,2019-03-01,2.168021680216792,donor,insulated
NatRes_Constr_Emp,2019-04-01,1.0752688172043,donor,insulated
NatRes_Constr_Emp,2019-05-01,0.8021390374331583,donor,insulated
NatRes_Constr_Emp,2019-06-01,-1.055408970976257,donor,insulated
NatRes_Constr_Emp,2019-07-01,-0.7853403141361293,donor,insulated
NatRes_Constr_Emp,2019-08-01,-0.7853403141361293,donor,insulated
NatRes_Constr_Emp,2019-09-01,-1.0471204188481686,donor,insulated
NatRes_Constr_Emp,2019-10-01,-1.566579634464749,donor,insulated
NatRes_Constr_Emp,2019-11-01,0.2631578947368318,donor,insulated
NatRes_Constr_Emp,2019-12-01,-0.2631578947368429,donor,insulated
NatRes_Constr_Emp,2020-01-01,0.2724795640326904,donor,insulated
NatRes_Constr_Emp,2020-02-01,0.5420054200542035,donor,insulated
NatRes_Constr_Emp,2020-03-01,-1.856763925729444,donor,insulated
NatRes_Constr_Emp,2020-04-01,-8.244680851063835,donor,insulated
NatRes_Constr_Emp,2020-05-01,-1.856763925729444,donor,insulated
NatRes_Constr_Emp,2020-06-01,0.0,donor,insulated
NatRes_Constr_Emp,2020-07-01,-3.430079155672827,donor,insulated
NatRes_Constr_Emp,2020-08-01,-2.37467018469657,donor,insulated
NatRes_Constr_Emp,2020-09-01,-3.1746031746031744,donor,insulated
NatRes_Constr_Emp,2020-10-01,-2.3872679045092826,donor,insulated
NatRes_Constr_Emp,2020-11-01,-2.887139107611547,donor,insulated
NatRes_Constr_Emp,2020-12-01,-1.055408970976257,donor,insulated
Wholesale_Emp,1991-01-01,0.5813953488372103,donor,insulated
Wholesale_Emp,1991-02-01,-0.5747126436781658,donor,insulated
Wholesale_Emp,1991-03-01,-0.5747126436781658,donor,insulated
Wholesale_Emp,1991-04-01,-0.5780346820809301,donor,insulated
Wholesale_Emp,1991-05-01,-1.1494252873563204,donor,insulated
Wholesale_Emp,1991-06-01,-1.7045454545454586,donor,insulated
Wholesale_Emp,1991-07-01,-1.6949152542372836,donor,insulated
Wholesale_Emp,1991-08-01,-1.6949152542372836,donor,insulated
Wholesale_Emp,1991-09-01,-1.1363636363636354,donor,insulated
Wholesale_Emp,1991-10-01,-1.1299435028248594,donor,insulated
Wholesale_Emp,1991-11-01,0.0,donor,insulated
Wholesale_Emp,1991-12-01,-2.793296089385477,donor,insulated
Wholesale_Emp,1992-01-01,-0.5780346820809301,donor,insulated
Wholesale_Emp,1992-02-01,-1.7341040462427793,donor,insulated
Wholesale_Emp,1992-03-01,-1.1560693641618491,donor,insulated
Wholesale_Emp,1992-04-01,-0.5813953488372103,donor,insulated
Wholesale_Emp,1992-05-01,-1.162790697674421,donor,insulated
Wholesale_Emp,1992-06-01,-1.1560693641618491,donor,insulated
Wholesale_Emp,1992-07-01,-0.5747126436781658,donor,insulated
Wholesale_Emp,1992-08-01,-1.1494252873563204,donor,insulated
Wholesale_Emp,1992-09-01,-2.298850574712641,donor,insulated
Wholesale_Emp,1992-10-01,-3.4285714285714253,donor,insulated
Wholesale_Emp,1992-11-01,-3.9548022598870025,donor,insulated
Wholesale_Emp,1992-12-01,-1.1494252873563204,donor,insulated
Wholesale_Emp,1993-01-01,-1.744186046511631,donor,insulated
Wholesale_Emp,1993-02-01,-0.588235294117645,donor,insulated
Wholesale_Emp,1993-03-01,-1.7543859649122862,donor,insulated
Wholesale_Emp,1993-04-01,-0.5847953216374324,donor,insulated
Wholesale_Emp,1993-05-01,-0.588235294117645,donor,insulated
Wholesale_Emp,1993-06-01,-0.5847953216374324,donor,insulated
Wholesale_Emp,1993-07-01,-2.8901734104046284,donor,insulated
Wholesale_Emp,1993-08-01,-2.906976744186052,donor,insulated
Wholesale_Emp,1993-09-01,-2.352941176470591,donor,insulated
Wholesale_Emp,1993-10-01,-2.9585798816568087,donor,insulated
Wholesale_Emp,1993-11-01,-2.352941176470591,donor,insulated
Wholesale_Emp,1993-12-01,-3.488372093023251,donor,insulated
Wholesale_Emp,1994-01-01,-3.5502958579881616,donor,insulated
Wholesale_Emp,1994-02-01,-3.5502958579881616,donor,insulated
Wholesale_Emp,1994-03-01,-2.380952380952384,donor,insulated
Wholesale_Emp,1994-04-01,-3.529411764705881,donor,insulated
Wholesale_Emp,1994-05-01,-2.9585798816568087,donor,insulated
Wholesale_Emp,1994-06-01,-2.941176470588236,donor,insulated
Wholesale_Emp,1994-07-01,-1.7857142857142905,donor,insulated
Wholesale_Emp,1994-08-01,-1.19760479041916,donor,insulated
Wholesale_Emp,1994-09-01,-1.2048192771084376,donor,insulated
Wholesale_Emp,1994-10-01,0.0,donor,insulated
Wholesale_Emp,1994-11-01,-1.8072289156626509,donor,insulated
Wholesale_Emp,1994-12-01,-0.6024096385542133,donor,insulated
Wholesale_Emp,1995-01-01,0.0,donor,insulated
Wholesale_Emp,1995-02-01,0.0,donor,insulated
Wholesale_Emp,1995-03-01,-0.6097560975609762,donor,insulated
Wholesale_Emp,1995-04-01,-0.6097560975609762,donor,insulated
Wholesale_Emp,1995-05-01,-0.6097560975609762,donor,insulated
Wholesale_Emp,1995-06-01,-0.60606060606061,donor,insulated
Wholesale_Emp,1995-07-01,-2.4242424242424176,donor,insulated
Wholesale_Emp,1995-08-01,-2.4242424242424176,donor,insulated
Wholesale_Emp,1995-09-01,-1.829268292682917,donor,insulated
Wholesale_Emp,1995-10-01,-2.4390243902439046,donor,insulated
Wholesale_Emp,1995-11-01,-1.8404907975460127,donor,insulated
Wholesale_Emp,1995-12-01,-2.4242424242424176,donor,insulated
Wholesale_Emp,1996-01-01,-1.8404907975460127,donor,insulated
Wholesale_Emp,1996-02-01,-1.8404907975460127,donor,insulated
Wholesale_Emp,1996-03-01,-1.8404907975460127,donor,insulated
Wholesale_Emp,1996-04-01,-2.453987730061346,donor,insulated
Wholesale_Emp,1996-05-01,-2.453987730061346,donor,insulated
Wholesale_Emp,1996-06-01,-2.4390243902439046,donor,insulated
Wholesale_Emp,1996-07-01,-0.6211180124223725,donor,insulated
Wholesale_Emp,1996-08-01,-0.6211180124223725,donor,insulated
Wholesale_Emp,1996-09-01,-1.242236024844734,donor,insulated
Wholesale_Emp,1996-10-01,-1.2499999999999956,donor,insulated
Wholesale_Emp,1996-11-01,-1.2499999999999956,donor,insulated
Wholesale_Emp,1996-12-01,-1.242236024844734,donor,insulated
Wholesale_Emp,1997-01-01,-2.500000000000002,donor,insulated
Wholesale_Emp,1997-02-01,-2.500000000000002,donor,insulated
Wholesale_Emp,1997-03-01,-2.500000000000002,donor,insulated
Wholesale_Emp,1997-04-01,-1.8867924528301885,donor,insulated
Wholesale_Emp,1997-05-01,-1.8867924528301885,donor,insulated
Wholesale_Emp,1997-06-01,-1.8750000000000044,donor,insulated
Wholesale_Emp,1997-07-01,-1.8750000000000044,donor,insulated
Wholesale_Emp,1997-08-01,-1.2499999999999956,donor,insulated
Wholesale_Emp,1997-09-01,-0.6289308176100628,donor,insulated
Wholesale_Emp,1997-10-01,0.0,donor,insulated
Wholesale_Emp,1997-11-01,0.0,donor,insulated
Wholesale_Emp,1997-12-01,0.6289308176100628,donor,insulated
Wholesale_Emp,1998-01-01,0.6410256410256387,donor,insulated
Wholesale_Emp,1998-02-01,1.2820512820512775,donor,insulated
Wholesale_Emp,1998-03-01,1.2820512820512775,donor,insulated
Wholesale_Emp,1998-04-01,1.923076923076916,donor,insulated
Wholesale_Emp,1998-05-01,1.923076923076916,donor,insulated
Wholesale_Emp,1998-06-01,1.273885350318471,donor,insulated
Wholesale_Emp,1998-07-01,1.273885350318471,donor,insulated
Wholesale_Emp,1998-08-01,0.6329113924050667,donor,insulated
Wholesale_Emp,1998-09-01,1.265822784810133,donor,insulated
Wholesale_Emp,1998-10-01,1.265822784810133,donor,insulated
Wholesale_Emp,1998-11-01,1.265822784810133,donor,insulated
Wholesale_Emp,1998-12-01,0.6250000000000089,donor,insulated
Wholesale_Emp,1999-01-01,0.0,donor,insulated
Wholesale_Emp,1999-02-01,-1.2658227848101222,donor,insulated
Wholesale_Emp,1999-03-01,-0.6329113924050667,donor,insulated
Wholesale_Emp,1999-04-01,-0.6289308176100628,donor,insulated
Wholesale_Emp,1999-05-01,-0.6289308176100628,donor,insulated
Wholesale_Emp,1999-06-01,-0.6289308176100628,donor,insulated
Wholesale_Emp,1999-07-01,-0.6289308176100628,donor,insulated
Wholesale_Emp,1999-08-01,0.0,donor,insulated
Wholesale_Emp,1999-09-01,-0.6249999999999978,donor,insulated
Wholesale_Emp,1999-10-01,0.0,donor,insulated
Wholesale_Emp,1999-11-01,0.0,donor,insulated
Wholesale_Emp,1999-12-01,0.6211180124223503,donor,insulated
Wholesale_Emp,2000-01-01,2.5477707006369643,donor,insulated
Wholesale_Emp,2000-02-01,3.205128205128216,donor,insulated
Wholesale_Emp,2000-03-01,3.1847133757961776,donor,insulated
Wholesale_Emp,2000-04-01,1.8987341772152,donor,insulated
Wholesale_Emp,2000-05-01,1.8987341772152,donor,insulated
Wholesale_Emp,2000-06-01,3.797468354430378,donor,insulated
Wholesale_Emp,2000-07-01,3.797468354430378,donor,insulated
Wholesale_Emp,2000-08-01,3.773584905660377,donor,insulated
Wholesale_Emp,2000-09-01,3.773584905660377,donor,insulated
Wholesale_Emp,2000-10-01,3.125,donor,insulated
Wholesale_Emp,2000-11-01,3.750000000000009,donor,insulated
Wholesale_Emp,2000-12-01,2.4691358024691468,donor,insulated
Wholesale_Emp,2001-01-01,2.4844720496894235,donor,insulated
Wholesale_Emp,2001-02-01,2.4844720496894235,donor,insulated
Wholesale_Emp,2001-03-01,1.85185185185186,donor,insulated
Wholesale_Emp,2001-04-01,2.4844720496894235,donor,insulated
Wholesale_Emp,2001-05-01,3.105590062111796,donor,insulated
Wholesale_Emp,2001-06-01,1.8292682926829285,donor,insulated
Wholesale_Emp,2001-07-01,1.2195121951219523,donor,insulated
Wholesale_Emp,2001-08-01,1.21212121212122,donor,insulated
Wholesale_Emp,2001-09-01,0.60606060606061,donor,insulated
Wholesale_Emp,2001-10-01,-0.60606060606061,donor,insulated
Wholesale_Emp,2001-11-01,-1.8072289156626509,donor,insulated
Wholesale_Emp,2001-12-01,-0.6024096385542133,donor,insulated
Wholesale_Emp,2002-01-01,-1.8181818181818188,donor,insulated
Wholesale_Emp,2002-02-01,-1.8181818181818188,donor,insulated
Wholesale_Emp,2002-03-01,-1.2121212121212088,donor,insulated
Wholesale_Emp,2002-04-01,-1.2121212121212088,donor,insulated
Wholesale_Emp,2002-05-01,-1.2048192771084376,donor,insulated
Wholesale_Emp,2002-06-01,-1.19760479041916,donor,insulated
Wholesale_Emp,2002-07-01,0.0,donor,insulated
Wholesale_Emp,2002-08-01,-0.5988023952095856,donor,insulated
Wholesale_Emp,2002-09-01,0.6024096385542244,donor,insulated
Wholesale_Emp,2002-10-01,2.4390243902439046,donor,insulated
Wholesale_Emp,2002-11-01,3.6809815950920255,donor,insulated
Wholesale_Emp,2002-12-01,3.6363636363636376,donor,insulated
Wholesale_Emp,2003-01-01,3.086419753086412,donor,insulated
Wholesale_Emp,2003-02-01,3.086419753086412,donor,insulated
Wholesale_Emp,2003-03-01,3.067484662576692,donor,insulated
Wholesale_Emp,2003-04-01,3.067484662576692,donor,insulated
Wholesale_Emp,2003-05-01,3.0487804878048808,donor,insulated
Wholesale_Emp,2003-06-01,2.4242424242424176,donor,insulated
Wholesale_Emp,2003-07-01,2.4096385542168752,donor,insulated
Wholesale_Emp,2003-08-01,2.4096385542168752,donor,insulated
Wholesale_Emp,2003-09-01,1.7964071856287456,donor,insulated
Wholesale_Emp,2003-10-01,1.1904761904761862,donor,insulated
Wholesale_Emp,2003-11-01,0.591715976331364,donor,insulated
Wholesale_Emp,2003-12-01,0.0,donor,insulated
Wholesale_Emp,2004-01-01,1.1976047904191711,donor,insulated
Wholesale_Emp,2004-02-01,1.7964071856287456,donor,insulated
Wholesale_Emp,2004-03-01,1.1904761904761862,donor,insulated
Wholesale_Emp,2004-04-01,1.7857142857142794,donor,insulated
Wholesale_Emp,2004-05-01,1.775147928994092,donor,insulated
Wholesale_Emp,2004-06-01,2.3668639053254337,donor,insulated
Wholesale_Emp,2004-07-01,1.764705882352935,donor,insulated
Wholesale_Emp,2004-08-01,1.764705882352935,donor,insulated
Wholesale_Emp,2004-09-01,1.764705882352935,donor,insulated
Wholesale_Emp,2004-10-01,2.35294117647058,donor,insulated
Wholesale_Emp,2004-11-01,2.941176470588225,donor,insulated
Wholesale_Emp,2004-12-01,2.923976608187129,donor,insulated
Wholesale_Emp,2005-01-01,2.3668639053254337,donor,insulated
Wholesale_Emp,2005-02-01,2.941176470588225,donor,insulated
Wholesale_Emp,2005-03-01,3.529411764705892,donor,insulated
Wholesale_Emp,2005-04-01,2.923976608187129,donor,insulated
Wholesale_Emp,2005-05-01,2.906976744186052,donor,insulated
Wholesale_Emp,2005-06-01,2.8901734104046284,donor,insulated
Wholesale_Emp,2005-07-01,3.4682080924855585,donor,insulated
Wholesale_Emp,2005-08-01,4.046242774566466,donor,insulated
Wholesale_Emp,2005-09-01,4.6242774566473965,donor,insulated
Wholesale_Emp,2005-10-01,4.022988505747116,donor,insulated
Wholesale_Emp,2005-11-01,3.4285714285714253,donor,insulated
Wholesale_Emp,2005-12-01,3.977272727272729,donor,insulated
Wholesale_Emp,2006-01-01,3.4682080924855585,donor,insulated
Wholesale_Emp,2006-02-01,2.285714285714291,donor,insulated
Wholesale_Emp,2006-03-01,1.7045454545454586,donor,insulated
Wholesale_Emp,2006-04-01,2.2727272727272707,donor,insulated
Wholesale_Emp,2006-05-01,2.259887005649719,donor,insulated
Wholesale_Emp,2006-06-01,2.80898876404494,donor,insulated
Wholesale_Emp,2006-07-01,1.6759776536312776,donor,insulated
Wholesale_Emp,2006-08-01,2.2222222222222143,donor,insulated
Wholesale_Emp,2006-09-01,1.6574585635359185,donor,insulated
Wholesale_Emp,2006-10-01,1.6574585635359185,donor,insulated
Wholesale_Emp,2006-11-01,2.7624309392265234,donor,insulated
Wholesale_Emp,2006-12-01,2.1857923497267784,donor,insulated
Wholesale_Emp,2007-01-01,2.793296089385477,donor,insulated
Wholesale_Emp,2007-02-01,2.793296089385477,donor,insulated
Wholesale_Emp,2007-03-01,3.910614525139655,donor,insulated
Wholesale_Emp,2007-04-01,2.777777777777768,donor,insulated
Wholesale_Emp,2007-05-01,2.7624309392265234,donor,insulated
Wholesale_Emp,2007-06-01,2.732240437158473,donor,insulated
Wholesale_Emp,2007-07-01,3.296703296703307,donor,insulated
Wholesale_Emp,2007-08-01,2.717391304347827,donor,insulated
Wholesale_Emp,2007-09-01,3.260869565217384,donor,insulated
Wholesale_Emp,2007-10-01,3.260869565217384,donor,insulated
Wholesale_Emp,2007-11-01,3.7634408602150495,donor,insulated
Wholesale_Emp,2007-12-01,3.743315508021383,donor,insulated
Wholesale_Emp,2008-01-01,3.260869565217384,donor,insulated
Wholesale_Emp,2008-02-01,3.8043478260869614,donor,insulated
Wholesale_Emp,2008-03-01,3.2258064516129004,donor,insulated
Wholesale_Emp,2008-04-01,3.2432432432432323,donor,insulated
Wholesale_Emp,2008-05-01,3.2258064516129004,donor,insulated
Wholesale_Emp,2008-06-01,2.127659574468077,donor,insulated
Wholesale_Emp,2008-07-01,2.127659574468077,donor,insulated
Wholesale_Emp,2008-08-01,1.0582010582010692,donor,insulated
Wholesale_Emp,2008-09-01,0.5263157894736858,donor,insulated
Wholesale_Emp,2008-10-01,0.0,donor,insulated
Wholesale_Emp,2008-11-01,-2.072538860103623,donor,insulated
Wholesale_Emp,2008-12-01,-2.577319587628868,donor,insulated
Wholesale_Emp,2009-01-01,-2.631578947368418,donor,insulated
Wholesale_Emp,2009-02-01,-3.6649214659685847,donor,insulated
Wholesale_Emp,2009-03-01,-4.6875,donor,insulated
Wholesale_Emp,2009-04-01,-4.712041884816753,donor,insulated
Wholesale_Emp,2009-05-01,-5.729166666666663,donor,insulated
Wholesale_Emp,2009-06-01,-5.729166666666663,donor,insulated
Wholesale_Emp,2009-07-01,-5.729166666666663,donor,insulated
Wholesale_Emp,2009-08-01,-5.759162303664922,donor,insulated
Wholesale_Emp,2009-09-01,-5.235602094240843,donor,insulated
Wholesale_Emp,2009-10-01,-5.263157894736848,donor,insulated
Wholesale_Emp,2009-11-01,-4.761904761904767,donor,insulated
Wholesale_Emp,2009-12-01,-4.232804232804233,donor,insulated
Wholesale_Emp,2010-01-01,-3.7837837837837776,donor,insulated
Wholesale_Emp,2010-02-01,-3.2608695652173947,donor,insulated
Wholesale_Emp,2010-03-01,-2.1857923497267784,donor,insulated
Wholesale_Emp,2010-04-01,-1.6483516483516536,donor,insulated
Wholesale_Emp,2010-05-01,-1.104972375690605,donor,insulated
Wholesale_Emp,2010-06-01,-1.104972375690605,donor,insulated
Wholesale_Emp,2010-07-01,-0.5524861878453025,donor,insulated
Wholesale_Emp,2010-08-01,-0.5555555555555536,donor,insulated
Wholesale_Emp,2010-09-01,-1.104972375690605,donor,insulated
Wholesale_Emp,2010-10-01,0.0,donor,insulated
Wholesale_Emp,2010-11-01,0.0,donor,insulated
Wholesale_Emp,2010-12-01,-0.5524861878453025,donor,insulated
Wholesale_Emp,2011-01-01,-1.1235955056179805,donor,insulated
Wholesale_Emp,2011-02-01,-1.1235955056179805,donor,insulated
Wholesale_Emp,2011-03-01,-1.6759776536312887,donor,insulated
Wholesale_Emp,2011-04-01,-1.6759776536312887,donor,insulated
Wholesale_Emp,2011-05-01,-1.1173184357541888,donor,insulated
Wholesale_Emp,2011-06-01,-1.1173184357541888,donor,insulated
Wholesale_Emp,2011-07-01,-1.1111111111111072,donor,insulated
Wholesale_Emp,2011-08-01,-0.5586592178770999,donor,insulated
Wholesale_Emp,2011-09-01,-0.5586592178770999,donor,insulated
Wholesale_Emp,2011-10-01,-0.5555555555555536,donor,insulated
Wholesale_Emp,2011-11-01,-0.5555555555555536,donor,insulated
Wholesale_Emp,2011-12-01,0.5555555555555536,donor,insulated
Wholesale_Emp,2012-01-01,1.1363636363636465,donor,insulated
Wholesale_Emp,2012-02-01,1.1363636363636465,donor,insulated
Wholesale_Emp,2012-03-01,1.7045454545454586,donor,insulated
Wholesale_Emp,2012-04-01,1.1363636363636465,donor,insulated
Wholesale_Emp,2012-05-01,0.5649717514124353,donor,insulated
Wholesale_Emp,2012-06-01,1.6949152542372836,donor,insulated
Wholesale_Emp,2012-07-01,1.1235955056179805,donor,insulated
Wholesale_Emp,2012-08-01,1.6853932584269593,donor,insulated
Wholesale_Emp,2012-09-01,1.6853932584269593,donor,insulated
Wholesale_Emp,2012-10-01,1.1173184357542,donor,insulated
Wholesale_Emp,2012-11-01,1.6759776536312776,donor,insulated
Wholesale_Emp,2012-12-01,0.5524861878453136,donor,insulated
Wholesale_Emp,2013-01-01,1.1235955056179805,donor,insulated
Wholesale_Emp,2013-02-01,1.1235955056179805,donor,insulated
Wholesale_Emp,2013-03-01,1.1173184357542,donor,insulated
Wholesale_Emp,2013-04-01,1.1235955056179805,donor,insulated
Wholesale_Emp,2013-05-01,1.1235955056179805,donor,insulated
Wholesale_Emp,2013-06-01,0.0,donor,insulated
Wholesale_Emp,2013-07-01,0.0,donor,insulated
Wholesale_Emp,2013-08-01,-0.5524861878453025,donor,insulated
Wholesale_Emp,2013-09-01,-0.5524861878453025,donor,insulated
Wholesale_Emp,2013-10-01,-0.5524861878453025,donor,insulated
Wholesale_Emp,2013-11-01,-1.098901098901095,donor,insulated
Wholesale_Emp,2013-12-01,-0.5494505494505475,donor,insulated
Wholesale_Emp,2014-01-01,0.0,donor,insulated
Wholesale_Emp,2014-02-01,-0.5555555555555536,donor,insulated
Wholesale_Emp,2014-03-01,-0.5524861878453025,donor,insulated
Wholesale_Emp,2014-04-01,-0.5555555555555536,donor,insulated
Wholesale_Emp,2014-05-01,0.0,donor,insulated
Wholesale_Emp,2014-06-01,0.5555555555555536,donor,insulated
Wholesale_Emp,2014-07-01,0.0,donor,insulated
Wholesale_Emp,2014-08-01,0.0,donor,insulated
Wholesale_Emp,2014-09-01,0.5555555555555536,donor,insulated
Wholesale_Emp,2014-10-01,1.1111111111111072,donor,insulated
Wholesale_Emp,2014-11-01,1.6666666666666607,donor,insulated
Wholesale_Emp,2014-12-01,2.20994475138121,donor,insulated
Wholesale_Emp,2015-01-01,1.1111111111111072,donor,insulated
Wholesale_Emp,2015-02-01,1.6759776536312776,donor,insulated
Wholesale_Emp,2015-03-01,1.6666666666666607,donor,insulated
Wholesale_Emp,2015-04-01,1.6759776536312776,donor,insulated
Wholesale_Emp,2015-05-01,1.6666666666666607,donor,insulated
Wholesale_Emp,2015-06-01,1.104972375690605,donor,insulated
Wholesale_Emp,2015-07-01,2.2222222222222143,donor,insulated
Wholesale_Emp,2015-08-01,2.2222222222222143,donor,insulated
Wholesale_Emp,2015-09-01,1.6574585635359185,donor,insulated
Wholesale_Emp,2015-10-01,0.5494505494505475,donor,insulated
Wholesale_Emp,2015-11-01,0.0,donor,insulated
Wholesale_Emp,2015-12-01,-0.540540540540535,donor,insulated
Wholesale_Emp,2016-01-01,-0.5494505494505475,donor,insulated
Wholesale_Emp,2016-02-01,-0.5494505494505475,donor,insulated
Wholesale_Emp,2016-03-01,-1.6393442622950838,donor,insulated
Wholesale_Emp,2016-04-01,0.0,donor,insulated
Wholesale_Emp,2016-05-01,-0.5464480874316946,donor,insulated
Wholesale_Emp,2016-06-01,0.0,donor,insulated
Wholesale_Emp,2016-07-01,-0.5434782608695676,donor,insulated
Wholesale_Emp,2016-08-01,0.0,donor,insulated
Wholesale_Emp,2016-09-01,-0.5434782608695676,donor,insulated
Wholesale_Emp,2016-10-01,0.5464480874316946,donor,insulated
Wholesale_Emp,2016-11-01,0.5464480874316946,donor,insulated
Wholesale_Emp,2016-12-01,0.5434782608695565,donor,insulated
Wholesale_Emp,2017-01-01,1.104972375690605,donor,insulated
Wholesale_Emp,2017-02-01,1.104972375690605,donor,insulated
Wholesale_Emp,2017-03-01,1.6666666666666607,donor,insulated
Wholesale_Emp,2017-04-01,0.5494505494505475,donor,insulated
Wholesale_Emp,2017-05-01,0.5494505494505475,donor,insulated
Wholesale_Emp,2017-06-01,0.5464480874316946,donor,insulated
Wholesale_Emp,2017-07-01,0.0,donor,insulated
Wholesale_Emp,2017-08-01,0.0,donor,insulated
Wholesale_Emp,2017-09-01,0.5464480874316946,donor,insulated
Wholesale_Emp,2017-10-01,0.0,donor,insulated
Wholesale_Emp,2017-11-01,0.5434782608695565,donor,insulated
Wholesale_Emp,2017-12-01,0.540540540540535,donor,insulated
Wholesale_Emp,2018-01-01,0.0,donor,insulated
Wholesale_Emp,2018-02-01,0.0,donor,insulated
Wholesale_Emp,2018-03-01,0.0,donor,insulated
Wholesale_Emp,2018-04-01,0.0,donor,insulated
Wholesale_Emp,2018-05-01,0.0,donor,insulated
Wholesale_Emp,2018-06-01,0.0,donor,insulated
Wholesale_Emp,2018-07-01,0.5464480874316946,donor,insulated
Wholesale_Emp,2018-08-01,-0.5434782608695676,donor,insulated
Wholesale_Emp,2018-09-01,-0.5434782608695676,donor,insulated
Wholesale_Emp,2018-10-01,-0.5434782608695676,donor,insulated
Wholesale_Emp,2018-11-01,-1.0810810810810811,donor,insulated
Wholesale_Emp,2018-12-01,-0.5376344086021501,donor,insulated
Wholesale_Emp,2019-01-01,1.0928961748633892,donor,insulated
Wholesale_Emp,2019-02-01,0.5464480874316946,donor,insulated
Wholesale_Emp,2019-03-01,0.5464480874316946,donor,insulated
Wholesale_Emp,2019-04-01,0.0,donor,insulated
Wholesale_Emp,2019-05-01,0.0,donor,insulated
Wholesale_Emp,2019-06-01,0.0,donor,insulated
Wholesale_Emp,2019-07-01,-1.0869565217391353,donor,insulated
Wholesale_Emp,2019-08-01,-0.5464480874316946,donor,insulated
Wholesale_Emp,2019-09-01,-0.5464480874316946,donor,insulated
Wholesale_Emp,2019-10-01,-0.5464480874316946,donor,insulated
Wholesale_Emp,2019-11-01,0.0,donor,insulated
Wholesale_Emp,2019-12-01,-1.0810810810810811,donor,insulated
Wholesale_Emp,2020-01-01,-1.6216216216216162,donor,insulated
Wholesale_Emp,2020-02-01,-1.6304347826086918,donor,insulated
Wholesale_Emp,2020-03-01,-2.1739130434782594,donor,insulated
Wholesale_Emp,2020-04-01,-12.021857923497258,donor,insulated
Wholesale_Emp,2020-05-01,-12.021857923497258,donor,insulated
Wholesale_Emp,2020-06-01,-12.49999999999999,donor,insulated
Wholesale_Emp,2020-07-01,-12.637362637362637,donor,insulated
Wholesale_Emp,2020-08-01,-13.186813186813184,donor,insulated
Wholesale_Emp,2020-09-01,-13.736263736263732,donor,insulated
Wholesale_Emp,2020-10-01,-13.186813186813184,donor,insulated
Wholesale_Emp,2020-11-01,-13.11475409836066,donor,insulated
Wholesale_Emp,2020-12-01,-12.021857923497258,donor,insulated
Florida,2004-06-01,13.200803212851406,donor,travel-demand
Florida,2004-07-01,13.30642060745867,donor,travel-demand
Florida,2004-08-01,13.56731475397163,donor,travel-demand
Florida,2004-09-01,11.363445906310233,donor,travel-demand
Florida,2004-10-01,13.37148195725797,donor,travel-demand
Florida,2004-11-01,17.40988909426987,donor,travel-demand
Florida,2004-12-01,16.857081267514552,donor,travel-demand
Florida,2005-01-01,10.420787014935552,donor,travel-demand
Florida,2005-02-01,7.149289920332526,donor,travel-demand
Florida,2005-03-01,13.116102499209113,donor,travel-demand
Florida,2005-04-01,12.171447631754504,donor,travel-demand
Florida,2005-05-01,8.561183325862842,donor,travel-demand
Florida,2005-06-01,8.791286763401567,donor,travel-demand
Florida,2005-07-01,8.618642054901429,donor,travel-demand
Florida,2005-08-01,7.481025152309316,donor,travel-demand
Florida,2005-09-01,5.308902099480774,donor,travel-demand
Florida,2005-10-01,5.9813212470814445,donor,travel-demand
Florida,2005-11-01,3.981763914854538,donor,travel-demand
Florida,2005-12-01,0.7040521429010638,donor,travel-demand
Florida,2006-01-01,-0.4416033598912976,donor,travel-demand
Florida,2006-02-01,-1.787676989720049,donor,travel-demand
Florida,2006-03-01,-1.7731289853451169,donor,travel-demand
Florida,2006-04-01,-0.3062832674180023,donor,travel-demand
Florida,2006-05-01,-1.460966778885854,donor,travel-demand
Florida,2006-06-01,-2.5957932496331324,donor,travel-demand
Florida,2006-07-01,-3.4425666177251566,donor,travel-demand
Florida,2006-08-01,-3.138161436397606,donor,travel-demand
Florida,2006-09-01,-0.1643502804673264,donor,travel-demand
Florida,2006-10-01,-3.1523359035832312,donor,travel-demand
Florida,2006-11-01,-3.8355991546541337,donor,travel-demand
Florida,2006-12-01,1.8317814074187149,donor,travel-demand
Florida,2007-01-01,6.234684698656906,donor,travel-demand
Florida,2007-02-01,5.677890787005036,donor,travel-demand
Florida,2007-03-01,6.3265189909458455,donor,travel-demand
Florida,2007-04-01,5.31826045457257,donor,travel-demand
Florida,2007-05-01,7.258428414877844,donor,travel-demand
Florida,2007-06-01,7.0072650574173885,donor,travel-demand
Florida,2007-07-01,6.842667184315249,donor,travel-demand
Florida,2007-08-01,6.561396626127894,donor,travel-demand
Florida,2007-09-01,3.9079554808002,donor,travel-demand
Florida,2007-10-01,3.6396480781453855,donor,travel-demand
Florida,2007-11-01,5.274379243612031,donor,travel-demand
Florida,2007-12-01,3.4267725978114227,donor,travel-demand
Florida,2008-01-01,-0.9985693012934684,donor,travel-demand
Florida,2008-02-01,3.2236965053261075,donor,travel-demand
Florida,2008-03-01,1.6977292202227934,donor,travel-demand
Florida,2008-04-01,-0.6570562746042086,donor,travel-demand
Florida,2008-05-01,-0.1953242382354708,donor,travel-demand
Florida,2008-06-01,0.1095050372317126,donor,travel-demand
Florida,2008-07-01,-0.5904796511627907,donor,travel-demand
Florida,2008-08-01,-2.199723884031293,donor,travel-demand
Florida,2008-09-01,-8.338212502152574,donor,travel-demand
Florida,2008-10-01,-8.30509021658436,donor,travel-demand
Florida,2008-11-01,-6.530612244897959,donor,travel-demand
Florida,2008-12-01,-7.154037915241464,donor,travel-demand
Florida,2009-01-01,-7.541215678178547,donor,travel-demand
Florida,2009-02-01,-10.563954014664615,donor,travel-demand
Florida,2009-03-01,-8.202117015114013,donor,travel-demand
Florida,2009-04-01,-6.653932776463209,donor,travel-demand
Florida,2009-05-01,-8.117303465510494,donor,travel-demand
Florida,2009-06-01,-8.616432790574116,donor,travel-demand
Florida,2009-07-01,-7.012092966584422,donor,travel-demand
Florida,2009-08-01,-6.935817805383023,donor,travel-demand
Florida,2009-09-01,-3.8776583752912,donor,travel-demand
Florida,2009-10-01,-1.7811883976344691,donor,travel-demand
Florida,2009-11-01,-3.0967698923297444,donor,travel-demand
Florida,2009-12-01,-0.4152357165157665,donor,travel-demand
Florida,2010-01-01,0.7017543859649122,donor,travel-demand
Florida,2010-02-01,0.9244264507422404,donor,travel-demand
Florida,2010-03-01,0.0430255571809655,donor,travel-demand
Florida,2010-04-01,0.4978163271538955,donor,travel-demand
Florida,2010-05-01,4.397548907166497,donor,travel-demand
Florida,2010-06-01,6.104651162790697,donor,travel-demand
Florida,2010-07-01,3.911291643463164,donor,travel-demand
Florida,2010-08-01,3.3302996595543872,donor,travel-demand
Florida,2010-09-01,6.7469314361660535,donor,travel-demand
Florida,2010-10-01,4.738011612070819,donor,travel-demand
Florida,2010-11-01,6.762985896112832,donor,travel-demand
Florida,2010-12-01,6.699689625983635,donor,travel-demand
Florida,2011-01-01,5.666772252138106,donor,travel-demand
Florida,2011-02-01,3.844353814267567,donor,travel-demand
Florida,2011-03-01,6.023854578817592,donor,travel-demand
Florida,2011-04-01,5.825685285358293,donor,travel-demand
Florida,2011-05-01,0.4206032832166735,donor,travel-demand
Florida,2011-06-01,-0.2965350523771152,donor,travel-demand
Florida,2011-07-01,2.0837930708363546,donor,travel-demand
Florida,2011-08-01,0.848148752242701,donor,travel-demand
Florida,2011-09-01,-0.3149260290024901,donor,travel-demand
Florida,2011-10-01,0.4140432521215439,donor,travel-demand
Florida,2011-11-01,-2.967521587833484,donor,travel-demand
Florida,2011-12-01,-3.25850619968267,donor,travel-demand
Florida,2012-01-01,-3.4893132288138133,donor,travel-demand
Florida,2012-02-01,0.9657481328869432,donor,travel-demand
Florida,2012-03-01,-2.955731631466508,donor,travel-demand
Florida,2012-04-01,-5.843838842144559,donor,travel-demand
Florida,2012-05-01,-2.581814771981371,donor,travel-demand
Florida,2012-06-01,-1.6713542171790643,donor,travel-demand
Florida,2012-07-01,-2.723735408560312,donor,travel-demand
Florida,2012-08-01,-4.108038169173541,donor,travel-demand
Florida,2012-09-01,-4.819631180662699,donor,travel-demand
Florida,2012-10-01,-4.505026409950587,donor,travel-demand
Florida,2012-11-01,-2.07205711439482,donor,travel-demand
Florida,2012-12-01,-2.7729688686408505,donor,travel-demand
Florida,2013-01-01,-2.248796396956049,donor,travel-demand
Florida,2013-02-01,-4.450962887386813,donor,travel-demand
Florida,2013-03-01,1.418380426907429,donor,travel-demand
Florida,2013-04-01,0.951567646700012,donor,travel-demand
Florida,2013-05-01,0.2534732248852953,donor,travel-demand
Florida,2013-06-01,-0.6706996317727512,donor,travel-demand
Florida,2013-07-01,-1.2571428571428571,donor,travel-demand
Florida,2013-08-01,-1.3324337999662674,donor,travel-demand
Florida,2013-09-01,-2.342724816673099,donor,travel-demand
Florida,2013-10-01,0.0392534703636298,donor,travel-demand
Florida,2013-11-01,-0.7324268420874165,donor,travel-demand
Florida,2013-12-01,0.5685367987004873,donor,travel-demand
Florida,2014-01-01,-0.5052270344126338,donor,travel-demand
Florida,2014-02-01,-1.7051521623064605,donor,travel-demand
Florida,2014-03-01,-2.0332463250446486,donor,travel-demand
Florida,2014-04-01,-3.4864048338368576,donor,travel-demand
Florida,2014-05-01,-2.240286756704858,donor,travel-demand
Florida,2014-06-01,-5.097312326227989,donor,travel-demand
Florida,2014-07-01,-5.533050411522634,donor,travel-demand
Florida,2014-08-01,-5.039316239316239,donor,travel-demand
Florida,2014-09-01,-2.0629964826305183,donor,travel-demand
Florida,2014-10-01,-3.856031961189984,donor,travel-demand
Florida,2014-11-01,-3.053800170794193,donor,travel-demand
Florida,2014-12-01,-3.1216996955954524,donor,travel-demand
Florida,2015-01-01,1.4052120592743995,donor,travel-demand
Florida,2015-02-01,-0.7366670061445497,donor,travel-demand
Florida,2015-03-01,0.1963259009956528,donor,travel-demand
Florida,2015-04-01,1.3084580229136669,donor,travel-demand
Florida,2015-05-01,-0.3863026255483533,donor,travel-demand
Florida,2015-06-01,2.378627232142857,donor,travel-demand
Florida,2015-07-01,2.4231698601232003,donor,travel-demand
Florida,2015-08-01,2.289746543778802,donor,travel-demand
Florida,2015-09-01,0.573019652152859,donor,travel-demand
Florida,2015-10-01,0.9535116684599116,donor,travel-demand
Florida,2015-11-01,3.421302984390965,donor,travel-demand
Florida,2015-12-01,4.540062201417166,donor,travel-demand
Florida,2016-01-01,0.0818846056941295,donor,travel-demand
Florida,2016-02-01,4.117647058823529,donor,travel-demand
Florida,2016-03-01,-1.1224632610216934,donor,travel-demand
Florida,2016-04-01,-2.0485724879495737,donor,travel-demand
Florida,2016-05-01,-2.267648218745892,donor,travel-demand
Florida,2016-06-01,-1.69312529808544,donor,travel-demand
Florida,2016-07-01,-1.8341917262003653,donor,travel-demand
Florida,2016-08-01,-2.417992397578488,donor,travel-demand
Florida,2016-09-01,-1.4484612606829037,donor,travel-demand
Florida,2016-10-01,-1.7456817346563764,donor,travel-demand
Florida,2016-11-01,-2.095257563368765,donor,travel-demand
Florida,2016-12-01,-1.975157184480908,donor,travel-demand
Florida,2017-01-01,-0.7300648247215055,donor,travel-demand
Florida,2017-02-01,-4.700433582972014,donor,travel-demand
Florida,2017-03-01,0.6652700713395991,donor,travel-demand
Florida,2017-04-01,4.9178259360903445,donor,travel-demand
Florida,2017-05-01,1.3047279574954602,donor,travel-demand
Florida,2017-06-01,2.3425858543854177,donor,travel-demand
Florida,2017-07-01,2.934705344751718,donor,travel-demand
Florida,2017-08-01,3.7944093778178543,donor,travel-demand
Florida,2017-09-01,1.229541568276199,donor,travel-demand
Florida,2017-10-01,3.048438376659809,donor,travel-demand
Florida,2017-11-01,1.746876848662004,donor,travel-demand
Florida,2017-12-01,0.8541660148305747,donor,travel-demand
Florida,2018-01-01,23.397578139859256,donor,travel-demand
Florida,2018-02-01,24.750973701444178,donor,travel-demand
Florida,2018-03-01,22.388143648584045,donor,travel-demand
Florida,2018-04-01,16.834034876728804,donor,travel-demand
Florida,2018-05-01,25.044811790479983,donor,travel-demand
Florida,2018-06-01,24.49463312227,donor,travel-demand
Florida,2018-07-01,23.919763235777705,donor,travel-demand
Florida,2018-08-01,23.07050769711923,donor,travel-demand
Florida,2018-09-01,28.844916344916346,donor,travel-demand
Florida,2018-10-01,26.92196007259528,donor,travel-demand
Florida,2018-11-01,25.356544341461746,donor,travel-demand
Florida,2018-12-01,25.2373270459763,donor,travel-demand
Florida,2019-01-01,4.017776864387186,donor,travel-demand
Florida,2019-02-01,3.340332651820744,donor,travel-demand
Florida,2019-03-01,5.257352941176471,donor,travel-demand
Florida,2019-04-01,6.943050515967987,donor,travel-demand
Florida,2019-05-01,4.178280374824135,donor,travel-demand
Florida,2019-06-01,3.130524655261512,donor,travel-demand
Florida,2019-07-01,2.9083961362912643,donor,travel-demand
Florida,2019-08-01,3.3995934041111364,donor,travel-demand
Florida,2019-09-01,2.4503683356224246,donor,travel-demand
Florida,2019-10-01,4.770211914090428,donor,travel-demand
Florida,2019-11-01,6.635200392873708,donor,travel-demand
Florida,2019-12-01,8.977185464093736,donor,travel-demand
Florida,2020-01-01,6.050727322120965,donor,travel-demand
Florida,2020-02-01,10.996444135497152,donor,travel-demand
Florida,2020-03-01,4.381330771917568,donor,travel-demand
Florida,2020-04-01,-47.51064802560339,donor,travel-demand
Florida,2020-05-01,-70.42170977194547,donor,travel-demand
Florida,2020-06-01,-56.52460572815022,donor,travel-demand
Florida,2020-07-01,-35.17276946879835,donor,travel-demand
Florida,2020-08-01,-39.56308028399781,donor,travel-demand
Florida,2020-09-01,-46.70180677005576,donor,travel-demand
Florida,2020-10-01,-41.01269278012829,donor,travel-demand
Florida,2020-11-01,-30.46948957400537,donor,travel-demand
Florida,2020-12-01,-31.77323665128543,donor,travel-demand
Florida,2021-01-01,-32.68670967140961,donor,travel-demand
Florida,2021-02-01,-33.42566721264091,donor,travel-demand
Florida,2021-03-01,-16.540834466171702,donor,travel-demand
Florida,2021-04-01,83.2118461467932,donor,travel-demand
Florida,2021-05-01,252.14507236388692,donor,travel-demand
Florida,2021-06-01,147.12162572035183,donor,travel-demand
Florida,2021-07-01,67.75258552108194,donor,travel-demand
Florida,2021-08-01,80.44008675221399,donor,travel-demand
Florida,2021-09-01,92.16829588978447,donor,travel-demand
Florida,2021-10-01,77.59833410458121,donor,travel-demand
Florida,2021-11-01,54.27215189873418,donor,travel-demand
Florida,2021-12-01,51.71747459603532,donor,travel-demand
Florida,2022-01-01,52.357723577235774,donor,travel-demand
Florida,2022-02-01,46.64423459604182,donor,travel-demand
Florida,2022-03-01,19.435673833508744,donor,travel-demand
Florida,2022-04-01,10.086577920128114,donor,travel-demand
Florida,2022-05-01,3.503192504342296,donor,travel-demand
Florida,2022-06-01,-6.288968530610241,donor,travel-demand
Florida,2022-07-01,-6.96654257463306,donor,travel-demand
Florida,2022-08-01,-5.982221109302617,donor,travel-demand
Florida,2022-09-01,2.983698238933841,donor,travel-demand
Florida,2022-10-01,-2.975585606712004,donor,travel-demand
Florida,2022-11-01,-6.778771615980918,donor,travel-demand
Florida,2022-12-01,-6.414423119153234,donor,travel-demand
Florida,2023-01-01,-4.393832739163014,donor,travel-demand
Florida,2023-02-01,-2.7682514618440206,donor,travel-demand
Florida,2023-03-01,-2.0855188619864884,donor,travel-demand
Florida,2023-04-01,1.2933287873622004,donor,travel-demand
Florida,2023-05-01,0.9477888865253256,donor,travel-demand
Florida,2023-06-01,5.346290863369656,donor,travel-demand
Florida,2023-07-01,6.779661016949152,donor,travel-demand
Florida,2023-08-01,6.253662174399404,donor,travel-demand
Florida,2023-09-01,4.364655247118635,donor,travel-demand
Florida,2023-10-01,10.932674490426187,donor,travel-demand
Florida,2023-11-01,11.337410127165263,donor,travel-demand
Florida,2023-12-01,11.5916183682568,donor,travel-demand
Florida,2024-01-01,10.868326049781492,donor,travel-demand
Florida,2024-02-01,13.34974244461925,donor,travel-demand
Florida,2024-03-01,11.901088540327418,donor,travel-demand
Florida,2024-04-01,4.86491338299973,donor,travel-demand
Florida,2024-05-01,4.811519550456567,donor,travel-demand
Florida,2024-06-01,3.881443170798419,donor,travel-demand
Florida,2024-07-01,1.2507459124000475,donor,travel-demand
Florida,2024-08-01,-2.225898631373139,donor,travel-demand
Florida,2024-09-01,-2.917243288126211,donor,travel-demand
Orlando,2004-06-01,15.990547459629775,donor,travel-demand
Orlando,2004-07-01,15.524545228008972,donor,travel-demand
Orlando,2004-08-01,17.1256885327992,donor,travel-demand
Orlando,2004-09-01,16.620033575825406,donor,travel-demand
Orlando,2004-10-01,19.210122699386503,donor,travel-demand
Orlando,2004-11-01,25.03556187766714,donor,travel-demand
Orlando,2004-12-01,24.88314883148832,donor,travel-demand
Orlando,2005-01-01,19.6684693157771,donor,travel-demand
Orlando,2005-02-01,11.477572559366754,donor,travel-demand
Orlando,2005-03-01,16.007450421825354,donor,travel-demand
Orlando,2005-04-01,12.241706690494809,donor,travel-demand
Orlando,2005-05-01,9.076594308851648,donor,travel-demand
Orlando,2005-06-01,8.851160158460667,donor,travel-demand
Orlando,2005-07-01,10.030198446937016,donor,travel-demand
Orlando,2005-08-01,6.883283454467722,donor,travel-demand
Orlando,2005-09-01,6.09404990403071,donor,travel-demand
Orlando,2005-10-01,5.221400235874343,donor,travel-demand
Orlando,2005-11-01,3.8059778674113134,donor,travel-demand
Orlando,2005-12-01,2.639613907219541,donor,travel-demand
Orlando,2006-01-01,-0.8252284114353079,donor,travel-demand
Orlando,2006-02-01,0.8391608391608392,donor,travel-demand
Orlando,2006-03-01,1.6717038156403476,donor,travel-demand
Orlando,2006-04-01,4.497959996019504,donor,travel-demand
Orlando,2006-05-01,4.650443390389771,donor,travel-demand
Orlando,2006-06-01,1.6533222418633668,donor,travel-demand
Orlando,2006-07-01,-0.2058419917663203,donor,travel-demand
Orlando,2006-08-01,-0.32,donor,travel-demand
Orlando,2006-09-01,1.2663952962460423,donor,travel-demand
Orlando,2006-10-01,-2.221316486651722,donor,travel-demand
Orlando,2006-11-01,-5.5096144266215,donor,travel-demand
Orlando,2006-12-01,-3.349006813165724,donor,travel-demand
Orlando,2007-01-01,1.82268449727588,donor,travel-demand
Orlando,2007-02-01,3.2540275258721865,donor,travel-demand
Orlando,2007-03-01,4.412447747329308,donor,travel-demand
Orlando,2007-04-01,4.437672602609275,donor,travel-demand
Orlando,2007-05-01,8.710217755443885,donor,travel-demand
Orlando,2007-06-01,12.152209492635023,donor,travel-demand
Orlando,2007-07-01,13.417149592377958,donor,travel-demand
Orlando,2007-08-01,14.636837881219902,donor,travel-demand
Orlando,2007-09-01,10.741402411790975,donor,travel-demand
Orlando,2007-10-01,10.379324718632764,donor,travel-demand
Orlando,2007-11-01,13.00084352593842,donor,travel-demand
Orlando,2007-12-01,13.592136616362192,donor,travel-demand
Orlando,2008-01-01,7.627201089600155,donor,travel-demand
Orlando,2008-02-01,10.61169663153544,donor,travel-demand
Orlando,2008-03-01,8.06049822064057,donor,travel-demand
Orlando,2008-04-01,5.160937357527127,donor,travel-demand
Orlando,2008-05-01,5.9548626846732535,donor,travel-demand
Orlando,2008-06-01,3.210507114191901,donor,travel-demand
Orlando,2008-07-01,0.2684680003464103,donor,travel-demand
Orlando,2008-08-01,-2.4503369213266826,donor,travel-demand
Orlando,2008-09-01,-7.612421859245816,donor,travel-demand
Orlando,2008-10-01,-8.08157099697885,donor,travel-demand
Orlando,2008-11-01,-5.495941028272838,donor,travel-demand
Orlando,2008-12-01,-6.878769338344551,donor,travel-demand
Orlando,2009-01-01,-6.779354605441562,donor,travel-demand
Orlando,2009-02-01,-10.014012143858013,donor,travel-demand
Orlando,2009-03-01,-6.627696360941873,donor,travel-demand
Orlando,2009-04-01,-6.442382727824504,donor,travel-demand
Orlando,2009-05-01,-10.196749358426004,donor,travel-demand
Orlando,2009-06-01,-9.21703782255214,donor,travel-demand
Orlando,2009-07-01,-8.023838314043877,donor,travel-demand
Orlando,2009-08-01,-8.181573517538352,donor,travel-demand
Orlando,2009-09-01,-5.9260067663429,donor,travel-demand
Orlando,2009-10-01,-3.420295809367296,donor,travel-demand
Orlando,2009-11-01,-5.154028436018957,donor,travel-demand
Orlando,2009-12-01,-2.778299230336024,donor,travel-demand
Orlando,2010-01-01,-2.433821390478037,donor,travel-demand
Orlando,2010-02-01,-1.9723865877712032,donor,travel-demand
Orlando,2010-03-01,-2.1955735825764924,donor,travel-demand
Orlando,2010-04-01,-2.242817423540315,donor,travel-demand
Orlando,2010-05-01,-0.2571918460659173,donor,travel-demand
Orlando,2010-06-01,2.0831305363574417,donor,travel-demand
Orlando,2010-07-01,2.9580242276270075,donor,travel-demand
Orlando,2010-08-01,1.358085002442599,donor,travel-demand
Orlando,2010-09-01,2.366589327146172,donor,travel-demand
Orlando,2010-10-01,1.690949696905243,donor,travel-demand
Orlando,2010-11-01,2.9252550489277533,donor,travel-demand
Orlando,2010-12-01,2.384630237497586,donor,travel-demand
Orlando,2011-01-01,3.657324587557146,donor,travel-demand
Orlando,2011-02-01,1.959123160012708,donor,travel-demand
Orlando,2011-03-01,4.102055535521097,donor,travel-demand
Orlando,2011-04-01,5.536594615092909,donor,travel-demand
Orlando,2011-05-01,1.0982714162926177,donor,travel-demand
Orlando,2011-06-01,1.029846476590064,donor,travel-demand
Orlando,2011-07-01,2.4990879241152864,donor,travel-demand
Orlando,2011-08-01,1.3880855986119145,donor,travel-demand
Orlando,2011-09-01,0.8046237533998187,donor,travel-demand
Orlando,2011-10-01,0.9412256850031374,donor,travel-demand
Orlando,2011-11-01,-2.215029837159907,donor,travel-demand
Orlando,2011-12-01,-1.914191419141914,donor,travel-demand
Orlando,2012-01-01,-3.7583892617449663,donor,travel-demand
Orlando,2012-02-01,2.077274615704196,donor,travel-demand
Orlando,2012-03-01,-2.0784619381657574,donor,travel-demand
Orlando,2012-04-01,-5.021559468199785,donor,travel-demand
Orlando,2012-05-01,-1.766484035518609,donor,travel-demand
Orlando,2012-06-01,-2.8598395469561115,donor,travel-demand
Orlando,2012-07-01,-4.155543691048229,donor,travel-demand
Orlando,2012-08-01,-6.38904734740445,donor,travel-demand
Orlando,2012-09-01,-4.721753794266442,donor,travel-demand
Orlando,2012-10-01,-4.4757563199336925,donor,travel-demand
Orlando,2012-11-01,-2.616880430285478,donor,travel-demand
Orlando,2012-12-01,-3.9127090944049225,donor,travel-demand
Orlando,2013-01-01,-5.519027694759912,donor,travel-demand
Orlando,2013-02-01,-8.14000814000814,donor,travel-demand
Orlando,2013-03-01,-2.53825064119572,donor,travel-demand
Orlando,2013-04-01,-3.329234843469214,donor,travel-demand
Orlando,2013-05-01,-4.952399269160496,donor,travel-demand
Orlando,2013-06-01,-4.362611737271668,donor,travel-demand
Orlando,2013-07-01,-5.273419366818309,donor,travel-demand
Orlando,2013-08-01,-6.032906764168191,donor,travel-demand
Orlando,2013-09-01,-9.144542772861357,donor,travel-demand
Orlando,2013-10-01,-6.898047722342733,donor,travel-demand
Orlando,2013-11-01,-4.227296866702071,donor,travel-demand
Orlando,2013-12-01,-3.651825912956478,donor,travel-demand
Orlando,2014-01-01,-3.1105018979333616,donor,travel-demand
Orlando,2014-02-01,-4.275587062472309,donor,travel-demand
Orlando,2014-03-01,-5.045372050816697,donor,travel-demand
Orlando,2014-04-01,-6.496428920849231,donor,travel-demand
Orlando,2014-05-01,-2.944152165115338,donor,travel-demand
Orlando,2014-06-01,-3.606623996748959,donor,travel-demand
Orlando,2014-07-01,-4.136038420072528,donor,travel-demand
Orlando,2014-08-01,-3.058798097708604,donor,travel-demand
Orlando,2014-09-01,-0.3376623376623376,donor,travel-demand
Orlando,2014-10-01,-2.131873252562908,donor,travel-demand
Orlando,2014-11-01,-1.3640900521237662,donor,travel-demand
Orlando,2014-12-01,1.3187954309449637,donor,travel-demand
Orlando,2015-01-01,9.64196321688976,donor,travel-demand
Orlando,2015-02-01,6.838694746586437,donor,travel-demand
Orlando,2015-03-01,7.903287461773701,donor,travel-demand
Orlando,2015-04-01,9.657842419169196,donor,travel-demand
Orlando,2015-05-01,8.308141353069946,donor,travel-demand
Orlando,2015-06-01,8.147133220910623,donor,travel-demand
Orlando,2015-07-01,7.494121255495348,donor,travel-demand
Orlando,2015-08-01,7.782361467276173,donor,travel-demand
Orlando,2015-09-01,9.199895751889498,donor,travel-demand
Orlando,2015-10-01,7.701464111415307,donor,travel-demand
Orlando,2015-11-01,11.176073757589386,donor,travel-demand
Orlando,2015-12-01,10.700010249051962,donor,travel-demand
Orlando,2016-01-01,6.5012406947890815,donor,travel-demand
Orlando,2016-02-01,9.91010505794433,donor,travel-demand
Orlando,2016-03-01,4.082897883269861,donor,travel-demand
Orlando,2016-04-01,4.103053435114504,donor,travel-demand
Orlando,2016-05-01,1.5014436958614052,donor,travel-demand
Orlando,2016-06-01,3.4694474222785305,donor,travel-demand
Orlando,2016-07-01,6.039566292562298,donor,travel-demand
Orlando,2016-08-01,5.068790731354091,donor,travel-demand
Orlando,2016-09-01,5.238663484486874,donor,travel-demand
Orlando,2016-10-01,6.56498673740053,donor,travel-demand
Orlando,2016-11-01,2.7204692556634305,donor,travel-demand
Orlando,2016-12-01,2.7867790019442644,donor,travel-demand
Orlando,2017-01-01,2.413793103448276,donor,travel-demand
Orlando,2017-02-01,-0.3744580212849823,donor,travel-demand
Orlando,2017-03-01,4.178012253233492,donor,travel-demand
Orlando,2017-04-01,6.553620531622364,donor,travel-demand
Orlando,2017-05-01,4.323914280295846,donor,travel-demand
Orlando,2017-06-01,5.8585287746067625,donor,travel-demand
Orlando,2017-07-01,6.26065117947798,donor,travel-demand
Orlando,2017-08-01,9.589445702471204,donor,travel-demand
Orlando,2017-09-01,7.5518766300034015,donor,travel-demand
Orlando,2017-10-01,6.07757726612736,donor,travel-demand
Orlando,2017-11-01,4.391060352466279,donor,travel-demand
Orlando,2017-12-01,3.548910106287156,donor,travel-demand
Orlando,2018-01-01,5.869505869505869,donor,travel-demand
Orlando,2018-02-01,6.478733926805143,donor,travel-demand
Orlando,2018-03-01,5.652209425794331,donor,travel-demand
Orlando,2018-04-01,1.264516129032258,donor,travel-demand
Orlando,2018-05-01,6.51699690965279,donor,travel-demand
Orlando,2018-06-01,4.092890826585995,donor,travel-demand
Orlando,2018-07-01,1.2070566388115136,donor,travel-demand
Orlando,2018-08-01,-0.6109064774054442,donor,travel-demand
Orlando,2018-09-01,5.745914602003163,donor,travel-demand
Orlando,2018-10-01,7.6065701994524835,donor,travel-demand
Orlando,2018-11-01,8.167499764217673,donor,travel-demand
Orlando,2018-12-01,7.7070285316631875,donor,travel-demand
Orlando,2019-01-01,3.5069623517276947,donor,travel-demand
Orlando,2019-02-01,1.8300046446818392,donor,travel-demand
Orlando,2019-03-01,3.022806339389254,donor,travel-demand
Orlando,2019-04-01,4.018008834522596,donor,travel-demand
Orlando,2019-05-01,3.259663793839065,donor,travel-demand
Orlando,2019-06-01,1.4103769552953245,donor,travel-demand
Orlando,2019-07-01,2.627189324437031,donor,travel-demand
Orlando,2019-08-01,4.212238994847691,donor,travel-demand
Orlando,2019-09-01,1.226321036889332,donor,travel-demand
Orlando,2019-10-01,3.8797019807377793,donor,travel-demand
Orlando,2019-11-01,5.301246839305955,donor,travel-demand
Orlando,2019-12-01,5.734130188984008,donor,travel-demand
Orlando,2020-01-01,6.427503736920777,donor,travel-demand
Orlando,2020-02-01,13.07243203794928,donor,travel-demand
Orlando,2020-03-01,4.434939216569113,donor,travel-demand
Orlando,2020-04-01,-48.92609228256431,donor,travel-demand
Orlando,2020-05-01,-74.5971407321709,donor,travel-demand
Orlando,2020-06-01,-59.27174645987863,donor,travel-demand
Orlando,2020-07-01,-38.88663145062983,donor,travel-demand
Orlando,2020-08-01,-43.9240176945095,donor,travel-demand
Orlando,2020-09-01,-48.36993991923569,donor,travel-demand
Orlando,2020-10-01,-41.60762704452024,donor,travel-demand
Orlando,2020-11-01,-32.01954127680715,donor,travel-demand
Orlando,2020-12-01,-33.94439352276199,donor,travel-demand
Orlando,2021-01-01,-36.92259675405743,donor,travel-demand
Orlando,2021-02-01,-38.47519160951997,donor,travel-demand
Orlando,2021-03-01,-21.233024358698,donor,travel-demand
Orlando,2021-04-01,75.88743204349217,donor,travel-demand
Orlando,2021-05-01,285.9791802212102,donor,travel-demand
Orlando,2021-06-01,146.77152317880794,donor,travel-demand
Orlando,2021-07-01,65.09308510638297,donor,travel-demand
Orlando,2021-08-01,88.78576952822893,donor,travel-demand
Orlando,2021-09-01,101.03014116749333,donor,travel-demand
Orlando,2021-10-01,75.11983223487118,donor,travel-demand
Orlando,2021-11-01,43.90986601705237,donor,travel-demand
Orlando,2021-12-01,44.56521739130434,donor,travel-demand
Orlando,2022-01-01,50.75457694210787,donor,travel-demand
Orlando,2022-02-01,45.65958562811435,donor,travel-demand
Orlando,2022-03-01,18.49115124977194,donor,travel-demand
Orlando,2022-04-01,13.645454545454546,donor,travel-demand
Orlando,2022-05-01,4.736620311841551,donor,travel-demand
Orlando,2022-06-01,-2.1553170077155315,donor,travel-demand
Orlando,2022-07-01,-2.0298026580749093,donor,travel-demand
Orlando,2022-08-01,-1.3928717738631708,donor,travel-demand
Orlando,2022-09-01,6.784968684759916,donor,travel-demand
Orlando,2022-10-01,5.200581643999658,donor,travel-demand
Orlando,2022-11-01,6.652560304697419,donor,travel-demand
Orlando,2022-12-01,8.414653655415133,donor,travel-demand
Orlando,2023-01-01,9.354229917124805,donor,travel-demand
Orlando,2023-02-01,11.658264314007925,donor,travel-demand
Orlando,2023-03-01,12.34891061667565,donor,travel-demand
Orlando,2023-04-01,12.65498760099192,donor,travel-demand
Orlando,2023-05-01,12.505029371529734,donor,travel-demand
Orlando,2023-06-01,13.182480500557128,donor,travel-demand
Orlando,2023-07-01,13.228644248951738,donor,travel-demand
Orlando,2023-08-01,10.976319069380972,donor,travel-demand
Orlando,2023-09-01,8.930951746201012,donor,travel-demand
Orlando,2023-10-01,13.310025205301242,donor,travel-demand
Orlando,2023-11-01,13.744940877708116,donor,travel-demand
Orlando,2023-12-01,11.590674339678325,donor,travel-demand
Orlando,2024-01-01,7.330982216552863,donor,travel-demand
Orlando,2024-02-01,9.433201644763365,donor,travel-demand
Orlando,2024-03-01,7.270609196189954,donor,travel-demand
Orlando,2024-04-01,0.617766100972804,donor,travel-demand
Orlando,2024-05-01,-1.0228166797797011,donor,travel-demand
Orlando,2024-06-01,-0.1968951154865581,donor,travel-demand
Orlando,2024-07-01,-3.1585826314260816,donor,travel-demand
Orlando,2024-08-01,-8.84995507637017,donor,travel-demand
Orlando,2024-09-01,-12.22059063468755,donor,travel-demand
Phoenix,2004-06-01,-0.3141062250142775,donor,travel-demand
Phoenix,2004-07-01,-1.5405968077723802,donor,travel-demand
Phoenix,2004-08-01,-0.4597060667270321,donor,travel-demand
Phoenix,2004-09-01,0.7172131147540983,donor,travel-demand
Phoenix,2004-10-01,1.3749561557348298,donor,travel-demand
Phoenix,2004-11-01,2.6585168274541573,donor,travel-demand
Phoenix,2004-12-01,3.176395849509423,donor,travel-demand
Phoenix,2005-01-01,1.296244394618834,donor,travel-demand
Phoenix,2005-02-01,-3.061822443598008,donor,travel-demand
Phoenix,2005-03-01,0.645819170632223,donor,travel-demand
Phoenix,2005-04-01,1.1049723756906076,donor,travel-demand
Phoenix,2005-05-01,4.281409852147712,donor,travel-demand
Phoenix,2005-06-01,4.167860211973647,donor,travel-demand
Phoenix,2005-07-01,4.651818438116719,donor,travel-demand
Phoenix,2005-08-01,4.898187670561891,donor,travel-demand
Phoenix,2005-09-01,3.262607179189071,donor,travel-demand
Phoenix,2005-10-01,2.4427375268147533,donor,travel-demand
Phoenix,2005-11-01,3.637015781922525,donor,travel-demand
Phoenix,2005-12-01,2.6339194089074365,donor,travel-demand
Phoenix,2006-01-01,25.9597426852044,donor,travel-demand
Phoenix,2006-02-01,23.348949675079343,donor,travel-demand
Phoenix,2006-03-01,25.005065856129686,donor,travel-demand
Phoenix,2006-04-01,23.203026481715007,donor,travel-demand
Phoenix,2006-05-01,21.85190162612552,donor,travel-demand
Phoenix,2006-06-01,22.84476832118796,donor,travel-demand
Phoenix,2006-07-01,23.96955818965517,donor,travel-demand
Phoenix,2006-08-01,23.340671069308254,donor,travel-demand
Phoenix,2006-09-01,23.263668988811485,donor,travel-demand
Phoenix,2006-10-01,23.42610105376925,donor,travel-demand
Phoenix,2006-11-01,21.2985394891673,donor,travel-demand
Phoenix,2006-12-01,21.617117717637647,donor,travel-demand
Phoenix,2007-01-01,-0.1592531576057111,donor,travel-demand
Phoenix,2007-02-01,0.5329576084293065,donor,travel-demand
Phoenix,2007-03-01,0.1891176311665856,donor,travel-demand
Phoenix,2007-04-01,1.0519731604685545,donor,travel-demand
Phoenix,2007-05-01,-0.9595235469284218,donor,travel-demand
Phoenix,2007-06-01,-3.615199507527002,donor,travel-demand
Phoenix,2007-07-01,-3.05861900363992,donor,travel-demand
Phoenix,2007-08-01,-3.2774472687939427,donor,travel-demand
Phoenix,2007-09-01,-3.613632471313581,donor,travel-demand
Phoenix,2007-10-01,-3.289185639229422,donor,travel-demand
Phoenix,2007-11-01,-2.5793197900022826,donor,travel-demand
Phoenix,2007-12-01,-3.233762674705399,donor,travel-demand
Phoenix,2008-01-01,-2.6841207854353444,donor,travel-demand
Phoenix,2008-02-01,1.1211991956614469,donor,travel-demand
Phoenix,2008-03-01,-3.6565634775105167,donor,travel-demand
Phoenix,2008-04-01,-2.959878453660458,donor,travel-demand
Phoenix,2008-05-01,-2.978841870824054,donor,travel-demand
Phoenix,2008-06-01,-1.312198803924984,donor,travel-demand
Phoenix,2008-07-01,-2.544272584622282,donor,travel-demand
Phoenix,2008-08-01,-6.301722209796466,donor,travel-demand
Phoenix,2008-09-01,-10.163468372423596,donor,travel-demand
Phoenix,2008-10-01,-11.482089298851225,donor,travel-demand
Phoenix,2008-11-01,-12.125117150890349,donor,travel-demand
Phoenix,2008-12-01,-11.424525630133108,donor,travel-demand
Phoenix,2009-01-01,-12.349516758039902,donor,travel-demand
Phoenix,2009-02-01,-14.661042482675503,donor,travel-demand
Phoenix,2009-03-01,-9.264442454097626,donor,travel-demand
Phoenix,2009-04-01,-10.002899391127864,donor,travel-demand
Phoenix,2009-05-01,-9.8077474892396,donor,travel-demand
Phoenix,2009-06-01,-9.248690945460964,donor,travel-demand
Phoenix,2009-07-01,-8.113858539390455,donor,travel-demand
Phoenix,2009-08-01,-6.492808975353584,donor,travel-demand
Phoenix,2009-09-01,-4.423786919831223,donor,travel-demand
Phoenix,2009-10-01,-3.2924178493798752,donor,travel-demand
Phoenix,2009-11-01,-2.0663911478469537,donor,travel-demand
Phoenix,2009-12-01,-0.1342882721575649,donor,travel-demand
Phoenix,2010-01-01,-1.4250709311323189,donor,travel-demand
Phoenix,2010-02-01,-1.3133738172574496,donor,travel-demand
Phoenix,2010-03-01,-2.8811154296995496,donor,travel-demand
Phoenix,2010-04-01,-3.260309278350516,donor,travel-demand
Phoenix,2010-05-01,-1.8897938406719264,donor,travel-demand
Phoenix,2010-06-01,-2.6774716369529985,donor,travel-demand
Phoenix,2010-07-01,-3.5045997872207275,donor,travel-demand
Phoenix,2010-08-01,-2.584721424468696,donor,travel-demand
Phoenix,2010-09-01,0.4690625646685521,donor,travel-demand
Phoenix,2010-10-01,0.978383023732399,donor,travel-demand
Phoenix,2010-11-01,0.7350939286686632,donor,travel-demand
Phoenix,2010-12-01,-0.377793430236281,donor,travel-demand
Phoenix,2011-01-01,1.386799241185321,donor,travel-demand
Phoenix,2011-02-01,1.4882655981682884,donor,travel-demand
Phoenix,2011-03-01,6.466776775505019,donor,travel-demand
Phoenix,2011-04-01,7.066737711469296,donor,travel-demand
Phoenix,2011-05-01,5.76561385303846,donor,travel-demand
Phoenix,2011-06-01,6.861177724487078,donor,travel-demand
Phoenix,2011-07-01,6.71898307283222,donor,travel-demand
Phoenix,2011-08-01,5.562106918238994,donor,travel-demand
Phoenix,2011-09-01,1.730175077239959,donor,travel-demand
Phoenix,2011-10-01,1.237315875613748,donor,travel-demand
Phoenix,2011-11-01,0.6891891891891891,donor,travel-demand
Phoenix,2011-12-01,0.5270600334233192,donor,travel-demand
Phoenix,2012-01-01,-0.8323117620491643,donor,travel-demand
Phoenix,2012-02-01,3.0315848843767625,donor,travel-demand
Phoenix,2012-03-01,-0.9964200477326968,donor,travel-demand
Phoenix,2012-04-01,-3.4152410575427687,donor,travel-demand
Phoenix,2012-05-01,-3.4032376747608533,donor,travel-demand
Phoenix,2012-06-01,-2.119436479241989,donor,travel-demand
Phoenix,2012-07-01,-2.3397143725311453,donor,travel-demand
Phoenix,2012-08-01,-4.667039036802581,donor,travel-demand
Phoenix,2012-09-01,-5.831139906863737,donor,travel-demand
Phoenix,2012-10-01,-3.640713916192447,donor,travel-demand
Phoenix,2012-11-01,-3.569990605287881,donor,travel-demand
Phoenix,2012-12-01,-5.038363171355498,donor,travel-demand
Phoenix,2013-01-01,-4.456733897202343,donor,travel-demand
Phoenix,2013-02-01,-8.142876693581497,donor,travel-demand
Phoenix,2013-03-01,-3.097691797746037,donor,travel-demand
Phoenix,2013-04-01,-3.922452660054103,donor,travel-demand
Phoenix,2013-05-01,-3.7199263632324,donor,travel-demand
Phoenix,2013-06-01,-2.9295631129792383,donor,travel-demand
Phoenix,2013-07-01,-3.9327940261356567,donor,travel-demand
Phoenix,2013-08-01,-2.7146670138662845,donor,travel-demand
Phoenix,2013-09-01,-1.849064717265104,donor,travel-demand
Phoenix,2013-10-01,-1.6643178310180524,donor,travel-demand
Phoenix,2013-11-01,-1.8441196938065407,donor,travel-demand
Phoenix,2013-12-01,-1.151360086183679,donor,travel-demand
Phoenix,2014-01-01,-9.19305413687436,donor,travel-demand
Phoenix,2014-02-01,-10.07896305125149,donor,travel-demand
Phoenix,2014-03-01,-8.340070899931588,donor,travel-demand
Phoenix,2014-04-01,-9.0902996581082,donor,travel-demand
Phoenix,2014-05-01,-9.237159622865432,donor,travel-demand
Phoenix,2014-06-01,-9.434457420286051,donor,travel-demand
Phoenix,2014-07-01,-7.565746858401347,donor,travel-demand
Phoenix,2014-08-01,-9.234475374732334,donor,travel-demand
Phoenix,2014-09-01,-11.412924424972616,donor,travel-demand
Phoenix,2014-10-01,-8.91967515184604,donor,travel-demand
Phoenix,2014-11-01,-10.804679191775966,donor,travel-demand
Phoenix,2014-12-01,-9.420339213950005,donor,travel-demand
Phoenix,2015-01-01,-1.6047994000749906,donor,travel-demand
Phoenix,2015-02-01,-1.358628116974567,donor,travel-demand
Phoenix,2015-03-01,-1.458813950332474,donor,travel-demand
Phoenix,2015-04-01,1.342083917115257,donor,travel-demand
Phoenix,2015-05-01,0.2542496004649135,donor,travel-demand
Phoenix,2015-06-01,0.4708780063749637,donor,travel-demand
Phoenix,2015-07-01,0.0,donor,travel-demand
Phoenix,2015-08-01,1.032143910350929,donor,travel-demand
Phoenix,2015-09-01,-0.881965051104517,donor,travel-demand
Phoenix,2015-10-01,-3.102053049602877,donor,travel-demand
Phoenix,2015-11-01,-0.3974246880216199,donor,travel-demand
Phoenix,2015-12-01,0.1503985561738607,donor,travel-demand
Phoenix,2016-01-01,-0.6554378477250209,donor,travel-demand
Phoenix,2016-02-01,3.250188964474679,donor,travel-demand
Phoenix,2016-03-01,-0.5370791158851477,donor,travel-demand
Phoenix,2016-04-01,-2.481263188532344,donor,travel-demand
Phoenix,2016-05-01,-0.9492065792333888,donor,travel-demand
Phoenix,2016-06-01,-1.2906482082341912,donor,travel-demand
Phoenix,2016-07-01,-1.807988787666433,donor,travel-demand
Phoenix,2016-08-01,-2.860478692352598,donor,travel-demand
Phoenix,2016-09-01,-0.498960498960499,donor,travel-demand
Phoenix,2016-10-01,0.2319826786266625,donor,travel-demand
Phoenix,2016-11-01,1.7476657888436675,donor,travel-demand
Phoenix,2016-12-01,2.320168193422436,donor,travel-demand
Phoenix,2017-01-01,1.6494054468738015,donor,travel-demand
Phoenix,2017-02-01,-3.139742964047503,donor,travel-demand
Phoenix,2017-03-01,-0.5745932848736587,donor,travel-demand
Phoenix,2017-04-01,-0.9252350395463362,donor,travel-demand
Phoenix,2017-05-01,-1.3533284564740309,donor,travel-demand
Phoenix,2017-06-01,-4.579985390796201,donor,travel-demand
Phoenix,2017-07-01,-5.331144733085926,donor,travel-demand
Phoenix,2017-08-01,-2.05078125,donor,travel-demand
Phoenix,2017-09-01,-3.476807354784789,donor,travel-demand
Phoenix,2017-10-01,-3.139947538960037,donor,travel-demand
Phoenix,2017-11-01,-6.235294117647059,donor,travel-demand
Phoenix,2017-12-01,-6.149556028472885,donor,travel-demand
Phoenix,2018-01-01,11.0188679245283,donor,travel-demand
Phoenix,2018-02-01,13.629492777964394,donor,travel-demand
Phoenix,2018-03-01,13.681938448684027,donor,travel-demand
Phoenix,2018-04-01,14.008133755083596,donor,travel-demand
Phoenix,2018-05-01,13.807934742306266,donor,travel-demand
Phoenix,2018-06-01,12.577508994871009,donor,travel-demand
Phoenix,2018-07-01,14.059555220505088,donor,travel-demand
Phoenix,2018-08-01,12.853746452948847,donor,travel-demand
Phoenix,2018-09-01,16.12260801801022,donor,travel-demand
Phoenix,2018-10-01,17.8494623655914,donor,travel-demand
Phoenix,2018-11-01,19.43120033458804,donor,travel-demand
Phoenix,2018-12-01,17.77308624599265,donor,travel-demand
Phoenix,2019-01-01,1.9578518014955808,donor,travel-demand
Phoenix,2019-02-01,1.7884856995048406,donor,travel-demand
Phoenix,2019-03-01,1.3229619648435107,donor,travel-demand
Phoenix,2019-04-01,1.3476020610384465,donor,travel-demand
Phoenix,2019-05-01,-1.5442757542190657,donor,travel-demand
Phoenix,2019-06-01,-1.931184550523596,donor,travel-demand
Phoenix,2019-07-01,-2.7098479841374754,donor,travel-demand
Phoenix,2019-08-01,-0.3397893306150186,donor,travel-demand
Phoenix,2019-09-01,3.6089777048691376,donor,travel-demand
Phoenix,2019-10-01,1.5004055150040552,donor,travel-demand
Phoenix,2019-11-01,0.5673063454265304,donor,travel-demand
Phoenix,2019-12-01,3.605098924445624,donor,travel-demand
Phoenix,2020-01-01,3.620482731030804,donor,travel-demand
Phoenix,2020-02-01,7.12989181732375,donor,travel-demand
Phoenix,2020-03-01,3.094964637611074,donor,travel-demand
Phoenix,2020-04-01,-39.095293964281055,donor,travel-demand
Phoenix,2020-05-01,-70.88682991396426,donor,travel-demand
Phoenix,2020-06-01,-58.6742476771599,donor,travel-demand
Phoenix,2020-07-01,-41.419836956521735,donor,travel-demand
Phoenix,2020-08-01,-37.326968973747015,donor,travel-demand
Phoenix,2020-09-01,-37.16444764303706,donor,travel-demand
Phoenix,2020-10-01,-36.30976161939007,donor,travel-demand
Phoenix,2020-11-01,-29.41012605334633,donor,travel-demand
Phoenix,2020-12-01,-33.61743031079782,donor,travel-demand
Phoenix,2021-01-01,-32.74564056367029,donor,travel-demand
Phoenix,2021-02-01,-35.96069129108776,donor,travel-demand
Phoenix,2021-03-01,-21.659337437701552,donor,travel-demand
Phoenix,2021-04-01,38.324058219178085,donor,travel-demand
Phoenix,2021-05-01,217.0265969538532,donor,travel-demand
Phoenix,2021-06-01,134.11073825503357,donor,travel-demand
Phoenix,2021-07-01,66.8328887858054,donor,travel-demand
Phoenix,2021-08-01,57.534544663257535,donor,travel-demand
Phoenix,2021-09-01,60.43981216355515,donor,travel-demand
Phoenix,2021-10-01,54.16623105070569,donor,travel-demand
Phoenix,2021-11-01,44.90923441199685,donor,travel-demand
Phoenix,2021-12-01,37.32020465295878,donor,travel-demand
Phoenix,2022-01-01,29.68809797168006,donor,travel-demand
Phoenix,2022-02-01,37.24203619430628,donor,travel-demand
Phoenix,2022-03-01,11.024623905396302,donor,travel-demand
Phoenix,2022-04-01,9.121856866537716,donor,travel-demand
Phoenix,2022-05-01,-3.3988240355657533,donor,travel-demand
Phoenix,2022-06-01,-4.35748584533792,donor,travel-demand
Phoenix,2022-07-01,-4.038648686222716,donor,travel-demand
Phoenix,2022-08-01,-6.664824918847986,donor,travel-demand
Phoenix,2022-09-01,-7.145916619074814,donor,travel-demand
Phoenix,2022-10-01,-3.817984538179845,donor,travel-demand
Phoenix,2022-11-01,-5.242374727668846,donor,travel-demand
Phoenix,2022-12-01,2.024604569420035,donor,travel-demand
Phoenix,2023-01-01,11.33161195130948,donor,travel-demand
Phoenix,2023-02-01,10.263726095003085,donor,travel-demand
Phoenix,2023-03-01,7.455844681137927,donor,travel-demand
Phoenix,2023-04-01,6.537152580828135,donor,travel-demand
Phoenix,2023-05-01,9.233966745843231,donor,travel-demand
Phoenix,2023-06-01,1.1315099288122892,donor,travel-demand
Phoenix,2023-07-01,2.7453821079319085,donor,travel-demand
Phoenix,2023-08-01,6.992748261062602,donor,travel-demand
Phoenix,2023-09-01,10.978703774890445,donor,travel-demand
Phoenix,2023-10-01,10.329267432842135,donor,travel-demand
Phoenix,2023-11-01,14.851271734444603,donor,travel-demand
Phoenix,2023-12-01,11.644732308964375,donor,travel-demand
Phoenix,2024-01-01,3.1210655357497847,donor,travel-demand
Phoenix,2024-02-01,5.105252115532554,donor,travel-demand
Phoenix,2024-03-01,10.112923462986195,donor,travel-demand
Phoenix,2024-04-01,11.007586849460935,donor,travel-demand
Phoenix,2024-05-01,14.412883935852133,donor,travel-demand
Phoenix,2024-06-01,14.130112625963248,donor,travel-demand
Phoenix,2024-07-01,11.653976311336717,donor,travel-demand
Phoenix,2024-08-01,7.510892869493049,donor,travel-demand
Phoenix,2024-09-01,5.084863179771389,donor,travel-demand
Tampa,2004-06-01,5.6471023884465845,donor,travel-demand
Tampa,2004-07-01,4.827217670110438,donor,travel-demand
Tampa,2004-08-01,6.888404216648492,donor,travel-demand
Tampa,2004-09-01,3.500673206385843,donor,travel-demand
Tampa,2004-10-01,5.69882777276826,donor,travel-demand
Tampa,2004-11-01,21.98450756178532,donor,travel-demand
Tampa,2004-12-01,21.5499306518724,donor,travel-demand
Tampa,2005-01-01,20.38918546581712,donor,travel-demand
Tampa,2005-02-01,12.585331699632418,donor,travel-demand
Tampa,2005-03-01,19.344,donor,travel-demand
Tampa,2005-04-01,21.125319693094628,donor,travel-demand
Tampa,2005-05-01,12.900462566386842,donor,travel-demand
Tampa,2005-06-01,12.635821941815632,donor,travel-demand
Tampa,2005-07-01,13.899745114698389,donor,travel-demand
Tampa,2005-08-01,12.548886243836083,donor,travel-demand
Tampa,2005-09-01,10.25831629808586,donor,travel-demand
Tampa,2005-10-01,8.548029346527898,donor,travel-demand
Tampa,2005-11-01,-4.974296945872392,donor,travel-demand
Tampa,2005-12-01,-5.676793610041363,donor,travel-demand
Tampa,2006-01-01,-9.126019167501074,donor,travel-demand
Tampa,2006-02-01,-6.685323383084577,donor,travel-demand
Tampa,2006-03-01,-7.413862448049337,donor,travel-demand
Tampa,2006-04-01,-7.587274774774774,donor,travel-demand
Tampa,2006-05-01,-6.752655538694992,donor,travel-demand
Tampa,2006-06-01,-7.406254862299673,donor,travel-demand
Tampa,2006-07-01,-7.757720423690885,donor,travel-demand
Tampa,2006-08-01,-5.997884876869618,donor,travel-demand
Tampa,2006-09-01,-1.7191977077363898,donor,travel-demand
Tampa,2006-10-01,-2.0748192392329456,donor,travel-demand
Tampa,2006-11-01,2.863961813842482,donor,travel-demand
Tampa,2006-12-01,7.364282473915015,donor,travel-demand
Tampa,2007-01-01,8.972139146859751,donor,travel-demand
Tampa,2007-02-01,6.647784071976008,donor,travel-demand
Tampa,2007-03-01,8.934260063712713,donor,travel-demand
Tampa,2007-04-01,7.53998476770754,donor,travel-demand
Tampa,2007-05-01,8.673718470301058,donor,travel-demand
Tampa,2007-06-01,7.30969584943707,donor,travel-demand
Tampa,2007-07-01,5.984150088953583,donor,travel-demand
Tampa,2007-08-01,4.934104789456766,donor,travel-demand
Tampa,2007-09-01,2.6582061395986964,donor,travel-demand
Tampa,2007-10-01,1.8138041733547352,donor,travel-demand
Tampa,2007-11-01,0.9126063418406806,donor,travel-demand
Tampa,2007-12-01,-2.9154929577464785,donor,travel-demand
Tampa,2008-01-01,-2.7011411237902645,donor,travel-demand
Tampa,2008-02-01,2.9370410873301047,donor,travel-demand
Tampa,2008-03-01,1.7679117373388276,donor,travel-demand
Tampa,2008-04-01,-0.141643059490085,donor,travel-demand
Tampa,2008-05-01,0.7038035339922133,donor,travel-demand
Tampa,2008-06-01,2.4115252113999373,donor,travel-demand
Tampa,2008-07-01,2.441629787883412,donor,travel-demand
Tampa,2008-08-01,-1.133404809312299,donor,travel-demand
Tampa,2008-09-01,-8.018710324089543,donor,travel-demand
Tampa,2008-10-01,-7.189027274160492,donor,travel-demand
Tampa,2008-11-01,-8.307786633966892,donor,travel-demand
Tampa,2008-12-01,-8.138691426084433,donor,travel-demand
Tampa,2009-01-01,-11.445961995249409,donor,travel-demand
Tampa,2009-02-01,-14.584914251024433,donor,travel-demand
Tampa,2009-03-01,-12.055903866248691,donor,travel-demand
Tampa,2009-04-01,-10.595744680851064,donor,travel-demand
Tampa,2009-05-01,-10.706319702602231,donor,travel-demand
Tampa,2009-06-01,-13.149847094801222,donor,travel-demand
Tampa,2009-07-01,-13.07910025323998,donor,travel-demand
Tampa,2009-08-01,-12.672347017815646,donor,travel-demand
Tampa,2009-09-01,-10.788231020704686,donor,travel-demand
Tampa,2009-10-01,-8.900968235094275,donor,travel-demand
Tampa,2009-11-01,-8.910063523905048,donor,travel-demand
Tampa,2009-12-01,-6.143398610233733,donor,travel-demand
Tampa,2010-01-01,-3.956412405699916,donor,travel-demand
Tampa,2010-02-01,-3.731343283582089,donor,travel-demand
Tampa,2010-03-01,-3.846725085400268,donor,travel-demand
Tampa,2010-04-01,-2.0625099159130573,donor,travel-demand
Tampa,2010-05-01,-1.0324729392173189,donor,travel-demand
Tampa,2010-06-01,-0.4225352112676055,donor,travel-demand
Tampa,2010-07-01,-0.4113110539845758,donor,travel-demand
Tampa,2010-08-01,-1.3837147418839808,donor,travel-demand
Tampa,2010-09-01,1.3232899022801303,donor,travel-demand
Tampa,2010-10-01,-0.5593884020137982,donor,travel-demand
Tampa,2010-11-01,2.844558634611855,donor,travel-demand
Tampa,2010-12-01,2.406192158842336,donor,travel-demand
Tampa,2011-01-01,1.3789492057950776,donor,travel-demand
Tampa,2011-02-01,-0.4614248800295312,donor,travel-demand
Tampa,2011-03-01,1.7145505097312326,donor,travel-demand
Tampa,2011-04-01,1.1825692531994167,donor,travel-demand
Tampa,2011-05-01,-3.4662628302204275,donor,travel-demand
Tampa,2011-06-01,0.7248939179632249,donor,travel-demand
Tampa,2011-07-01,1.7036654620547238,donor,travel-demand
Tampa,2011-08-01,1.5110631408526711,donor,travel-demand
Tampa,2011-09-01,1.5069318866787222,donor,travel-demand
Tampa,2011-10-01,2.400150009375586,donor,travel-demand
Tampa,2011-11-01,-1.1955745895788723,donor,travel-demand
Tampa,2011-12-01,-1.7088399605652318,donor,travel-demand
Tampa,2012-01-01,-2.462121212121212,donor,travel-demand
Tampa,2012-02-01,2.6515853884665304,donor,travel-demand
Tampa,2012-03-01,-3.4016704631738803,donor,travel-demand
Tampa,2012-04-01,-5.443483829650977,donor,travel-demand
Tampa,2012-05-01,0.2091685549938992,donor,travel-demand
Tampa,2012-06-01,-0.3686150605581885,donor,travel-demand
Tampa,2012-07-01,-0.5245346869712352,donor,travel-demand
Tampa,2012-08-01,-1.9670388091440725,donor,travel-demand
Tampa,2012-09-01,-4.394299287410926,donor,travel-demand
Tampa,2012-10-01,-4.9258377586522615,donor,travel-demand
Tampa,2012-11-01,-2.293660827162724,donor,travel-demand
Tampa,2012-12-01,-4.814443329989969,donor,travel-demand
Tampa,2013-01-01,-4.483671668137688,donor,travel-demand
Tampa,2013-02-01,-6.701589595375723,donor,travel-demand
Tampa,2013-03-01,2.971230938531677,donor,travel-demand
Tampa,2013-04-01,2.116491703352523,donor,travel-demand
Tampa,2013-05-01,-0.7131675073925899,donor,travel-demand
Tampa,2013-06-01,-2.272727272727273,donor,travel-demand
Tampa,2013-07-01,-3.3168906276577648,donor,travel-demand
Tampa,2013-08-01,-3.88647866955893,donor,travel-demand
Tampa,2013-09-01,-4.492753623188406,donor,travel-demand
Tampa,2013-10-01,-1.2711864406779665,donor,travel-demand
Tampa,2013-11-01,-2.4029574861367835,donor,travel-demand
Tampa,2013-12-01,-0.5444327362135581,donor,travel-demand
Tampa,2014-01-01,0.3880983182406209,donor,travel-demand
Tampa,2014-02-01,-0.4065827686350436,donor,travel-demand
Tampa,2014-03-01,-0.7786259541984732,donor,travel-demand
Tampa,2014-04-01,-2.47056872823744,donor,travel-demand
Tampa,2014-05-01,-1.8044849334267687,donor,travel-demand
Tampa,2014-06-01,-5.624661979448351,donor,travel-demand
Tampa,2014-07-01,-5.313159746657284,donor,travel-demand
Tampa,2014-08-01,-6.30054542034982,donor,travel-demand
Tampa,2014-09-01,-0.8887925428137872,donor,travel-demand
Tampa,2014-10-01,-2.438548575887632,donor,travel-demand
Tampa,2014-11-01,1.6856060606060608,donor,travel-demand
Tampa,2014-12-01,1.9954087939254808,donor,travel-demand
Tampa,2015-01-01,9.830633284241532,donor,travel-demand
Tampa,2015-02-01,6.084758942457231,donor,travel-demand
Tampa,2015-03-01,5.477765810124635,donor,travel-demand
Tampa,2015-04-01,4.760285617137028,donor,travel-demand
Tampa,2015-05-01,5.941123996431758,donor,travel-demand
Tampa,2015-06-01,9.493791786055397,donor,travel-demand
Tampa,2015-07-01,8.732813080639168,donor,travel-demand
Tampa,2015-08-01,9.032517061421116,donor,travel-demand
Tampa,2015-09-01,4.440069991251094,donor,travel-demand
Tampa,2015-10-01,2.9394121175764845,donor,travel-demand
Tampa,2015-11-01,5.531756379214007,donor,travel-demand
Tampa,2015-12-01,5.24584487534626,donor,travel-demand
Tampa,2016-01-01,0.5028494803888702,donor,travel-demand
Tampa,2016-02-01,4.672897196261682,donor,travel-demand
Tampa,2016-03-01,-0.4084609773887673,donor,travel-demand
Tampa,2016-04-01,-1.5741642323920804,donor,travel-demand
Tampa,2016-05-01,-3.805995284607612,donor,travel-demand
Tampa,2016-06-01,-3.332170272156315,donor,travel-demand
Tampa,2016-07-01,-2.836637047163363,donor,travel-demand
Tampa,2016-08-01,-3.51620029455081,donor,travel-demand
Tampa,2016-09-01,-3.1413612565445024,donor,travel-demand
Tampa,2016-10-01,-3.457653457653457,donor,travel-demand
Tampa,2016-11-01,-2.770914225202965,donor,travel-demand
Tampa,2016-12-01,-0.2303010363546636,donor,travel-demand
Tampa,2017-01-01,-1.3675783855903936,donor,travel-demand
Tampa,2017-02-01,-4.919467787114846,donor,travel-demand
Tampa,2017-03-01,-0.6298520580049802,donor,travel-demand
Tampa,2017-04-01,6.051112943116241,donor,travel-demand
Tampa,2017-05-01,3.2387955182072834,donor,travel-demand
Tampa,2017-06-01,4.890813932503158,donor,travel-demand
Tampa,2017-07-01,4.238480478367921,donor,travel-demand
Tampa,2017-08-01,6.410990269032628,donor,travel-demand
Tampa,2017-09-01,4.216216216216216,donor,travel-demand
Tampa,2017-10-01,7.323943661971831,donor,travel-demand
Tampa,2017-11-01,4.93737520421129,donor,travel-demand
Tampa,2017-12-01,6.413849958779884,donor,travel-demand
Tampa,2018-01-01,10.90632397700372,donor,travel-demand
Tampa,2018-02-01,11.047689191677408,donor,travel-demand
Tampa,2018-03-01,8.077830188679245,donor,travel-demand
Tampa,2018-04-01,0.2643034825870647,donor,travel-demand
Tampa,2018-05-01,6.545701204002034,donor,travel-demand
Tampa,2018-06-01,3.544390915347557,donor,travel-demand
Tampa,2018-07-01,4.487936561498229,donor,travel-demand
Tampa,2018-08-01,3.388918773534158,donor,travel-demand
Tampa,2018-09-01,9.626556016597512,donor,travel-demand
Tampa,2018-10-01,7.536557930258718,donor,travel-demand
Tampa,2018-11-01,8.285763708700916,donor,travel-demand
Tampa,2018-12-01,5.577936163619461,donor,travel-demand
Tampa,2019-01-01,2.0277481323372464,donor,travel-demand
Tampa,2019-02-01,0.4476869507544354,donor,travel-demand
Tampa,2019-03-01,4.500818330605565,donor,travel-demand
Tampa,2019-04-01,9.10218638548612,donor,travel-demand
Tampa,2019-05-01,2.7852936495304794,donor,travel-demand
Tampa,2019-06-01,2.8082419408441344,donor,travel-demand
Tampa,2019-07-01,2.179880510253512,donor,travel-demand
Tampa,2019-08-01,2.3759972251127297,donor,travel-demand
Tampa,2019-09-01,-1.0598031794095382,donor,travel-demand
Tampa,2019-10-01,3.2949790794979084,donor,travel-demand
Tampa,2019-11-01,4.15335463258786,donor,travel-demand
Tampa,2019-12-01,6.985617845611976,donor,travel-demand
Tampa,2020-01-01,1.4943215780035863,donor,travel-demand
Tampa,2020-02-01,8.137999339716078,donor,travel-demand
Tampa,2020-03-01,2.5711302531975986,donor,travel-demand
Tampa,2020-04-01,-45.636725412166,donor,travel-demand
Tampa,2020-05-01,-73.47475998761226,donor,travel-demand
Tampa,2020-06-01,-59.67350897042185,donor,travel-demand
Tampa,2020-07-01,-36.39380530973451,donor,travel-demand
Tampa,2020-08-01,-37.96374724716246,donor,travel-demand
Tampa,2020-09-01,-47.36036725325173,donor,travel-demand
Tampa,2020-10-01,-42.78481012658228,donor,travel-demand
Tampa,2020-11-01,-31.21165644171779,donor,travel-demand
Tampa,2020-12-01,-34.40329218106996,donor,travel-demand
Tampa,2021-01-01,-31.021790341578324,donor,travel-demand
Tampa,2021-02-01,-35.185467867501146,donor,travel-demand
Tampa,2021-03-01,-23.09454129024049,donor,travel-demand
Tampa,2021-04-01,54.22222222222223,donor,travel-demand
Tampa,2021-05-01,248.861646234676,donor,travel-demand
Tampa,2021-06-01,130.82164328657316,donor,travel-demand
Tampa,2021-07-01,47.30434782608695,donor,travel-demand
Tampa,2021-08-01,58.41070453304206,donor,travel-demand
Tampa,2021-09-01,86.59156976744185,donor,travel-demand
Tampa,2021-10-01,67.02064896755162,donor,travel-demand
Tampa,2021-11-01,42.675585284280935,donor,travel-demand
Tampa,2021-12-01,43.55918025930573,donor,travel-demand
Tampa,2022-01-01,39.85058697972252,donor,travel-demand
Tampa,2022-02-01,42.32218558643429,donor,travel-demand
Tampa,2022-03-01,21.757114493712773,donor,travel-demand
Tampa,2022-04-01,12.900491608747243,donor,travel-demand
Tampa,2022-05-01,3.5140562248995986,donor,travel-demand
Tampa,2022-06-01,-3.69855877756555,donor,travel-demand
Tampa,2022-07-01,-4.047900151796256,donor,travel-demand
Tampa,2022-08-01,-4.102740906740218,donor,travel-demand
Tampa,2022-09-01,3.4274586173320354,donor,travel-demand
Tampa,2022-10-01,-0.3179088661250441,donor,travel-demand
Tampa,2022-11-01,-6.672917643381779,donor,travel-demand
Tampa,2022-12-01,-3.685360524399126,donor,travel-demand
Tampa,2023-01-01,-1.0378510378510375,donor,travel-demand
Tampa,2023-02-01,-0.5626344530862155,donor,travel-demand
Tampa,2023-03-01,-0.1358880282647099,donor,travel-demand
Tampa,2023-04-01,6.291291291291292,donor,travel-demand
Tampa,2023-05-01,7.225994180407372,donor,travel-demand
Tampa,2023-06-01,11.720158672917416,donor,travel-demand
Tampa,2023-07-01,13.27122517138337,donor,travel-demand
Tampa,2023-08-01,10.731619629696208,donor,travel-demand
Tampa,2023-09-01,7.286763321408397,donor,travel-demand
Tampa,2023-10-01,17.08008504606662,donor,travel-demand
Tampa,2023-11-01,12.910247823174815,donor,travel-demand
Tampa,2023-12-01,9.815486993345433,donor,travel-demand
Tampa,2024-01-01,5.228254164096237,donor,travel-demand
Tampa,2024-02-01,9.385921118322518,donor,travel-demand
Tampa,2024-03-01,9.443461695468772,donor,travel-demand
Tampa,2024-04-01,0.5509252719310637,donor,travel-demand
Tampa,2024-05-01,3.1659882406151065,donor,travel-demand
Tampa,2024-06-01,0.7585539057456424,donor,travel-demand
Tampa,2024-07-01,-1.8156424581005588,donor,travel-demand
Tampa,2024-08-01,-4.26948051948052,donor,travel-demand
Tampa,2024-09-01,-4.527904527904528,donor,travel-demand
RevPAR_Luxury,2017-03-01,1.9198193111236606,outcome,class
RevPAR_Luxury,2017-04-01,9.58709065021357,outcome,class
RevPAR_Luxury,2017-05-01,12.062718006027984,outcome,class
RevPAR_Luxury,2017-06-01,9.197027671491153,outcome,class
RevPAR_Luxury,2017-07-01,9.554625984251985,outcome,class
RevPAR_Luxury,2017-08-01,6.665155293584224,outcome,class
RevPAR_Luxury,2017-09-01,1.0609632873021413,outcome,class
RevPAR_Luxury,2017-10-01,5.7397457738173285,outcome,class
RevPAR_Luxury,2017-11-01,6.801453745838804,outcome,class
RevPAR_Luxury,2017-12-01,3.674739811302419,outcome,class
RevPAR_Luxury,2018-01-01,11.46620955243507,outcome,class
RevPAR_Luxury,2018-02-01,15.733443266968994,outcome,class
RevPAR_Luxury,2018-03-01,14.368300614235817,outcome,class
RevPAR_Luxury,2018-04-01,5.383028048811567,outcome,class
RevPAR_Luxury,2018-05-01,10.08431295518417,outcome,class
RevPAR_Luxury,2018-06-01,1.7418683188177742,outcome,class
RevPAR_Luxury,2018-07-01,2.122498483929647,outcome,class
RevPAR_Luxury,2018-08-01,-3.77848624394852,outcome,class
RevPAR_Luxury,2018-09-01,-0.19663389435095047,outcome,class
RevPAR_Luxury,2018-10-01,2.6831081918453403,outcome,class
RevPAR_Luxury,2018-11-01,2.2762367743780487,outcome,class
RevPAR_Luxury,2018-12-01,-1.3434908244830734,outcome,class
RevPAR_Luxury,2019-01-01,-6.220902062398615,outcome,class
RevPAR_Luxury,2019-02-01,-6.281822943949711,outcome,class
RevPAR_Luxury,2019-03-01,-6.735467565290653,outcome,class
RevPAR_Luxury,2019-04-01,2.066914857612523,outcome,class
RevPAR_Luxury,2019-05-01,-0.6890304161633831,outcome,class
RevPAR_Luxury,2019-06-01,10.556789538046862,outcome,class
RevPAR_Luxury,2019-07-01,11.232075305709511,outcome,class
RevPAR_Luxury,2019-08-01,15.15277948214504,outcome,class
RevPAR_Luxury,2019-09-01,9.874440659854411,outcome,class
RevPAR_Luxury,2019-10-01,5.382897833564648,outcome,class
RevPAR_Luxury,2019-11-01,3.6515126097411033,outcome,class
RevPAR_Luxury,2019-12-01,10.75925291947204,outcome,class
RevPAR_Luxury,2020-01-01,10.85227783268936,outcome,class
RevPAR_Luxury,2020-02-01,8.748630581080775,outcome,class
RevPAR_Luxury,2020-03-01,-50.47423332279482,outcome,class
RevPAR_Luxury,2020-05-01,-96.35680128258286,outcome,class
RevPAR_Luxury,2020-06-01,-94.02469581706133,outcome,class
RevPAR_Luxury,2020-07-01,-92.0,outcome,class
RevPAR_Luxury,2020-08-01,-97.79833329781113,outcome,class
RevPAR_Luxury,2020-09-01,-95.45938060359238,outcome,class
RevPAR_Luxury,2020-10-01,-83.71700166065395,outcome,class
RevPAR_Luxury,2020-11-01,-74.29056970220113,outcome,class
RevPAR_Luxury,2020-12-01,-71.07581351420966,outcome,class
RevPAR_MidscaleEconomy,2017-03-01,6.241979835013756,outcome,class
RevPAR_MidscaleEconomy,2017-04-01,6.155854589274945,outcome,class
RevPAR_MidscaleEconomy,2017-05-01,6.499159165100399,outcome,class
RevPAR_MidscaleEconomy,2017-06-01,8.174559970967167,outcome,class
RevPAR_MidscaleEconomy,2017-07-01,1.8484872422782184,outcome,class
RevPAR_MidscaleEconomy,2017-08-01,-0.7266042195570366,outcome,class
RevPAR_MidscaleEconomy,2017-09-01,-2.5952960259529534,outcome,class
RevPAR_MidscaleEconomy,2017-10-01,4.820198928844666,outcome,class
RevPAR_MidscaleEconomy,2017-11-01,18.403074295473942,outcome,class
RevPAR_MidscaleEconomy,2017-12-01,14.835703776360965,outcome,class
RevPAR_MidscaleEconomy,2018-01-01,17.411463746102807,outcome,class
RevPAR_MidscaleEconomy,2018-02-01,13.924144037780373,outcome,class
RevPAR_MidscaleEconomy,2018-03-01,18.246915710465018,outcome,class
RevPAR_MidscaleEconomy,2018-04-01,23.37527197048528,outcome,class
RevPAR_MidscaleEconomy,2018-05-01,18.762771688649458,outcome,class
RevPAR_MidscaleEconomy,2018-06-01,15.457519080768268,outcome,class
RevPAR_MidscaleEconomy,2018-07-01,9.524548204452032,outcome,class
RevPAR_MidscaleEconomy,2018-08-01,8.75661375661374,outcome,class
RevPAR_MidscaleEconomy,2018-09-01,9.76963641409936,outcome,class
RevPAR_MidscaleEconomy,2018-10-01,-6.395985401459847,outcome,class
RevPAR_MidscaleEconomy,2018-11-01,2.1997836278398797,outcome,class
RevPAR_MidscaleEconomy,2018-12-01,1.6086554203146086,outcome,class
RevPAR_MidscaleEconomy,2019-01-01,10.328862259140736,outcome,class
RevPAR_MidscaleEconomy,2019-02-01,-0.11011075846880658,outcome,class
RevPAR_MidscaleEconomy,2019-03-01,9.171165912738942,outcome,class
RevPAR_MidscaleEconomy,2019-04-01,-5.405612636098745,outcome,class
RevPAR_MidscaleEconomy,2019-05-01,5.983106522759263,outcome,class
RevPAR_MidscaleEconomy,2019-06-01,3.4650588406218263,outcome,class
RevPAR_MidscaleEconomy,2019-07-01,9.446923022448829,outcome,class
RevPAR_MidscaleEconomy,2019-08-01,18.049136463147654,outcome,class
RevPAR_MidscaleEconomy,2019-09-01,10.560471976401175,outcome,class
RevPAR_MidscaleEconomy,2019-10-01,18.27663514962472,outcome,class
RevPAR_MidscaleEconomy,2019-11-01,19.318983768525055,outcome,class
RevPAR_MidscaleEconomy,2019-12-01,22.381786339754804,outcome,class
RevPAR_MidscaleEconomy,2020-01-01,10.170328313996556,outcome,class
RevPAR_MidscaleEconomy,2020-02-01,15.075865646479048,outcome,class
RevPAR_MidscaleEconomy,2020-03-01,-37.993717837332085,outcome,class
RevPAR_MidscaleEconomy,2020-04-01,-83.31847288643917,outcome,class
RevPAR_MidscaleEconomy,2020-05-01,-78.21562984281603,outcome,class
RevPAR_MidscaleEconomy,2020-07-01,-73.82724037528308,outcome,class
RevPAR_MidscaleEconomy,2020-08-01,-70.92520090665569,outcome,class
RevPAR_MidscaleEconomy,2020-09-01,-68.2116176246379,outcome,class
RevPAR_MidscaleEconomy,2020-10-01,-68.60062633921214,outcome,class
RevPAR_MidscaleEconomy,2020-11-01,-65.25210705308295,outcome,class
RevPAR_MidscaleEconomy,2020-12-01,-66.90326273611906,outcome,class
RevPAR_UpperMidscale,2017-03-01,6.459289478157415,outcome,class
RevPAR_UpperMidscale,2017-04-01,8.596410492406804,outcome,class
RevPAR_UpperMidscale,2017-05-01,6.062500000000015,outcome,class
RevPAR_UpperMidscale,2017-06-01,10.254333387331949,outcome,class
RevPAR_UpperMidscale,2017-07-01,2.3481332686846157,outcome,class
RevPAR_UpperMidscale,2017-08-01,2.4236701290525575,outcome,class
RevPAR_UpperMidscale,2017-09-01,-1.8843717424424589,outcome,class
RevPAR_UpperMidscale,2017-10-01,2.0063448512389614,outcome,class
RevPAR_UpperMidscale,2017-11-01,8.163265306122437,outcome,class
RevPAR_UpperMidscale,2017-12-01,6.595378748224046,outcome,class
RevPAR_UpperMidscale,2018-01-01,5.903730623748404,outcome,class
RevPAR_UpperMidscale,2018-02-01,10.921253544681164,outcome,class
RevPAR_UpperMidscale,2018-03-01,5.636276544786845,outcome,class
RevPAR_UpperMidscale,2018-04-01,6.153063818967719,outcome,class
RevPAR_UpperMidscale,2018-05-01,6.103207340685235,outcome,class
RevPAR_UpperMidscale,2018-06-01,5.605348222156925,outcome,class
RevPAR_UpperMidscale,2018-07-01,3.607200866269644,outcome,class
RevPAR_UpperMidscale,2018-08-01,4.963122311001844,outcome,class
RevPAR_UpperMidscale,2018-09-01,3.1546256946714646,outcome,class
RevPAR_UpperMidscale,2018-10-01,0.8573589980667373,outcome,class
RevPAR_UpperMidscale,2018-11-01,-0.9304729904368036,outcome,class
RevPAR_UpperMidscale,2018-12-01,4.209049456331115,outcome,class
RevPAR_UpperMidscale,2019-01-01,-3.6136984382659776,outcome,class
RevPAR_UpperMidscale,2019-02-01,-2.6220911176663364,outcome,class
RevPAR_UpperMidscale,2019-03-01,-4.9803506650544005,outcome,class
RevPAR_UpperMidscale,2019-04-01,-0.7584830339321336,outcome,class
RevPAR_UpperMidscale,2019-05-01,4.601713741669311,outcome,class
RevPAR_UpperMidscale,2019-06-01,2.093913043478257,outcome,class
RevPAR_UpperMidscale,2019-07-01,0.5617610555882058,outcome,class
RevPAR_UpperMidscale,2019-08-01,9.617918313570485,outcome,class
RevPAR_UpperMidscale,2019-09-01,6.441134527016312,outcome,class
RevPAR_UpperMidscale,2019-10-01,3.625302108509043,outcome,class
RevPAR_UpperMidscale,2019-11-01,11.261848856422297,outcome,class
RevPAR_UpperMidscale,2019-12-01,7.8222820599124665,outcome,class
RevPAR_UpperMidscale,2020-01-01,17.00937295647751,outcome,class
RevPAR_UpperMidscale,2020-02-01,4.1602154156849425,outcome,class
RevPAR_UpperMidscale,2020-03-01,-40.17338741748191,outcome,class
RevPAR_UpperMidscale,2020-04-01,-86.27514078841513,outcome,class
RevPAR_UpperMidscale,2020-05-01,-81.58373786407766,outcome,class
RevPAR_UpperMidscale,2020-06-01,-80.15808122104116,outcome,class
RevPAR_UpperMidscale,2020-07-01,-73.07567392010392,outcome,class
RevPAR_UpperMidscale,2020-08-01,-72.36912393162393,outcome,class
RevPAR_UpperMidscale,2020-09-01,-73.68068477856346,outcome,class
RevPAR_UpperMidscale,2020-10-01,-70.78976998552356,outcome,class
RevPAR_UpperMidscale,2020-11-01,-69.50914491167734,outcome,class
RevPAR_UpperMidscale,2020-12-01,-73.0473871511519,outcome,class
RevPAR_UpperUpscale,2017-03-01,2.0064392702160427,outcome,class
RevPAR_UpperUpscale,2017-04-01,6.317975084041927,outcome,class
RevPAR_UpperUpscale,2017-05-01,6.879039704524459,outcome,class
RevPAR_UpperUpscale,2017-06-01,3.0074532537157417,outcome,class
RevPAR_UpperUpscale,2017-07-01,3.830970029004188,outcome,class
RevPAR_UpperUpscale,2017-08-01,0.7863363490318909,outcome,class
RevPAR_UpperUpscale,2017-09-01,-2.7899938525559165,outcome,class
RevPAR_UpperUpscale,2017-10-01,3.3855919976916393,outcome,class
RevPAR_UpperUpscale,2017-11-01,1.4858986265213314,outcome,class
RevPAR_UpperUpscale,2017-12-01,1.9107519605111145,outcome,class
RevPAR_UpperUpscale,2018-01-01,-0.2568179038767271,outcome,class
RevPAR_UpperUpscale,2018-02-01,6.34894322420223,outcome,class
RevPAR_UpperUpscale,2018-03-01,9.075522620191201,outcome,class
RevPAR_UpperUpscale,2018-04-01,4.9242071979912705,outcome,class
RevPAR_UpperUpscale,2018-05-01,2.9469642428605836,outcome,class
RevPAR_UpperUpscale,2018-06-01,2.390724833918667,outcome,class
RevPAR_UpperUpscale,2018-07-01,1.4005819592628477,outcome,class
RevPAR_UpperUpscale,2018-08-01,-3.2466442953020147,outcome,class
RevPAR_UpperUpscale,2018-09-01,-2.578197207763766,outcome,class
RevPAR_UpperUpscale,2018-10-01,-5.358638012838391,outcome,class
RevPAR_UpperUpscale,2018-11-01,-5.6205750614073064,outcome,class
RevPAR_UpperUpscale,2018-12-01,-2.281160892152656,outcome,class
RevPAR_UpperUpscale,2019-01-01,-1.078960274644436,outcome,class
RevPAR_UpperUpscale,2019-02-01,-4.804769698386724,outcome,class
RevPAR_UpperUpscale,2019-03-01,-4.537638918012155,outcome,class
RevPAR_UpperUpscale,2019-04-01,-2.1980943939729713,outcome,class
RevPAR_UpperUpscale,2019-05-01,-1.1375821716630097,outcome,class
RevPAR_UpperUpscale,2019-06-01,1.8183320935614589,outcome,class
RevPAR_UpperUpscale,2019-07-01,3.344046525864708,outcome,class
RevPAR_UpperUpscale,2019-08-01,11.285008237232287,outcome,class
RevPAR_UpperUpscale,2019-09-01,0.9087731562390733,outcome,class
RevPAR_UpperUpscale,2019-10-01,1.661260198564829,outcome,class
RevPAR_UpperUpscale,2019-11-01,5.843029189630533,outcome,class
RevPAR_UpperUpscale,2019-12-01,9.913258983890971,outcome,class
RevPAR_UpperUpscale,2020-01-01,6.887291356800529,outcome,class
RevPAR_UpperUpscale,2020-02-01,5.763641573539657,outcome,class
RevPAR_UpperUpscale,2020-03-01,-47.142292316478496,outcome,class
RevPAR_UpperUpscale,2020-04-01,-96.77828628392768,outcome,class
RevPAR_UpperUpscale,2020-05-01,-92.57722235321857,outcome,class
RevPAR_UpperUpscale,2020-06-01,-89.15496387693807,outcome,class
RevPAR_UpperUpscale,2020-07-01,-85.80525731210663,outcome,class
RevPAR_UpperUpscale,2020-08-01,-86.36877167010792,outcome,class
RevPAR_UpperUpscale,2020-09-01,-86.32787371962986,outcome,class
RevPAR_UpperUpscale,2020-10-01,-85.994005028041,outcome,class
RevPAR_UpperUpscale,2020-11-01,-78.26045031579963,outcome,class
RevPAR_UpperUpscale,2020-12-01,-80.89246099574498,outcome,class
RevPAR_Upscale,2017-03-01,7.368720244439708,outcome,class
RevPAR_Upscale,2017-04-01,11.061224489795919,outcome,class
RevPAR_Upscale,2017-05-01,7.527320176153962,outcome,class
RevPAR_Upscale,2017-06-01,10.589938472674621,outcome,class
RevPAR_Upscale,2017-07-01,6.572015932159836,outcome,class
RevPAR_Upscale,2017-08-01,0.23169276135643901,outcome,class
RevPAR_Upscale,2017-09-01,-4.154834852787326,outcome,class
RevPAR_Upscale,2017-10-01,1.5695582267820196,outcome,class
RevPAR_Upscale,2017-11-01,6.960800129053091,outcome,class
RevPAR_Upscale,2017-12-01,3.119703722302436,outcome,class
RevPAR_Upscale,2018-01-01,5.70867388962808,outcome,class
RevPAR_Upscale,2018-02-01,11.131588647253965,outcome,class
RevPAR_Upscale,2018-03-01,7.438782263401733,outcome,class
RevPAR_Upscale,2018-04-01,10.797500918779868,outcome,class
RevPAR_Upscale,2018-05-01,11.770951839211241,outcome,class
RevPAR_Upscale,2018-06-01,7.01662521272417,outcome,class
RevPAR_Upscale,2018-07-01,5.696545903912242,outcome,class
RevPAR_Upscale,2018-08-01,10.654244886522847,outcome,class
RevPAR_Upscale,2018-09-01,9.89396538281615,outcome,class
RevPAR_Upscale,2018-10-01,7.990351273933349,outcome,class
RevPAR_Upscale,2018-11-01,4.615036573410736,outcome,class
RevPAR_Upscale,2018-12-01,4.0053567080594155,outcome,class
RevPAR_Upscale,2019-01-01,1.8700551426516387,outcome,class
RevPAR_Upscale,2019-02-01,-0.15478164731895783,outcome,class
RevPAR_Upscale,2019-03-01,-1.0102254527534882,outcome,class
RevPAR_Upscale,2019-04-01,1.1476714873291716,outcome,class
RevPAR_Upscale,2019-05-01,-2.714256632964651,outcome,class
RevPAR_Upscale,2019-06-01,-0.6360856269113091,outcome,class
RevPAR_Upscale,2019-07-01,-0.9638416790236137,outcome,class
RevPAR_Upscale,2019-08-01,1.2470722289042113,outcome,class
RevPAR_Upscale,2019-09-01,-0.5533877261440279,outcome,class
RevPAR_Upscale,2019-10-01,10.03071338824515,outcome,class
RevPAR_Upscale,2019-11-01,10.516831254955683,outcome,class
RevPAR_Upscale,2019-12-01,13.818330797143851,outcome,class
RevPAR_Upscale,2020-01-01,17.74535184749353,outcome,class
RevPAR_Upscale,2020-02-01,12.102757169748646,outcome,class
RevPAR_Upscale,2020-03-01,-35.20224019912881,outcome,class
RevPAR_Upscale,2020-04-01,-92.66085131501279,outcome,class
RevPAR_Upscale,2020-05-01,-90.96045197740112,outcome,class
RevPAR_Upscale,2020-06-01,-87.9785793426074,outcome,class
RevPAR_Upscale,2020-07-01,-82.63748920241866,outcome,class
RevPAR_Upscale,2020-08-01,-79.74240340127548,outcome,class
RevPAR_Upscale,2020-09-01,-81.71506028394093,outcome,class
RevPAR_Upscale,2020-10-01,-81.58345492609274,outcome,class
RevPAR_Upscale,2020-11-01,-73.9955648317245,outcome,class
RevPAR_Upscale,2020-12-01,-71.39404535403918,outcome,class
ADR_HawaiiIsl,1991-01-01,-1.187719429297085,outcome,island
ADR_HawaiiIsl,1991-02-01,0.015595757953823508,outcome,island
ADR_HawaiiIsl,1991-03-01,1.7865358073915205,outcome,island
ADR_HawaiiIsl,1991-04-01,-3.5059760956175356,outcome,island
ADR_HawaiiIsl,1991-05-01,0.02456600065510184,outcome,island
ADR_HawaiiIsl,1991-06-01,-0.7583965330444142,outcome,island
ADR_HawaiiIsl,1991-07-01,9.87508440243079,outcome,island
ADR_HawaiiIsl,1991-08-01,-9.744485002380577,outcome,island
ADR_HawaiiIsl,1991-09-01,-17.42915941111288,outcome,island
ADR_HawaiiIsl,1991-10-01,-4.857568861335649,outcome,island
ADR_HawaiiIsl,1991-11-01,0.03267706886693755,outcome,island
ADR_HawaiiIsl,1991-12-01,-3.997525709425509,outcome,island
ADR_HawaiiIsl,1992-01-01,-10.621409132143933,outcome,island
ADR_HawaiiIsl,1992-02-01,-5.95665055356307,outcome,island
ADR_HawaiiIsl,1992-03-01,-11.83427495291901,outcome,island
ADR_HawaiiIsl,1992-04-01,1.6102394715111545,outcome,island
ADR_HawaiiIsl,1992-05-01,-6.377404830126898,outcome,island
ADR_HawaiiIsl,1992-06-01,2.955995969096392,outcome,island
ADR_HawaiiIsl,1992-07-01,-11.676140728222462,outcome,island
ADR_HawaiiIsl,1992-08-01,5.785123966942152,outcome,island
ADR_HawaiiIsl,1992-09-01,14.426763803680998,outcome,island
ADR_HawaiiIsl,1992-10-01,1.0310128670405705,outcome,island
ADR_HawaiiIsl,1992-11-01,1.1759902000816558,outcome,island
ADR_HawaiiIsl,1992-12-01,-3.7451675257731853,outcome,island
ADR_HawaiiIsl,1993-01-01,-13.40607290873721,outcome,island
ADR_HawaiiIsl,1993-02-01,3.3659426297463213,outcome,island
ADR_HawaiiIsl,1993-03-01,0.12816131237183281,outcome,island
ADR_HawaiiIsl,1993-04-01,0.37383177570093906,outcome,island
ADR_HawaiiIsl,1993-05-01,9.898565932144109,outcome,island
ADR_HawaiiIsl,1993-06-01,-0.8972267536704659,outcome,island
ADR_HawaiiIsl,1993-07-01,5.696642894416426,outcome,island
ADR_HawaiiIsl,1993-08-01,2.900598404255317,outcome,island
ADR_HawaiiIsl,1993-09-01,-2.0524419870989408,outcome,island
ADR_HawaiiIsl,1993-10-01,-10.082455710670256,outcome,island
ADR_HawaiiIsl,1993-11-01,-6.1667608362256825,outcome,island
ADR_HawaiiIsl,1993-12-01,-19.337293950297042,outcome,island
ADR_HawaiiIsl,1994-01-01,12.873608126587222,outcome,island
ADR_HawaiiIsl,1994-02-01,-5.004812319538021,outcome,island
ADR_HawaiiIsl,1994-03-01,3.037801860226974,outcome,island
ADR_HawaiiIsl,1994-04-01,-6.112865355031993,outcome,island
ADR_HawaiiIsl,1994-05-01,-3.7157861234882295,outcome,island
ADR_HawaiiIsl,1994-06-01,-2.3786008230452627,outcome,island
ADR_HawaiiIsl,1994-07-01,-3.2749115444746235,outcome,island
ADR_HawaiiIsl,1994-08-01,0.9288425813746892,outcome,island
ADR_HawaiiIsl,1994-09-01,5.508039685254884,outcome,island
ADR_HawaiiIsl,1994-10-01,8.616306518975847,outcome,island
ADR_HawaiiIsl,1994-11-01,0.3956989247311693,outcome,island
ADR_HawaiiIsl,1994-12-01,12.209543568464731,outcome,island
ADR_HawaiiIsl,1995-01-01,-2.0595361716857052,outcome,island
ADR_HawaiiIsl,1995-02-01,-0.9034110097939863,outcome,island
ADR_HawaiiIsl,1995-03-01,-3.1552795031055902,outcome,island
ADR_HawaiiIsl,1995-04-01,3.345981372887219,outcome,island
ADR_HawaiiIsl,1995-05-01,-6.809354598793494,outcome,island
ADR_HawaiiIsl,1995-06-01,-6.432847146109088,outcome,island
ADR_HawaiiIsl,1995-07-01,-4.37260740110591,outcome,island
ADR_HawaiiIsl,1995-08-01,-15.957106274007682,outcome,island
ADR_HawaiiIsl,1995-09-01,-14.453631647211418,outcome,island
ADR_HawaiiIsl,1995-10-01,-9.128145114101816,outcome,island
ADR_HawaiiIsl,1995-11-01,-5.200925370576637,outcome,island
ADR_HawaiiIsl,1995-12-01,-5.519090320791342,outcome,island
ADR_HawaiiIsl,1996-01-01,-6.741473758614602,outcome,island
ADR_HawaiiIsl,1996-02-01,-10.10479679645565,outcome,island
ADR_HawaiiIsl,1996-03-01,-14.50316401573456,outcome,island
ADR_HawaiiIsl,1996-04-01,-10.739319092122834,outcome,island
ADR_HawaiiIsl,1996-05-01,-3.9815553782034163,outcome,island
ADR_HawaiiIsl,1996-06-01,4.532348170841605,outcome,island
ADR_HawaiiIsl,1996-07-01,-5.844675740592464,outcome,island
ADR_HawaiiIsl,1996-08-01,3.0375166634926565,outcome,island
ADR_HawaiiIsl,1996-09-01,9.513882308348332,outcome,island
ADR_HawaiiIsl,1996-10-01,7.984546039922735,outcome,island
ADR_HawaiiIsl,1996-11-01,3.56109906001445,outcome,island
ADR_HawaiiIsl,1996-12-01,12.270058708414865,outcome,island
ADR_HawaiiIsl,1997-01-01,8.73519658929418,outcome,island
ADR_HawaiiIsl,1997-02-01,9.686285660126991,outcome,island
ADR_HawaiiIsl,1997-03-01,19.93398679735947,outcome,island
ADR_HawaiiIsl,1997-04-01,7.665700663737507,outcome,island
ADR_HawaiiIsl,1997-05-01,10.860731437015158,outcome,island
ADR_HawaiiIsl,1997-06-01,2.3187656236531407,outcome,island
ADR_HawaiiIsl,1997-07-01,17.74376417233561,outcome,island
ADR_HawaiiIsl,1997-08-01,19.378985306348785,outcome,island
ADR_HawaiiIsl,1997-09-01,14.908713333910196,outcome,island
ADR_HawaiiIsl,1997-10-01,10.980492375841223,outcome,island
ADR_HawaiiIsl,1997-11-01,13.632396578809548,outcome,island
ADR_HawaiiIsl,1997-12-01,15.818371971413626,outcome,island
ADR_HawaiiIsl,1998-01-01,19.93552322035377,outcome,island
ADR_HawaiiIsl,1998-02-01,17.497623779486716,outcome,island
ADR_HawaiiIsl,1998-03-01,19.664748561421085,outcome,island
ADR_HawaiiIsl,1998-04-01,23.71277242337413,outcome,island
ADR_HawaiiIsl,1998-05-01,23.467177607464173,outcome,island
ADR_HawaiiIsl,1998-06-01,19.932603201347952,outcome,island
ADR_HawaiiIsl,1998-07-01,18.28759428663136,outcome,island
ADR_HawaiiIsl,1998-08-01,6.061309800278658,outcome,island
ADR_HawaiiIsl,1998-09-01,4.4277108433735,outcome,island
ADR_HawaiiIsl,1998-10-01,9.280012281240403,outcome,island
ADR_HawaiiIsl,1998-11-01,2.6497695852534697,outcome,island
ADR_HawaiiIsl,1998-12-01,26.646098276770292,outcome,island
ADR_HawaiiIsl,1999-01-01,7.9186342172175905,outcome,island
ADR_HawaiiIsl,1999-02-01,8.655684659508767,outcome,island
ADR_HawaiiIsl,1999-03-01,10.23764722280298,outcome,island
ADR_HawaiiIsl,1999-04-01,8.05025266704098,outcome,island
ADR_HawaiiIsl,1999-05-01,7.32069361041765,outcome,island
ADR_HawaiiIsl,1999-06-01,10.269738690643425,outcome,island
ADR_HawaiiIsl,1999-07-01,9.7551048097144,outcome,island
ADR_HawaiiIsl,1999-08-01,19.76498065834611,outcome,island
ADR_HawaiiIsl,1999-09-01,19.35390827805019,outcome,island
ADR_HawaiiIsl,1999-10-01,14.371005127484725,outcome,island
ADR_HawaiiIsl,1999-11-01,26.68163112607558,outcome,island
ADR_HawaiiIsl,1999-12-01,14.289958407605452,outcome,island
ADR_HawaiiIsl,2000-01-01,14.78963312016155,outcome,island
ADR_HawaiiIsl,2000-02-01,14.226734348561765,outcome,island
ADR_HawaiiIsl,2000-03-01,1.2138070552534908,outcome,island
ADR_HawaiiIsl,2000-04-01,6.6969795388112985,outcome,island
ADR_HawaiiIsl,2000-05-01,3.024016094555515,outcome,island
ADR_HawaiiIsl,2000-06-01,4.854121544145751,outcome,island
ADR_HawaiiIsl,2000-07-01,-0.3584893998392902,outcome,island
ADR_HawaiiIsl,2000-08-01,0.030471082942273853,outcome,island
ADR_HawaiiIsl,2000-09-01,2.483083615273074,outcome,island
ADR_HawaiiIsl,2000-10-01,1.8424123318798724,outcome,island
ADR_HawaiiIsl,2000-11-01,1.5947079321953828,outcome,island
ADR_HawaiiIsl,2000-12-01,-7.845074083701586,outcome,island
ADR_HawaiiIsl,2001-01-01,0.3929157870044442,outcome,island
ADR_HawaiiIsl,2001-02-01,4.432067310540977,outcome,island
ADR_HawaiiIsl,2001-03-01,3.2479700187382887,outcome,island
ADR_HawaiiIsl,2001-04-01,4.572019968342889,outcome,island
ADR_HawaiiIsl,2001-05-01,8.232135229145054,outcome,island
ADR_HawaiiIsl,2001-06-01,7.174969623329286,outcome,island
ADR_HawaiiIsl,2001-07-01,10.66931331803238,outcome,island
ADR_HawaiiIsl,2001-08-01,9.32131107591081,outcome,island
ADR_HawaiiIsl,2001-09-01,1.5916995814419632,outcome,island
ADR_HawaiiIsl,2001-10-01,2.906591087258037,outcome,island
ADR_HawaiiIsl,2001-11-01,-1.0697052496947856,outcome,island
ADR_HawaiiIsl,2001-12-01,-2.611982398736312,outcome,island
ADR_HawaiiIsl,2002-01-01,1.1098779134295356,outcome,island
ADR_HawaiiIsl,2002-02-01,-0.3460992907801441,outcome,island
ADR_HawaiiIsl,2002-03-01,6.079854809437379,outcome,island
ADR_HawaiiIsl,2002-04-01,1.1294172439890504,outcome,island
ADR_HawaiiIsl,2002-05-01,-1.97338746053225,outcome,island
ADR_HawaiiIsl,2002-06-01,-1.9103225440734728,outcome,island
ADR_HawaiiIsl,2002-07-01,-4.831567737234465,outcome,island
ADR_HawaiiIsl,2002-08-01,-4.224253232278185,outcome,island
ADR_HawaiiIsl,2002-09-01,-2.1876632043173028,outcome,island
ADR_HawaiiIsl,2002-10-01,2.045121593905641,outcome,island
ADR_HawaiiIsl,2002-11-01,-0.2115531527296155,outcome,island
ADR_HawaiiIsl,2002-12-01,2.9311243700399725,outcome,island
ADR_HawaiiIsl,2003-01-01,-8.550465075972047,outcome,island
ADR_HawaiiIsl,2003-02-01,-14.290594397631518,outcome,island
ADR_HawaiiIsl,2003-03-01,-9.575135443398908,outcome,island
ADR_HawaiiIsl,2003-04-01,-8.347245409015025,outcome,island
ADR_HawaiiIsl,2003-05-01,-11.399976992982875,outcome,island
ADR_HawaiiIsl,2003-06-01,-9.489135460009235,outcome,island
ADR_HawaiiIsl,2003-07-01,-8.28081748041699,outcome,island
ADR_HawaiiIsl,2003-08-01,-9.397183754218553,outcome,island
ADR_HawaiiIsl,2003-09-01,-5.974133839582341,outcome,island
ADR_HawaiiIsl,2003-10-01,-8.206041116343165,outcome,island
ADR_HawaiiIsl,2003-11-01,-7.078499499440561,outcome,island
ADR_HawaiiIsl,2003-12-01,-11.323090776070687,outcome,island
ADR_HawaiiIsl,2004-01-01,-1.3456314359719501,outcome,island
ADR_HawaiiIsl,2004-02-01,3.726584296532498,outcome,island
ADR_HawaiiIsl,2004-03-01,0.3531786074671972,outcome,island
ADR_HawaiiIsl,2004-04-01,3.247283462094086,outcome,island
ADR_HawaiiIsl,2004-05-01,6.102311088029078,outcome,island
ADR_HawaiiIsl,2004-06-01,5.899629676925056,outcome,island
ADR_HawaiiIsl,2004-07-01,6.723174725486425,outcome,island
ADR_HawaiiIsl,2004-08-01,7.989210712221428,outcome,island
ADR_HawaiiIsl,2004-09-01,5.407281216480531,outcome,island
ADR_HawaiiIsl,2004-10-01,6.393493900531744,outcome,island
ADR_HawaiiIsl,2004-11-01,9.772482413334194,outcome,island
ADR_HawaiiIsl,2004-12-01,7.9774068667893605,outcome,island
ADR_HawaiiIsl,2005-01-01,7.165727459016402,outcome,island
ADR_HawaiiIsl,2005-02-01,9.157861031059866,outcome,island
ADR_HawaiiIsl,2005-03-01,8.748114630467562,outcome,island
ADR_HawaiiIsl,2005-04-01,2.2265482418785787,outcome,island
ADR_HawaiiIsl,2005-05-01,6.295888399412619,outcome,island
ADR_HawaiiIsl,2005-06-01,3.394429036536839,outcome,island
ADR_HawaiiIsl,2005-07-01,3.814681107099882,outcome,island
ADR_HawaiiIsl,2005-08-01,4.032114183764501,outcome,island
ADR_HawaiiIsl,2005-09-01,6.728121632946249,outcome,island
ADR_HawaiiIsl,2005-10-01,5.66237431645793,outcome,island
ADR_HawaiiIsl,2005-11-01,2.909762715778541,outcome,island
ADR_HawaiiIsl,2005-12-01,0.8992594334077841,outcome,island
ADR_HawaiiIsl,2006-01-01,7.977293098296978,outcome,island
ADR_HawaiiIsl,2006-02-01,8.407157524200649,outcome,island
ADR_HawaiiIsl,2006-03-01,6.333795654184016,outcome,island
ADR_HawaiiIsl,2006-04-01,13.716972149488216,outcome,island
ADR_HawaiiIsl,2006-05-01,9.612617279686875,outcome,island
ADR_HawaiiIsl,2006-06-01,12.193130794798535,outcome,island
ADR_HawaiiIsl,2006-07-01,14.002550133302428,outcome,island
ADR_HawaiiIsl,2006-08-01,11.570342422683355,outcome,island
ADR_HawaiiIsl,2006-09-01,11.160964666292749,outcome,island
ADR_HawaiiIsl,2006-10-01,6.772398441847538,outcome,island
ADR_HawaiiIsl,2006-11-01,10.866760168302946,outcome,island
ADR_HawaiiIsl,2006-12-01,12.174520883089656,outcome,island
ADR_HawaiiIsl,2007-01-01,9.236303265080249,outcome,island
ADR_HawaiiIsl,2007-02-01,5.980084424721288,outcome,island
ADR_HawaiiIsl,2007-03-01,10.51630434782609,outcome,island
ADR_HawaiiIsl,2007-04-01,6.32162855199121,outcome,island
ADR_HawaiiIsl,2007-05-01,5.32479126188099,outcome,island
ADR_HawaiiIsl,2007-06-01,4.7193347193347,outcome,island
ADR_HawaiiIsl,2007-07-01,3.558718861209975,outcome,island
ADR_HawaiiIsl,2007-08-01,3.520008197981239,outcome,island
ADR_HawaiiIsl,2007-09-01,0.6760847628658029,outcome,island
ADR_HawaiiIsl,2007-10-01,6.8744462396414185,outcome,island
ADR_HawaiiIsl,2007-11-01,2.3378200586985143,outcome,island
ADR_HawaiiIsl,2007-12-01,9.471880355195527,outcome,island
ADR_HawaiiIsl,2008-01-01,7.847408683317303,outcome,island
ADR_HawaiiIsl,2008-02-01,5.974569779911132,outcome,island
ADR_HawaiiIsl,2008-03-01,4.140644209491029,outcome,island
ADR_HawaiiIsl,2008-04-01,-4.469163754491301,outcome,island
ADR_HawaiiIsl,2008-05-01,1.96938724634792,outcome,island
ADR_HawaiiIsl,2008-06-01,4.124478856462188,outcome,island
ADR_HawaiiIsl,2008-07-01,0.5400098183603541,outcome,island
ADR_HawaiiIsl,2008-08-01,0.7473767570778111,outcome,island
ADR_HawaiiIsl,2008-09-01,-5.617921218803234,outcome,island
ADR_HawaiiIsl,2008-10-01,-6.705354530381347,outcome,island
ADR_HawaiiIsl,2008-11-01,-6.546677215189877,outcome,island
ADR_HawaiiIsl,2008-12-01,-7.181822494189083,outcome,island
ADR_HawaiiIsl,2009-01-01,-10.170048853814361,outcome,island
ADR_HawaiiIsl,2009-02-01,-11.607960294897124,outcome,island
ADR_HawaiiIsl,2009-03-01,-14.780186050904287,outcome,island
ADR_HawaiiIsl,2009-04-01,-2.5812767272914594,outcome,island
ADR_HawaiiIsl,2009-05-01,-12.037942499511056,outcome,island
ADR_HawaiiIsl,2009-06-01,-14.20468087134753,outcome,island
ADR_HawaiiIsl,2009-07-01,-12.958984375000004,outcome,island
ADR_HawaiiIsl,2009-08-01,-7.988209285187919,outcome,island
ADR_HawaiiIsl,2009-09-01,-0.6955875325227012,outcome,island
ADR_HawaiiIsl,2009-10-01,-4.840311536250064,outcome,island
ADR_HawaiiIsl,2009-11-01,0.7566137566137554,outcome,island
ADR_HawaiiIsl,2009-12-01,-3.178821485153571,outcome,island
ADR_HawaiiIsl,2010-01-01,-6.625529467133817,outcome,island
ADR_HawaiiIsl,2010-02-01,-2.81290885303096,outcome,island
ADR_HawaiiIsl,2010-03-01,-3.5130492602648666,outcome,island
ADR_HawaiiIsl,2010-04-01,1.4385445314152756,outcome,island
ADR_HawaiiIsl,2010-05-01,0.21678710394663625,outcome,island
ADR_HawaiiIsl,2010-06-01,0.8889382743485719,outcome,island
ADR_HawaiiIsl,2010-07-01,2.7039156288567456,outcome,island
ADR_HawaiiIsl,2010-08-01,-1.2814352074323243,outcome,island
ADR_HawaiiIsl,2010-09-01,-1.6415356646348078,outcome,island
ADR_HawaiiIsl,2010-10-01,5.839055204614119,outcome,island
ADR_HawaiiIsl,2010-11-01,0.03675891403664977,outcome,island
ADR_HawaiiIsl,2010-12-01,-1.6310372129849426,outcome,island
ADR_HawaiiIsl,2011-01-01,4.054659498207891,outcome,island
ADR_HawaiiIsl,2011-02-01,9.344850796499893,outcome,island
ADR_HawaiiIsl,2011-03-01,-5.036467007408252,outcome,island
ADR_HawaiiIsl,2011-04-01,-13.388946819603753,outcome,island
ADR_HawaiiIsl,2011-05-01,4.44838870708304,outcome,island
ADR_HawaiiIsl,2011-06-01,3.8273032655983252,outcome,island
ADR_HawaiiIsl,2011-07-01,5.167140048066399,outcome,island
ADR_HawaiiIsl,2011-08-01,1.4386932770836802,outcome,island
ADR_HawaiiIsl,2011-09-01,3.348736069584146,outcome,island
ADR_HawaiiIsl,2011-10-01,-3.9132239983392214,outcome,island
ADR_HawaiiIsl,2011-11-01,-0.776902887139097,outcome,island
ADR_HawaiiIsl,2011-12-01,2.886885597767752,outcome,island
ADR_HawaiiIsl,2012-01-01,0.3444564047362597,outcome,island
ADR_HawaiiIsl,2012-02-01,-1.764645531958553,outcome,island
ADR_HawaiiIsl,2012-03-01,13.96347363328494,outcome,island
ADR_HawaiiIsl,2012-04-01,16.668673248254272,outcome,island
ADR_HawaiiIsl,2012-05-01,0.4832457118580935,outcome,island
ADR_HawaiiIsl,2012-06-01,1.198684629256408,outcome,island
ADR_HawaiiIsl,2012-07-01,-1.3867248363976237,outcome,island
ADR_HawaiiIsl,2012-08-01,3.140495867768589,outcome,island
ADR_HawaiiIsl,2012-09-01,1.425490505496807,outcome,island
ADR_HawaiiIsl,2012-10-01,7.740088581613924,outcome,island
ADR_HawaiiIsl,2012-11-01,5.687228864670413,outcome,island
ADR_HawaiiIsl,2012-12-01,0.36507770939813167,outcome,island
ADR_HawaiiIsl,2013-01-01,14.626689551598382,outcome,island
ADR_HawaiiIsl,2013-02-01,12.657963446475208,outcome,island
ADR_HawaiiIsl,2013-03-01,17.64393738392147,outcome,island
ADR_HawaiiIsl,2013-04-01,10.618647128631121,outcome,island
ADR_HawaiiIsl,2013-05-01,13.677201141528371,outcome,island
ADR_HawaiiIsl,2013-06-01,15.099580712788253,outcome,island
ADR_HawaiiIsl,2013-07-01,18.143993258545322,outcome,island
ADR_HawaiiIsl,2013-08-01,18.19168734491314,outcome,island
ADR_HawaiiIsl,2013-09-01,14.490198112229024,outcome,island
ADR_HawaiiIsl,2013-10-01,11.861432796911808,outcome,island
ADR_HawaiiIsl,2013-11-01,10.111628372628513,outcome,island
ADR_HawaiiIsl,2013-12-01,17.33007690708792,outcome,island
ADR_HawaiiIsl,2014-01-01,3.195919704272132,outcome,island
ADR_HawaiiIsl,2014-02-01,2.7208677111337787,outcome,island
ADR_HawaiiIsl,2014-03-01,2.1831303563373927,outcome,island
ADR_HawaiiIsl,2014-04-01,8.65245580484164,outcome,island
ADR_HawaiiIsl,2014-05-01,7.880055788005591,outcome,island
ADR_HawaiiIsl,2014-06-01,4.489777332544054,outcome,island
ADR_HawaiiIsl,2014-07-01,3.570791726105571,outcome,island
ADR_HawaiiIsl,2014-08-01,0.214320080479391,outcome,island
ADR_HawaiiIsl,2014-09-01,13.358398260554448,outcome,island
ADR_HawaiiIsl,2014-10-01,-5.2256532066508266,outcome,island
ADR_HawaiiIsl,2014-11-01,7.928353866436333,outcome,island
ADR_HawaiiIsl,2014-12-01,5.350104079011486,outcome,island
ADR_HawaiiIsl,2015-01-01,3.6274598712251693,outcome,island
ADR_HawaiiIsl,2015-02-01,6.9085330084382335,outcome,island
ADR_HawaiiIsl,2015-03-01,1.408139842853351,outcome,island
ADR_HawaiiIsl,2015-04-01,-2.472739761311926,outcome,island
ADR_HawaiiIsl,2015-05-01,-2.0383538030596893,outcome,island
ADR_HawaiiIsl,2015-06-01,0.38785026365102393,outcome,island
ADR_HawaiiIsl,2015-07-01,1.476348297680019,outcome,island
ADR_HawaiiIsl,2015-08-01,0.8903631284916225,outcome,island
ADR_HawaiiIsl,2015-09-01,-9.11088911088912,outcome,island
ADR_HawaiiIsl,2015-10-01,8.790845037121109,outcome,island
ADR_HawaiiIsl,2015-11-01,-3.786698117181253,outcome,island
ADR_HawaiiIsl,2015-12-01,-0.0168159078488217,outcome,island
ADR_HawaiiIsl,2016-01-01,4.288089612321699,outcome,island
ADR_HawaiiIsl,2016-02-01,-2.139962856660471,outcome,island
ADR_HawaiiIsl,2016-03-01,3.329996082357556,outcome,island
ADR_HawaiiIsl,2016-04-01,3.3629720926137807,outcome,island
ADR_HawaiiIsl,2016-05-01,4.693823684673593,outcome,island
ADR_HawaiiIsl,2016-06-01,4.154367077617649,outcome,island
ADR_HawaiiIsl,2016-07-01,1.9087207329487654,outcome,island
ADR_HawaiiIsl,2016-08-01,5.273403703062818,outcome,island
ADR_HawaiiIsl,2016-09-01,9.250384699934067,outcome,island
ADR_HawaiiIsl,2016-10-01,5.263844214552726,outcome,island
ADR_HawaiiIsl,2016-11-01,12.577707731372033,outcome,island
ADR_HawaiiIsl,2016-12-01,3.161922381533011,outcome,island
ADR_HawaiiIsl,2017-01-01,2.5132164135269086,outcome,island
ADR_HawaiiIsl,2017-02-01,5.098123786931197,outcome,island
ADR_HawaiiIsl,2017-03-01,3.3069340298256034,outcome,island
ADR_HawaiiIsl,2017-04-01,6.2643727110127,outcome,island
ADR_HawaiiIsl,2017-05-01,4.462372368586909,outcome,island
ADR_HawaiiIsl,2017-06-01,3.913641478764629,outcome,island
ADR_HawaiiIsl,2017-07-01,3.092483143261471,outcome,island
ADR_HawaiiIsl,2017-08-01,1.8697349496609839,outcome,island
ADR_HawaiiIsl,2017-09-01,-0.37023622680993906,outcome,island
ADR_HawaiiIsl,2017-10-01,5.5622083660238575,outcome,island
ADR_HawaiiIsl,2017-11-01,-3.7215632899086026,outcome,island
ADR_HawaiiIsl,2017-12-01,2.637049113511303,outcome,island
ADR_HawaiiIsl,2018-01-01,7.158351409978292,outcome,island
ADR_HawaiiIsl,2018-02-01,14.819222719251446,outcome,island
ADR_HawaiiIsl,2018-03-01,11.197651184602208,outcome,island
ADR_HawaiiIsl,2018-04-01,1.815412976395625,outcome,island
ADR_HawaiiIsl,2018-05-01,5.66348899883351,outcome,island
ADR_HawaiiIsl,2018-06-01,-0.42114551580297865,outcome,island
ADR_HawaiiIsl,2018-07-01,0.06459687512616608,outcome,island
ADR_HawaiiIsl,2018-08-01,-1.8757563533682964,outcome,island
ADR_HawaiiIsl,2018-09-01,1.3733489518116038,outcome,island
ADR_HawaiiIsl,2018-10-01,3.3249882647472973,outcome,island
ADR_HawaiiIsl,2018-11-01,4.503594797641175,outcome,island
ADR_HawaiiIsl,2018-12-01,2.6129775236279906,outcome,island
ADR_HawaiiIsl,2019-01-01,3.418379039034436,outcome,island
ADR_HawaiiIsl,2019-02-01,-6.608764028879821,outcome,island
ADR_HawaiiIsl,2019-03-01,-5.742784847262472,outcome,island
ADR_HawaiiIsl,2019-04-01,1.2241202865464818,outcome,island
ADR_HawaiiIsl,2019-05-01,0.17891811641099764,outcome,island
ADR_HawaiiIsl,2019-06-01,3.9352318040842604,outcome,island
ADR_HawaiiIsl,2019-07-01,7.577163607020365,outcome,island
ADR_HawaiiIsl,2019-08-01,13.989722507708112,outcome,island
ADR_HawaiiIsl,2019-09-01,7.04466669323025,outcome,island
ADR_HawaiiIsl,2019-10-01,1.431059286741898,outcome,island
ADR_HawaiiIsl,2019-11-01,2.744173462683097,outcome,island
ADR_HawaiiIsl,2019-12-01,4.191176470588243,outcome,island
ADR_HawaiiIsl,2020-01-01,6.913616722679783,outcome,island
ADR_HawaiiIsl,2020-02-01,9.342110298901595,outcome,island
ADR_HawaiiIsl,2020-03-01,0.9765397035365719,outcome,island
ADR_HawaiiIsl,2020-04-01,-59.60259750359684,outcome,island
ADR_HawaiiIsl,2020-05-01,-50.57379540963674,outcome,island
ADR_HawaiiIsl,2020-06-01,-44.706247093473884,outcome,island
ADR_HawaiiIsl,2020-07-01,-38.750328170123396,outcome,island
ADR_HawaiiIsl,2020-08-01,-53.977928447778424,outcome,island
ADR_HawaiiIsl,2020-09-01,-41.15764005211241,outcome,island
ADR_HawaiiIsl,2020-10-01,-41.086891609435646,outcome,island
ADR_HawaiiIsl,2020-11-01,-11.326787796712178,outcome,island
ADR_HawaiiIsl,2020-12-01,-0.6351446718419362,outcome,island
ADR_Kauai,1991-01-01,4.416062344409566,outcome,island
ADR_Kauai,1991-02-01,-3.2614413466596437,outcome,island
ADR_Kauai,1991-03-01,-2.2282023681377883,outcome,island
ADR_Kauai,1991-04-01,-7.769450015834478,outcome,island
ADR_Kauai,1991-05-01,7.0216566197812025,outcome,island
ADR_Kauai,1991-06-01,3.361629881154493,outcome,island
ADR_Kauai,1991-07-01,11.223087494273942,outcome,island
ADR_Kauai,1991-08-01,7.4389551391254916,outcome,island
ADR_Kauai,1991-09-01,3.9030223961730615,outcome,island
ADR_Kauai,1991-10-01,11.792301951167495,outcome,island
ADR_Kauai,1991-11-01,9.42596907434865,outcome,island
ADR_Kauai,1991-12-01,7.463934768973446,outcome,island
ADR_Kauai,1992-01-01,11.381776718150727,outcome,island
ADR_Kauai,1992-02-01,11.353996737357264,outcome,island
ADR_Kauai,1992-03-01,19.88329846966861,outcome,island
ADR_Kauai,1992-04-01,22.82247911182327,outcome,island
ADR_Kauai,1992-05-01,2.002712005841234,outcome,island
ADR_Kauai,1992-06-01,20.367936925098572,outcome,island
ADR_Kauai,1992-07-01,1.5856672158154783,outcome,island
ADR_Kauai,1992-08-01,10.317124735729388,outcome,island
ADR_Kauai,1992-09-01,-94.70545150151722,outcome,island
ADR_Kauai,1992-10-01,-33.08536003814974,outcome,island
ADR_Kauai,1992-11-01,-32.36546651180797,outcome,island
ADR_Kauai,1992-12-01,-37.17898832684825,outcome,island
ADR_Kauai,1993-01-01,-43.275942298743594,outcome,island
ADR_Kauai,1993-02-01,-40.0234397890419,outcome,island
ADR_Kauai,1993-03-01,-46.75360455505556,outcome,island
ADR_Kauai,1993-04-01,-43.64924051812507,outcome,island
ADR_Kauai,1993-05-01,-29.409960118621537,outcome,island
ADR_Kauai,1993-06-01,-41.26637554585153,outcome,island
ADR_Kauai,1993-07-01,-33.063044800324334,outcome,island
ADR_Kauai,1993-08-01,-35.80873898045228,outcome,island
ADR_Kauai,1993-09-01,1291.304347826087,outcome,island
ADR_Kauai,1993-10-01,4.076396807297611,outcome,island
ADR_Kauai,1993-11-01,2.1179164281625695,outcome,island
ADR_Kauai,1993-12-01,3.933106224837424,outcome,island
ADR_Kauai,1994-01-01,87.66201804757996,outcome,island
ADR_Kauai,1994-02-01,33.67529718286926,outcome,island
ADR_Kauai,1994-03-01,97.2231804070369,outcome,island
ADR_Kauai,1994-04-01,81.57764180585414,outcome,island
ADR_Kauai,1994-05-01,50.77502535129654,outcome,island
ADR_Kauai,1994-06-01,63.35192069392812,outcome,island
ADR_Kauai,1994-07-01,66.33858267716532,outcome,island
ADR_Kauai,1994-08-01,53.39602925809823,outcome,island
ADR_Kauai,1994-09-01,60.468749999999986,outcome,island
ADR_Kauai,1994-10-01,53.95781977540401,outcome,island
ADR_Kauai,1994-11-01,65.82118834080717,outcome,island
ADR_Kauai,1994-12-01,81.1233611442193,outcome,island
ADR_Kauai,1995-01-01,27.854520020982697,outcome,island
ADR_Kauai,1995-02-01,55.024972591058585,outcome,island
ADR_Kauai,1995-03-01,10.35417577612594,outcome,island
ADR_Kauai,1995-04-01,11.375227686703116,outcome,island
ADR_Kauai,1995-05-01,19.58109146810145,outcome,island
ADR_Kauai,1995-06-01,12.279537265313856,outcome,island
ADR_Kauai,1995-07-01,8.821119708693681,outcome,island
ADR_Kauai,1995-08-01,16.105488516932652,outcome,island
ADR_Kauai,1995-09-01,5.479330795786486,outcome,island
ADR_Kauai,1995-10-01,9.802526240882404,outcome,island
ADR_Kauai,1995-11-01,5.535367193442076,outcome,island
ADR_Kauai,1995-12-01,4.079953936003955,outcome,island
ADR_Kauai,1996-01-01,-18.763676148796506,outcome,island
ADR_Kauai,1996-02-01,-5.8070092723558115,outcome,island
ADR_Kauai,1996-03-01,-2.171328948411122,outcome,island
ADR_Kauai,1996-04-01,0.6868918145392033,outcome,island
ADR_Kauai,1996-05-01,-0.17676361883336433,outcome,island
ADR_Kauai,1996-06-01,6.722405202263326,outcome,island
ADR_Kauai,1996-07-01,3.572026100050185,outcome,island
ADR_Kauai,1996-08-01,6.0095549409102444,outcome,island
ADR_Kauai,1996-09-01,8.22423632091307,outcome,island
ADR_Kauai,1996-10-01,5.9219053791315535,outcome,island
ADR_Kauai,1996-11-01,3.643497757847536,outcome,island
ADR_Kauai,1996-12-01,8.298427250454443,outcome,island
ADR_Kauai,1997-01-01,16.060606060606062,outcome,island
ADR_Kauai,1997-02-01,12.630349545340769,outcome,island
ADR_Kauai,1997-03-01,7.962737950587284,outcome,island
ADR_Kauai,1997-04-01,9.672703646552417,outcome,island
ADR_Kauai,1997-05-01,8.539922730199612,outcome,island
ADR_Kauai,1997-06-01,4.447258051752789,outcome,island
ADR_Kauai,1997-07-01,8.852273645101372,outcome,island
ADR_Kauai,1997-08-01,6.925996204933593,outcome,island
ADR_Kauai,1997-09-01,5.0170595533498785,outcome,island
ADR_Kauai,1997-10-01,1.7361376673040274,outcome,island
ADR_Kauai,1997-11-01,7.726184037703776,outcome,island
ADR_Kauai,1997-12-01,-5.414872655622849,outcome,island
ADR_Kauai,1998-01-01,-5.084131128517544,outcome,island
ADR_Kauai,1998-02-01,-3.2590178505295775,outcome,island
ADR_Kauai,1998-03-01,0.3376350540216011,outcome,island
ADR_Kauai,1998-04-01,-0.6886848341232099,outcome,island
ADR_Kauai,1998-05-01,0.9862810530218757,outcome,island
ADR_Kauai,1998-06-01,4.417001287976352,outcome,island
ADR_Kauai,1998-07-01,2.1443941530014055,outcome,island
ADR_Kauai,1998-08-01,6.403430937592436,outcome,island
ADR_Kauai,1998-09-01,5.345935169460225,outcome,island
ADR_Kauai,1998-10-01,8.555104495564581,outcome,island
ADR_Kauai,1998-11-01,-0.9538836692247088,outcome,island
ADR_Kauai,1998-12-01,11.503741995216421,outcome,island
ADR_Kauai,1999-01-01,8.54282876136625,outcome,island
ADR_Kauai,1999-02-01,9.493913176632706,outcome,island
ADR_Kauai,1999-03-01,6.049502729380096,outcome,island
ADR_Kauai,1999-04-01,7.680262471105803,outcome,island
ADR_Kauai,1999-05-01,6.814510207078861,outcome,island
ADR_Kauai,1999-06-01,4.4042954578435545,outcome,island
ADR_Kauai,1999-07-01,3.297980531744882,outcome,island
ADR_Kauai,1999-08-01,-3.113273106323844,outcome,island
ADR_Kauai,1999-09-01,3.960187846078367,outcome,island
ADR_Kauai,1999-10-01,2.0221606648199275,outcome,island
ADR_Kauai,1999-11-01,7.690079652425785,outcome,island
ADR_Kauai,1999-12-01,7.3138665928591085,outcome,island
ADR_Kauai,2000-01-01,7.2791270679338105,outcome,island
ADR_Kauai,2000-02-01,5.21641843227747,outcome,island
ADR_Kauai,2000-03-01,5.464673529826536,outcome,island
ADR_Kauai,2000-04-01,2.9291600304687915,outcome,island
ADR_Kauai,2000-05-01,0.8455932902516006,outcome,island
ADR_Kauai,2000-06-01,1.2370560845089917,outcome,island
ADR_Kauai,2000-07-01,5.639943741209574,outcome,island
ADR_Kauai,2000-08-01,3.5002151771625467,outcome,island
ADR_Kauai,2000-09-01,-2.258629989212513,outcome,island
ADR_Kauai,2000-10-01,1.3711648112951558,outcome,island
ADR_Kauai,2000-11-01,1.8894566971490168,outcome,island
ADR_Kauai,2000-12-01,-2.7919272680379192,outcome,island
ADR_Kauai,2001-01-01,-1.8242666841656097,outcome,island
ADR_Kauai,2001-02-01,-0.425333953612006,outcome,island
ADR_Kauai,2001-03-01,-1.5109981948251638,outcome,island
ADR_Kauai,2001-04-01,2.906350914962341,outcome,island
ADR_Kauai,2001-05-01,4.253868702706387,outcome,island
ADR_Kauai,2001-06-01,6.528454726436483,outcome,island
ADR_Kauai,2001-07-01,1.7707362534948645,outcome,island
ADR_Kauai,2001-08-01,9.916839916839916,outcome,island
ADR_Kauai,2001-09-01,2.5108643167552014,outcome,island
ADR_Kauai,2001-10-01,1.7476898352752013,outcome,island
ADR_Kauai,2001-11-01,-2.2965749356563037,outcome,island
ADR_Kauai,2001-12-01,-5.432475457681085,outcome,island
ADR_Kauai,2002-01-01,-2.8072989773410995,outcome,island
ADR_Kauai,2002-02-01,4.812120403123532,outcome,island
ADR_Kauai,2002-03-01,6.564388025252854,outcome,island
ADR_Kauai,2002-04-01,3.831066945606687,outcome,island
ADR_Kauai,2002-05-01,2.9163669652782165,outcome,island
ADR_Kauai,2002-06-01,0.2706534347209688,outcome,island
ADR_Kauai,2002-07-01,1.6679748822606033,outcome,island
ADR_Kauai,2002-08-01,-1.4564024966899902,outcome,island
ADR_Kauai,2002-09-01,8.411277841329646,outcome,island
ADR_Kauai,2002-10-01,6.284962158604812,outcome,island
ADR_Kauai,2002-11-01,9.53056399864909,outcome,island
ADR_Kauai,2002-12-01,15.964087816511196,outcome,island
ADR_Kauai,2003-01-01,20.686335190151993,outcome,island
ADR_Kauai,2003-02-01,6.8453897096281136,outcome,island
ADR_Kauai,2003-03-01,8.376863294687231,outcome,island
ADR_Kauai,2003-04-01,4.848255887167885,outcome,island
ADR_Kauai,2003-05-01,6.506131266281212,outcome,island
ADR_Kauai,2003-06-01,7.885604113110545,outcome,island
ADR_Kauai,2003-07-01,8.196615839927922,outcome,island
ADR_Kauai,2003-08-01,6.142034548944331,outcome,island
ADR_Kauai,2003-09-01,5.611073179815018,outcome,island
ADR_Kauai,2003-10-01,5.226006191950461,outcome,island
ADR_Kauai,2003-11-01,5.2972372964972925,outcome,island
ADR_Kauai,2003-12-01,2.643198451581674,outcome,island
ADR_Kauai,2004-01-01,-1.6981024559804103,outcome,island
ADR_Kauai,2004-02-01,1.9488646522438868,outcome,island
ADR_Kauai,2004-03-01,1.5811438311879034,outcome,island
ADR_Kauai,2004-04-01,5.32668748498677,outcome,island
ADR_Kauai,2004-05-01,4.838036151046965,outcome,island
ADR_Kauai,2004-06-01,6.540775600166793,outcome,island
ADR_Kauai,2004-07-01,6.035559255515266,outcome,island
ADR_Kauai,2004-08-01,8.173598553345386,outcome,island
ADR_Kauai,2004-09-01,5.853658536585371,outcome,island
ADR_Kauai,2004-10-01,4.301518182888087,outcome,island
ADR_Kauai,2004-11-01,4.544655929721819,outcome,island
ADR_Kauai,2004-12-01,4.955804360636429,outcome,island
ADR_Kauai,2005-01-01,0.42316387455800797,outcome,island
ADR_Kauai,2005-02-01,3.256167426633927,outcome,island
ADR_Kauai,2005-03-01,6.440226825598883,outcome,island
ADR_Kauai,2005-04-01,-1.1403158674953007,outcome,island
ADR_Kauai,2005-05-01,2.071241606919294,outcome,island
ADR_Kauai,2005-06-01,-0.48644115180318526,outcome,island
ADR_Kauai,2005-07-01,3.196500672947522,outcome,island
ADR_Kauai,2005-08-01,4.340800178312709,outcome,island
ADR_Kauai,2005-09-01,4.230747876297802,outcome,island
ADR_Kauai,2005-10-01,6.787023977433004,outcome,island
ADR_Kauai,2005-11-01,7.299310962971273,outcome,island
ADR_Kauai,2005-12-01,6.4510695637527204,outcome,island
ADR_Kauai,2006-01-01,6.343800507965813,outcome,island
ADR_Kauai,2006-02-01,4.121610145501897,outcome,island
ADR_Kauai,2006-03-01,-1.7450394128839197,outcome,island
ADR_Kauai,2006-04-01,10.1389930215122,outcome,island
ADR_Kauai,2006-05-01,3.801984613669296,outcome,island
ADR_Kauai,2006-06-01,7.860433756601881,outcome,island
ADR_Kauai,2006-07-01,5.939571785675457,outcome,island
ADR_Kauai,2006-08-01,3.989319092122834,outcome,island
ADR_Kauai,2006-09-01,2.8391839343738345,outcome,island
ADR_Kauai,2006-10-01,0.32227387996617285,outcome,island
ADR_Kauai,2006-11-01,-0.9971807455361748,outcome,island
ADR_Kauai,2006-12-01,3.3016877637130904,outcome,island
ADR_Kauai,2007-01-01,8.679368181077995,outcome,island
ADR_Kauai,2007-02-01,14.817030069055527,outcome,island
ADR_Kauai,2007-03-01,11.701892220869748,outcome,island
ADR_Kauai,2007-04-01,8.425407132010253,outcome,island
ADR_Kauai,2007-05-01,10.757250268528473,outcome,island
ADR_Kauai,2007-06-01,9.34000104182946,outcome,island
ADR_Kauai,2007-07-01,5.0320595024365256,outcome,island
ADR_Kauai,2007-08-01,6.4965078060805315,outcome,island
ADR_Kauai,2007-09-01,5.381746607272353,outcome,island
ADR_Kauai,2007-10-01,8.768234240876293,outcome,island
ADR_Kauai,2007-11-01,10.32537045826083,outcome,island
ADR_Kauai,2007-12-01,8.827734095782702,outcome,island
ADR_Kauai,2008-01-01,6.03336330036961,outcome,island
ADR_Kauai,2008-02-01,-1.491759802992998,outcome,island
ADR_Kauai,2008-03-01,6.028035068601723,outcome,island
ADR_Kauai,2008-04-01,-2.1636240703177823,outcome,island
ADR_Kauai,2008-05-01,0.08243223585318038,outcome,island
ADR_Kauai,2008-06-01,1.7389232968080037,outcome,island
ADR_Kauai,2008-07-01,3.0572377417464436,outcome,island
ADR_Kauai,2008-08-01,-0.048222983073731296,outcome,island
ADR_Kauai,2008-09-01,-0.18677807815187242,outcome,island
ADR_Kauai,2008-10-01,-3.2536070494819436,outcome,island
ADR_Kauai,2008-11-01,-5.100138616700933,outcome,island
ADR_Kauai,2008-12-01,-9.45812807881773,outcome,island
ADR_Kauai,2009-01-01,-8.751766368346681,outcome,island
ADR_Kauai,2009-02-01,-6.3121965290130255,outcome,island
ADR_Kauai,2009-03-01,-10.912828179015232,outcome,island
ADR_Kauai,2009-04-01,-4.857340310000991,outcome,island
ADR_Kauai,2009-05-01,-6.918604651162797,outcome,island
ADR_Kauai,2009-06-01,-15.120580660266924,outcome,island
ADR_Kauai,2009-07-01,-13.804378731873769,outcome,island
ADR_Kauai,2009-08-01,-12.447532204371115,outcome,island
ADR_Kauai,2009-09-01,-8.10065494657014,outcome,island
ADR_Kauai,2009-10-01,-3.0927835051546393,outcome,island
ADR_Kauai,2009-11-01,-4.316510526845974,outcome,island
ADR_Kauai,2009-12-01,-4.223016736618479,outcome,island
ADR_Kauai,2010-01-01,-2.43650629774933,outcome,island
ADR_Kauai,2010-02-01,-6.511699507389157,outcome,island
ADR_Kauai,2010-03-01,-3.633980073413723,outcome,island
ADR_Kauai,2010-04-01,-3.4606205250596767,outcome,island
ADR_Kauai,2010-05-01,-4.023526962315227,outcome,island
ADR_Kauai,2010-06-01,-1.737835153922529,outcome,island
ADR_Kauai,2010-07-01,1.3359722909450866,outcome,island
ADR_Kauai,2010-08-01,2.220752741499976,outcome,island
ADR_Kauai,2010-09-01,0.8144893366198502,outcome,island
ADR_Kauai,2010-10-01,-3.2741169179921426,outcome,island
ADR_Kauai,2010-11-01,2.4372269305679817,outcome,island
ADR_Kauai,2010-12-01,4.501190218567408,outcome,island
ADR_Kauai,2011-01-01,2.4285714285714244,outcome,island
ADR_Kauai,2011-02-01,6.998188704100117,outcome,island
ADR_Kauai,2011-03-01,7.514828318006206,outcome,island
ADR_Kauai,2011-04-01,8.808512925243207,outcome,island
ADR_Kauai,2011-05-01,9.262975215575686,outcome,island
ADR_Kauai,2011-06-01,17.253382741002742,outcome,island
ADR_Kauai,2011-07-01,9.195963541666675,outcome,island
ADR_Kauai,2011-08-01,10.916442048517517,outcome,island
ADR_Kauai,2011-09-01,10.98649941532901,outcome,island
ADR_Kauai,2011-10-01,11.014415376401487,outcome,island
ADR_Kauai,2011-11-01,5.7297019527235316,outcome,island
ADR_Kauai,2011-12-01,8.283288465520823,outcome,island
ADR_Kauai,2012-01-01,6.410455085489941,outcome,island
ADR_Kauai,2012-02-01,3.7550015389350433,outcome,island
ADR_Kauai,2012-03-01,6.5947970442352455,outcome,island
ADR_Kauai,2012-04-01,3.7884026474365173,outcome,island
ADR_Kauai,2012-05-01,3.8665806323522123,outcome,island
ADR_Kauai,2012-06-01,1.6615590882972597,outcome,island
ADR_Kauai,2012-07-01,4.978387241019511,outcome,island
ADR_Kauai,2012-08-01,4.102065613608752,outcome,island
ADR_Kauai,2012-09-01,3.6253053014702274,outcome,island
ADR_Kauai,2012-10-01,3.217428942432554,outcome,island
ADR_Kauai,2012-11-01,5.044957472661005,outcome,island
ADR_Kauai,2012-12-01,2.108433734939763,outcome,island
ADR_Kauai,2013-01-01,5.995145631067955,outcome,island
ADR_Kauai,2013-02-01,11.940077128448534,outcome,island
ADR_Kauai,2013-03-01,8.79350458192867,outcome,island
ADR_Kauai,2013-04-01,7.266929995716942,outcome,island
ADR_Kauai,2013-05-01,9.901557870591615,outcome,island
ADR_Kauai,2013-06-01,7.267674626725085,outcome,island
ADR_Kauai,2013-07-01,9.41360215817124,outcome,island
ADR_Kauai,2013-08-01,7.84350343153275,outcome,island
ADR_Kauai,2013-09-01,5.462612071355943,outcome,island
ADR_Kauai,2013-10-01,7.543565371354011,outcome,island
ADR_Kauai,2013-11-01,6.348031277471899,outcome,island
ADR_Kauai,2013-12-01,7.664934213606789,outcome,island
ADR_Kauai,2014-01-01,5.124799633615762,outcome,island
ADR_Kauai,2014-02-01,-0.3180071551609931,outcome,island
ADR_Kauai,2014-03-01,-4.503993366211323,outcome,island
ADR_Kauai,2014-04-01,1.4596273291925366,outcome,island
ADR_Kauai,2014-05-01,-2.0958344203843793,outcome,island
ADR_Kauai,2014-06-01,-0.8123298498287634,outcome,island
ADR_Kauai,2014-07-01,-1.4620641924041888,outcome,island
ADR_Kauai,2014-08-01,-0.7532793627429757,outcome,island
ADR_Kauai,2014-09-01,1.8448729184925572,outcome,island
ADR_Kauai,2014-10-01,0.30327975391013506,outcome,island
ADR_Kauai,2014-11-01,0.17402653904721177,outcome,island
ADR_Kauai,2014-12-01,2.0918500478385615,outcome,island
ADR_Kauai,2015-01-01,0.13940925328919107,outcome,island
ADR_Kauai,2015-02-01,4.129558243608478,outcome,island
ADR_Kauai,2015-03-01,7.9795256158310846,outcome,island
ADR_Kauai,2015-04-01,5.387205387205385,outcome,island
ADR_Kauai,2015-05-01,8.420678628530819,outcome,island
ADR_Kauai,2015-06-01,7.415113550843322,outcome,island
ADR_Kauai,2015-07-01,6.207199297629495,outcome,island
ADR_Kauai,2015-08-01,7.882224645583413,outcome,island
ADR_Kauai,2015-09-01,4.212383288154542,outcome,island
ADR_Kauai,2015-10-01,6.509438037233828,outcome,island
ADR_Kauai,2015-11-01,10.46254071661239,outcome,island
ADR_Kauai,2015-12-01,5.686900958466445,outcome,island
ADR_Kauai,2016-01-01,7.099973897154777,outcome,island
ADR_Kauai,2016-02-01,8.216671630994421,outcome,island
ADR_Kauai,2016-03-01,7.694586701654882,outcome,island
ADR_Kauai,2016-04-01,2.9417866478569366,outcome,island
ADR_Kauai,2016-05-01,1.7655251515648063,outcome,island
ADR_Kauai,2016-06-01,3.6597428288823064,outcome,island
ADR_Kauai,2016-07-01,5.646027940811771,outcome,island
ADR_Kauai,2016-08-01,0.5903283195859643,outcome,island
ADR_Kauai,2016-09-01,6.8084227910817585,outcome,island
ADR_Kauai,2016-10-01,4.858463784572953,outcome,island
ADR_Kauai,2016-11-01,-0.3106078477628338,outcome,island
ADR_Kauai,2016-12-01,3.5630794034663404,outcome,island
ADR_Kauai,2017-01-01,6.296206028109519,outcome,island
ADR_Kauai,2017-02-01,2.005347593582907,outcome,island
ADR_Kauai,2017-03-01,0.9707211632933976,outcome,island
ADR_Kauai,2017-04-01,3.6598145908907753,outcome,island
ADR_Kauai,2017-05-01,6.0580445195829835,outcome,island
ADR_Kauai,2017-06-01,4.941952926208648,outcome,island
ADR_Kauai,2017-07-01,4.452269170579037,outcome,island
ADR_Kauai,2017-08-01,7.452367553661876,outcome,island
ADR_Kauai,2017-09-01,3.046116973984314,outcome,island
ADR_Kauai,2017-10-01,2.4211014851485135,outcome,island
ADR_Kauai,2017-11-01,4.929994084007094,outcome,island
ADR_Kauai,2017-12-01,5.429283101113103,outcome,island
ADR_Kauai,2018-01-01,8.311678385814725,outcome,island
ADR_Kauai,2018-02-01,16.240074011255867,outcome,island
ADR_Kauai,2018-03-01,15.370543359800726,outcome,island
ADR_Kauai,2018-04-01,12.104362703165105,outcome,island
ADR_Kauai,2018-05-01,9.746470320327916,outcome,island
ADR_Kauai,2018-06-01,10.142072362189825,outcome,island
ADR_Kauai,2018-07-01,8.730991085474571,outcome,island
ADR_Kauai,2018-08-01,8.592697890169099,outcome,island
ADR_Kauai,2018-09-01,9.21709119555838,outcome,island
ADR_Kauai,2018-10-01,11.030133675704246,outcome,island
ADR_Kauai,2018-11-01,9.750046983649696,outcome,island
ADR_Kauai,2018-12-01,10.236627413341214,outcome,island
ADR_Kauai,2019-01-01,6.551882298980338,outcome,island
ADR_Kauai,2019-02-01,-1.3994362460620247,outcome,island
ADR_Kauai,2019-03-01,-6.1772544785938415,outcome,island
ADR_Kauai,2019-04-01,-2.941278484964105,outcome,island
ADR_Kauai,2019-05-01,-4.347074284133368,outcome,island
ADR_Kauai,2019-06-01,-5.324711062190435,outcome,island
ADR_Kauai,2019-07-01,-4.822763443453093,outcome,island
ADR_Kauai,2019-08-01,-4.409383719728554,outcome,island
ADR_Kauai,2019-09-01,-4.963247921961944,outcome,island
ADR_Kauai,2019-10-01,-2.945277692752435,outcome,island
ADR_Kauai,2019-11-01,-2.842563101476081,outcome,island
ADR_Kauai,2019-12-01,-2.6488513830286053,outcome,island
ADR_Kauai,2020-01-01,1.3940397350993283,outcome,island
ADR_Kauai,2020-02-01,4.7220260316819695,outcome,island
ADR_Kauai,2020-03-01,3.5526788924847175,outcome,island
ADR_Kauai,2020-04-01,-52.907122181324375,outcome,island
ADR_Kauai,2020-05-01,-49.18109837665858,outcome,island
ADR_Kauai,2020-06-01,-47.874582182822266,outcome,island
ADR_Kauai,2020-07-01,-46.26298454522423,outcome,island
ADR_Kauai,2020-08-01,-44.43042992540273,outcome,island
ADR_Kauai,2020-09-01,-32.10813545845531,outcome,island
ADR_Kauai,2020-10-01,-13.491256964642396,outcome,island
ADR_Kauai,2020-11-01,-12.69343297261094,outcome,island
ADR_Kauai,2020-12-01,-55.30941488080905,outcome,island
ADR_Maui,1991-01-01,-5.599762028705291,outcome,island
ADR_Maui,1991-02-01,-6.173480744972926,outcome,island
ADR_Maui,1991-03-01,-1.5812390191734749,outcome,island
ADR_Maui,1991-04-01,-7.95737927907505,outcome,island
ADR_Maui,1991-05-01,-6.358600804309889,outcome,island
ADR_Maui,1991-06-01,-3.646279703934552,outcome,island
ADR_Maui,1991-07-01,-3.5573434295630313,outcome,island
ADR_Maui,1991-08-01,-3.404088050314469,outcome,island
ADR_Maui,1991-09-01,-4.77396880690365,outcome,island
ADR_Maui,1991-10-01,-2.578137394891322,outcome,island
ADR_Maui,1991-11-01,-4.906103286384978,outcome,island
ADR_Maui,1991-12-01,-0.5220464219741427,outcome,island
ADR_Maui,1992-01-01,-2.749330392311322,outcome,island
ADR_Maui,1992-02-01,-3.7564254646105133,outcome,island
ADR_Maui,1992-03-01,-7.086308599813728,outcome,island
ADR_Maui,1992-04-01,1.1740558292282488,outcome,island
ADR_Maui,1992-05-01,-1.936633984280045,outcome,island
ADR_Maui,1992-06-01,-0.323441416673409,outcome,island
ADR_Maui,1992-07-01,3.353234644638925,outcome,island
ADR_Maui,1992-08-01,0.699926751851554,outcome,island
ADR_Maui,1992-09-01,5.154639175257736,outcome,island
ADR_Maui,1992-10-01,1.1399723149580598,outcome,island
ADR_Maui,1992-11-01,0.9956389368880103,outcome,island
ADR_Maui,1992-12-01,-0.8638785725819442,outcome,island
ADR_Maui,1993-01-01,-0.7614418793033595,outcome,island
ADR_Maui,1993-02-01,-0.5423171733771492,outcome,island
ADR_Maui,1993-03-01,1.8377746220031854,outcome,island
ADR_Maui,1993-04-01,-0.26779193378235755,outcome,island
ADR_Maui,1993-05-01,2.1979838043298727,outcome,island
ADR_Maui,1993-06-01,0.34071550255536653,outcome,island
ADR_Maui,1993-07-01,-3.4897523146316445,outcome,island
ADR_Maui,1993-08-01,0.18588862846520282,outcome,island
ADR_Maui,1993-09-01,-1.9607843137254943,outcome,island
ADR_Maui,1993-10-01,0.16906851300217962,outcome,island
ADR_Maui,1993-11-01,1.0591494215414832,outcome,island
ADR_Maui,1993-12-01,0.5212150826614526,outcome,island
ADR_Maui,1994-01-01,0.4652681413762183,outcome,island
ADR_Maui,1994-02-01,2.8255122273628475,outcome,island
ADR_Maui,1994-03-01,3.888114182593716,outcome,island
ADR_Maui,1994-04-01,1.1960943856794026,outcome,island
ADR_Maui,1994-05-01,0.8893919793014238,outcome,island
ADR_Maui,1994-06-01,2.562858759802733,outcome,island
ADR_Maui,1994-07-01,4.878648737290914,outcome,island
ADR_Maui,1994-08-01,2.6460148434979125,outcome,island
ADR_Maui,1994-09-01,2.4838709677419413,outcome,island
ADR_Maui,1994-10-01,2.250442051117174,outcome,island
ADR_Maui,1994-11-01,2.7491131892937837,outcome,island
ADR_Maui,1994-12-01,5.970995706068227,outcome,island
ADR_Maui,1995-01-01,3.786155346116349,outcome,island
ADR_Maui,1995-02-01,4.764582998553757,outcome,island
ADR_Maui,1995-03-01,3.016186340307936,outcome,island
ADR_Maui,1995-04-01,5.523840154378079,outcome,island
ADR_Maui,1995-05-01,7.132553293797095,outcome,island
ADR_Maui,1995-06-01,3.43685953019075,outcome,island
ADR_Maui,1995-07-01,4.260808380892822,outcome,island
ADR_Maui,1995-08-01,4.243948443885559,outcome,island
ADR_Maui,1995-09-01,5.972615675165249,outcome,island
ADR_Maui,1995-10-01,6.476969030026725,outcome,island
ADR_Maui,1995-11-01,8.387602981561383,outcome,island
ADR_Maui,1995-12-01,3.6467889908256668,outcome,island
ADR_Maui,1996-01-01,11.90699859088773,outcome,island
ADR_Maui,1996-02-01,7.4162128997622645,outcome,island
ADR_Maui,1996-03-01,7.687591017092044,outcome,island
ADR_Maui,1996-04-01,10.728436452301104,outcome,island
ADR_Maui,1996-05-01,8.22860562537402,outcome,island
ADR_Maui,1996-06-01,9.068739521414425,outcome,island
ADR_Maui,1996-07-01,10.115476904619069,outcome,island
ADR_Maui,1996-08-01,11.452050663449963,outcome,island
ADR_Maui,1996-09-01,9.972525432538815,outcome,island
ADR_Maui,1996-10-01,10.025099660416338,outcome,island
ADR_Maui,1996-11-01,6.840886057622719,outcome,island
ADR_Maui,1996-12-01,12.015932728479761,outcome,island
ADR_Maui,1997-01-01,3.9104582021685985,outcome,island
ADR_Maui,1997-02-01,6.440097101242337,outcome,island
ADR_Maui,1997-03-01,7.409252669039135,outcome,island
ADR_Maui,1997-04-01,2.6011560693641522,outcome,island
ADR_Maui,1997-05-01,4.672380425767209,outcome,island
ADR_Maui,1997-06-01,7.727780883174962,outcome,island
ADR_Maui,1997-07-01,1.49131767109294,outcome,island
ADR_Maui,1997-08-01,1.271731042413582,outcome,island
ADR_Maui,1997-09-01,3.0722484807562456,outcome,island
ADR_Maui,1997-10-01,2.4087493290391837,outcome,island
ADR_Maui,1997-11-01,4.797072972423599,outcome,island
ADR_Maui,1997-12-01,-0.28974055050706715,outcome,island
ADR_Maui,1998-01-01,2.2754813518244266,outcome,island
ADR_Maui,1998-02-01,4.44727662999731,outcome,island
ADR_Maui,1998-03-01,3.7704592141011295,outcome,island
ADR_Maui,1998-04-01,5.848423876592901,outcome,island
ADR_Maui,1998-05-01,2.694136291600646,outcome,island
ADR_Maui,1998-06-01,1.154494746400303,outcome,island
ADR_Maui,1998-07-01,3.348094471282881,outcome,island
ADR_Maui,1998-08-01,5.190034065860649,outcome,island
ADR_Maui,1998-09-01,3.9305601048149397,outcome,island
ADR_Maui,1998-10-01,1.3365655506781149,outcome,island
ADR_Maui,1998-11-01,0.019396133704008278,outcome,island
ADR_Maui,1998-12-01,2.793554352133154,outcome,island
ADR_Maui,1999-01-01,2.5803054239073253,outcome,island
ADR_Maui,1999-02-01,0.9569070708367988,outcome,island
ADR_Maui,1999-03-01,-0.39591315453384457,outcome,island
ADR_Maui,1999-04-01,-0.8617412241794353,outcome,island
ADR_Maui,1999-05-01,1.0288065843621297,outcome,island
ADR_Maui,1999-06-01,1.9941010515516666,outcome,island
ADR_Maui,1999-07-01,4.921119262481333,outcome,island
ADR_Maui,1999-08-01,1.4351028702057622,outcome,island
ADR_Maui,1999-09-01,1.569492593759847,outcome,island
ADR_Maui,1999-10-01,7.0407965345574475,outcome,island
ADR_Maui,1999-11-01,5.959922430510667,outcome,island
ADR_Maui,1999-12-01,15.939608095085124,outcome,island
ADR_Maui,2000-01-01,11.40913757700206,outcome,island
ADR_Maui,2000-02-01,7.798982188295178,outcome,island
ADR_Maui,2000-03-01,7.776638030516758,outcome,island
ADR_Maui,2000-04-01,4.9661255272912985,outcome,island
ADR_Maui,2000-05-01,7.433808553971488,outcome,island
ADR_Maui,2000-06-01,3.7090589048846434,outcome,island
ADR_Maui,2000-07-01,3.5022585236062165,outcome,island
ADR_Maui,2000-08-01,5.446350319268811,outcome,island
ADR_Maui,2000-09-01,5.808613627901216,outcome,island
ADR_Maui,2000-10-01,4.928726745590728,outcome,island
ADR_Maui,2000-11-01,6.558077110785754,outcome,island
ADR_Maui,2000-12-01,-4.139421478443972,outcome,island
ADR_Maui,2001-01-01,2.735859923971895,outcome,island
ADR_Maui,2001-02-01,7.577009323734218,outcome,island
ADR_Maui,2001-03-01,6.305395276902015,outcome,island
ADR_Maui,2001-04-01,12.525117213663783,outcome,island
ADR_Maui,2001-05-01,8.489336492890986,outcome,island
ADR_Maui,2001-06-01,11.280838940413407,outcome,island
ADR_Maui,2001-07-01,9.409936031565724,outcome,island
ADR_Maui,2001-08-01,9.93232011398717,outcome,island
ADR_Maui,2001-09-01,5.759530791788858,outcome,island
ADR_Maui,2001-10-01,3.01634814644256,outcome,island
ADR_Maui,2001-11-01,4.047632678765689,outcome,island
ADR_Maui,2001-12-01,6.954159199953747,outcome,island
ADR_Maui,2002-01-01,1.995851320289277,outcome,island
ADR_Maui,2002-02-01,-1.217772901810199,outcome,island
ADR_Maui,2002-03-01,3.049633484416092,outcome,island
ADR_Maui,2002-04-01,-0.16233766233766378,outcome,island
ADR_Maui,2002-05-01,-3.1343854092721113,outcome,island
ADR_Maui,2002-06-01,-2.5874278243817384,outcome,island
ADR_Maui,2002-07-01,-2.2785640128954676,outcome,island
ADR_Maui,2002-08-01,-3.4076794297132174,outcome,island
ADR_Maui,2002-09-01,0.4492014196983085,outcome,island
ADR_Maui,2002-10-01,1.5310683951720971,outcome,island
ADR_Maui,2002-11-01,0.7868383404864066,outcome,island
ADR_Maui,2002-12-01,-0.7728894173602896,outcome,island
ADR_Maui,2003-01-01,3.600285824218097,outcome,island
ADR_Maui,2003-02-01,2.4100399822301055,outcome,island
ADR_Maui,2003-03-01,-0.6461772371850527,outcome,island
ADR_Maui,2003-04-01,-0.715447154471538,outcome,island
ADR_Maui,2003-05-01,4.864986752353584,outcome,island
ADR_Maui,2003-06-01,3.8472292121008778,outcome,island
ADR_Maui,2003-07-01,3.6289420711250298,outcome,island
ADR_Maui,2003-08-01,4.349770770434969,outcome,island
ADR_Maui,2003-09-01,3.246287197040787,outcome,island
ADR_Maui,2003-10-01,2.063841496973029,outcome,island
ADR_Maui,2003-11-01,1.353933504394833,outcome,island
ADR_Maui,2003-12-01,1.8573996405032878,outcome,island
ADR_Maui,2004-01-01,-2.010823429541597,outcome,island
ADR_Maui,2004-02-01,1.642988829844927,outcome,island
ADR_Maui,2004-03-01,3.585287205552823,outcome,island
ADR_Maui,2004-04-01,3.1935800851621288,outcome,island
ADR_Maui,2004-05-01,2.5373615740242883,outcome,island
ADR_Maui,2004-06-01,4.58779817995798,outcome,island
ADR_Maui,2004-07-01,6.032482598607869,outcome,island
ADR_Maui,2004-08-01,5.33111873124732,outcome,island
ADR_Maui,2004-09-01,5.283139939040682,outcome,island
ADR_Maui,2004-10-01,7.2795901860339685,outcome,island
ADR_Maui,2004-11-01,6.70078103959062,outcome,island
ADR_Maui,2004-12-01,7.90909090909091,outcome,island
ADR_Maui,2005-01-01,9.117981482484172,outcome,island
ADR_Maui,2005-02-01,9.97065884235797,outcome,island
ADR_Maui,2005-03-01,11.607661056297157,outcome,island
ADR_Maui,2005-04-01,2.216579378934558,outcome,island
ADR_Maui,2005-05-01,5.740798993394147,outcome,island
ADR_Maui,2005-06-01,7.805179426453179,outcome,island
ADR_Maui,2005-07-01,9.276881583634422,outcome,island
ADR_Maui,2005-08-01,10.809298540108859,outcome,island
ADR_Maui,2005-09-01,14.119559144700089,outcome,island
ADR_Maui,2005-10-01,15.657200301583307,outcome,island
ADR_Maui,2005-11-01,17.58796506638396,outcome,island
ADR_Maui,2005-12-01,14.594380296347698,outcome,island
ADR_Maui,2006-01-01,15.392249292909256,outcome,island
ADR_Maui,2006-02-01,15.271174929659459,outcome,island
ADR_Maui,2006-03-01,12.778329314990788,outcome,island
ADR_Maui,2006-04-01,24.552323776006624,outcome,island
ADR_Maui,2006-05-01,20.159650949476916,outcome,island
ADR_Maui,2006-06-01,17.288313673050304,outcome,island
ADR_Maui,2006-07-01,16.32672068548011,outcome,island
ADR_Maui,2006-08-01,15.676643408005875,outcome,island
ADR_Maui,2006-09-01,9.604343762517242,outcome,island
ADR_Maui,2006-10-01,6.41025641025641,outcome,island
ADR_Maui,2006-11-01,8.169836431545964,outcome,island
ADR_Maui,2006-12-01,8.437121605258602,outcome,island
ADR_Maui,2007-01-01,8.952913351967307,outcome,island
ADR_Maui,2007-02-01,7.941250736470007,outcome,island
ADR_Maui,2007-03-01,6.526659959758541,outcome,island
ADR_Maui,2007-04-01,6.964181833291794,outcome,island
ADR_Maui,2007-05-01,8.388694037549005,outcome,island
ADR_Maui,2007-06-01,-13.884930168166454,outcome,island
ADR_Maui,2007-07-01,6.753402722177748,outcome,island
ADR_Maui,2007-08-01,5.476407793960081,outcome,island
ADR_Maui,2007-09-01,6.277662727900268,outcome,island
ADR_Maui,2007-10-01,8.576679599754966,outcome,island
ADR_Maui,2007-11-01,6.274805524686444,outcome,island
ADR_Maui,2007-12-01,3.712861415752733,outcome,island
ADR_Maui,2008-01-01,6.891107865966761,outcome,island
ADR_Maui,2008-02-01,6.542165386564758,outcome,island
ADR_Maui,2008-03-01,11.553142092629765,outcome,island
ADR_Maui,2008-04-01,-2.0666614870639477,outcome,island
ADR_Maui,2008-05-01,3.62037460027409,outcome,island
ADR_Maui,2008-06-01,30.80051066244267,outcome,island
ADR_Maui,2008-07-01,1.5299808752390565,outcome,island
ADR_Maui,2008-08-01,2.0805899394258587,outcome,island
ADR_Maui,2008-09-01,2.7050777518817126,outcome,island
ADR_Maui,2008-10-01,-1.5835997743088304,outcome,island
ADR_Maui,2008-11-01,-4.044515815812066,outcome,island
ADR_Maui,2008-12-01,0.5114204414365942,outcome,island
ADR_Maui,2009-01-01,-3.156961931839164,outcome,island
ADR_Maui,2009-02-01,-10.63783071687342,outcome,island
ADR_Maui,2009-03-01,-15.88415817136407,outcome,island
ADR_Maui,2009-04-01,-5.4462514875049495,outcome,island
ADR_Maui,2009-05-01,-12.641904551967375,outcome,island
ADR_Maui,2009-06-01,-17.066117196254925,outcome,island
ADR_Maui,2009-07-01,-16.08494921514313,outcome,island
ADR_Maui,2009-08-01,-16.8030370042754,outcome,island
ADR_Maui,2009-09-01,-12.782262564636737,outcome,island
ADR_Maui,2009-10-01,-10.44947255771288,outcome,island
ADR_Maui,2009-11-01,-11.621390207830618,outcome,island
ADR_Maui,2009-12-01,-11.324075136768808,outcome,island
ADR_Maui,2010-01-01,-16.741650144883323,outcome,island
ADR_Maui,2010-02-01,-8.771498771498765,outcome,island
ADR_Maui,2010-03-01,-8.680701165813975,outcome,island
ADR_Maui,2010-04-01,-6.922011998154131,outcome,island
ADR_Maui,2010-05-01,-6.1527462360164815,outcome,island
ADR_Maui,2010-06-01,-1.6650684334408528,outcome,island
ADR_Maui,2010-07-01,-0.6161971830985769,outcome,island
ADR_Maui,2010-08-01,1.7808886723076345,outcome,island
ADR_Maui,2010-09-01,-3.2373640435060635,outcome,island
ADR_Maui,2010-10-01,-2.17669654289373,outcome,island
ADR_Maui,2010-11-01,3.3600493218248983,outcome,island
ADR_Maui,2010-12-01,1.7386427369601831,outcome,island
ADR_Maui,2011-01-01,7.514768512158265,outcome,island
ADR_Maui,2011-02-01,6.122632193195066,outcome,island
ADR_Maui,2011-03-01,12.472446730345332,outcome,island
ADR_Maui,2011-04-01,12.205345472574013,outcome,island
ADR_Maui,2011-05-01,8.698185077302266,outcome,island
ADR_Maui,2011-06-01,7.4246453900709275,outcome,island
ADR_Maui,2011-07-01,9.154118689105406,outcome,island
ADR_Maui,2011-08-01,7.120783460282931,outcome,island
ADR_Maui,2011-09-01,9.750506920567737,outcome,island
ADR_Maui,2011-10-01,9.406631762652706,outcome,island
ADR_Maui,2011-11-01,7.681820118444027,outcome,island
ADR_Maui,2011-12-01,8.239335086082612,outcome,island
ADR_Maui,2012-01-01,8.390833972229306,outcome,island
ADR_Maui,2012-02-01,8.472210472887243,outcome,island
ADR_Maui,2012-03-01,2.4538624857096236,outcome,island
ADR_Maui,2012-04-01,5.073307893151235,outcome,island
ADR_Maui,2012-05-01,7.7795184696569875,outcome,island
ADR_Maui,2012-06-01,8.330926346193523,outcome,island
ADR_Maui,2012-07-01,5.850610621982377,outcome,island
ADR_Maui,2012-08-01,6.744951444476044,outcome,island
ADR_Maui,2012-09-01,5.430155032532746,outcome,island
ADR_Maui,2012-10-01,5.088530866166852,outcome,island
ADR_Maui,2012-11-01,5.657988446624995,outcome,island
ADR_Maui,2012-12-01,1.1753183153770719,outcome,island
ADR_Maui,2013-01-01,8.723671801320343,outcome,island
ADR_Maui,2013-02-01,7.677909923961779,outcome,island
ADR_Maui,2013-03-01,14.243015980552354,outcome,island
ADR_Maui,2013-04-01,4.801590335652572,outcome,island
ADR_Maui,2013-05-01,8.916344719427771,outcome,island
ADR_Maui,2013-06-01,10.249866686981024,outcome,island
ADR_Maui,2013-07-01,13.634098662271455,outcome,island
ADR_Maui,2013-08-01,12.930607894636692,outcome,island
ADR_Maui,2013-09-01,11.977142857142864,outcome,island
ADR_Maui,2013-10-01,11.90801457194899,outcome,island
ADR_Maui,2013-11-01,9.433043738765722,outcome,island
ADR_Maui,2013-12-01,13.432720232333018,outcome,island
ADR_Maui,2014-01-01,7.658667052190249,outcome,island
ADR_Maui,2014-02-01,6.938509451727404,outcome,island
ADR_Maui,2014-03-01,-0.18139323961350318,outcome,island
ADR_Maui,2014-04-01,5.504486758590521,outcome,island
ADR_Maui,2014-05-01,0.7620987567605653,outcome,island
ADR_Maui,2014-06-01,0.006909656244613593,outcome,island
ADR_Maui,2014-07-01,-2.742359846184983,outcome,island
ADR_Maui,2014-08-01,-2.6998786571389988,outcome,island
ADR_Maui,2014-09-01,0.8743280941688747,outcome,island
ADR_Maui,2014-10-01,2.244828755510353,outcome,island
ADR_Maui,2014-11-01,3.048968278410835,outcome,island
ADR_Maui,2014-12-01,5.458455656448424,outcome,island
ADR_Maui,2015-01-01,4.814180682848224,outcome,island
ADR_Maui,2015-02-01,6.214019641043,outcome,island
ADR_Maui,2015-03-01,10.459549187489081,outcome,island
ADR_Maui,2015-04-01,9.7154513708813,outcome,island
ADR_Maui,2015-05-01,10.874490258269143,outcome,island
ADR_Maui,2015-06-01,8.128648910077029,outcome,island
ADR_Maui,2015-07-01,9.21860368327958,outcome,island
ADR_Maui,2015-08-01,9.92829182111059,outcome,island
ADR_Maui,2015-09-01,5.338774408957536,outcome,island
ADR_Maui,2015-10-01,2.815733616343863,outcome,island
ADR_Maui,2015-11-01,3.908481105133843,outcome,island
ADR_Maui,2015-12-01,2.5216068365001787,outcome,island
ADR_Maui,2016-01-01,-2.7161205598795535,outcome,island
ADR_Maui,2016-02-01,2.4836601307189676,outcome,island
ADR_Maui,2016-03-01,3.3504176157934884,outcome,island
ADR_Maui,2016-04-01,-0.2489521948759843,outcome,island
ADR_Maui,2016-05-01,0.23891106849831534,outcome,island
ADR_Maui,2016-06-01,5.603833865814711,outcome,island
ADR_Maui,2016-07-01,5.725445365342474,outcome,island
ADR_Maui,2016-08-01,6.2899820376264515,outcome,island
ADR_Maui,2016-09-01,8.942178395338418,outcome,island
ADR_Maui,2016-10-01,9.719041321247701,outcome,island
ADR_Maui,2016-11-01,9.996484612188805,outcome,island
ADR_Maui,2016-12-01,11.328618337964125,outcome,island
ADR_Maui,2017-01-01,13.301287327560662,outcome,island
ADR_Maui,2017-02-01,6.523768043802902,outcome,island
ADR_Maui,2017-03-01,4.98668380934888,outcome,island
ADR_Maui,2017-04-01,11.268718013521184,outcome,island
ADR_Maui,2017-05-01,9.831592812117806,outcome,island
ADR_Maui,2017-06-01,4.519876565619896,outcome,island
ADR_Maui,2017-07-01,4.925812458701251,outcome,island
ADR_Maui,2017-08-01,4.28414717305583,outcome,island
ADR_Maui,2017-09-01,3.53248890586888,outcome,island
ADR_Maui,2017-10-01,6.567883812547781,outcome,island
ADR_Maui,2017-11-01,5.284871727824747,outcome,island
ADR_Maui,2017-12-01,4.622802041973895,outcome,island
ADR_Maui,2018-01-01,12.28605468863513,outcome,island
ADR_Maui,2018-02-01,12.613533483251071,outcome,island
ADR_Maui,2018-03-01,12.336715651971076,outcome,island
ADR_Maui,2018-04-01,5.119105079356068,outcome,island
ADR_Maui,2018-05-01,8.597453029524281,outcome,island
ADR_Maui,2018-06-01,10.553432904943838,outcome,island
ADR_Maui,2018-07-01,8.226942233926838,outcome,island
ADR_Maui,2018-08-01,8.167964974128616,outcome,island
ADR_Maui,2018-09-01,7.695364614380185,outcome,island
ADR_Maui,2018-10-01,3.774001324210996,outcome,island
ADR_Maui,2018-11-01,6.22274959986755,outcome,island
ADR_Maui,2018-12-01,5.204662510165359,outcome,island
ADR_Maui,2019-01-01,0.40630418467431095,outcome,island
ADR_Maui,2019-02-01,-0.7702282157676432,outcome,island
ADR_Maui,2019-03-01,-0.25436706725152636,outcome,island
ADR_Maui,2019-04-01,4.629429559204845,outcome,island
ADR_Maui,2019-05-01,0.09465464202140783,outcome,island
ADR_Maui,2019-06-01,2.555375189820386,outcome,island
ADR_Maui,2019-07-01,7.41112991959374,outcome,island
ADR_Maui,2019-08-01,5.346019397061519,outcome,island
ADR_Maui,2019-09-01,4.728518713758567,outcome,island
ADR_Maui,2019-10-01,6.507868991918331,outcome,island
ADR_Maui,2019-11-01,5.517886368950209,outcome,island
ADR_Maui,2019-12-01,8.513269775830956,outcome,island
ADR_Maui,2020-01-01,11.402649621114502,outcome,island
ADR_Maui,2020-02-01,16.4440843634843,outcome,island
ADR_Maui,2020-03-01,-0.42936324130214976,outcome,island
ADR_Maui,2020-04-01,-69.31953120966493,outcome,island
ADR_Maui,2020-05-01,-66.85754813627887,outcome,island
ADR_Maui,2020-06-01,-45.14169006893031,outcome,island
ADR_Maui,2020-07-01,-52.910613149470585,outcome,island
ADR_Maui,2020-08-01,-46.91000723534842,outcome,island
ADR_Maui,2020-09-01,-53.99657723863693,outcome,island
ADR_Maui,2020-10-01,-32.03125,outcome,island
ADR_Maui,2020-11-01,4.990521210330634,outcome,island
ADR_Maui,2020-12-01,-6.147599373130075,outcome,island
ADR_Oahu,1991-01-01,3.1904608443441784,outcome,island
ADR_Oahu,1991-02-01,-2.3201111942692254,outcome,island
ADR_Oahu,1991-03-01,-0.5410669840926308,outcome,island
ADR_Oahu,1991-04-01,-1.4994109456999083,outcome,island
ADR_Oahu,1991-05-01,0.35842293906811484,outcome,island
ADR_Oahu,1991-06-01,-0.8141403320835461,outcome,island
ADR_Oahu,1991-07-01,3.0575734576601787,outcome,island
ADR_Oahu,1991-08-01,1.9112406867508813,outcome,island
ADR_Oahu,1991-09-01,2.501903622321322,outcome,island
ADR_Oahu,1991-10-01,-1.7016806722689126,outcome,island
ADR_Oahu,1991-11-01,-2.1613681670338947,outcome,island
ADR_Oahu,1991-12-01,2.84005979073243,outcome,island
ADR_Oahu,1992-01-01,1.3012700395585997,outcome,island
ADR_Oahu,1992-02-01,8.647110332749563,outcome,island
ADR_Oahu,1992-03-01,8.878250462408865,outcome,island
ADR_Oahu,1992-04-01,7.1871262368163435,outcome,island
ADR_Oahu,1992-05-01,5.854978354978346,outcome,island
ADR_Oahu,1992-06-01,5.47575332109298,outcome,island
ADR_Oahu,1992-07-01,2.472382956338781,outcome,island
ADR_Oahu,1992-08-01,4.079254079254091,outcome,island
ADR_Oahu,1992-09-01,4.064522975697749,outcome,island
ADR_Oahu,1992-10-01,2.2333832015387856,outcome,island
ADR_Oahu,1992-11-01,6.391420911528134,outcome,island
ADR_Oahu,1992-12-01,1.0174418604651292,outcome,island
ADR_Oahu,1993-01-01,-0.010276436131950728,outcome,island
ADR_Oahu,1993-02-01,-2.2466250251863884,outcome,island
ADR_Oahu,1993-03-01,-2.6381532926951,outcome,island
ADR_Oahu,1993-04-01,-1.988232907283416,outcome,island
ADR_Oahu,1993-05-01,0.0,outcome,island
ADR_Oahu,1993-06-01,-0.14335449518738663,outcome,island
ADR_Oahu,1993-07-01,-0.5236139630390158,outcome,island
ADR_Oahu,1993-08-01,-2.6264888526926544,outcome,island
ADR_Oahu,1993-09-01,-2.0191719355496685,outcome,island
ADR_Oahu,1993-10-01,-0.9302811748719608,outcome,island
ADR_Oahu,1993-11-01,-5.946981151093633,outcome,island
ADR_Oahu,1993-12-01,-4.655704008221995,outcome,island
ADR_Oahu,1994-01-01,-7.0606372045220915,outcome,island
ADR_Oahu,1994-02-01,-4.143048541688133,outcome,island
ADR_Oahu,1994-03-01,-4.341578569229199,outcome,island
ADR_Oahu,1994-04-01,0.5899399710204811,outcome,island
ADR_Oahu,1994-05-01,0.8690317963398364,outcome,island
ADR_Oahu,1994-06-01,-0.5537325676784222,outcome,island
ADR_Oahu,1994-07-01,-0.1238517906904768,outcome,island
ADR_Oahu,1994-08-01,3.6487192890747533,outcome,island
ADR_Oahu,1994-09-01,4.579517069109085,outcome,island
ADR_Oahu,1994-10-01,21.386368432158687,outcome,island
ADR_Oahu,1994-11-01,20.29793162576359,outcome,island
ADR_Oahu,1994-12-01,27.98318421903634,outcome,island
ADR_Oahu,1995-01-01,18.8101293818423,outcome,island
ADR_Oahu,1995-02-01,2.6341253628642036,outcome,island
ADR_Oahu,1995-03-01,4.6244635193133155,outcome,island
ADR_Oahu,1995-04-01,1.749151147237371,outcome,island
ADR_Oahu,1995-05-01,3.6793026555848485,outcome,island
ADR_Oahu,1995-06-01,5.722829449370992,outcome,island
ADR_Oahu,1995-07-01,5.621576935000516,outcome,island
ADR_Oahu,1995-08-01,2.7940286463586705,outcome,island
ADR_Oahu,1995-09-01,3.0354299363057224,outcome,island
ADR_Oahu,1995-10-01,-7.535853976531948,outcome,island
ADR_Oahu,1995-11-01,-6.102449888641425,outcome,island
ADR_Oahu,1995-12-01,-12.541059546871047,outcome,island
ADR_Oahu,1996-01-01,-2.4199553239017124,outcome,island
ADR_Oahu,1996-02-01,12.1726377540331,outcome,island
ADR_Oahu,1996-03-01,9.496461901343434,outcome,island
ADR_Oahu,1996-04-01,4.975224997471939,outcome,island
ADR_Oahu,1996-05-01,1.1242545703392226,outcome,island
ADR_Oahu,1996-06-01,2.9844923437042814,outcome,island
ADR_Oahu,1996-07-01,3.1797280109578274,outcome,island
ADR_Oahu,1996-08-01,3.100775193798455,outcome,island
ADR_Oahu,1996-09-01,3.390321645899741,outcome,island
ADR_Oahu,1996-10-01,0.4042113179169027,outcome,island
ADR_Oahu,1996-11-01,2.210626185958242,outcome,island
ADR_Oahu,1996-12-01,5.0365947611710205,outcome,island
ADR_Oahu,1997-01-01,7.315909958031286,outcome,island
ADR_Oahu,1997-02-01,4.604034366828547,outcome,island
ADR_Oahu,1997-03-01,6.6685398520183625,outcome,island
ADR_Oahu,1997-04-01,9.03573836817262,outcome,island
ADR_Oahu,1997-05-01,7.695282289249805,outcome,island
ADR_Oahu,1997-06-01,7.567004451179082,outcome,island
ADR_Oahu,1997-07-01,8.382325052152485,outcome,island
ADR_Oahu,1997-08-01,9.231940611021216,outcome,island
ADR_Oahu,1997-09-01,6.614349775784745,outcome,island
ADR_Oahu,1997-10-01,4.671847205317858,outcome,island
ADR_Oahu,1997-11-01,3.2117330362944285,outcome,island
ADR_Oahu,1997-12-01,5.491885944806096,outcome,island
ADR_Oahu,1998-01-01,1.3154386276775343,outcome,island
ADR_Oahu,1998-02-01,2.4729934827247613,outcome,island
ADR_Oahu,1998-03-01,-0.3863376942663921,outcome,island
ADR_Oahu,1998-04-01,-0.5477515681597378,outcome,island
ADR_Oahu,1998-05-01,-0.8438061041292744,outcome,island
ADR_Oahu,1998-06-01,-2.007395668251455,outcome,island
ADR_Oahu,1998-07-01,-2.729658792650913,outcome,island
ADR_Oahu,1998-08-01,-2.6400627341639837,outcome,island
ADR_Oahu,1998-09-01,-3.645285664213116,outcome,island
ADR_Oahu,1998-10-01,-1.4490161001788793,outcome,island
ADR_Oahu,1998-11-01,-1.2591060347153404,outcome,island
ADR_Oahu,1998-12-01,-4.780114722753348,outcome,island
ADR_Oahu,1999-01-01,-7.693657338363014,outcome,island
ADR_Oahu,1999-02-01,-8.067607597142368,outcome,island
ADR_Oahu,1999-03-01,-6.875275451740848,outcome,island
ADR_Oahu,1999-04-01,-3.642178200230961,outcome,island
ADR_Oahu,1999-05-01,-1.5390186492847957,outcome,island
ADR_Oahu,1999-06-01,-3.0907457322551624,outcome,island
ADR_Oahu,1999-07-01,-4.002518438568092,outcome,island
ADR_Oahu,1999-08-01,-3.1054233040987977,outcome,island
ADR_Oahu,1999-09-01,-0.3728628592215344,outcome,island
ADR_Oahu,1999-10-01,1.4430931203485153,outcome,island
ADR_Oahu,1999-11-01,-0.8015301940067499,outcome,island
ADR_Oahu,1999-12-01,1.1591821832785731,outcome,island
ADR_Oahu,2000-01-01,7.964265348792998,outcome,island
ADR_Oahu,2000-02-01,4.444655041698264,outcome,island
ADR_Oahu,2000-03-01,5.262659725508745,outcome,island
ADR_Oahu,2000-04-01,3.5585876279155437,outcome,island
ADR_Oahu,2000-05-01,5.066200809120991,outcome,island
ADR_Oahu,2000-06-01,5.442239940663818,outcome,island
ADR_Oahu,2000-07-01,9.800430994097242,outcome,island
ADR_Oahu,2000-08-01,6.400665004156281,outcome,island
ADR_Oahu,2000-09-01,7.494294842537652,outcome,island
ADR_Oahu,2000-10-01,5.600787331126433,outcome,island
ADR_Oahu,2000-11-01,11.945643191626122,outcome,island
ADR_Oahu,2000-12-01,6.785166471172066,outcome,island
ADR_Oahu,2001-01-01,4.683098591549295,outcome,island
ADR_Oahu,2001-02-01,7.6944015969512725,outcome,island
ADR_Oahu,2001-03-01,7.0677097383328835,outcome,island
ADR_Oahu,2001-04-01,6.5076115018249725,outcome,island
ADR_Oahu,2001-05-01,5.259473177561924,outcome,island
ADR_Oahu,2001-06-01,4.879978897388559,outcome,island
ADR_Oahu,2001-07-01,1.220240634866454,outcome,island
ADR_Oahu,2001-08-01,3.038194444444442,outcome,island
ADR_Oahu,2001-09-01,-4.059103260869568,outcome,island
ADR_Oahu,2001-10-01,-4.075235109717868,outcome,island
ADR_Oahu,2001-11-01,-14.525918635170608,outcome,island
ADR_Oahu,2001-12-01,-10.646387832699611,outcome,island
ADR_Oahu,2002-01-01,-9.006054490413728,outcome,island
ADR_Oahu,2002-02-01,-6.150476029994101,outcome,island
ADR_Oahu,2002-03-01,-5.7445200302343125,outcome,island
ADR_Oahu,2002-04-01,-7.539284520227341,outcome,island
ADR_Oahu,2002-05-01,-5.570335882939814,outcome,island
ADR_Oahu,2002-06-01,-5.793091884641177,outcome,island
ADR_Oahu,2002-07-01,-4.25729219355927,outcome,island
ADR_Oahu,2002-08-01,-2.99915754001685,outcome,island
ADR_Oahu,2002-09-01,0.8054522924411334,outcome,island
ADR_Oahu,2002-10-01,0.8125772831655276,outcome,island
ADR_Oahu,2002-11-01,8.00307072257942,outcome,island
ADR_Oahu,2002-12-01,7.971631205673768,outcome,island
ADR_Oahu,2003-01-01,5.5540153405415404,outcome,island
ADR_Oahu,2003-02-01,2.504713169943451,outcome,island
ADR_Oahu,2003-03-01,1.8978882651697448,outcome,island
ADR_Oahu,2003-04-01,4.646537696619046,outcome,island
ADR_Oahu,2003-05-01,0.28173974291250126,outcome,island
ADR_Oahu,2003-06-01,1.0945982023671696,outcome,island
ADR_Oahu,2003-07-01,-1.6201461653605587,outcome,island
ADR_Oahu,2003-08-01,-0.6687510856348777,outcome,island
ADR_Oahu,2003-09-01,5.759943805426282,outcome,island
ADR_Oahu,2003-10-01,4.564569826528819,outcome,island
ADR_Oahu,2003-11-01,5.5264326965792865,outcome,island
ADR_Oahu,2003-12-01,4.878262392713251,outcome,island
ADR_Oahu,2004-01-01,4.73647347224655,outcome,island
ADR_Oahu,2004-02-01,4.387808723068831,outcome,island
ADR_Oahu,2004-03-01,5.027981811822313,outcome,island
ADR_Oahu,2004-04-01,5.2868002764340005,outcome,island
ADR_Oahu,2004-05-01,6.892010535557502,outcome,island
ADR_Oahu,2004-06-01,8.477112676056354,outcome,island
ADR_Oahu,2004-07-01,12.387004385572343,outcome,island
ADR_Oahu,2004-08-01,7.432018886071523,outcome,island
ADR_Oahu,2004-09-01,2.6317974263179833,outcome,island
ADR_Oahu,2004-10-01,6.03267700041894,outcome,island
ADR_Oahu,2004-11-01,6.567314978529937,outcome,island
ADR_Oahu,2004-12-01,6.889352818371597,outcome,island
ADR_Oahu,2005-01-01,8.233720638635788,outcome,island
ADR_Oahu,2005-02-01,10.353217551808047,outcome,island
ADR_Oahu,2005-03-01,11.997335775539097,outcome,island
ADR_Oahu,2005-04-01,8.688874302592708,outcome,island
ADR_Oahu,2005-05-01,11.852156057494877,outcome,island
ADR_Oahu,2005-06-01,11.85587925018259,outcome,island
ADR_Oahu,2005-07-01,11.165087202357249,outcome,island
ADR_Oahu,2005-08-01,17.36794986571173,outcome,island
ADR_Oahu,2005-09-01,16.251415628539068,outcome,island
ADR_Oahu,2005-10-01,14.468589490320038,outcome,island
ADR_Oahu,2005-11-01,18.64580864343841,outcome,island
ADR_Oahu,2005-12-01,15.898437499999996,outcome,island
ADR_Oahu,2006-01-01,15.129749768303991,outcome,island
ADR_Oahu,2006-02-01,18.64213487417321,outcome,island
ADR_Oahu,2006-03-01,13.826940231935758,outcome,island
ADR_Oahu,2006-04-01,19.068468332452614,outcome,island
ADR_Oahu,2006-05-01,14.319283301512709,outcome,island
ADR_Oahu,2006-06-01,14.270168311085296,outcome,island
ADR_Oahu,2006-07-01,15.094204455906567,outcome,island
ADR_Oahu,2006-08-01,10.172664863740376,outcome,island
ADR_Oahu,2006-09-01,8.496277224966931,outcome,island
ADR_Oahu,2006-10-01,8.46334391826591,outcome,island
ADR_Oahu,2006-11-01,6.439368715455829,outcome,island
ADR_Oahu,2006-12-01,9.726996966632973,outcome,island
ADR_Oahu,2007-01-01,10.142885892533716,outcome,island
ADR_Oahu,2007-02-01,4.908683114386414,outcome,island
ADR_Oahu,2007-03-01,6.922675026123293,outcome,island
ADR_Oahu,2007-04-01,5.116338046028046,outcome,island
ADR_Oahu,2007-05-01,6.879496402877683,outcome,island
ADR_Oahu,2007-06-01,7.148752460161267,outcome,island
ADR_Oahu,2007-07-01,5.408938130212881,outcome,island
ADR_Oahu,2007-08-01,7.401812688821741,outcome,island
ADR_Oahu,2007-09-01,10.65289892252439,outcome,island
ADR_Oahu,2007-10-01,8.133910386965383,outcome,island
ADR_Oahu,2007-11-01,5.530530530530542,outcome,island
ADR_Oahu,2007-12-01,6.573289101855262,outcome,island
ADR_Oahu,2008-01-01,4.908946951702298,outcome,island
ADR_Oahu,2008-02-01,6.02284527518171,outcome,island
ADR_Oahu,2008-03-01,6.877595895431221,outcome,island
ADR_Oahu,2008-04-01,2.2436670687575377,outcome,island
ADR_Oahu,2008-05-01,2.7766091712242424,outcome,island
ADR_Oahu,2008-06-01,2.844107365053028,outcome,island
ADR_Oahu,2008-07-01,0.7085916740478426,outcome,island
ADR_Oahu,2008-08-01,-0.4043600562587901,outcome,island
ADR_Oahu,2008-09-01,-4.248536486408172,outcome,island
ADR_Oahu,2008-10-01,-3.6904061212478023,outcome,island
ADR_Oahu,2008-11-01,-3.669670381788004,outcome,island
ADR_Oahu,2008-12-01,-7.649296748904765,outcome,island
ADR_Oahu,2009-01-01,-8.272859216255446,outcome,island
ADR_Oahu,2009-02-01,-10.854410324364816,outcome,island
ADR_Oahu,2009-03-01,-13.390101725911519,outcome,island
ADR_Oahu,2009-04-01,-10.417649834827747,outcome,island
ADR_Oahu,2009-05-01,-11.490556107829942,outcome,island
ADR_Oahu,2009-06-01,-14.89312669240076,outcome,island
ADR_Oahu,2009-07-01,-14.869539724421,outcome,island
ADR_Oahu,2009-08-01,-14.657252132980291,outcome,island
ADR_Oahu,2009-09-01,-9.267554479418894,outcome,island
ADR_Oahu,2009-10-01,-6.453584306056348,outcome,island
ADR_Oahu,2009-11-01,-8.068188811619182,outcome,island
ADR_Oahu,2009-12-01,-8.526309219149864,outcome,island
ADR_Oahu,2010-01-01,-8.544303797468356,outcome,island
ADR_Oahu,2010-02-01,-7.548633102824265,outcome,island
ADR_Oahu,2010-03-01,-3.121082151105259,outcome,island
ADR_Oahu,2010-04-01,-2.522059791913611,outcome,island
ADR_Oahu,2010-05-01,-2.3255813953488413,outcome,island
ADR_Oahu,2010-06-01,0.25724343352286905,outcome,island
ADR_Oahu,2010-07-01,3.8845650526895925,outcome,island
ADR_Oahu,2010-08-01,3.1715388858245985,outcome,island
ADR_Oahu,2010-09-01,2.5418640336246634,outcome,island
ADR_Oahu,2010-10-01,-0.13719213431762078,outcome,island
ADR_Oahu,2010-11-01,5.208193867987676,outcome,island
ADR_Oahu,2010-12-01,7.2330262708973025,outcome,island
ADR_Oahu,2011-01-01,9.301038062283729,outcome,island
ADR_Oahu,2011-02-01,11.506466270534755,outcome,island
ADR_Oahu,2011-03-01,8.520637515324903,outcome,island
ADR_Oahu,2011-04-01,11.659798689454837,outcome,island
ADR_Oahu,2011-05-01,11.126893939393923,outcome,island
ADR_Oahu,2011-06-01,9.94598244429441,outcome,island
ADR_Oahu,2011-07-01,7.5979579659218865,outcome,island
ADR_Oahu,2011-08-01,9.295642876236322,outcome,island
ADR_Oahu,2011-09-01,7.85946649316851,outcome,island
ADR_Oahu,2011-10-01,10.493261808190502,outcome,island
ADR_Oahu,2011-11-01,15.353779587681338,outcome,island
ADR_Oahu,2011-12-01,8.685968819599111,outcome,island
ADR_Oahu,2012-01-01,10.314043307585163,outcome,island
ADR_Oahu,2012-02-01,8.030844461162312,outcome,island
ADR_Oahu,2012-03-01,11.0839138894119,outcome,island
ADR_Oahu,2012-04-01,7.979914090386586,outcome,island
ADR_Oahu,2012-05-01,11.0962322722016,outcome,island
ADR_Oahu,2012-06-01,12.080083522692364,outcome,island
ADR_Oahu,2012-07-01,14.634296629490429,outcome,island
ADR_Oahu,2012-08-01,15.212473249770708,outcome,island
ADR_Oahu,2012-09-01,13.047412233079992,outcome,island
ADR_Oahu,2012-10-01,11.645944345766711,outcome,island
ADR_Oahu,2012-11-01,6.111754647250267,outcome,island
ADR_Oahu,2012-12-01,12.599531615925041,outcome,island
ADR_Oahu,2013-01-01,15.381966366297428,outcome,island
ADR_Oahu,2013-02-01,20.206592386258126,outcome,island
ADR_Oahu,2013-03-01,17.995366969885307,outcome,island
ADR_Oahu,2013-04-01,15.570372030479618,outcome,island
ADR_Oahu,2013-05-01,13.56563664255972,outcome,island
ADR_Oahu,2013-06-01,15.112328767123294,outcome,island
ADR_Oahu,2013-07-01,12.309180821328747,outcome,island
ADR_Oahu,2013-08-01,12.657220187868168,outcome,island
ADR_Oahu,2013-09-01,13.12096472973694,outcome,island
ADR_Oahu,2013-10-01,11.719785755952694,outcome,island
ADR_Oahu,2013-11-01,8.899516556635657,outcome,island
ADR_Oahu,2013-12-01,10.222545757071554,outcome,island
ADR_Oahu,2014-01-01,6.213003034372977,outcome,island
ADR_Oahu,2014-02-01,2.775900357246308,outcome,island
ADR_Oahu,2014-03-01,1.0917448764604432,outcome,island
ADR_Oahu,2014-04-01,2.118582440490613,outcome,island
ADR_Oahu,2014-05-01,0.2460439984561802,outcome,island
ADR_Oahu,2014-06-01,-0.9948591012947428,outcome,island
ADR_Oahu,2014-07-01,2.2063750358954692,outcome,island
ADR_Oahu,2014-08-01,1.262483512342194,outcome,island
ADR_Oahu,2014-09-01,0.9056603773584859,outcome,island
ADR_Oahu,2014-10-01,2.416101011059957,outcome,island
ADR_Oahu,2014-11-01,2.463124731490751,outcome,island
ADR_Oahu,2014-12-01,2.4153222002075703,outcome,island
ADR_Oahu,2015-01-01,0.2763207193705597,outcome,island
ADR_Oahu,2015-02-01,0.8971769458405943,outcome,island
ADR_Oahu,2015-03-01,1.9562334217506638,outcome,island
ADR_Oahu,2015-04-01,1.9179642992783963,outcome,island
ADR_Oahu,2015-05-01,5.298618797824739,outcome,island
ADR_Oahu,2015-06-01,7.274388191739978,outcome,island
ADR_Oahu,2015-07-01,2.69257785062047,outcome,island
ADR_Oahu,2015-08-01,1.6561220692221879,outcome,island
ADR_Oahu,2015-09-01,2.5757292445774294,outcome,island
ADR_Oahu,2015-10-01,3.3463107156099348,outcome,island
ADR_Oahu,2015-11-01,4.472396925227118,outcome,island
ADR_Oahu,2015-12-01,2.561031782588663,outcome,island
ADR_Oahu,2016-01-01,2.3445892298351145,outcome,island
ADR_Oahu,2016-02-01,4.0642458100558665,outcome,island
ADR_Oahu,2016-03-01,2.7224157955865413,outcome,island
ADR_Oahu,2016-04-01,2.7016955468604387,outcome,island
ADR_Oahu,2016-05-01,2.943327239488114,outcome,island
ADR_Oahu,2016-06-01,1.268375761921825,outcome,island
ADR_Oahu,2016-07-01,4.90652074783402,outcome,island
ADR_Oahu,2016-08-01,5.1894563426688745,outcome,island
ADR_Oahu,2016-09-01,8.04812468668823,outcome,island
ADR_Oahu,2016-10-01,2.4665889317427636,outcome,island
ADR_Oahu,2016-11-01,3.1170568561873058,outcome,island
ADR_Oahu,2016-12-01,3.5435192670439264,outcome,island
ADR_Oahu,2017-01-01,8.506366084059703,outcome,island
ADR_Oahu,2017-02-01,3.7131481232944186,outcome,island
ADR_Oahu,2017-03-01,4.6492695943195494,outcome,island
ADR_Oahu,2017-04-01,5.664912917271403,outcome,island
ADR_Oahu,2017-05-01,2.6061090392470287,outcome,island
ADR_Oahu,2017-06-01,2.8501880947112257,outcome,island
ADR_Oahu,2017-07-01,1.1996870381639546,outcome,island
ADR_Oahu,2017-08-01,0.6960758722700744,outcome,island
ADR_Oahu,2017-09-01,-3.2941077228056836,outcome,island
ADR_Oahu,2017-10-01,2.4903711484593805,outcome,island
ADR_Oahu,2017-11-01,1.1070749005362313,outcome,island
ADR_Oahu,2017-12-01,0.8414660594231238,outcome,island
ADR_Oahu,2018-01-01,-1.8631450561466978,outcome,island
ADR_Oahu,2018-02-01,2.0273476254151657,outcome,island
ADR_Oahu,2018-03-01,2.8436838238471873,outcome,island
ADR_Oahu,2018-04-01,2.176245868566773,outcome,island
ADR_Oahu,2018-05-01,3.6216520271731945,outcome,island
ADR_Oahu,2018-06-01,1.9579155729592568,outcome,island
ADR_Oahu,2018-07-01,2.3709303324456643,outcome,island
ADR_Oahu,2018-08-01,3.6809815950920255,outcome,island
ADR_Oahu,2018-09-01,3.611304954640615,outcome,island
ADR_Oahu,2018-10-01,2.9209548618525094,outcome,island
ADR_Oahu,2018-11-01,0.18391787852864994,outcome,island
ADR_Oahu,2018-12-01,2.6280700245171706,outcome,island
ADR_Oahu,2019-01-01,1.9799434301877028,outcome,island
ADR_Oahu,2019-02-01,1.746078721515243,outcome,island
ADR_Oahu,2019-03-01,-0.441232088078336,outcome,island
ADR_Oahu,2019-04-01,-0.46630818349856495,outcome,island
ADR_Oahu,2019-05-01,0.12944713546017006,outcome,island
ADR_Oahu,2019-06-01,-0.9242846290200002,outcome,island
ADR_Oahu,2019-07-01,0.4950910464043057,outcome,island
ADR_Oahu,2019-08-01,0.829235769647485,outcome,island
ADR_Oahu,2019-09-01,2.2941572655329034,outcome,island
ADR_Oahu,2019-10-01,0.9833616862370942,outcome,island
ADR_Oahu,2019-11-01,4.205268326004363,outcome,island
ADR_Oahu,2019-12-01,4.37971500419112,outcome,island
ADR_Oahu,2020-01-01,5.18154311649015,outcome,island
ADR_Oahu,2020-02-01,3.9640987284966345,outcome,island
ADR_Oahu,2020-03-01,-5.170521695086949,outcome,island
ADR_Oahu,2020-04-01,-38.754062381294055,outcome,island
ADR_Oahu,2020-05-01,-39.367780140956675,outcome,island
ADR_Oahu,2020-06-01,-33.456869009584665,outcome,island
ADR_Oahu,2020-07-01,-35.15364061456246,outcome,island
ADR_Oahu,2020-08-01,-38.02537504649336,outcome,island
ADR_Oahu,2020-09-01,-32.09744454960701,outcome,island
ADR_Oahu,2020-10-01,-29.801134029090314,outcome,island
ADR_Oahu,2020-11-01,-27.011635529334644,outcome,island
ADR_Oahu,2020-12-01,-36.00883356755672,outcome,island
Occupancy_HawaiiIsl,1991-01-01,-20.229555236728835,outcome,island
Occupancy_HawaiiIsl,1991-02-01,-22.740524781341097,outcome,island
Occupancy_HawaiiIsl,1991-03-01,-16.153846153846153,outcome,island
Occupancy_HawaiiIsl,1991-04-01,4.991680532445919,outcome,island
Occupancy_HawaiiIsl,1991-05-01,-0.4862236628849326,outcome,island
Occupancy_HawaiiIsl,1991-06-01,-0.6722689075630228,outcome,island
Occupancy_HawaiiIsl,1991-07-01,16.666666666666675,outcome,island
Occupancy_HawaiiIsl,1991-08-01,6.153846153846154,outcome,island
Occupancy_HawaiiIsl,1991-09-01,-3.5413153456998248,outcome,island
Occupancy_HawaiiIsl,1991-10-01,-18.74999999999999,outcome,island
Occupancy_HawaiiIsl,1991-11-01,-11.036789297658856,outcome,island
Occupancy_HawaiiIsl,1991-12-01,-1.2820512820512886,outcome,island
Occupancy_HawaiiIsl,1992-01-01,0.7194244604316502,outcome,island
Occupancy_HawaiiIsl,1992-02-01,2.6415094339622636,outcome,island
Occupancy_HawaiiIsl,1992-03-01,-3.302752293577982,outcome,island
Occupancy_HawaiiIsl,1992-04-01,-12.995245641838359,outcome,island
Occupancy_HawaiiIsl,1992-05-01,-11.40065146579805,outcome,island
Occupancy_HawaiiIsl,1992-06-01,-6.2605752961082946,outcome,island
Occupancy_HawaiiIsl,1992-07-01,-21.27329192546584,outcome,island
Occupancy_HawaiiIsl,1992-08-01,-14.331723027375197,outcome,island
Occupancy_HawaiiIsl,1992-09-01,20.27972027972027,outcome,island
Occupancy_HawaiiIsl,1992-10-01,41.81459566074952,outcome,island
Occupancy_HawaiiIsl,1992-11-01,31.57894736842104,outcome,island
Occupancy_HawaiiIsl,1992-12-01,21.70686456400741,outcome,island
Occupancy_HawaiiIsl,1993-01-01,8.214285714285708,outcome,island
Occupancy_HawaiiIsl,1993-02-01,6.433823529411775,outcome,island
Occupancy_HawaiiIsl,1993-03-01,9.108159392789371,outcome,island
Occupancy_HawaiiIsl,1993-04-01,1.821493624772308,outcome,island
Occupancy_HawaiiIsl,1993-05-01,2.941176470588247,outcome,island
Occupancy_HawaiiIsl,1993-06-01,0.0,outcome,island
Occupancy_HawaiiIsl,1993-07-01,17.159763313609467,outcome,island
Occupancy_HawaiiIsl,1993-08-01,15.977443609022558,outcome,island
Occupancy_HawaiiIsl,1993-09-01,-16.42441860465116,outcome,island
Occupancy_HawaiiIsl,1993-10-01,-16.968011126564676,outcome,island
Occupancy_HawaiiIsl,1993-11-01,-16.714285714285715,outcome,island
Occupancy_HawaiiIsl,1993-12-01,-7.926829268292678,outcome,island
Occupancy_HawaiiIsl,1994-01-01,-9.24092409240924,outcome,island
Occupancy_HawaiiIsl,1994-02-01,2.590673575129543,outcome,island
Occupancy_HawaiiIsl,1994-03-01,17.739130434782613,outcome,island
Occupancy_HawaiiIsl,1994-04-01,21.109123434704834,outcome,island
Occupancy_HawaiiIsl,1994-05-01,13.392857142857139,outcome,island
Occupancy_HawaiiIsl,1994-06-01,10.469314079422398,outcome,island
Occupancy_HawaiiIsl,1994-07-01,8.922558922558931,outcome,island
Occupancy_HawaiiIsl,1994-08-01,4.862236628849281,outcome,island
Occupancy_HawaiiIsl,1994-09-01,18.43478260869564,outcome,island
Occupancy_HawaiiIsl,1994-10-01,4.020100502512558,outcome,island
Occupancy_HawaiiIsl,1994-11-01,10.806174957118353,outcome,island
Occupancy_HawaiiIsl,1994-12-01,7.284768211920523,outcome,island
Occupancy_HawaiiIsl,1995-01-01,11.090909090909085,outcome,island
Occupancy_HawaiiIsl,1995-02-01,11.784511784511785,outcome,island
Occupancy_HawaiiIsl,1995-03-01,-7.976366322008865,outcome,island
Occupancy_HawaiiIsl,1995-04-01,-14.623338257016261,outcome,island
Occupancy_HawaiiIsl,1995-05-01,-5.19685039370078,outcome,island
Occupancy_HawaiiIsl,1995-06-01,-0.8169934640522847,outcome,island
Occupancy_HawaiiIsl,1995-07-01,-2.782071097372496,outcome,island
Occupancy_HawaiiIsl,1995-08-01,-11.128284389489963,outcome,island
Occupancy_HawaiiIsl,1995-09-01,-12.04111600587371,outcome,island
Occupancy_HawaiiIsl,1995-10-01,7.407407407407418,outcome,island
Occupancy_HawaiiIsl,1995-11-01,-0.9287925696594312,outcome,island
Occupancy_HawaiiIsl,1995-12-01,4.320987654320985,outcome,island
Occupancy_HawaiiIsl,1996-01-01,11.292962356792135,outcome,island
Occupancy_HawaiiIsl,1996-02-01,0.45180722891566827,outcome,island
Occupancy_HawaiiIsl,1996-03-01,4.65489566613162,outcome,island
Occupancy_HawaiiIsl,1996-04-01,14.705882352941169,outcome,island
Occupancy_HawaiiIsl,1996-05-01,9.46843853820598,outcome,island
Occupancy_HawaiiIsl,1996-06-01,15.156507413509068,outcome,island
Occupancy_HawaiiIsl,1996-07-01,5.882352941176472,outcome,island
Occupancy_HawaiiIsl,1996-08-01,13.043478260869556,outcome,island
Occupancy_HawaiiIsl,1996-09-01,10.684474123539234,outcome,island
Occupancy_HawaiiIsl,1996-10-01,0.4497751124437732,outcome,island
Occupancy_HawaiiIsl,1996-11-01,3.281249999999991,outcome,island
Occupancy_HawaiiIsl,1996-12-01,3.1065088757396664,outcome,island
Occupancy_HawaiiIsl,1997-01-01,2.35294117647058,outcome,island
Occupancy_HawaiiIsl,1997-02-01,4.797601199400314,outcome,island
Occupancy_HawaiiIsl,1997-03-01,4.294478527607359,outcome,island
Occupancy_HawaiiIsl,1997-04-01,7.993966817496223,outcome,island
Occupancy_HawaiiIsl,1997-05-01,3.1866464339908918,outcome,island
Occupancy_HawaiiIsl,1997-06-01,0.5722460658082795,outcome,island
Occupancy_HawaiiIsl,1997-07-01,1.0510510510510551,outcome,island
Occupancy_HawaiiIsl,1997-08-01,2.9230769230769393,outcome,island
Occupancy_HawaiiIsl,1997-09-01,3.016591251885359,outcome,island
Occupancy_HawaiiIsl,1997-10-01,-2.686567164179099,outcome,island
Occupancy_HawaiiIsl,1997-11-01,3.782148260211793,outcome,island
Occupancy_HawaiiIsl,1997-12-01,0.2869440459110528,outcome,island
Occupancy_HawaiiIsl,1998-01-01,5.603448275862077,outcome,island
Occupancy_HawaiiIsl,1998-02-01,1.1444921316165813,outcome,island
Occupancy_HawaiiIsl,1998-03-01,3.8235294117646923,outcome,island
Occupancy_HawaiiIsl,1998-04-01,-4.05027932960893,outcome,island
Occupancy_HawaiiIsl,1998-05-01,12.205882352941178,outcome,island
Occupancy_HawaiiIsl,1998-06-01,-4.409672830725453,outcome,island
Occupancy_HawaiiIsl,1998-07-01,0.4457652303120341,outcome,island
Occupancy_HawaiiIsl,1998-08-01,2.84005979073243,outcome,island
Occupancy_HawaiiIsl,1998-09-01,7.46705710102491,outcome,island
Occupancy_HawaiiIsl,1998-10-01,9.815950920245387,outcome,island
Occupancy_HawaiiIsl,1998-11-01,-1.4577259475218707,outcome,island
Occupancy_HawaiiIsl,1998-12-01,-8.726752503576552,outcome,island
Occupancy_HawaiiIsl,1999-01-01,-4.217687074829923,outcome,island
Occupancy_HawaiiIsl,1999-02-01,-4.667609618104662,outcome,island
Occupancy_HawaiiIsl,1999-03-01,-12.464589235127477,outcome,island
Occupancy_HawaiiIsl,1999-04-01,-9.170305676855905,outcome,island
Occupancy_HawaiiIsl,1999-05-01,-20.18348623853211,outcome,island
Occupancy_HawaiiIsl,1999-06-01,-2.2321428571428603,outcome,island
Occupancy_HawaiiIsl,1999-07-01,-6.065088757396442,outcome,island
Occupancy_HawaiiIsl,1999-08-01,-2.470930232558144,outcome,island
Occupancy_HawaiiIsl,1999-09-01,-0.95367847411445,outcome,island
Occupancy_HawaiiIsl,1999-10-01,-5.307262569832394,outcome,island
Occupancy_HawaiiIsl,1999-11-01,0.44378698224853963,outcome,island
Occupancy_HawaiiIsl,1999-12-01,-5.3291536050156685,outcome,island
Occupancy_HawaiiIsl,2000-01-01,-12.642045454545459,outcome,island
Occupancy_HawaiiIsl,2000-02-01,1.780415430267035,outcome,island
Occupancy_HawaiiIsl,2000-03-01,20.226537216828476,outcome,island
Occupancy_HawaiiIsl,2000-04-01,15.544871794871785,outcome,island
Occupancy_HawaiiIsl,2000-05-01,22.824302134646967,outcome,island
Occupancy_HawaiiIsl,2000-06-01,7.91476407914764,outcome,island
Occupancy_HawaiiIsl,2000-07-01,17.637795275590552,outcome,island
Occupancy_HawaiiIsl,2000-08-01,0.14903129657228842,outcome,island
Occupancy_HawaiiIsl,2000-09-01,-2.2008253094910724,outcome,island
Occupancy_HawaiiIsl,2000-10-01,10.32448377581121,outcome,island
Occupancy_HawaiiIsl,2000-11-01,9.278350515463906,outcome,island
Occupancy_HawaiiIsl,2000-12-01,13.907284768211925,outcome,island
Occupancy_HawaiiIsl,2001-01-01,11.544715447154452,outcome,island
Occupancy_HawaiiIsl,2001-02-01,3.352769679300316,outcome,island
Occupancy_HawaiiIsl,2001-03-01,-5.248990578734847,outcome,island
Occupancy_HawaiiIsl,2001-04-01,-11.23439667128987,outcome,island
Occupancy_HawaiiIsl,2001-05-01,-13.90374331550801,outcome,island
Occupancy_HawaiiIsl,2001-06-01,-9.873060648801136,outcome,island
Occupancy_HawaiiIsl,2001-07-01,-13.52074966532799,outcome,island
Occupancy_HawaiiIsl,2001-08-01,-5.35714285714286,outcome,island
Occupancy_HawaiiIsl,2001-09-01,-19.831223628691973,outcome,island
Occupancy_HawaiiIsl,2001-10-01,-29.278074866310156,outcome,island
Occupancy_HawaiiIsl,2001-11-01,-24.663072776280327,outcome,island
Occupancy_HawaiiIsl,2001-12-01,-12.64534883720929,outcome,island
Occupancy_HawaiiIsl,2002-01-01,-9.766763848396497,outcome,island
Occupancy_HawaiiIsl,2002-02-01,-15.514809590973211,outcome,island
Occupancy_HawaiiIsl,2002-03-01,-15.056818181818187,outcome,island
Occupancy_HawaiiIsl,2002-04-01,-7.03125,outcome,island
Occupancy_HawaiiIsl,2002-05-01,-10.248447204968958,outcome,island
Occupancy_HawaiiIsl,2002-06-01,0.3129890453833939,outcome,island
Occupancy_HawaiiIsl,2002-07-01,-5.108359133126927,outcome,island
Occupancy_HawaiiIsl,2002-08-01,5.188679245283034,outcome,island
Occupancy_HawaiiIsl,2002-09-01,5.263157894736836,outcome,island
Occupancy_HawaiiIsl,2002-10-01,23.440453686200378,outcome,island
Occupancy_HawaiiIsl,2002-11-01,13.23792486583184,outcome,island
Occupancy_HawaiiIsl,2002-12-01,8.153078202995001,outcome,island
Occupancy_HawaiiIsl,2003-01-01,0.0,outcome,island
Occupancy_HawaiiIsl,2003-02-01,4.173622704507518,outcome,island
Occupancy_HawaiiIsl,2003-03-01,6.020066889632103,outcome,island
Occupancy_HawaiiIsl,2003-04-01,10.924369747899165,outcome,island
Occupancy_HawaiiIsl,2003-05-01,6.574394463667832,outcome,island
Occupancy_HawaiiIsl,2003-06-01,-2.028081123244929,outcome,island
Occupancy_HawaiiIsl,2003-07-01,8.31973898858076,outcome,island
Occupancy_HawaiiIsl,2003-08-01,4.6337817638266054,outcome,island
Occupancy_HawaiiIsl,2003-09-01,7.499999999999996,outcome,island
Occupancy_HawaiiIsl,2003-10-01,0.0,outcome,island
Occupancy_HawaiiIsl,2003-11-01,5.0552922590837435,outcome,island
Occupancy_HawaiiIsl,2003-12-01,6.000000000000005,outcome,island
Occupancy_HawaiiIsl,2004-01-01,11.793214862681744,outcome,island
Occupancy_HawaiiIsl,2004-02-01,5.448717948717952,outcome,island
Occupancy_HawaiiIsl,2004-03-01,10.410094637223978,outcome,island
Occupancy_HawaiiIsl,2004-04-01,10.909090909090914,outcome,island
Occupancy_HawaiiIsl,2004-05-01,14.448051948051944,outcome,island
Occupancy_HawaiiIsl,2004-06-01,15.923566878980889,outcome,island
Occupancy_HawaiiIsl,2004-07-01,8.283132530120474,outcome,island
Occupancy_HawaiiIsl,2004-08-01,0.0,outcome,island
Occupancy_HawaiiIsl,2004-09-01,13.643410852713167,outcome,island
Occupancy_HawaiiIsl,2004-10-01,5.513016845329255,outcome,island
Occupancy_HawaiiIsl,2004-11-01,2.706766917293235,outcome,island
Occupancy_HawaiiIsl,2004-12-01,-1.1611030478955175,outcome,island
Occupancy_HawaiiIsl,2005-01-01,4.190751445086693,outcome,island
Occupancy_HawaiiIsl,2005-02-01,7.7507598784194665,outcome,island
Occupancy_HawaiiIsl,2005-03-01,1.4285714285714235,outcome,island
Occupancy_HawaiiIsl,2005-04-01,-4.371584699453557,outcome,island
Occupancy_HawaiiIsl,2005-05-01,2.9787234042553123,outcome,island
Occupancy_HawaiiIsl,2005-06-01,-1.098901098901095,outcome,island
Occupancy_HawaiiIsl,2005-07-01,1.3908205841446364,outcome,island
Occupancy_HawaiiIsl,2005-08-01,0.28571428571428914,outcome,island
Occupancy_HawaiiIsl,2005-09-01,-3.547066848567526,outcome,island
Occupancy_HawaiiIsl,2005-10-01,4.934687953555872,outcome,island
Occupancy_HawaiiIsl,2005-11-01,7.759882869692536,outcome,island
Occupancy_HawaiiIsl,2005-12-01,12.334801762114544,outcome,island
Occupancy_HawaiiIsl,2006-01-01,0.9708737864077666,outcome,island
Occupancy_HawaiiIsl,2006-02-01,2.256699576868826,outcome,island
Occupancy_HawaiiIsl,2006-03-01,-1.8309859154929553,outcome,island
Occupancy_HawaiiIsl,2006-04-01,-0.8571428571428452,outcome,island
Occupancy_HawaiiIsl,2006-05-01,2.892561983471076,outcome,island
Occupancy_HawaiiIsl,2006-06-01,1.9444444444444597,outcome,island
Occupancy_HawaiiIsl,2006-07-01,-2.3319615912208547,outcome,island
Occupancy_HawaiiIsl,2006-08-01,0.0,outcome,island
Occupancy_HawaiiIsl,2006-09-01,2.545968882602545,outcome,island
Occupancy_HawaiiIsl,2006-10-01,-3.734439834024905,outcome,island
Occupancy_HawaiiIsl,2006-11-01,-7.608695652173902,outcome,island
Occupancy_HawaiiIsl,2006-12-01,-10.065359477124192,outcome,island
Occupancy_HawaiiIsl,2007-01-01,-8.241758241758246,outcome,island
Occupancy_HawaiiIsl,2007-02-01,-10.206896551724142,outcome,island
Occupancy_HawaiiIsl,2007-03-01,1.7216642754662947,outcome,island
Occupancy_HawaiiIsl,2007-04-01,-3.170028818443804,outcome,island
Occupancy_HawaiiIsl,2007-05-01,-10.575635876840705,outcome,island
Occupancy_HawaiiIsl,2007-06-01,-6.948228882833796,outcome,island
Occupancy_HawaiiIsl,2007-07-01,-1.6853932584269704,outcome,island
Occupancy_HawaiiIsl,2007-08-01,-4.415954415954426,outcome,island
Occupancy_HawaiiIsl,2007-09-01,-8.55172413793104,outcome,island
Occupancy_HawaiiIsl,2007-10-01,-3.1609195402298673,outcome,island
Occupancy_HawaiiIsl,2007-11-01,0.2941176470588225,outcome,island
Occupancy_HawaiiIsl,2007-12-01,-4.215116279069752,outcome,island
Occupancy_HawaiiIsl,2008-01-01,1.7964071856287456,outcome,island
Occupancy_HawaiiIsl,2008-02-01,1.9969278033794335,outcome,island
Occupancy_HawaiiIsl,2008-03-01,-7.7574047954866,outcome,island
Occupancy_HawaiiIsl,2008-04-01,-8.184523809523814,outcome,island
Occupancy_HawaiiIsl,2008-05-01,-4.6407185628742464,outcome,island
Occupancy_HawaiiIsl,2008-06-01,-14.34846266471449,outcome,island
Occupancy_HawaiiIsl,2008-07-01,-21.42857142857143,outcome,island
Occupancy_HawaiiIsl,2008-08-01,-11.77347242921012,outcome,island
Occupancy_HawaiiIsl,2008-09-01,-16.440422322775262,outcome,island
Occupancy_HawaiiIsl,2008-10-01,-17.65578635014837,outcome,island
Occupancy_HawaiiIsl,2008-11-01,-18.768328445747805,outcome,island
Occupancy_HawaiiIsl,2008-12-01,-20.789074355083457,outcome,island
Occupancy_HawaiiIsl,2009-01-01,-22.352941176470598,outcome,island
Occupancy_HawaiiIsl,2009-02-01,-19.12650602409639,outcome,island
Occupancy_HawaiiIsl,2009-03-01,-20.336391437308876,outcome,island
Occupancy_HawaiiIsl,2009-04-01,-8.752025931928697,outcome,island
Occupancy_HawaiiIsl,2009-05-01,-15.070643642072213,outcome,island
Occupancy_HawaiiIsl,2009-06-01,-10.085470085470083,outcome,island
Occupancy_HawaiiIsl,2009-07-01,-3.6363636363636376,outcome,island
Occupancy_HawaiiIsl,2009-08-01,-10.472972972972983,outcome,island
Occupancy_HawaiiIsl,2009-09-01,-1.2635379061371799,outcome,island
Occupancy_HawaiiIsl,2009-10-01,2.1621621621621623,outcome,island
Occupancy_HawaiiIsl,2009-11-01,-9.927797833935015,outcome,island
Occupancy_HawaiiIsl,2009-12-01,2.6819923371647514,outcome,island
Occupancy_HawaiiIsl,2010-01-01,-4.356060606060597,outcome,island
Occupancy_HawaiiIsl,2010-02-01,-1.3035381750465591,outcome,island
Occupancy_HawaiiIsl,2010-03-01,1.9193857965451144,outcome,island
Occupancy_HawaiiIsl,2010-04-01,1.0657193605683846,outcome,island
Occupancy_HawaiiIsl,2010-05-01,-0.3696857670979714,outcome,island
Occupancy_HawaiiIsl,2010-06-01,10.836501901140672,outcome,island
Occupancy_HawaiiIsl,2010-07-01,10.754716981132084,outcome,island
Occupancy_HawaiiIsl,2010-08-01,8.490566037735858,outcome,island
Occupancy_HawaiiIsl,2010-09-01,4.20475319926874,outcome,island
Occupancy_HawaiiIsl,2010-10-01,4.761904761904745,outcome,island
Occupancy_HawaiiIsl,2010-11-01,19.238476953907814,outcome,island
Occupancy_HawaiiIsl,2010-12-01,8.02238805970148,outcome,island
Occupancy_HawaiiIsl,2011-01-01,15.643564356435636,outcome,island
Occupancy_HawaiiIsl,2011-02-01,11.1320754716981,outcome,island
Occupancy_HawaiiIsl,2011-03-01,6.026365348399243,outcome,island
Occupancy_HawaiiIsl,2011-04-01,-1.4059753954305698,outcome,island
Occupancy_HawaiiIsl,2011-05-01,3.153988868274582,outcome,island
Occupancy_HawaiiIsl,2011-06-01,-5.145797598627788,outcome,island
Occupancy_HawaiiIsl,2011-07-01,0.0,outcome,island
Occupancy_HawaiiIsl,2011-08-01,-2.4347826086956514,outcome,island
Occupancy_HawaiiIsl,2011-09-01,10.877192982456151,outcome,island
Occupancy_HawaiiIsl,2011-10-01,-3.872053872053871,outcome,island
Occupancy_HawaiiIsl,2011-11-01,1.680672268907557,outcome,island
Occupancy_HawaiiIsl,2011-12-01,9.844559585492242,outcome,island
Occupancy_HawaiiIsl,2012-01-01,1.3698630136986356,outcome,island
Occupancy_HawaiiIsl,2012-02-01,2.2071307300509435,outcome,island
Occupancy_HawaiiIsl,2012-03-01,9.23623445825934,outcome,island
Occupancy_HawaiiIsl,2012-04-01,7.486631016042766,outcome,island
Occupancy_HawaiiIsl,2012-05-01,12.410071942446033,outcome,island
Occupancy_HawaiiIsl,2012-06-01,15.189873417721532,outcome,island
Occupancy_HawaiiIsl,2012-07-01,4.429301533219743,outcome,island
Occupancy_HawaiiIsl,2012-08-01,13.36898395721926,outcome,island
Occupancy_HawaiiIsl,2012-09-01,-5.221518987341778,outcome,island
Occupancy_HawaiiIsl,2012-10-01,12.609457092819598,outcome,island
Occupancy_HawaiiIsl,2012-11-01,8.925619834710762,outcome,island
Occupancy_HawaiiIsl,2012-12-01,-0.6289308176100628,outcome,island
Occupancy_HawaiiIsl,2013-01-01,11.655405405405395,outcome,island
Occupancy_HawaiiIsl,2013-02-01,8.803986710963452,outcome,island
Occupancy_HawaiiIsl,2013-03-01,4.227642276422761,outcome,island
Occupancy_HawaiiIsl,2013-04-01,-2.1558872305140864,outcome,island
Occupancy_HawaiiIsl,2013-05-01,-6.240000000000001,outcome,island
Occupancy_HawaiiIsl,2013-06-01,-6.907378335949776,outcome,island
Occupancy_HawaiiIsl,2013-07-01,-6.36215334420881,outcome,island
Occupancy_HawaiiIsl,2013-08-01,-3.6163522012578664,outcome,island
Occupancy_HawaiiIsl,2013-09-01,-1.5025041736226985,outcome,island
Occupancy_HawaiiIsl,2013-10-01,-6.065318818040433,outcome,island
Occupancy_HawaiiIsl,2013-11-01,-10.47040971168438,outcome,island
Occupancy_HawaiiIsl,2013-12-01,-2.848101265822789,outcome,island
Occupancy_HawaiiIsl,2014-01-01,-2.571860816944005,outcome,island
Occupancy_HawaiiIsl,2014-02-01,-1.984732824427482,outcome,island
Occupancy_HawaiiIsl,2014-03-01,-5.304212168486721,outcome,island
Occupancy_HawaiiIsl,2014-04-01,2.8813559322034,outcome,island
Occupancy_HawaiiIsl,2014-05-01,0.8532423208191142,outcome,island
Occupancy_HawaiiIsl,2014-06-01,-2.02360876897133,outcome,island
Occupancy_HawaiiIsl,2014-07-01,6.620209059233462,outcome,island
Occupancy_HawaiiIsl,2014-08-01,-2.44698205546493,outcome,island
Occupancy_HawaiiIsl,2014-09-01,14.06779661016948,outcome,island
Occupancy_HawaiiIsl,2014-10-01,-5.298013245033106,outcome,island
Occupancy_HawaiiIsl,2014-11-01,5.084745762711873,outcome,island
Occupancy_HawaiiIsl,2014-12-01,-2.1172638436482094,outcome,island
Occupancy_HawaiiIsl,2015-01-01,-4.192546583850931,outcome,island
Occupancy_HawaiiIsl,2015-02-01,-0.6230529595015688,outcome,island
Occupancy_HawaiiIsl,2015-03-01,8.896210873146604,outcome,island
Occupancy_HawaiiIsl,2015-04-01,8.731466227347596,outcome,island
Occupancy_HawaiiIsl,2015-05-01,13.197969543147225,outcome,island
Occupancy_HawaiiIsl,2015-06-01,17.039586919104988,outcome,island
Occupancy_HawaiiIsl,2015-07-01,8.496732026143805,outcome,island
Occupancy_HawaiiIsl,2015-08-01,12.709030100334463,outcome,island
Occupancy_HawaiiIsl,2015-09-01,-3.1203566121842385,outcome,island
Occupancy_HawaiiIsl,2015-10-01,15.55944055944054,outcome,island
Occupancy_HawaiiIsl,2015-11-01,5.161290322580658,outcome,island
Occupancy_HawaiiIsl,2015-12-01,10.482529118136451,outcome,island
Occupancy_HawaiiIsl,2016-01-01,10.858995137763383,outcome,island
Occupancy_HawaiiIsl,2016-02-01,5.1724137931034475,outcome,island
Occupancy_HawaiiIsl,2016-03-01,-0.6051437216338718,outcome,island
Occupancy_HawaiiIsl,2016-04-01,0.7575757575757569,outcome,island
Occupancy_HawaiiIsl,2016-05-01,-1.644245142002998,outcome,island
Occupancy_HawaiiIsl,2016-06-01,1.9117647058823461,outcome,island
Occupancy_HawaiiIsl,2016-07-01,3.6144578313252795,outcome,island
Occupancy_HawaiiIsl,2016-08-01,0.8902077151335286,outcome,island
Occupancy_HawaiiIsl,2016-09-01,9.049079754601209,outcome,island
Occupancy_HawaiiIsl,2016-10-01,8.774583963691395,outcome,island
Occupancy_HawaiiIsl,2016-11-01,3.3742331288343586,outcome,island
Occupancy_HawaiiIsl,2016-12-01,11.74698795180722,outcome,island
Occupancy_HawaiiIsl,2017-01-01,9.795321637426891,outcome,island
Occupancy_HawaiiIsl,2017-02-01,7.749627421758576,outcome,island
Occupancy_HawaiiIsl,2017-03-01,9.589041095890405,outcome,island
Occupancy_HawaiiIsl,2017-04-01,7.218045112781946,outcome,island
Occupancy_HawaiiIsl,2017-05-01,14.285714285714302,outcome,island
Occupancy_HawaiiIsl,2017-06-01,8.225108225108224,outcome,island
Occupancy_HawaiiIsl,2017-07-01,8.430232558139528,outcome,island
Occupancy_HawaiiIsl,2017-08-01,7.794117647058818,outcome,island
Occupancy_HawaiiIsl,2017-09-01,8.298171589310833,outcome,island
Occupancy_HawaiiIsl,2017-10-01,7.788595271210008,outcome,island
Occupancy_HawaiiIsl,2017-11-01,17.65578635014835,outcome,island
Occupancy_HawaiiIsl,2017-12-01,3.63881401617252,outcome,island
Occupancy_HawaiiIsl,2018-01-01,0.5326231691078709,outcome,island
Occupancy_HawaiiIsl,2018-02-01,4.011065006915637,outcome,island
Occupancy_HawaiiIsl,2018-03-01,6.944444444444442,outcome,island
Occupancy_HawaiiIsl,2018-04-01,9.677419354838722,outcome,island
Occupancy_HawaiiIsl,2018-05-01,-1.7287234042553168,outcome,island
Occupancy_HawaiiIsl,2018-06-01,-8.533333333333337,outcome,island
Occupancy_HawaiiIsl,2018-07-01,-6.300268096514728,outcome,island
Occupancy_HawaiiIsl,2018-08-01,-8.594815825375168,outcome,island
Occupancy_HawaiiIsl,2018-09-01,-12.077922077922077,outcome,island
Occupancy_HawaiiIsl,2018-10-01,-10.064516129032253,outcome,island
Occupancy_HawaiiIsl,2018-11-01,-9.33165195460276,outcome,island
Occupancy_HawaiiIsl,2018-12-01,-10.663198959687914,outcome,island
Occupancy_HawaiiIsl,2019-01-01,-3.443708609271512,outcome,island
Occupancy_HawaiiIsl,2019-02-01,-3.4574468085106447,outcome,island
Occupancy_HawaiiIsl,2019-03-01,-2.207792207792214,outcome,island
Occupancy_HawaiiIsl,2019-04-01,-2.5575447570332477,outcome,island
Occupancy_HawaiiIsl,2019-05-01,0.13531799729362692,outcome,island
Occupancy_HawaiiIsl,2019-06-01,13.702623906705558,outcome,island
Occupancy_HawaiiIsl,2019-07-01,11.731044349070086,outcome,island
Occupancy_HawaiiIsl,2019-08-01,20.149253731343286,outcome,island
Occupancy_HawaiiIsl,2019-09-01,15.805022156573113,outcome,island
Occupancy_HawaiiIsl,2019-10-01,11.90817790530847,outcome,island
Occupancy_HawaiiIsl,2019-11-01,12.517385257301816,outcome,island
Occupancy_HawaiiIsl,2019-12-01,16.739446870451236,outcome,island
Occupancy_HawaiiIsl,2020-01-01,8.367626886145407,outcome,island
Occupancy_HawaiiIsl,2020-02-01,4.132231404958686,outcome,island
Occupancy_HawaiiIsl,2020-03-01,-41.168658698539176,outcome,island
Occupancy_HawaiiIsl,2020-04-01,-83.33333333333334,outcome,island
Occupancy_HawaiiIsl,2020-05-01,-73.51351351351352,outcome,island
Occupancy_HawaiiIsl,2020-06-01,-66.02564102564102,outcome,island
Occupancy_HawaiiIsl,2020-07-01,-70.550576184379,outcome,island
Occupancy_HawaiiIsl,2020-08-01,-67.95031055900621,outcome,island
Occupancy_HawaiiIsl,2020-09-01,-69.00510204081634,outcome,island
Occupancy_HawaiiIsl,2020-10-01,-73.33333333333334,outcome,island
Occupancy_HawaiiIsl,2020-11-01,-73.053152039555,outcome,island
Occupancy_HawaiiIsl,2020-12-01,-66.33416458852868,outcome,island
Occupancy_Kauai,1991-01-01,-17.78711484593838,outcome,island
Occupancy_Kauai,1991-02-01,-24.197860962566843,outcome,island
Occupancy_Kauai,1991-03-01,-24.096385542168676,outcome,island
Occupancy_Kauai,1991-04-01,-13.154172560113164,outcome,island
Occupancy_Kauai,1991-05-01,-10.751104565537561,outcome,island
Occupancy_Kauai,1991-06-01,4.409171075837737,outcome,island
Occupancy_Kauai,1991-07-01,-8.394698085419739,outcome,island
Occupancy_Kauai,1991-08-01,-11.465892597968075,outcome,island
Occupancy_Kauai,1991-09-01,-10.676691729323306,outcome,island
Occupancy_Kauai,1991-10-01,5.799373040752354,outcome,island
Occupancy_Kauai,1991-11-01,7.629870129870131,outcome,island
Occupancy_Kauai,1991-12-01,11.363636363636353,outcome,island
Occupancy_Kauai,1992-01-01,6.814310051107331,outcome,island
Occupancy_Kauai,1992-02-01,4.232804232804233,outcome,island
Occupancy_Kauai,1992-03-01,-2.4691358024691468,outcome,island
Occupancy_Kauai,1992-04-01,-7.166123778501632,outcome,island
Occupancy_Kauai,1992-05-01,9.405940594059391,outcome,island
Occupancy_Kauai,1992-06-01,19.76351351351351,outcome,island
Occupancy_Kauai,1992-07-01,5.787781350482302,outcome,island
Occupancy_Kauai,1992-08-01,-16.393442622950815,outcome,island
Occupancy_Kauai,1992-09-01,12.62626262626263,outcome,island
Occupancy_Kauai,1992-10-01,30.5185185185185,outcome,island
Occupancy_Kauai,1992-11-01,37.55656108597285,outcome,island
Occupancy_Kauai,1992-12-01,45.7725947521866,outcome,island
Occupancy_Kauai,1993-01-01,46.57097288676235,outcome,island
Occupancy_Kauai,1993-02-01,38.917089678510976,outcome,island
Occupancy_Kauai,1993-03-01,46.29294755877036,outcome,island
Occupancy_Kauai,1993-04-01,37.543859649122815,outcome,island
Occupancy_Kauai,1993-05-01,6.93815987933637,outcome,island
Occupancy_Kauai,1993-06-01,-1.5514809590973289,outcome,island
Occupancy_Kauai,1993-07-01,0.1519756838905817,outcome,island
Occupancy_Kauai,1993-08-01,33.52941176470588,outcome,island
Occupancy_Kauai,1993-09-01,-0.1494768310911887,outcome,island
Occupancy_Kauai,1993-10-01,-23.723041997729844,outcome,island
Occupancy_Kauai,1993-11-01,-23.793859649122805,outcome,island
Occupancy_Kauai,1993-12-01,-34.8,outcome,island
Occupancy_Kauai,1994-01-01,-17.95429815016322,outcome,island
Occupancy_Kauai,1994-02-01,-2.0706455542021773,outcome,island
Occupancy_Kauai,1994-03-01,1.606922126081578,outcome,island
Occupancy_Kauai,1994-04-01,3.0612244897959107,outcome,island
Occupancy_Kauai,1994-05-01,8.462623413258118,outcome,island
Occupancy_Kauai,1994-06-01,4.154727793696278,outcome,island
Occupancy_Kauai,1994-07-01,13.505311077389969,outcome,island
Occupancy_Kauai,1994-08-01,8.957415565345084,outcome,island
Occupancy_Kauai,1994-09-01,18.26347305389222,outcome,island
Occupancy_Kauai,1994-10-01,5.952380952380953,outcome,island
Occupancy_Kauai,1994-11-01,3.453237410071952,outcome,island
Occupancy_Kauai,1994-12-01,11.042944785276077,outcome,island
Occupancy_Kauai,1995-01-01,-11.538461538461542,outcome,island
Occupancy_Kauai,1995-02-01,-17.03980099502488,outcome,island
Occupancy_Kauai,1995-03-01,-26.034063260340634,outcome,island
Occupancy_Kauai,1995-04-01,-26.732673267326724,outcome,island
Occupancy_Kauai,1995-05-01,-13.914174252275691,outcome,island
Occupancy_Kauai,1995-06-01,-13.204951856946357,outcome,island
Occupancy_Kauai,1995-07-01,-12.433155080213897,outcome,island
Occupancy_Kauai,1995-08-01,-15.902964959568733,outcome,island
Occupancy_Kauai,1995-09-01,-18.9873417721519,outcome,island
Occupancy_Kauai,1995-10-01,-6.17977528089888,outcome,island
Occupancy_Kauai,1995-11-01,-10.848400556328253,outcome,island
Occupancy_Kauai,1995-12-01,-8.563535911602216,outcome,island
Occupancy_Kauai,1996-01-01,1.4992503748125996,outcome,island
Occupancy_Kauai,1996-02-01,5.847076461769096,outcome,island
Occupancy_Kauai,1996-03-01,9.868421052631572,outcome,island
Occupancy_Kauai,1996-04-01,15.202702702702698,outcome,island
Occupancy_Kauai,1996-05-01,-1.0574018126888296,outcome,island
Occupancy_Kauai,1996-06-01,5.705229793977806,outcome,island
Occupancy_Kauai,1996-07-01,-0.45801526717557106,outcome,island
Occupancy_Kauai,1996-08-01,5.128205128205132,outcome,island
Occupancy_Kauai,1996-09-01,-0.31250000000000444,outcome,island
Occupancy_Kauai,1996-10-01,-7.6347305389221525,outcome,island
Occupancy_Kauai,1996-11-01,-8.112324492979717,outcome,island
Occupancy_Kauai,1996-12-01,-5.58912386706949,outcome,island
Occupancy_Kauai,1997-01-01,-5.908419497784346,outcome,island
Occupancy_Kauai,1997-02-01,-12.889518413597722,outcome,island
Occupancy_Kauai,1997-03-01,4.790419161676662,outcome,island
Occupancy_Kauai,1997-04-01,-0.14662756598241566,outcome,island
Occupancy_Kauai,1997-05-01,3.511450381679393,outcome,island
Occupancy_Kauai,1997-06-01,1.199400299850062,outcome,island
Occupancy_Kauai,1997-07-01,3.3742331288343586,outcome,island
Occupancy_Kauai,1997-08-01,4.878048780487809,outcome,island
Occupancy_Kauai,1997-09-01,6.896551724137945,outcome,island
Occupancy_Kauai,1997-10-01,10.048622366288495,outcome,island
Occupancy_Kauai,1997-11-01,12.903225806451623,outcome,island
Occupancy_Kauai,1997-12-01,1.9200000000000106,outcome,island
Occupancy_Kauai,1998-01-01,3.1397174254317095,outcome,island
Occupancy_Kauai,1998-02-01,4.227642276422761,outcome,island
Occupancy_Kauai,1998-03-01,-6.142857142857139,outcome,island
Occupancy_Kauai,1998-04-01,-0.2936857562408024,outcome,island
Occupancy_Kauai,1998-05-01,-10.32448377581121,outcome,island
Occupancy_Kauai,1998-06-01,-1.4814814814814836,outcome,island
Occupancy_Kauai,1998-07-01,-5.044510385756684,outcome,island
Occupancy_Kauai,1998-08-01,-4.069767441860462,outcome,island
Occupancy_Kauai,1998-09-01,-3.9589442815249343,outcome,island
Occupancy_Kauai,1998-10-01,-0.2945508100147265,outcome,island
Occupancy_Kauai,1998-11-01,1.5037593984962516,outcome,island
Occupancy_Kauai,1998-12-01,6.750392464678168,outcome,island
Occupancy_Kauai,1999-01-01,5.47945205479452,outcome,island
Occupancy_Kauai,1999-02-01,9.204368174727007,outcome,island
Occupancy_Kauai,1999-03-01,7.91476407914764,outcome,island
Occupancy_Kauai,1999-04-01,2.945508100147265,outcome,island
Occupancy_Kauai,1999-05-01,15.296052631578938,outcome,island
Occupancy_Kauai,1999-06-01,-0.300751879699257,outcome,island
Occupancy_Kauai,1999-07-01,10.15625,outcome,island
Occupancy_Kauai,1999-08-01,4.2424242424242475,outcome,island
Occupancy_Kauai,1999-09-01,13.282442748091604,outcome,island
Occupancy_Kauai,1999-10-01,6.3515509601181686,outcome,island
Occupancy_Kauai,1999-11-01,6.222222222222218,outcome,island
Occupancy_Kauai,1999-12-01,1.4705882352941124,outcome,island
Occupancy_Kauai,2000-01-01,-0.8658008658008587,outcome,island
Occupancy_Kauai,2000-02-01,9.571428571428587,outcome,island
Occupancy_Kauai,2000-03-01,11.28349788434415,outcome,island
Occupancy_Kauai,2000-04-01,6.4377682403433445,outcome,island
Occupancy_Kauai,2000-05-01,10.841654778887321,outcome,island
Occupancy_Kauai,2000-06-01,15.082956259426838,outcome,island
Occupancy_Kauai,2000-07-01,3.262411347517724,outcome,island
Occupancy_Kauai,2000-08-01,2.1802325581395277,outcome,island
Occupancy_Kauai,2000-09-01,0.40431266846361336,outcome,island
Occupancy_Kauai,2000-10-01,1.388888888888884,outcome,island
Occupancy_Kauai,2000-11-01,6.555090655509077,outcome,island
Occupancy_Kauai,2000-12-01,6.08695652173914,outcome,island
Occupancy_Kauai,2001-01-01,7.860262008733621,outcome,island
Occupancy_Kauai,2001-02-01,-0.2607561929595881,outcome,island
Occupancy_Kauai,2001-03-01,-11.787072243346019,outcome,island
Occupancy_Kauai,2001-04-01,-4.166666666666674,outcome,island
Occupancy_Kauai,2001-05-01,-10.553410553410558,outcome,island
Occupancy_Kauai,2001-06-01,-12.057667103538671,outcome,island
Occupancy_Kauai,2001-07-01,-0.8241758241758212,outcome,island
Occupancy_Kauai,2001-08-01,4.409672830725464,outcome,island
Occupancy_Kauai,2001-09-01,-14.8993288590604,outcome,island
Occupancy_Kauai,2001-10-01,-6.712328767123299,outcome,island
Occupancy_Kauai,2001-11-01,-10.602094240837712,outcome,island
Occupancy_Kauai,2001-12-01,-4.6448087431694045,outcome,island
Occupancy_Kauai,2002-01-01,-11.740890688259098,outcome,island
Occupancy_Kauai,2002-02-01,-15.686274509803921,outcome,island
Occupancy_Kauai,2002-03-01,-1.1494252873563204,outcome,island
Occupancy_Kauai,2002-04-01,-3.7868162692847207,outcome,island
Occupancy_Kauai,2002-05-01,-0.14388489208632116,outcome,island
Occupancy_Kauai,2002-06-01,8.643815201192261,outcome,island
Occupancy_Kauai,2002-07-01,0.41551246537396835,outcome,island
Occupancy_Kauai,2002-08-01,-0.27247956403270157,outcome,island
Occupancy_Kauai,2002-09-01,16.719242902208208,outcome,island
Occupancy_Kauai,2002-10-01,6.314243759177707,outcome,island
Occupancy_Kauai,2002-11-01,2.196193265007329,outcome,island
Occupancy_Kauai,2002-12-01,-3.2951289398280736,outcome,island
Occupancy_Kauai,2003-01-01,10.244648318042792,outcome,island
Occupancy_Kauai,2003-02-01,7.441860465116279,outcome,island
Occupancy_Kauai,2003-03-01,2.034883720930236,outcome,island
Occupancy_Kauai,2003-04-01,3.352769679300316,outcome,island
Occupancy_Kauai,2003-05-01,7.636887608069154,outcome,island
Occupancy_Kauai,2003-06-01,3.1550068587105518,outcome,island
Occupancy_Kauai,2003-07-01,4.413793103448271,outcome,island
Occupancy_Kauai,2003-08-01,5.464480874316946,outcome,island
Occupancy_Kauai,2003-09-01,5.135135135135127,outcome,island
Occupancy_Kauai,2003-10-01,6.353591160220984,outcome,island
Occupancy_Kauai,2003-11-01,8.452722063037266,outcome,island
Occupancy_Kauai,2003-12-01,18.074074074074087,outcome,island
Occupancy_Kauai,2004-01-01,13.86962552011095,outcome,island
Occupancy_Kauai,2004-02-01,10.96681096681098,outcome,island
Occupancy_Kauai,2004-03-01,13.10541310541311,outcome,island
Occupancy_Kauai,2004-04-01,11.565585331452732,outcome,island
Occupancy_Kauai,2004-05-01,5.35475234270415,outcome,island
Occupancy_Kauai,2004-06-01,5.452127659574457,outcome,island
Occupancy_Kauai,2004-07-01,2.774108322324964,outcome,island
Occupancy_Kauai,2004-08-01,0.38860103626943143,outcome,island
Occupancy_Kauai,2004-09-01,-1.9280205655527016,outcome,island
Occupancy_Kauai,2004-10-01,0.3896103896103842,outcome,island
Occupancy_Kauai,2004-11-01,0.9247027741083214,outcome,island
Occupancy_Kauai,2004-12-01,-3.8895859473023986,outcome,island
Occupancy_Kauai,2005-01-01,-5.60292326431181,outcome,island
Occupancy_Kauai,2005-02-01,1.4304291287386084,outcome,island
Occupancy_Kauai,2005-03-01,-0.25188916876575096,outcome,island
Occupancy_Kauai,2005-04-01,-2.5284450063211117,outcome,island
Occupancy_Kauai,2005-05-01,-3.1766200762388785,outcome,island
Occupancy_Kauai,2005-06-01,-2.648171500630514,outcome,island
Occupancy_Kauai,2005-07-01,1.0282776349614275,outcome,island
Occupancy_Kauai,2005-08-01,-3.483870967741942,outcome,island
Occupancy_Kauai,2005-09-01,-2.6212319790301475,outcome,island
Occupancy_Kauai,2005-10-01,-5.174644243208282,outcome,island
Occupancy_Kauai,2005-11-01,1.4397905759162333,outcome,island
Occupancy_Kauai,2005-12-01,-4.6997389033942465,outcome,island
Occupancy_Kauai,2006-01-01,-2.580645161290318,outcome,island
Occupancy_Kauai,2006-02-01,-2.8205128205128216,outcome,island
Occupancy_Kauai,2006-03-01,-6.565656565656564,outcome,island
Occupancy_Kauai,2006-04-01,-2.204928664072614,outcome,island
Occupancy_Kauai,2006-05-01,-0.9186351706036766,outcome,island
Occupancy_Kauai,2006-06-01,-4.922279792746109,outcome,island
Occupancy_Kauai,2006-07-01,-8.14249363867684,outcome,island
Occupancy_Kauai,2006-08-01,-1.0695187165775333,outcome,island
Occupancy_Kauai,2006-09-01,2.960969044414541,outcome,island
Occupancy_Kauai,2006-10-01,2.4556616643929052,outcome,island
Occupancy_Kauai,2006-11-01,-4.774193548387096,outcome,island
Occupancy_Kauai,2006-12-01,3.561643835616435,outcome,island
Occupancy_Kauai,2007-01-01,-1.3245033112582738,outcome,island
Occupancy_Kauai,2007-02-01,-5.277044854881263,outcome,island
Occupancy_Kauai,2007-03-01,-2.837837837837831,outcome,island
Occupancy_Kauai,2007-04-01,-0.7957559681697757,outcome,island
Occupancy_Kauai,2007-05-01,-1.5894039735099397,outcome,island
Occupancy_Kauai,2007-06-01,1.9073569482288777,outcome,island
Occupancy_Kauai,2007-07-01,7.340720221606634,outcome,island
Occupancy_Kauai,2007-08-01,5.000000000000004,outcome,island
Occupancy_Kauai,2007-09-01,0.2614379084967311,outcome,island
Occupancy_Kauai,2007-10-01,0.665778961384822,outcome,island
Occupancy_Kauai,2007-11-01,9.07859078590787,outcome,island
Occupancy_Kauai,2007-12-01,6.481481481481488,outcome,island
Occupancy_Kauai,2008-01-01,3.489932885906022,outcome,island
Occupancy_Kauai,2008-02-01,5.710306406685239,outcome,island
Occupancy_Kauai,2008-03-01,5.2851182197496405,outcome,island
Occupancy_Kauai,2008-04-01,-2.0053475935828846,outcome,island
Occupancy_Kauai,2008-05-01,-4.172274562584111,outcome,island
Occupancy_Kauai,2008-06-01,-7.620320855614981,outcome,island
Occupancy_Kauai,2008-07-01,-12.25806451612903,outcome,island
Occupancy_Kauai,2008-08-01,-12.483912483912485,outcome,island
Occupancy_Kauai,2008-09-01,-12.646675358539772,outcome,island
Occupancy_Kauai,2008-10-01,-10.449735449735442,outcome,island
Occupancy_Kauai,2008-11-01,-17.51552795031055,outcome,island
Occupancy_Kauai,2008-12-01,-23.35403726708074,outcome,island
Occupancy_Kauai,2009-01-01,-22.697795071335925,outcome,island
Occupancy_Kauai,2009-02-01,-18.840579710144933,outcome,island
Occupancy_Kauai,2009-03-01,-19.94715984147952,outcome,island
Occupancy_Kauai,2009-04-01,-22.37380627557981,outcome,island
Occupancy_Kauai,2009-05-01,-20.36516853932584,outcome,island
Occupancy_Kauai,2009-06-01,-20.40520984081041,outcome,island
Occupancy_Kauai,2009-07-01,-16.76470588235294,outcome,island
Occupancy_Kauai,2009-08-01,-16.323529411764703,outcome,island
Occupancy_Kauai,2009-09-01,-17.761194029850746,outcome,island
Occupancy_Kauai,2009-10-01,-13.88478581979321,outcome,island
Occupancy_Kauai,2009-11-01,-20.93373493975904,outcome,island
Occupancy_Kauai,2009-12-01,-8.752025931928697,outcome,island
Occupancy_Kauai,2010-01-01,-4.194630872483218,outcome,island
Occupancy_Kauai,2010-02-01,-5.844155844155852,outcome,island
Occupancy_Kauai,2010-03-01,-8.415841584158423,outcome,island
Occupancy_Kauai,2010-04-01,0.35149384885764245,outcome,island
Occupancy_Kauai,2010-05-01,10.052910052910047,outcome,island
Occupancy_Kauai,2010-06-01,21.636363636363654,outcome,island
Occupancy_Kauai,2010-07-01,8.657243816254411,outcome,island
Occupancy_Kauai,2010-08-01,1.7574692442882345,outcome,island
Occupancy_Kauai,2010-09-01,6.352087114337568,outcome,island
Occupancy_Kauai,2010-10-01,2.572898799313883,outcome,island
Occupancy_Kauai,2010-11-01,8.76190476190477,outcome,island
Occupancy_Kauai,2010-12-01,5.150976909413862,outcome,island
Occupancy_Kauai,2011-01-01,5.429071803852903,outcome,island
Occupancy_Kauai,2011-02-01,3.6206896551724155,outcome,island
Occupancy_Kauai,2011-03-01,10.99099099099099,outcome,island
Occupancy_Kauai,2011-04-01,9.106830122591948,outcome,island
Occupancy_Kauai,2011-05-01,-5.769230769230771,outcome,island
Occupancy_Kauai,2011-06-01,-7.922272047832591,outcome,island
Occupancy_Kauai,2011-07-01,4.715447154471564,outcome,island
Occupancy_Kauai,2011-08-01,15.889464594127789,outcome,island
Occupancy_Kauai,2011-09-01,21.672354948805463,outcome,island
Occupancy_Kauai,2011-10-01,11.204013377926426,outcome,island
Occupancy_Kauai,2011-11-01,16.462346760070055,outcome,island
Occupancy_Kauai,2011-12-01,14.020270270270263,outcome,island
Occupancy_Kauai,2012-01-01,6.3122923588039725,outcome,island
Occupancy_Kauai,2012-02-01,12.479201331114798,outcome,island
Occupancy_Kauai,2012-03-01,11.038961038961048,outcome,island
Occupancy_Kauai,2012-04-01,11.878009630818621,outcome,island
Occupancy_Kauai,2012-05-01,20.748299319727902,outcome,island
Occupancy_Kauai,2012-06-01,16.55844155844155,outcome,island
Occupancy_Kauai,2012-07-01,7.919254658385078,outcome,island
Occupancy_Kauai,2012-08-01,3.874813710879299,outcome,island
Occupancy_Kauai,2012-09-01,-3.2258064516129004,outcome,island
Occupancy_Kauai,2012-10-01,1.6541353383458635,outcome,island
Occupancy_Kauai,2012-11-01,5.413533834586448,outcome,island
Occupancy_Kauai,2012-12-01,1.4814814814814836,outcome,island
Occupancy_Kauai,2013-01-01,8.281249999999996,outcome,island
Occupancy_Kauai,2013-02-01,7.840236686390556,outcome,island
Occupancy_Kauai,2013-03-01,2.3391812865497075,outcome,island
Occupancy_Kauai,2013-04-01,-1.147776183644189,outcome,island
Occupancy_Kauai,2013-05-01,-3.6619718309859106,outcome,island
Occupancy_Kauai,2013-06-01,-8.07799442896936,outcome,island
Occupancy_Kauai,2013-07-01,-2.302158273381283,outcome,island
Occupancy_Kauai,2013-08-01,1.865136298421799,outcome,island
Occupancy_Kauai,2013-09-01,1.1594202898550732,outcome,island
Occupancy_Kauai,2013-10-01,2.2189349112426093,outcome,island
Occupancy_Kauai,2013-11-01,-0.14265335235377208,outcome,island
Occupancy_Kauai,2013-12-01,-0.29197080291971655,outcome,island
Occupancy_Kauai,2014-01-01,5.3391053391053545,outcome,island
Occupancy_Kauai,2014-02-01,-4.389574759945136,outcome,island
Occupancy_Kauai,2014-03-01,-0.4285714285714226,outcome,island
Occupancy_Kauai,2014-04-01,2.757619738751793,outcome,island
Occupancy_Kauai,2014-05-01,5.409356725146175,outcome,island
Occupancy_Kauai,2014-06-01,2.4242424242424176,outcome,island
Occupancy_Kauai,2014-07-01,1.767304860088359,outcome,island
Occupancy_Kauai,2014-08-01,-5.211267605633807,outcome,island
Occupancy_Kauai,2014-09-01,0.0,outcome,island
Occupancy_Kauai,2014-10-01,3.76266280752533,outcome,island
Occupancy_Kauai,2014-11-01,-1.28571428571429,outcome,island
Occupancy_Kauai,2014-12-01,3.0746705710102518,outcome,island
Occupancy_Kauai,2015-01-01,-1.0958904109588996,outcome,island
Occupancy_Kauai,2015-02-01,4.017216642754651,outcome,island
Occupancy_Kauai,2015-03-01,3.5868005738880937,outcome,island
Occupancy_Kauai,2015-04-01,0.7062146892655274,outcome,island
Occupancy_Kauai,2015-05-01,-3.328710124826617,outcome,island
Occupancy_Kauai,2015-06-01,6.360946745562157,outcome,island
Occupancy_Kauai,2015-07-01,2.026049204052116,outcome,island
Occupancy_Kauai,2015-08-01,5.349182763744431,outcome,island
Occupancy_Kauai,2015-09-01,-1.862464183381085,outcome,island
Occupancy_Kauai,2015-10-01,-2.9288702928870425,outcome,island
Occupancy_Kauai,2015-11-01,3.183791606367592,outcome,island
Occupancy_Kauai,2015-12-01,4.6875,outcome,island
Occupancy_Kauai,2016-01-01,3.601108033240985,outcome,island
Occupancy_Kauai,2016-02-01,2.0689655172413834,outcome,island
Occupancy_Kauai,2016-03-01,-2.6315789473684292,outcome,island
Occupancy_Kauai,2016-04-01,-2.66479663394108,outcome,island
Occupancy_Kauai,2016-05-01,-1.147776183644189,outcome,island
Occupancy_Kauai,2016-06-01,-0.5563282336578657,outcome,island
Occupancy_Kauai,2016-07-01,5.390070921985801,outcome,island
Occupancy_Kauai,2016-08-01,4.090267983074747,outcome,island
Occupancy_Kauai,2016-09-01,7.591240875912408,outcome,island
Occupancy_Kauai,2016-10-01,4.166666666666674,outcome,island
Occupancy_Kauai,2016-11-01,1.8232819074333717,outcome,island
Occupancy_Kauai,2016-12-01,4.2062415196743475,outcome,island
Occupancy_Kauai,2017-01-01,2.673796791443861,outcome,island
Occupancy_Kauai,2017-02-01,1.08108108108107,outcome,island
Occupancy_Kauai,2017-03-01,5.974395448079672,outcome,island
Occupancy_Kauai,2017-04-01,7.492795389048967,outcome,island
Occupancy_Kauai,2017-05-01,10.74020319303337,outcome,island
Occupancy_Kauai,2017-06-01,5.034965034965033,outcome,island
Occupancy_Kauai,2017-07-01,-0.8075370121130465,outcome,island
Occupancy_Kauai,2017-08-01,1.3550135501354976,outcome,island
Occupancy_Kauai,2017-09-01,3.1207598371777445,outcome,island
Occupancy_Kauai,2017-10-01,7.448275862068976,outcome,island
Occupancy_Kauai,2017-11-01,6.060606060606077,outcome,island
Occupancy_Kauai,2017-12-01,2.083333333333348,outcome,island
Occupancy_Kauai,2018-01-01,1.953125,outcome,island
Occupancy_Kauai,2018-02-01,1.8716577540107027,outcome,island
Occupancy_Kauai,2018-03-01,6.040268456375841,outcome,island
Occupancy_Kauai,2018-04-01,4.155495978552293,outcome,island
Occupancy_Kauai,2018-05-01,3.014416775884654,outcome,island
Occupancy_Kauai,2018-06-01,0.665778961384822,outcome,island
Occupancy_Kauai,2018-07-01,1.3568521031207537,outcome,island
Occupancy_Kauai,2018-08-01,-5.2139037433154956,outcome,island
Occupancy_Kauai,2018-09-01,-1.3157894736842146,outcome,island
Occupancy_Kauai,2018-10-01,-3.0808729139923052,outcome,island
Occupancy_Kauai,2018-11-01,-3.3766233766233666,outcome,island
Occupancy_Kauai,2018-12-01,-8.290816326530614,outcome,island
Occupancy_Kauai,2019-01-01,-5.619412515964228,outcome,island
Occupancy_Kauai,2019-02-01,-7.48031496062993,outcome,island
Occupancy_Kauai,2019-03-01,-7.721518987341769,outcome,island
Occupancy_Kauai,2019-04-01,-6.563706563706573,outcome,island
Occupancy_Kauai,2019-05-01,-8.14249363867684,outcome,island
Occupancy_Kauai,2019-06-01,-2.777777777777768,outcome,island
Occupancy_Kauai,2019-07-01,-2.1419009370816755,outcome,island
Occupancy_Kauai,2019-08-01,4.654442877291953,outcome,island
Occupancy_Kauai,2019-09-01,-3.600000000000003,outcome,island
Occupancy_Kauai,2019-10-01,-4.370860927152309,outcome,island
Occupancy_Kauai,2019-11-01,2.1505376344086002,outcome,island
Occupancy_Kauai,2019-12-01,7.09318497913769,outcome,island
Occupancy_Kauai,2020-01-01,7.442489851150191,outcome,island
Occupancy_Kauai,2020-02-01,13.758865248226959,outcome,island
Occupancy_Kauai,2020-03-01,-38.27160493827161,outcome,island
Occupancy_Kauai,2020-04-01,-90.35812672176309,outcome,island
Occupancy_Kauai,2020-05-01,-79.3628808864266,outcome,island
Occupancy_Kauai,2020-06-01,-74.28571428571429,outcome,island
Occupancy_Kauai,2020-07-01,-72.2298221614227,outcome,island
Occupancy_Kauai,2020-08-01,-77.49326145552561,outcome,island
Occupancy_Kauai,2020-09-01,-78.1466113416321,outcome,island
Occupancy_Kauai,2020-10-01,-69.52908587257618,outcome,island
Occupancy_Kauai,2020-11-01,-61.578947368421055,outcome,island
Occupancy_Kauai,2020-12-01,-81.55844155844156,outcome,island
Occupancy_Maui,1991-01-01,-1.0825439783491375,outcome,island
Occupancy_Maui,1991-02-01,-2.7100271002710064,outcome,island
Occupancy_Maui,1991-03-01,-1.0973936899863035,outcome,island
Occupancy_Maui,1991-04-01,-3.672316384180785,outcome,island
Occupancy_Maui,1991-05-01,4.860088365243009,outcome,island
Occupancy_Maui,1991-06-01,5.810397553516822,outcome,island
Occupancy_Maui,1991-07-01,2.662721893491149,outcome,island
Occupancy_Maui,1991-08-01,3.8980509745127456,outcome,island
Occupancy_Maui,1991-09-01,5.327245053272445,outcome,island
Occupancy_Maui,1991-10-01,1.0339734121122657,outcome,island
Occupancy_Maui,1991-11-01,1.1695906432748426,outcome,island
Occupancy_Maui,1991-12-01,-6.502890173410403,outcome,island
Occupancy_Maui,1992-01-01,-18.878248974008205,outcome,island
Occupancy_Maui,1992-02-01,-26.183844011142053,outcome,island
Occupancy_Maui,1992-03-01,-13.592233009708732,outcome,island
Occupancy_Maui,1992-04-01,-0.7331378299120228,outcome,island
Occupancy_Maui,1992-05-01,-6.741573033707859,outcome,island
Occupancy_Maui,1992-06-01,-1.4450867052023142,outcome,island
Occupancy_Maui,1992-07-01,-2.1613832853025983,outcome,island
Occupancy_Maui,1992-08-01,-0.721500721500723,outcome,island
Occupancy_Maui,1992-09-01,-3.7572254335260236,outcome,island
Occupancy_Maui,1992-10-01,-10.380116959064335,outcome,island
Occupancy_Maui,1992-11-01,-13.150289017341043,outcome,island
Occupancy_Maui,1992-12-01,-3.863987635239563,outcome,island
Occupancy_Maui,1993-01-01,-0.1686340640809303,outcome,island
Occupancy_Maui,1993-02-01,14.150943396226424,outcome,island
Occupancy_Maui,1993-03-01,-6.902086677367569,outcome,island
Occupancy_Maui,1993-04-01,-11.964549483013299,outcome,island
Occupancy_Maui,1993-05-01,-7.2289156626506035,outcome,island
Occupancy_Maui,1993-06-01,-6.158357771261002,outcome,island
Occupancy_Maui,1993-07-01,-11.045655375552288,outcome,island
Occupancy_Maui,1993-08-01,-11.33720930232558,outcome,island
Occupancy_Maui,1993-09-01,8.858858858858865,outcome,island
Occupancy_Maui,1993-10-01,19.249592169657426,outcome,island
Occupancy_Maui,1993-11-01,20.63227953410982,outcome,island
Occupancy_Maui,1993-12-01,11.7363344051447,outcome,island
Occupancy_Maui,1994-01-01,21.959459459459453,outcome,island
Occupancy_Maui,1994-02-01,9.752066115702496,outcome,island
Occupancy_Maui,1994-03-01,17.068965517241395,outcome,island
Occupancy_Maui,1994-04-01,13.590604026845643,outcome,island
Occupancy_Maui,1994-05-01,11.363636363636353,outcome,island
Occupancy_Maui,1994-06-01,2.499999999999991,outcome,island
Occupancy_Maui,1994-07-01,9.27152317880795,outcome,island
Occupancy_Maui,1994-08-01,9.016393442622949,outcome,island
Occupancy_Maui,1994-09-01,-8.413793103448263,outcome,island
Occupancy_Maui,1994-10-01,-6.155950752393979,outcome,island
Occupancy_Maui,1994-11-01,-5.655172413793097,outcome,island
Occupancy_Maui,1994-12-01,1.726618705035965,outcome,island
Occupancy_Maui,1995-01-01,-6.232686980609414,outcome,island
Occupancy_Maui,1995-02-01,12.951807228915646,outcome,island
Occupancy_Maui,1995-03-01,8.836524300441816,outcome,island
Occupancy_Maui,1995-04-01,7.8286558345642465,outcome,island
Occupancy_Maui,1995-05-01,5.976676384839652,outcome,island
Occupancy_Maui,1995-06-01,15.091463414634166,outcome,island
Occupancy_Maui,1995-07-01,15.15151515151516,outcome,island
Occupancy_Maui,1995-08-01,12.481203007518783,outcome,island
Occupancy_Maui,1995-09-01,16.26506024096386,outcome,island
Occupancy_Maui,1995-10-01,10.05830903790088,outcome,island
Occupancy_Maui,1995-11-01,8.771929824561408,outcome,island
Occupancy_Maui,1995-12-01,7.355021216407365,outcome,island
Occupancy_Maui,1996-01-01,13.146233382570149,outcome,island
Occupancy_Maui,1996-02-01,-0.5333333333333412,outcome,island
Occupancy_Maui,1996-03-01,-2.43572395128554,outcome,island
Occupancy_Maui,1996-04-01,-2.0547945205479423,outcome,island
Occupancy_Maui,1996-05-01,-4.1265474552957375,outcome,island
Occupancy_Maui,1996-06-01,-5.165562913907296,outcome,island
Occupancy_Maui,1996-07-01,-7.500000000000007,outcome,island
Occupancy_Maui,1996-08-01,-4.411764705882348,outcome,island
Occupancy_Maui,1996-09-01,-8.290155440414516,outcome,island
Occupancy_Maui,1996-10-01,-5.562913907284772,outcome,island
Occupancy_Maui,1996-11-01,-5.645161290322587,outcome,island
Occupancy_Maui,1996-12-01,-9.222661396574438,outcome,island
Occupancy_Maui,1997-01-01,-4.177545691905992,outcome,island
Occupancy_Maui,1997-02-01,-3.0831099195710365,outcome,island
Occupancy_Maui,1997-03-01,0.6934812760055475,outcome,island
Occupancy_Maui,1997-04-01,0.0,outcome,island
Occupancy_Maui,1997-05-01,2.295552367288378,outcome,island
Occupancy_Maui,1997-06-01,-1.3966480446927387,outcome,island
Occupancy_Maui,1997-07-01,4.97866287339972,outcome,island
Occupancy_Maui,1997-08-01,2.657342657342676,outcome,island
Occupancy_Maui,1997-09-01,1.9774011299435124,outcome,island
Occupancy_Maui,1997-10-01,-1.2622720897615625,outcome,island
Occupancy_Maui,1997-11-01,3.703703703703698,outcome,island
Occupancy_Maui,1997-12-01,6.966618287372994,outcome,island
Occupancy_Maui,1998-01-01,-0.5449591280654031,outcome,island
Occupancy_Maui,1998-02-01,-1.7980636237897585,outcome,island
Occupancy_Maui,1998-03-01,0.9641873278236845,outcome,island
Occupancy_Maui,1998-04-01,4.475524475524484,outcome,island
Occupancy_Maui,1998-05-01,2.103786816269282,outcome,island
Occupancy_Maui,1998-06-01,13.456090651558084,outcome,island
Occupancy_Maui,1998-07-01,-5.420054200542001,outcome,island
Occupancy_Maui,1998-08-01,-2.043596730245234,outcome,island
Occupancy_Maui,1998-09-01,1.9390581717451338,outcome,island
Occupancy_Maui,1998-10-01,8.52272727272727,outcome,island
Occupancy_Maui,1998-11-01,1.3736263736263687,outcome,island
Occupancy_Maui,1998-12-01,3.663500678426046,outcome,island
Occupancy_Maui,1999-01-01,5.890410958904102,outcome,island
Occupancy_Maui,1999-02-01,9.999999999999986,outcome,island
Occupancy_Maui,1999-03-01,6.139154160982274,outcome,island
Occupancy_Maui,1999-04-01,2.008032128514059,outcome,island
Occupancy_Maui,1999-05-01,3.434065934065944,outcome,island
Occupancy_Maui,1999-06-01,-5.118601747815221,outcome,island
Occupancy_Maui,1999-07-01,11.031518624641844,outcome,island
Occupancy_Maui,1999-08-01,8.066759388038935,outcome,island
Occupancy_Maui,1999-09-01,5.7065217391304435,outcome,island
Occupancy_Maui,1999-10-01,4.973821989528782,outcome,island
Occupancy_Maui,1999-11-01,6.368563685636852,outcome,island
Occupancy_Maui,1999-12-01,-4.973821989528815,outcome,island
Occupancy_Maui,2000-01-01,-2.7166882276843385,outcome,island
Occupancy_Maui,2000-02-01,2.0486555697823317,outcome,island
Occupancy_Maui,2000-03-01,2.6992287917738,outcome,island
Occupancy_Maui,2000-04-01,5.774278215223094,outcome,island
Occupancy_Maui,2000-05-01,9.694555112881797,outcome,island
Occupancy_Maui,2000-06-01,6.447368421052646,outcome,island
Occupancy_Maui,2000-07-01,3.8709677419354938,outcome,island
Occupancy_Maui,2000-08-01,0.0,outcome,island
Occupancy_Maui,2000-09-01,6.29820051413883,outcome,island
Occupancy_Maui,2000-10-01,-0.37406483790523026,outcome,island
Occupancy_Maui,2000-11-01,4.713375796178343,outcome,island
Occupancy_Maui,2000-12-01,11.707988980716255,outcome,island
Occupancy_Maui,2001-01-01,6.25,outcome,island
Occupancy_Maui,2001-02-01,-4.265997490589724,outcome,island
Occupancy_Maui,2001-03-01,-3.629536921151444,outcome,island
Occupancy_Maui,2001-04-01,-5.459057071960283,outcome,island
Occupancy_Maui,2001-05-01,-8.232445520581111,outcome,island
Occupancy_Maui,2001-06-01,-6.551297898640307,outcome,island
Occupancy_Maui,2001-07-01,-6.3354037267080665,outcome,island
Occupancy_Maui,2001-08-01,-4.375804375804382,outcome,island
Occupancy_Maui,2001-09-01,-24.304715840386937,outcome,island
Occupancy_Maui,2001-10-01,-20.525657071339175,outcome,island
Occupancy_Maui,2001-11-01,-15.328467153284686,outcome,island
Occupancy_Maui,2001-12-01,-16.64611590628854,outcome,island
Occupancy_Maui,2002-01-01,-15.269086357947437,outcome,island
Occupancy_Maui,2002-02-01,-7.339449541284393,outcome,island
Occupancy_Maui,2002-03-01,-7.66233766233767,outcome,island
Occupancy_Maui,2002-04-01,-6.16797900262468,outcome,island
Occupancy_Maui,2002-05-01,-6.33245382585752,outcome,island
Occupancy_Maui,2002-06-01,-1.9841269841269882,outcome,island
Occupancy_Maui,2002-07-01,-3.4482758620689724,outcome,island
Occupancy_Maui,2002-08-01,0.2691790040376896,outcome,island
Occupancy_Maui,2002-09-01,12.140575079872207,outcome,island
Occupancy_Maui,2002-10-01,12.913385826771663,outcome,island
Occupancy_Maui,2002-11-01,-2.011494252873547,outcome,island
Occupancy_Maui,2002-12-01,6.065088757396464,outcome,island
Occupancy_Maui,2003-01-01,8.124076809453463,outcome,island
Occupancy_Maui,2003-02-01,2.6874115983026803,outcome,island
Occupancy_Maui,2003-03-01,1.5471167369901728,outcome,island
Occupancy_Maui,2003-04-01,2.2377622377622197,outcome,island
Occupancy_Maui,2003-05-01,4.507042253521121,outcome,island
Occupancy_Maui,2003-06-01,-0.26990553306340814,outcome,island
Occupancy_Maui,2003-07-01,6.181318681318682,outcome,island
Occupancy_Maui,2003-08-01,3.7583892617449655,outcome,island
Occupancy_Maui,2003-09-01,4.131054131054124,outcome,island
Occupancy_Maui,2003-10-01,3.34728033472802,outcome,island
Occupancy_Maui,2003-11-01,9.384164222873892,outcome,island
Occupancy_Maui,2003-12-01,10.878661087866103,outcome,island
Occupancy_Maui,2004-01-01,6.9672131147541005,outcome,island
Occupancy_Maui,2004-02-01,4.545454545454564,outcome,island
Occupancy_Maui,2004-03-01,7.063711911357329,outcome,island
Occupancy_Maui,2004-04-01,9.302325581395365,outcome,island
Occupancy_Maui,2004-05-01,5.9299191374663,outcome,island
Occupancy_Maui,2004-06-01,5.142083897158312,outcome,island
Occupancy_Maui,2004-07-01,-0.6468305304010324,outcome,island
Occupancy_Maui,2004-08-01,0.0,outcome,island
Occupancy_Maui,2004-09-01,7.934336525307817,outcome,island
Occupancy_Maui,2004-10-01,5.533063427800289,outcome,island
Occupancy_Maui,2004-11-01,4.155495978552293,outcome,island
Occupancy_Maui,2004-12-01,-2.8930817610062887,outcome,island
Occupancy_Maui,2005-01-01,0.5108556832694733,outcome,island
Occupancy_Maui,2005-02-01,3.4255599472990728,outcome,island
Occupancy_Maui,2005-03-01,3.6222509702457995,outcome,island
Occupancy_Maui,2005-04-01,-2.8785982478097716,outcome,island
Occupancy_Maui,2005-05-01,2.7989821882951738,outcome,island
Occupancy_Maui,2005-06-01,5.662805662805659,outcome,island
Occupancy_Maui,2005-07-01,3.645833333333326,outcome,island
Occupancy_Maui,2005-08-01,-0.2587322121604174,outcome,island
Occupancy_Maui,2005-09-01,2.4081115335867986,outcome,island
Occupancy_Maui,2005-10-01,2.4296675191815664,outcome,island
Occupancy_Maui,2005-11-01,2.445302445302433,outcome,island
Occupancy_Maui,2005-12-01,2.3316062176165664,outcome,island
Occupancy_Maui,2006-01-01,1.3977128335451061,outcome,island
Occupancy_Maui,2006-02-01,0.6369426751592355,outcome,island
Occupancy_Maui,2006-03-01,-1.8726591760299671,outcome,island
Occupancy_Maui,2006-04-01,5.154639175257736,outcome,island
Occupancy_Maui,2006-05-01,2.722772277227725,outcome,island
Occupancy_Maui,2006-06-01,-1.8270401948842885,outcome,island
Occupancy_Maui,2006-07-01,0.7537688442211143,outcome,island
Occupancy_Maui,2006-08-01,3.2425421530480003,outcome,island
Occupancy_Maui,2006-09-01,0.3712871287128605,outcome,island
Occupancy_Maui,2006-10-01,-1.1235955056179692,outcome,island
Occupancy_Maui,2006-11-01,-2.8894472361808976,outcome,island
Occupancy_Maui,2006-12-01,-0.5063291139240533,outcome,island
Occupancy_Maui,2007-01-01,-5.137844611528819,outcome,island
Occupancy_Maui,2007-02-01,-6.5822784810126596,outcome,island
Occupancy_Maui,2007-03-01,-5.343511450381666,outcome,island
Occupancy_Maui,2007-04-01,-9.926470588235292,outcome,island
Occupancy_Maui,2007-05-01,-11.204819277108435,outcome,island
Occupancy_Maui,2007-06-01,-5.831265508684846,outcome,island
Occupancy_Maui,2007-07-01,-4.738154613466328,outcome,island
Occupancy_Maui,2007-08-01,-4.0201005025125465,outcome,island
Occupancy_Maui,2007-09-01,-4.808877928483346,outcome,island
Occupancy_Maui,2007-10-01,-2.777777777777779,outcome,island
Occupancy_Maui,2007-11-01,0.5174644243208348,outcome,island
Occupancy_Maui,2007-12-01,-2.9262086513994867,outcome,island
Occupancy_Maui,2008-01-01,0.0,outcome,island
Occupancy_Maui,2008-02-01,1.2195121951219523,outcome,island
Occupancy_Maui,2008-03-01,-0.13440860215054862,outcome,island
Occupancy_Maui,2008-04-01,-3.129251700680269,outcome,island
Occupancy_Maui,2008-05-01,-4.341926729986434,outcome,island
Occupancy_Maui,2008-06-01,-13.438735177865613,outcome,island
Occupancy_Maui,2008-07-01,-14.92146596858639,outcome,island
Occupancy_Maui,2008-08-01,-14.267015706806285,outcome,island
Occupancy_Maui,2008-09-01,-19.430051813471504,outcome,island
Occupancy_Maui,2008-10-01,-17.01298701298701,outcome,island
Occupancy_Maui,2008-11-01,-16.602316602316613,outcome,island
Occupancy_Maui,2008-12-01,-19.528178243774576,outcome,island
Occupancy_Maui,2009-01-01,-22.985468956406873,outcome,island
Occupancy_Maui,2009-02-01,-19.009370816599734,outcome,island
Occupancy_Maui,2009-03-01,-22.20726783310902,outcome,island
Occupancy_Maui,2009-04-01,-19.522471910112372,outcome,island
Occupancy_Maui,2009-05-01,-17.163120567375888,outcome,island
Occupancy_Maui,2009-06-01,-8.066971080669717,outcome,island
Occupancy_Maui,2009-07-01,-9.230769230769232,outcome,island
Occupancy_Maui,2009-08-01,-7.938931297709928,outcome,island
Occupancy_Maui,2009-09-01,-5.787781350482312,outcome,island
Occupancy_Maui,2009-10-01,-7.824726134585291,outcome,island
Occupancy_Maui,2009-11-01,-11.111111111111105,outcome,island
Occupancy_Maui,2009-12-01,0.32573289902280145,outcome,island
Occupancy_Maui,2010-01-01,10.463121783876517,outcome,island
Occupancy_Maui,2010-02-01,9.58677685950413,outcome,island
Occupancy_Maui,2010-03-01,14.013840830449853,outcome,island
Occupancy_Maui,2010-04-01,17.452006980802803,outcome,island
Occupancy_Maui,2010-05-01,14.04109589041096,outcome,island
Occupancy_Maui,2010-06-01,12.25165562913908,outcome,island
Occupancy_Maui,2010-07-01,18.81355932203388,outcome,island
Occupancy_Maui,2010-08-01,16.417910447761198,outcome,island
Occupancy_Maui,2010-09-01,19.11262798634812,outcome,island
Occupancy_Maui,2010-10-01,19.864176570458405,outcome,island
Occupancy_Maui,2010-11-01,21.180555555555557,outcome,island
Occupancy_Maui,2010-12-01,12.175324675324672,outcome,island
Occupancy_Maui,2011-01-01,8.229813664596275,outcome,island
Occupancy_Maui,2011-02-01,8.748114630467562,outcome,island
Occupancy_Maui,2011-03-01,8.952959028831554,outcome,island
Occupancy_Maui,2011-04-01,4.011887072808329,outcome,island
Occupancy_Maui,2011-05-01,0.9009009009009139,outcome,island
Occupancy_Maui,2011-06-01,1.3274336283185972,outcome,island
Occupancy_Maui,2011-07-01,-0.7132667617689048,outcome,island
Occupancy_Maui,2011-08-01,-1.851851851851849,outcome,island
Occupancy_Maui,2011-09-01,3.4383954154727947,outcome,island
Occupancy_Maui,2011-10-01,-0.9915014164305735,outcome,island
Occupancy_Maui,2011-11-01,3.4383954154727947,outcome,island
Occupancy_Maui,2011-12-01,2.170767004341534,outcome,island
Occupancy_Maui,2012-01-01,5.595408895265419,outcome,island
Occupancy_Maui,2012-02-01,1.1095700416088983,outcome,island
Occupancy_Maui,2012-03-01,0.9749303621169991,outcome,island
Occupancy_Maui,2012-04-01,3.285714285714292,outcome,island
Occupancy_Maui,2012-05-01,4.315476190476186,outcome,island
Occupancy_Maui,2012-06-01,1.6011644832605532,outcome,island
Occupancy_Maui,2012-07-01,3.5919540229885083,outcome,island
Occupancy_Maui,2012-08-01,6.3860667634252355,outcome,island
Occupancy_Maui,2012-09-01,-1.8005540166204925,outcome,island
Occupancy_Maui,2012-10-01,3.862660944205998,outcome,island
Occupancy_Maui,2012-11-01,2.3545706371191244,outcome,island
Occupancy_Maui,2012-12-01,6.0906515580736675,outcome,island
Occupancy_Maui,2013-01-01,1.2228260869565188,outcome,island
Occupancy_Maui,2013-02-01,-0.4115226337448763,outcome,island
Occupancy_Maui,2013-03-01,0.6896551724137945,outcome,island
Occupancy_Maui,2013-04-01,2.0746887966804906,outcome,island
Occupancy_Maui,2013-05-01,2.1398002853067144,outcome,island
Occupancy_Maui,2013-06-01,2.5787965616045794,outcome,island
Occupancy_Maui,2013-07-01,-0.6934812760055475,outcome,island
Occupancy_Maui,2013-08-01,-1.3642564802182844,outcome,island
Occupancy_Maui,2013-09-01,-2.3977433004231385,outcome,island
Occupancy_Maui,2013-10-01,-4.683195592286493,outcome,island
Occupancy_Maui,2013-11-01,-5.683355886332886,outcome,island
Occupancy_Maui,2013-12-01,-5.206942590120168,outcome,island
Occupancy_Maui,2014-01-01,-3.2214765100671228,outcome,island
Occupancy_Maui,2014-02-01,-0.13774104683195176,outcome,island
Occupancy_Maui,2014-03-01,-1.5068493150684814,outcome,island
Occupancy_Maui,2014-04-01,-4.0650406504065035,outcome,island
Occupancy_Maui,2014-05-01,0.41899441340784715,outcome,island
Occupancy_Maui,2014-06-01,-2.9329608938547413,outcome,island
Occupancy_Maui,2014-07-01,-0.27932960893852776,outcome,island
Occupancy_Maui,2014-08-01,-1.9363762102351245,outcome,island
Occupancy_Maui,2014-09-01,7.803468208092479,outcome,island
Occupancy_Maui,2014-10-01,7.080924855491322,outcome,island
Occupancy_Maui,2014-11-01,5.882352941176472,outcome,island
Occupancy_Maui,2014-12-01,5.211267605633796,outcome,island
Occupancy_Maui,2015-01-01,2.0804438280166426,outcome,island
Occupancy_Maui,2015-02-01,0.4137931034482678,outcome,island
Occupancy_Maui,2015-03-01,2.9207232267037364,outcome,island
Occupancy_Maui,2015-04-01,3.1073446327683607,outcome,island
Occupancy_Maui,2015-05-01,4.450625869262859,outcome,island
Occupancy_Maui,2015-06-01,11.223021582733805,outcome,island
Occupancy_Maui,2015-07-01,3.361344537815114,outcome,island
Occupancy_Maui,2015-08-01,4.795486600846255,outcome,island
Occupancy_Maui,2015-09-01,-1.4745308310991856,outcome,island
Occupancy_Maui,2015-10-01,1.2145748987854255,outcome,island
Occupancy_Maui,2015-11-01,2.168021680216814,outcome,island
Occupancy_Maui,2015-12-01,-0.13386880856761652,outcome,island
Occupancy_Maui,2016-01-01,0.9510869565217517,outcome,island
Occupancy_Maui,2016-02-01,1.236263736263754,outcome,island
Occupancy_Maui,2016-03-01,1.75675675675675,outcome,island
Occupancy_Maui,2016-04-01,4.520547945205466,outcome,island
Occupancy_Maui,2016-05-01,0.5326231691078709,outcome,island
Occupancy_Maui,2016-06-01,-1.9404915912031084,outcome,island
Occupancy_Maui,2016-07-01,0.6775067750677488,outcome,island
Occupancy_Maui,2016-08-01,2.1534320323014944,outcome,island
Occupancy_Maui,2016-09-01,5.986394557823127,outcome,island
Occupancy_Maui,2016-10-01,3.200000000000003,outcome,island
Occupancy_Maui,2016-11-01,1.3262599469495928,outcome,island
Occupancy_Maui,2016-12-01,3.887399463806984,outcome,island
Occupancy_Maui,2017-01-01,2.5572005383580176,outcome,island
Occupancy_Maui,2017-02-01,0.9497964721845387,outcome,island
Occupancy_Maui,2017-03-01,0.5312084993359889,outcome,island
Occupancy_Maui,2017-04-01,1.8348623853211121,outcome,island
Occupancy_Maui,2017-05-01,3.7086092715231667,outcome,island
Occupancy_Maui,2017-06-01,1.715039577836408,outcome,island
Occupancy_Maui,2017-07-01,4.4414535666218,outcome,island
Occupancy_Maui,2017-08-01,2.1080368906455815,outcome,island
Occupancy_Maui,2017-09-01,0.6418485237484006,outcome,island
Occupancy_Maui,2017-10-01,0.9043927648578753,outcome,island
Occupancy_Maui,2017-11-01,2.0942408376963373,outcome,island
Occupancy_Maui,2017-12-01,-0.2580645161290307,outcome,island
Occupancy_Maui,2018-01-01,2.099737532808388,outcome,island
Occupancy_Maui,2018-02-01,3.897849462365577,outcome,island
Occupancy_Maui,2018-03-01,-0.13210039630120463,outcome,island
Occupancy_Maui,2018-04-01,0.38610038610038533,outcome,island
Occupancy_Maui,2018-05-01,-0.3831417624520994,outcome,island
Occupancy_Maui,2018-06-01,-1.2970168612191912,outcome,island
Occupancy_Maui,2018-07-01,0.6443298969072142,outcome,island
Occupancy_Maui,2018-08-01,-5.032258064516137,outcome,island
Occupancy_Maui,2018-09-01,-2.6785714285714413,outcome,island
Occupancy_Maui,2018-10-01,-5.121638924455829,outcome,island
Occupancy_Maui,2018-11-01,-1.9230769230769273,outcome,island
Occupancy_Maui,2018-12-01,-6.985769728331171,outcome,island
Occupancy_Maui,2019-01-01,-4.627249357326468,outcome,island
Occupancy_Maui,2019-02-01,-2.7166882276843385,outcome,island
Occupancy_Maui,2019-03-01,0.3968253968254176,outcome,island
Occupancy_Maui,2019-04-01,0.0,outcome,island
Occupancy_Maui,2019-05-01,1.153846153846172,outcome,island
Occupancy_Maui,2019-06-01,3.8107752956636043,outcome,island
Occupancy_Maui,2019-07-01,1.2804097311139628,outcome,island
Occupancy_Maui,2019-08-01,9.510869565217384,outcome,island
Occupancy_Maui,2019-09-01,1.8348623853211121,outcome,island
Occupancy_Maui,2019-10-01,7.557354925775983,outcome,island
Occupancy_Maui,2019-11-01,1.8300653594771399,outcome,island
Occupancy_Maui,2019-12-01,8.901251738525717,outcome,island
Occupancy_Maui,2020-01-01,2.425876010781658,outcome,island
Occupancy_Maui,2020-02-01,1.46276595744681,outcome,island
Occupancy_Maui,2020-03-01,-40.7114624505929,outcome,island
Occupancy_Maui,2020-04-01,-85.8974358974359,outcome,island
Occupancy_Maui,2020-05-01,-83.65019011406845,outcome,island
Occupancy_Maui,2020-06-01,-91.13924050632912,outcome,island
Occupancy_Maui,2020-07-01,-85.20859671302149,outcome,island
Occupancy_Maui,2020-08-01,-89.0818858560794,outcome,island
Occupancy_Maui,2020-09-01,-77.22007722007721,outcome,island
Occupancy_Maui,2020-10-01,-81.30489335006274,outcome,island
Occupancy_Maui,2020-11-01,-73.0423620025674,outcome,island
Occupancy_Maui,2020-12-01,-66.41123882503193,outcome,island
Occupancy_Oahu,1991-01-01,-6.087936865839916,outcome,island
Occupancy_Oahu,1991-02-01,-23.165137614678898,outcome,island
Occupancy_Oahu,1991-03-01,-23.17073170731708,outcome,island
Occupancy_Oahu,1991-04-01,-12.330316742081449,outcome,island
Occupancy_Oahu,1991-05-01,-10.103329506314573,outcome,island
Occupancy_Oahu,1991-06-01,-0.9389671361502261,outcome,island
Occupancy_Oahu,1991-07-01,-4.009163802978232,outcome,island
Occupancy_Oahu,1991-08-01,-1.997649823736769,outcome,island
Occupancy_Oahu,1991-09-01,1.8072289156626509,outcome,island
Occupancy_Oahu,1991-10-01,-3.7296037296037365,outcome,island
Occupancy_Oahu,1991-11-01,-1.773049645390068,outcome,island
Occupancy_Oahu,1991-12-01,3.9653035935563796,outcome,island
Occupancy_Oahu,1992-01-01,-0.9603841536614643,outcome,island
Occupancy_Oahu,1992-02-01,22.686567164179117,outcome,island
Occupancy_Oahu,1992-03-01,14.574314574314595,outcome,island
Occupancy_Oahu,1992-04-01,4.516129032258065,outcome,island
Occupancy_Oahu,1992-05-01,4.469987228607919,outcome,island
Occupancy_Oahu,1992-06-01,-9.834123222748826,outcome,island
Occupancy_Oahu,1992-07-01,-7.040572792362754,outcome,island
Occupancy_Oahu,1992-08-01,-5.515587529976029,outcome,island
Occupancy_Oahu,1992-09-01,-3.5502958579881616,outcome,island
Occupancy_Oahu,1992-10-01,-3.9951573849878907,outcome,island
Occupancy_Oahu,1992-11-01,-3.369434416365824,outcome,island
Occupancy_Oahu,1992-12-01,-5.363528009535157,outcome,island
Occupancy_Oahu,1993-01-01,-4.969696969696957,outcome,island
Occupancy_Oahu,1993-02-01,-9.367396593673972,outcome,island
Occupancy_Oahu,1993-03-01,-5.289672544080604,outcome,island
Occupancy_Oahu,1993-04-01,-6.172839506172845,outcome,island
Occupancy_Oahu,1993-05-01,-5.378973105134466,outcome,island
Occupancy_Oahu,1993-06-01,0.5256241787122251,outcome,island
Occupancy_Oahu,1993-07-01,-3.0808729139923052,outcome,island
Occupancy_Oahu,1993-08-01,-0.3807106598984755,outcome,island
Occupancy_Oahu,1993-09-01,-7.484662576687107,outcome,island
Occupancy_Oahu,1993-10-01,-2.0176544766708604,outcome,island
Occupancy_Oahu,1993-11-01,-3.486924034869232,outcome,island
Occupancy_Oahu,1993-12-01,0.6297229219143663,outcome,island
Occupancy_Oahu,1994-01-01,-1.0204081632653184,outcome,island
Occupancy_Oahu,1994-02-01,10.872483221476493,outcome,island
Occupancy_Oahu,1994-03-01,13.031914893617014,outcome,island
Occupancy_Oahu,1994-04-01,3.6842105263157787,outcome,island
Occupancy_Oahu,1994-05-01,4.909560723514206,outcome,island
Occupancy_Oahu,1994-06-01,6.928104575163396,outcome,island
Occupancy_Oahu,1994-07-01,5.033112582781452,outcome,island
Occupancy_Oahu,1994-08-01,2.547770700636942,outcome,island
Occupancy_Oahu,1994-09-01,7.029177718832891,outcome,island
Occupancy_Oahu,1994-10-01,2.8314028314028405,outcome,island
Occupancy_Oahu,1994-11-01,4.645161290322575,outcome,island
Occupancy_Oahu,1994-12-01,2.8785982478097605,outcome,island
Occupancy_Oahu,1995-01-01,7.0876288659793785,outcome,island
Occupancy_Oahu,1995-02-01,-5.811138014527839,outcome,island
Occupancy_Oahu,1995-03-01,-6.470588235294117,outcome,island
Occupancy_Oahu,1995-04-01,-2.1573604060913687,outcome,island
Occupancy_Oahu,1995-05-01,-3.6945812807881784,outcome,island
Occupancy_Oahu,1995-06-01,-1.9559902200488977,outcome,island
Occupancy_Oahu,1995-07-01,2.522068095838592,outcome,island
Occupancy_Oahu,1995-08-01,1.9875776397515477,outcome,island
Occupancy_Oahu,1995-09-01,0.9913258983890838,outcome,island
Occupancy_Oahu,1995-10-01,1.3767209011263937,outcome,island
Occupancy_Oahu,1995-11-01,1.2330456226880449,outcome,island
Occupancy_Oahu,1995-12-01,0.0,outcome,island
Occupancy_Oahu,1996-01-01,-0.7220216606498076,outcome,island
Occupancy_Oahu,1996-02-01,7.069408740359906,outcome,island
Occupancy_Oahu,1996-03-01,2.515723270440251,outcome,island
Occupancy_Oahu,1996-04-01,4.280155642023353,outcome,island
Occupancy_Oahu,1996-05-01,3.7084398976982014,outcome,island
Occupancy_Oahu,1996-06-01,5.486284289276799,outcome,island
Occupancy_Oahu,1996-07-01,0.6150061500614923,outcome,island
Occupancy_Oahu,1996-08-01,-1.218026796589522,outcome,island
Occupancy_Oahu,1996-09-01,-1.8404907975460127,outcome,island
Occupancy_Oahu,1996-10-01,-4.320987654320985,outcome,island
Occupancy_Oahu,1996-11-01,-6.455542021924476,outcome,island
Occupancy_Oahu,1996-12-01,-3.649635036496346,outcome,island
Occupancy_Oahu,1997-01-01,-5.575757575757567,outcome,island
Occupancy_Oahu,1997-02-01,-5.642256902761112,outcome,island
Occupancy_Oahu,1997-03-01,-2.331288343558291,outcome,island
Occupancy_Oahu,1997-04-01,2.1144278606965106,outcome,island
Occupancy_Oahu,1997-05-01,-3.4525277435265123,outcome,island
Occupancy_Oahu,1997-06-01,-11.820330969267145,outcome,island
Occupancy_Oahu,1997-07-01,-8.312958435207818,outcome,island
Occupancy_Oahu,1997-08-01,-7.274969173859425,outcome,island
Occupancy_Oahu,1997-09-01,-1.750000000000007,outcome,island
Occupancy_Oahu,1997-10-01,-0.6451612903225823,outcome,island
Occupancy_Oahu,1997-11-01,-0.26041666666667407,outcome,island
Occupancy_Oahu,1997-12-01,-4.545454545454552,outcome,island
Occupancy_Oahu,1998-01-01,-2.8241335044929428,outcome,island
Occupancy_Oahu,1998-02-01,-5.343511450381666,outcome,island
Occupancy_Oahu,1998-03-01,-9.296482412060293,outcome,island
Occupancy_Oahu,1998-04-01,-9.744214372716197,outcome,island
Occupancy_Oahu,1998-05-01,-6.896551724137923,outcome,island
Occupancy_Oahu,1998-06-01,-4.959785522788184,outcome,island
Occupancy_Oahu,1998-07-01,-2.0000000000000018,outcome,island
Occupancy_Oahu,1998-08-01,-5.585106382978722,outcome,island
Occupancy_Oahu,1998-09-01,-9.541984732824426,outcome,island
Occupancy_Oahu,1998-10-01,-8.311688311688314,outcome,island
Occupancy_Oahu,1998-11-01,-7.310704960835501,outcome,island
Occupancy_Oahu,1998-12-01,-6.084656084656082,outcome,island
Occupancy_Oahu,1999-01-01,-5.944517833553498,outcome,island
Occupancy_Oahu,1999-02-01,-2.822580645161299,outcome,island
Occupancy_Oahu,1999-03-01,-0.6925207756232732,outcome,island
Occupancy_Oahu,1999-04-01,-3.1039136302294157,outcome,island
Occupancy_Oahu,1999-05-01,-3.292181069958855,outcome,island
Occupancy_Oahu,1999-06-01,-1.8335684062059432,outcome,island
Occupancy_Oahu,1999-07-01,-2.7210884353741527,outcome,island
Occupancy_Oahu,1999-08-01,0.7042253521126751,outcome,island
Occupancy_Oahu,1999-09-01,3.6568213783403802,outcome,island
Occupancy_Oahu,1999-10-01,4.815864022662897,outcome,island
Occupancy_Oahu,1999-11-01,4.647887323943656,outcome,island
Occupancy_Oahu,1999-12-01,-3.5211267605633756,outcome,island
Occupancy_Oahu,2000-01-01,-1.5449438202247312,outcome,island
Occupancy_Oahu,2000-02-01,3.734439834024905,outcome,island
Occupancy_Oahu,2000-03-01,6.2761506276150625,outcome,island
Occupancy_Oahu,2000-04-01,6.685236768802216,outcome,island
Occupancy_Oahu,2000-05-01,7.943262411347507,outcome,island
Occupancy_Oahu,2000-06-01,16.522988505747136,outcome,island
Occupancy_Oahu,2000-07-01,6.9930069930070005,outcome,island
Occupancy_Oahu,2000-08-01,4.475524475524484,outcome,island
Occupancy_Oahu,2000-09-01,4.2062415196743475,outcome,island
Occupancy_Oahu,2000-10-01,4.054054054054057,outcome,island
Occupancy_Oahu,2000-11-01,5.114401076716013,outcome,island
Occupancy_Oahu,2000-12-01,10.510948905109485,outcome,island
Occupancy_Oahu,2001-01-01,11.982881597717565,outcome,island
Occupancy_Oahu,2001-02-01,2.6666666666666616,outcome,island
Occupancy_Oahu,2001-03-01,-2.3622047244094446,outcome,island
Occupancy_Oahu,2001-04-01,-4.308093994778062,outcome,island
Occupancy_Oahu,2001-05-01,-3.810775295663593,outcome,island
Occupancy_Oahu,2001-06-01,-10.480887792848337,outcome,island
Occupancy_Oahu,2001-07-01,-6.666666666666654,outcome,island
Occupancy_Oahu,2001-08-01,-2.008032128514059,outcome,island
Occupancy_Oahu,2001-09-01,-25.520833333333325,outcome,island
Occupancy_Oahu,2001-10-01,-28.961038961038955,outcome,island
Occupancy_Oahu,2001-11-01,-28.169014084507037,outcome,island
Occupancy_Oahu,2001-12-01,-19.68295904887716,outcome,island
Occupancy_Oahu,2002-01-01,-18.343949044585994,outcome,island
Occupancy_Oahu,2002-02-01,-10.909090909090914,outcome,island
Occupancy_Oahu,2002-03-01,-6.989247311827961,outcome,island
Occupancy_Oahu,2002-04-01,-5.72987721691679,outcome,island
Occupancy_Oahu,2002-05-01,0.4098360655737654,outcome,island
Occupancy_Oahu,2002-06-01,-0.550964187327807,outcome,island
Occupancy_Oahu,2002-07-01,-2.1008403361344574,outcome,island
Occupancy_Oahu,2002-08-01,-3.0054644808743203,outcome,island
Occupancy_Oahu,2002-09-01,16.78321678321677,outcome,island
Occupancy_Oahu,2002-10-01,28.15356489945153,outcome,island
Occupancy_Oahu,2002-11-01,28.342245989304814,outcome,island
Occupancy_Oahu,2002-12-01,23.190789473684227,outcome,island
Occupancy_Oahu,2003-01-01,13.884555382215291,outcome,island
Occupancy_Oahu,2003-02-01,4.5189504373178035,outcome,island
Occupancy_Oahu,2003-03-01,2.023121387283222,outcome,island
Occupancy_Oahu,2003-04-01,0.14471780028944004,outcome,island
Occupancy_Oahu,2003-05-01,-7.891156462585025,outcome,island
Occupancy_Oahu,2003-06-01,-4.8476454293628795,outcome,island
Occupancy_Oahu,2003-07-01,4.005722460658068,outcome,island
Occupancy_Oahu,2003-08-01,8.309859154929589,outcome,island
Occupancy_Oahu,2003-09-01,12.874251497006007,outcome,island
Occupancy_Oahu,2003-10-01,6.704707560627687,outcome,island
Occupancy_Oahu,2003-11-01,5.277777777777781,outcome,island
Occupancy_Oahu,2003-12-01,7.8771695594125335,outcome,island
Occupancy_Oahu,2004-01-01,4.657534246575357,outcome,island
Occupancy_Oahu,2004-02-01,8.926080892608068,outcome,island
Occupancy_Oahu,2004-03-01,11.3314447592068,outcome,island
Occupancy_Oahu,2004-04-01,13.294797687861282,outcome,island
Occupancy_Oahu,2004-05-01,16.248153618906947,outcome,island
Occupancy_Oahu,2004-06-01,19.213973799126638,outcome,island
Occupancy_Oahu,2004-07-01,14.855570839064637,outcome,island
Occupancy_Oahu,2004-08-01,3.3810143042912744,outcome,island
Occupancy_Oahu,2004-09-01,5.1724137931034475,outcome,island
Occupancy_Oahu,2004-10-01,9.75935828877006,outcome,island
Occupancy_Oahu,2004-11-01,4.353562005277034,outcome,island
Occupancy_Oahu,2004-12-01,-2.722772277227725,outcome,island
Occupancy_Oahu,2005-01-01,10.863874345549739,outcome,island
Occupancy_Oahu,2005-02-01,3.457106274007682,outcome,island
Occupancy_Oahu,2005-03-01,8.3969465648855,outcome,island
Occupancy_Oahu,2005-04-01,6.249999999999978,outcome,island
Occupancy_Oahu,2005-05-01,9.911054637865302,outcome,island
Occupancy_Oahu,2005-06-01,4.6398046398046455,outcome,island
Occupancy_Oahu,2005-07-01,2.6347305389221587,outcome,island
Occupancy_Oahu,2005-08-01,7.295597484276728,outcome,island
Occupancy_Oahu,2005-09-01,9.962168978562435,outcome,island
Occupancy_Oahu,2005-10-01,4.9939098660170655,outcome,island
Occupancy_Oahu,2005-11-01,6.573957016434906,outcome,island
Occupancy_Oahu,2005-12-01,10.814249363867678,outcome,island
Occupancy_Oahu,2006-01-01,0.35419126328217754,outcome,island
Occupancy_Oahu,2006-02-01,3.3415841584158557,outcome,island
Occupancy_Oahu,2006-03-01,-1.2910798122065859,outcome,island
Occupancy_Oahu,2006-04-01,2.521008403361358,outcome,island
Occupancy_Oahu,2006-05-01,-5.086705202312148,outcome,island
Occupancy_Oahu,2006-06-01,-0.3500583430571691,outcome,island
Occupancy_Oahu,2006-07-01,-1.516919486581092,outcome,island
Occupancy_Oahu,2006-08-01,-5.275498241500587,outcome,island
Occupancy_Oahu,2006-09-01,-6.766055045871566,outcome,island
Occupancy_Oahu,2006-10-01,-9.280742459396752,outcome,island
Occupancy_Oahu,2006-11-01,-0.3558718861209953,outcome,island
Occupancy_Oahu,2006-12-01,-9.184845005740527,outcome,island
Occupancy_Oahu,2007-01-01,-10.588235294117643,outcome,island
Occupancy_Oahu,2007-02-01,-9.221556886227544,outcome,island
Occupancy_Oahu,2007-03-01,-7.491082045184305,outcome,island
Occupancy_Oahu,2007-04-01,-9.016393442622949,outcome,island
Occupancy_Oahu,2007-05-01,-7.551766138855043,outcome,island
Occupancy_Oahu,2007-06-01,-7.962529274004693,outcome,island
Occupancy_Oahu,2007-07-01,-10.781990521327023,outcome,island
Occupancy_Oahu,2007-08-01,-4.331683168316836,outcome,island
Occupancy_Oahu,2007-09-01,-2.337023370233693,outcome,island
Occupancy_Oahu,2007-10-01,-2.941176470588236,outcome,island
Occupancy_Oahu,2007-11-01,-8.690476190476183,outcome,island
Occupancy_Oahu,2007-12-01,-3.792667509481673,outcome,island
Occupancy_Oahu,2008-01-01,2.763157894736845,outcome,island
Occupancy_Oahu,2008-02-01,4.089709762533,outcome,island
Occupancy_Oahu,2008-03-01,-0.6426735218509005,outcome,island
Occupancy_Oahu,2008-04-01,-1.2870012870012881,outcome,island
Occupancy_Oahu,2008-05-01,1.7127799736495364,outcome,island
Occupancy_Oahu,2008-06-01,-5.343511450381666,outcome,island
Occupancy_Oahu,2008-07-01,0.3984063745019917,outcome,island
Occupancy_Oahu,2008-08-01,-2.8460543337645583,outcome,island
Occupancy_Oahu,2008-09-01,-12.468513853904284,outcome,island
Occupancy_Oahu,2008-10-01,-2.503293807641638,outcome,island
Occupancy_Oahu,2008-11-01,-6.2581486310299805,outcome,island
Occupancy_Oahu,2008-12-01,-7.490144546649136,outcome,island
Occupancy_Oahu,2009-01-01,-11.139564660691404,outcome,island
Occupancy_Oahu,2009-02-01,-8.871989860583017,outcome,island
Occupancy_Oahu,2009-03-01,-9.573091849935311,outcome,island
Occupancy_Oahu,2009-04-01,-2.477183833116048,outcome,island
Occupancy_Oahu,2009-05-01,-5.699481865284984,outcome,island
Occupancy_Oahu,2009-06-01,-9.139784946236574,outcome,island
Occupancy_Oahu,2009-07-01,-5.555555555555536,outcome,island
Occupancy_Oahu,2009-08-01,-3.462050599201061,outcome,island
Occupancy_Oahu,2009-09-01,6.330935251798575,outcome,island
Occupancy_Oahu,2009-10-01,2.83783783783782,outcome,island
Occupancy_Oahu,2009-11-01,4.033379694019468,outcome,island
Occupancy_Oahu,2009-12-01,5.255681818181812,outcome,island
Occupancy_Oahu,2010-01-01,5.61959654178672,outcome,island
Occupancy_Oahu,2010-02-01,4.728789986091786,outcome,island
Occupancy_Oahu,2010-03-01,9.4420600858369,outcome,island
Occupancy_Oahu,2010-04-01,-0.2673796791443861,outcome,island
Occupancy_Oahu,2010-05-01,6.043956043956045,outcome,island
Occupancy_Oahu,2010-06-01,17.307692307692314,outcome,island
Occupancy_Oahu,2010-07-01,16.24649859943976,outcome,island
Occupancy_Oahu,2010-08-01,8.413793103448274,outcome,island
Occupancy_Oahu,2010-09-01,9.201623815967519,outcome,island
Occupancy_Oahu,2010-10-01,3.8107752956636043,outcome,island
Occupancy_Oahu,2010-11-01,5.3475935828877,outcome,island
Occupancy_Oahu,2010-12-01,10.6612685560054,outcome,island
Occupancy_Oahu,2011-01-01,11.186903137789916,outcome,island
Occupancy_Oahu,2011-02-01,7.968127490039834,outcome,island
Occupancy_Oahu,2011-03-01,4.18300653594772,outcome,island
Occupancy_Oahu,2011-04-01,5.764075067024144,outcome,island
Occupancy_Oahu,2011-05-01,2.979274611398952,outcome,island
Occupancy_Oahu,2011-06-01,-1.387137452711218,outcome,island
Occupancy_Oahu,2011-07-01,-6.3855421686746965,outcome,island
Occupancy_Oahu,2011-08-01,4.198473282442761,outcome,island
Occupancy_Oahu,2011-09-01,3.0978934324659146,outcome,island
Occupancy_Oahu,2011-10-01,4.303797468354431,outcome,island
Occupancy_Oahu,2011-11-01,3.426395939086291,outcome,island
Occupancy_Oahu,2011-12-01,1.9512195121951237,outcome,island
Occupancy_Oahu,2012-01-01,6.993865030674851,outcome,island
Occupancy_Oahu,2012-02-01,1.845018450184499,outcome,island
Occupancy_Oahu,2012-03-01,6.398996235884558,outcome,island
Occupancy_Oahu,2012-04-01,4.562737642585546,outcome,island
Occupancy_Oahu,2012-05-01,8.427672955974842,outcome,island
Occupancy_Oahu,2012-06-01,8.05626598465472,outcome,island
Occupancy_Oahu,2012-07-01,10.296010296010305,outcome,island
Occupancy_Oahu,2012-08-01,3.9072039072038933,outcome,island
Occupancy_Oahu,2012-09-01,0.6009615384615419,outcome,island
Occupancy_Oahu,2012-10-01,1.0922330097087318,outcome,island
Occupancy_Oahu,2012-11-01,4.66257668711656,outcome,island
Occupancy_Oahu,2012-12-01,1.7942583732057482,outcome,island
Occupancy_Oahu,2013-01-01,-0.8027522935779796,outcome,island
Occupancy_Oahu,2013-02-01,2.777777777777768,outcome,island
Occupancy_Oahu,2013-03-01,-0.5896226415094352,outcome,island
Occupancy_Oahu,2013-04-01,4.1212121212121255,outcome,island
Occupancy_Oahu,2013-05-01,-2.6682134570765625,outcome,island
Occupancy_Oahu,2013-06-01,-1.538461538461533,outcome,island
Occupancy_Oahu,2013-07-01,-4.317386231038512,outcome,island
Occupancy_Oahu,2013-08-01,-0.3525264394829586,outcome,island
Occupancy_Oahu,2013-09-01,-0.4778972520908087,outcome,island
Occupancy_Oahu,2013-10-01,-1.5606242496998712,outcome,island
Occupancy_Oahu,2013-11-01,-2.8135990621336315,outcome,island
Occupancy_Oahu,2013-12-01,-3.995299647473549,outcome,island
Occupancy_Oahu,2014-01-01,-1.7341040462427793,outcome,island
Occupancy_Oahu,2014-02-01,0.2350176263219872,outcome,island
Occupancy_Oahu,2014-03-01,0.47449584816132706,outcome,island
Occupancy_Oahu,2014-04-01,-4.423748544819572,outcome,island
Occupancy_Oahu,2014-05-01,-0.47675804529202503,outcome,island
Occupancy_Oahu,2014-06-01,1.9230769230769162,outcome,island
Occupancy_Oahu,2014-07-01,3.4146341463414664,outcome,island
Occupancy_Oahu,2014-08-01,-0.8254716981132115,outcome,island
Occupancy_Oahu,2014-09-01,2.1608643457383003,outcome,island
Occupancy_Oahu,2014-10-01,4.390243902439028,outcome,island
Occupancy_Oahu,2014-11-01,0.7237635705669376,outcome,island
Occupancy_Oahu,2014-12-01,2.0807833537331843,outcome,island
Occupancy_Oahu,2015-01-01,-3.88235294117647,outcome,island
Occupancy_Oahu,2015-02-01,-2.9308323563892125,outcome,island
Occupancy_Oahu,2015-03-01,0.35419126328217754,outcome,island
Occupancy_Oahu,2015-04-01,1.5834348355663996,outcome,island
Occupancy_Oahu,2015-05-01,4.191616766467066,outcome,island
Occupancy_Oahu,2015-06-01,2.948113207547176,outcome,island
Occupancy_Oahu,2015-07-01,-2.8301886792452713,outcome,island
Occupancy_Oahu,2015-08-01,0.11890606420927874,outcome,island
Occupancy_Oahu,2015-09-01,0.1175088131609936,outcome,island
Occupancy_Oahu,2015-10-01,2.8037383177570208,outcome,island
Occupancy_Oahu,2015-11-01,5.029940119760479,outcome,island
Occupancy_Oahu,2015-12-01,6.95443645083933,outcome,island
Occupancy_Oahu,2016-01-01,4.039167686658507,outcome,island
Occupancy_Oahu,2016-02-01,0.6038647342995196,outcome,island
Occupancy_Oahu,2016-03-01,-1.5294117647058791,outcome,island
Occupancy_Oahu,2016-04-01,2.1582733812949506,outcome,island
Occupancy_Oahu,2016-05-01,-2.1839080459770233,outcome,island
Occupancy_Oahu,2016-06-01,-4.581901489117978,outcome,island
Occupancy_Oahu,2016-07-01,0.6067961165048485,outcome,island
Occupancy_Oahu,2016-08-01,-1.187648456057011,outcome,island
Occupancy_Oahu,2016-09-01,-0.46948356807512415,outcome,island
Occupancy_Oahu,2016-10-01,-2.840909090909094,outcome,island
Occupancy_Oahu,2016-11-01,-3.420752565564422,outcome,island
Occupancy_Oahu,2016-12-01,-4.7085201793722,outcome,island
Occupancy_Oahu,2017-01-01,-0.9411764705882342,outcome,island
Occupancy_Oahu,2017-02-01,-0.8403361344537896,outcome,island
Occupancy_Oahu,2017-03-01,-2.508960573476715,outcome,island
Occupancy_Oahu,2017-04-01,-2.464788732394374,outcome,island
Occupancy_Oahu,2017-05-01,-1.762632197414804,outcome,island
Occupancy_Oahu,2017-06-01,1.5606242496998712,outcome,island
Occupancy_Oahu,2017-07-01,0.4825090470446325,outcome,island
Occupancy_Oahu,2017-08-01,-0.6009615384615419,outcome,island
Occupancy_Oahu,2017-09-01,-2.240566037735836,outcome,island
Occupancy_Oahu,2017-10-01,-1.871345029239757,outcome,island
Occupancy_Oahu,2017-11-01,1.5348288075560879,outcome,island
Occupancy_Oahu,2017-12-01,-1.17647058823529,outcome,island
Occupancy_Oahu,2018-01-01,0.3562945368170922,outcome,island
Occupancy_Oahu,2018-02-01,2.1791767554479646,outcome,island
Occupancy_Oahu,2018-03-01,3.799019607843146,outcome,island
Occupancy_Oahu,2018-04-01,2.527075812274382,outcome,island
Occupancy_Oahu,2018-05-01,2.6315789473684292,outcome,island
Occupancy_Oahu,2018-06-01,0.0,outcome,island
Occupancy_Oahu,2018-07-01,-1.8007202881152429,outcome,island
Occupancy_Oahu,2018-08-01,-1.45102781136639,outcome,island
Occupancy_Oahu,2018-09-01,0.3618817852834688,outcome,island
Occupancy_Oahu,2018-10-01,-0.47675804529202503,outcome,island
Occupancy_Oahu,2018-11-01,-2.7906976744186074,outcome,island
Occupancy_Oahu,2018-12-01,0.0,outcome,island
Occupancy_Oahu,2019-01-01,-0.35502958579881616,outcome,island
Occupancy_Oahu,2019-02-01,-0.82938388625593,outcome,island
Occupancy_Oahu,2019-03-01,-2.5974025974025983,outcome,island
Occupancy_Oahu,2019-04-01,-3.7558685446009377,outcome,island
Occupancy_Oahu,2019-05-01,-0.4662004662004615,outcome,island
Occupancy_Oahu,2019-06-01,0.0,outcome,island
Occupancy_Oahu,2019-07-01,-0.7334963325183352,outcome,island
Occupancy_Oahu,2019-08-01,4.66257668711656,outcome,island
Occupancy_Oahu,2019-09-01,-0.24038461538461453,outcome,island
Occupancy_Oahu,2019-10-01,1.7964071856287456,outcome,island
Occupancy_Oahu,2019-11-01,3.8277511961722466,outcome,island
Occupancy_Oahu,2019-12-01,2.0238095238095166,outcome,island
Occupancy_Oahu,2020-01-01,7.007125890736332,outcome,island
Occupancy_Oahu,2020-02-01,-0.35842293906809264,outcome,island
Occupancy_Oahu,2020-03-01,-46.666666666666664,outcome,island
Occupancy_Oahu,2020-04-01,-90.0,outcome,island
Occupancy_Oahu,2020-05-01,-84.192037470726,outcome,island
Occupancy_Oahu,2020-06-01,-82.50591016548464,outcome,island
Occupancy_Oahu,2020-07-01,-73.64532019704434,outcome,island
Occupancy_Oahu,2020-08-01,-69.87104337631888,outcome,island
Occupancy_Oahu,2020-09-01,-74.69879518072288,outcome,island
Occupancy_Oahu,2020-10-01,-73.29411764705883,outcome,island
Occupancy_Oahu,2020-11-01,-72.35023041474655,outcome,island
Occupancy_Oahu,2020-12-01,-71.41190198366394,outcome,island
RevPAR_HawaiiIsl,1991-01-01,-22.06617023282118,outcome,island
RevPAR_HawaiiIsl,1991-02-01,-22.950239064990264,outcome,island
RevPAR_HawaiiIsl,1991-03-01,-14.708249496981896,outcome,island
RevPAR_HawaiiIsl,1991-04-01,2.000497017892644,outcome,island
RevPAR_HawaiiIsl,1991-05-01,0.11105822624146722,outcome,island
RevPAR_HawaiiIsl,1991-06-01,-0.1415177781708743,outcome,island
RevPAR_HawaiiIsl,1991-07-01,30.09177266140717,outcome,island
RevPAR_HawaiiIsl,1991-08-01,-4.050448702401155,outcome,island
RevPAR_HawaiiIsl,1991-09-01,-20.56154768019175,outcome,island
RevPAR_HawaiiIsl,1991-10-01,-23.50613375544124,outcome,island
RevPAR_HawaiiIsl,1991-11-01,-11.406898525833697,outcome,island
RevPAR_HawaiiIsl,1991-12-01,-5.098543273350464,outcome,island
RevPAR_HawaiiIsl,1992-01-01,-11.103047895500728,outcome,island
RevPAR_HawaiiIsl,1992-02-01,-3.4015168926683437,outcome,island
RevPAR_HawaiiIsl,1992-03-01,-14.649681528662416,outcome,island
RevPAR_HawaiiIsl,1992-04-01,-11.73102692167135,outcome,island
RevPAR_HawaiiIsl,1992-05-01,-17.258320126782888,outcome,island
RevPAR_HawaiiIsl,1992-06-01,-2.6926483613817553,outcome,island
RevPAR_HawaiiIsl,1992-07-01,-30.086633663366335,outcome,island
RevPAR_HawaiiIsl,1992-08-01,-9.706774519716898,outcome,island
RevPAR_HawaiiIsl,1992-09-01,37.45689655172415,outcome,island
RevPAR_HawaiiIsl,1992-10-01,42.990170719089505,outcome,island
RevPAR_HawaiiIsl,1992-11-01,32.681744749596106,outcome,island
RevPAR_HawaiiIsl,1992-12-01,17.637321294206167,outcome,island
RevPAR_HawaiiIsl,1993-01-01,-7.496598639455787,outcome,island
RevPAR_HawaiiIsl,1993-02-01,10.89697834879848,outcome,island
RevPAR_HawaiiIsl,1993-03-01,10.226644555002773,outcome,island
RevPAR_HawaiiIsl,1993-04-01,1.6836875517526995,outcome,island
RevPAR_HawaiiIsl,1993-05-01,13.215859030836995,outcome,island
RevPAR_HawaiiIsl,1993-06-01,-0.036409976333517946,outcome,island
RevPAR_HawaiiIsl,1993-07-01,24.96016994158259,outcome,island
RevPAR_HawaiiIsl,1993-08-01,18.77099664053752,outcome,island
RevPAR_HawaiiIsl,1993-09-01,-17.48196926936343,outcome,island
RevPAR_HawaiiIsl,1993-10-01,-25.86830680173662,outcome,island
RevPAR_HawaiiIsl,1993-11-01,-22.951418482892972,outcome,island
RevPAR_HawaiiIsl,1993-12-01,-26.18651656645772,outcome,island
RevPAR_HawaiiIsl,1994-01-01,1.3384321223709472,outcome,island
RevPAR_HawaiiIsl,1994-02-01,-1.8021883715940712,outcome,island
RevPAR_HawaiiIsl,1994-03-01,22.71815446339016,outcome,island
RevPAR_HawaiiIsl,1994-04-01,12.975027144408235,outcome,island
RevPAR_HawaiiIsl,1994-05-01,9.304686178311616,outcome,island
RevPAR_HawaiiIsl,1994-06-01,9.142232744490997,outcome,island
RevPAR_HawaiiIsl,1994-07-01,6.417339566510849,outcome,island
RevPAR_HawaiiIsl,1994-08-01,4.525633470830881,outcome,island
RevPAR_HawaiiIsl,1994-09-01,26.14478434353029,outcome,island
RevPAR_HawaiiIsl,1994-10-01,12.4288270701155,outcome,island
RevPAR_HawaiiIsl,1994-11-01,9.576485461441209,outcome,island
RevPAR_HawaiiIsl,1994-12-01,20.051993067590978,outcome,island
RevPAR_HawaiiIsl,1995-01-01,9.375907111756154,outcome,island
RevPAR_HawaiiIsl,1995-02-01,11.634258247760542,outcome,island
RevPAR_HawaiiIsl,1995-03-01,-10.870453616673482,outcome,island
RevPAR_HawaiiIsl,1995-04-01,-12.770302739067752,outcome,island
RevPAR_HawaiiIsl,1995-05-01,-11.623587679925706,outcome,island
RevPAR_HawaiiIsl,1995-06-01,-5.473051893876191,outcome,island
RevPAR_HawaiiIsl,1995-07-01,-6.589456869009592,outcome,island
RevPAR_HawaiiIsl,1995-08-01,-26.67719021310181,outcome,island
RevPAR_HawaiiIsl,1995-09-01,-24.521765326103328,outcome,island
RevPAR_HawaiiIsl,1995-10-01,-2.836058457531465,outcome,island
RevPAR_HawaiiIsl,1995-11-01,-7.427170464378429,outcome,island
RevPAR_HawaiiIsl,1995-12-01,-1.4580626533852947,outcome,island
RevPAR_HawaiiIsl,1996-01-01,5.095541401273884,outcome,island
RevPAR_HawaiiIsl,1996-02-01,-9.531265290145807,outcome,island
RevPAR_HawaiiIsl,1996-03-01,-10.786336542870245,outcome,island
RevPAR_HawaiiIsl,1996-04-01,1.5562594683927733,outcome,island
RevPAR_HawaiiIsl,1996-05-01,5.709281961471091,outcome,island
RevPAR_HawaiiIsl,1996-06-01,22.965578111209183,outcome,island
RevPAR_HawaiiIsl,1996-07-01,0.21376656690892393,outcome,island
RevPAR_HawaiiIsl,1996-08-01,15.992618791327097,outcome,island
RevPAR_HawaiiIsl,1996-09-01,22.290959888245855,outcome,island
RevPAR_HawaiiIsl,1996-10-01,7.326880119136248,outcome,island
RevPAR_HawaiiIsl,1996-11-01,4.9228851846081945,outcome,island
RevPAR_HawaiiIsl,1996-12-01,15.060064459419875,outcome,island
RevPAR_HawaiiIsl,1997-01-01,12.23484848484848,outcome,island
RevPAR_HawaiiIsl,1997-02-01,14.537587885343427,outcome,island
RevPAR_HawaiiIsl,1997-03-01,25.47860722086599,outcome,island
RevPAR_HawaiiIsl,1997-04-01,15.310550583129935,outcome,island
RevPAR_HawaiiIsl,1997-05-01,15.192180251822407,outcome,island
RevPAR_HawaiiIsl,1997-06-01,4.04823428079244,outcome,island
RevPAR_HawaiiIsl,1997-07-01,19.894766780432317,outcome,island
RevPAR_HawaiiIsl,1997-08-01,23.518493967917276,outcome,island
RevPAR_HawaiiIsl,1997-09-01,19.468015665796322,outcome,island
RevPAR_HawaiiIsl,1997-10-01,6.771194671846836,outcome,island
RevPAR_HawaiiIsl,1997-11-01,16.124721603563486,outcome,island
RevPAR_HawaiiIsl,1997-12-01,15.011459129106175,outcome,island
RevPAR_HawaiiIsl,1998-01-01,27.022162222972202,outcome,island
RevPAR_HawaiiIsl,1998-02-01,18.132023798281228,outcome,island
RevPAR_HawaiiIsl,1998-03-01,24.534097890641004,outcome,island
RevPAR_HawaiiIsl,1998-04-01,17.57026931671175,outcome,island
RevPAR_HawaiiIsl,1998-05-01,39.14856896303753,outcome,island
RevPAR_HawaiiIsl,1998-06-01,15.949227373068432,outcome,island
RevPAR_HawaiiIsl,1998-07-01,20.507650338038186,outcome,island
RevPAR_HawaiiIsl,1998-08-01,10.432542663947618,outcome,island
RevPAR_HawaiiIsl,1998-09-01,13.071984701543515,outcome,island
RevPAR_HawaiiIsl,1998-10-01,19.27225471085119,outcome,island
RevPAR_HawaiiIsl,1998-11-01,0.20457741976731558,outcome,island
RevPAR_HawaiiIsl,1998-12-01,14.8787778146795,outcome,island
RevPAR_HawaiiIsl,1999-01-01,2.550704100611112,outcome,island
RevPAR_HawaiiIsl,1999-02-01,2.7260372531777044,outcome,island
RevPAR_HawaiiIsl,1999-03-01,-3.5109357013649145,outcome,island
RevPAR_HawaiiIsl,1999-04-01,-2.7208162448734585,outcome,island
RevPAR_HawaiiIsl,1999-05-01,-14.894056847545212,outcome,island
RevPAR_HawaiiIsl,1999-06-01,9.114707282246549,outcome,island
RevPAR_HawaiiIsl,1999-07-01,4.803149606299217,outcome,island
RevPAR_HawaiiIsl,1999-08-01,18.534357080377095,outcome,island
RevPAR_HawaiiIsl,1999-09-01,17.878714665378116,outcome,island
RevPAR_HawaiiIsl,1999-10-01,7.387230333405981,outcome,island
RevPAR_HawaiiIsl,1999-11-01,26.757687890774527,outcome,island
RevPAR_HawaiiIsl,1999-12-01,8.76939385178761,outcome,island
RevPAR_HawaiiIsl,2000-01-01,-0.8031781673719762,outcome,island
RevPAR_HawaiiIsl,2000-02-01,15.260700389105075,outcome,island
RevPAR_HawaiiIsl,2000-03-01,22.164465274818944,outcome,island
RevPAR_HawaiiIsl,2000-04-01,23.05398457583547,outcome,island
RevPAR_HawaiiIsl,2000-05-01,25.892640272042744,outcome,island
RevPAR_HawaiiIsl,2000-06-01,14.994547437295536,outcome,island
RevPAR_HawaiiIsl,2000-07-01,19.036438767843734,outcome,island
RevPAR_HawaiiIsl,2000-08-01,1.5496884224335927,outcome,island
RevPAR_HawaiiIsl,2000-09-01,-1.5576962492313995,outcome,island
RevPAR_HawaiiIsl,2000-10-01,10.592532467532468,outcome,island
RevPAR_HawaiiIsl,2000-11-01,10.247634386953886,outcome,island
RevPAR_HawaiiIsl,2000-12-01,7.167537875431895,outcome,island
RevPAR_HawaiiIsl,2001-01-01,11.683788960473617,outcome,island
RevPAR_HawaiiIsl,2001-02-01,6.596448585510761,outcome,island
RevPAR_HawaiiIsl,2001-03-01,-2.2739955357143016,outcome,island
RevPAR_HawaiiIsl,2001-04-01,-7.2532798529288955,outcome,island
RevPAR_HawaiiIsl,2001-05-01,-7.650009646922628,outcome,island
RevPAR_HawaiiIsl,2001-06-01,-1.792318634423895,outcome,island
RevPAR_HawaiiIsl,2001-07-01,-2.871794871794875,outcome,island
RevPAR_HawaiiIsl,2001-08-01,5.587404117884542,outcome,island
RevPAR_HawaiiIsl,2001-09-01,-20.237351655215484,outcome,island
RevPAR_HawaiiIsl,2001-10-01,-28.229357798165132,outcome,island
RevPAR_HawaiiIsl,2001-11-01,-26.39700511322133,outcome,island
RevPAR_HawaiiIsl,2001-12-01,-12.830687830687825,outcome,island
RevPAR_HawaiiIsl,2002-01-01,-8.917991892734644,outcome,island
RevPAR_HawaiiIsl,2002-02-01,-17.39929060045604,outcome,island
RevPAR_HawaiiIsl,2002-03-01,-10.492505353319048,outcome,island
RevPAR_HawaiiIsl,2002-04-01,-5.955491485719433,outcome,island
RevPAR_HawaiiIsl,2002-05-01,-13.01577352971901,outcome,island
RevPAR_HawaiiIsl,2002-06-01,-0.34762456546929554,outcome,island
RevPAR_HawaiiIsl,2002-07-01,-9.024449679148727,outcome,island
RevPAR_HawaiiIsl,2002-08-01,2.3017511661695966,outcome,island
RevPAR_HawaiiIsl,2002-09-01,2.2839989558862017,outcome,island
RevPAR_HawaiiIsl,2002-10-01,26.000255656397787,outcome,island
RevPAR_HawaiiIsl,2002-11-01,12.665922342141167,outcome,island
RevPAR_HawaiiIsl,2002-12-01,13.68550834597877,outcome,island
RevPAR_HawaiiIsl,2003-01-01,-8.687093461143448,outcome,island
RevPAR_HawaiiIsl,2003-02-01,-12.62939958592132,outcome,island
RevPAR_HawaiiIsl,2003-03-01,-4.800637958532706,outcome,island
RevPAR_HawaiiIsl,2003-04-01,1.9927189116689004,outcome,island
RevPAR_HawaiiIsl,2003-05-01,-5.920499579680549,outcome,island
RevPAR_HawaiiIsl,2003-06-01,-10.736434108527126,outcome,island
RevPAR_HawaiiIsl,2003-07-01,-0.16964285714285987,outcome,island
RevPAR_HawaiiIsl,2003-08-01,-5.135296755867847,outcome,island
RevPAR_HawaiiIsl,2003-09-01,0.9314788822253339,outcome,island
RevPAR_HawaiiIsl,2003-10-01,-8.49142741199147,outcome,island
RevPAR_HawaiiIsl,2003-11-01,-2.917859502312259,outcome,island
RevPAR_HawaiiIsl,2003-12-01,-5.013764911987995,outcome,island
RevPAR_HawaiiIsl,2004-01-01,10.36648233198989,outcome,island
RevPAR_HawaiiIsl,2004-02-01,8.346498156924698,outcome,island
RevPAR_HawaiiIsl,2004-03-01,10.15245434746188,outcome,island
RevPAR_HawaiiIsl,2004-04-01,14.343415367274105,outcome,island
RevPAR_HawaiiIsl,2004-05-01,22.19811079908094,outcome,island
RevPAR_HawaiiIsl,2004-06-01,23.8276161528441,outcome,island
RevPAR_HawaiiIsl,2004-07-01,15.991414005902872,outcome,island
RevPAR_HawaiiIsl,2004-08-01,6.9892049483886165,outcome,island
RevPAR_HawaiiIsl,2004-09-01,20.08849557522123,outcome,island
RevPAR_HawaiiIsl,2004-10-01,12.139689578713963,outcome,island
RevPAR_HawaiiIsl,2004-11-01,12.555290915277295,outcome,island
RevPAR_HawaiiIsl,2004-12-01,7.73757245740383,outcome,island
RevPAR_HawaiiIsl,2005-01-01,11.804670912951165,outcome,island
RevPAR_HawaiiIsl,2005-02-01,17.513163223977312,outcome,island
RevPAR_HawaiiIsl,2005-03-01,9.711026615969587,outcome,island
RevPAR_HawaiiIsl,2005-04-01,-2.9245050521646276,outcome,island
RevPAR_HawaiiIsl,2005-05-01,10.237125248093593,outcome,island
RevPAR_HawaiiIsl,2005-06-01,2.735162619444198,outcome,island
RevPAR_HawaiiIsl,2005-07-01,5.25869380831212,outcome,island
RevPAR_HawaiiIsl,2005-08-01,3.1079687730151795,outcome,island
RevPAR_HawaiiIsl,2005-09-01,2.8739867354458326,outcome,island
RevPAR_HawaiiIsl,2005-10-01,10.825506673257523,outcome,island
RevPAR_HawaiiIsl,2005-11-01,11.054010479645292,outcome,island
RevPAR_HawaiiIsl,2005-12-01,14.608298687535658,outcome,island
RevPAR_HawaiiIsl,2006-01-01,9.327763007975687,outcome,island
RevPAR_HawaiiIsl,2006-02-01,10.994692217550162,outcome,island
RevPAR_HawaiiIsl,2006-03-01,4.034102724059041,outcome,island
RevPAR_HawaiiIsl,2006-04-01,12.151984429212149,outcome,island
RevPAR_HawaiiIsl,2006-05-01,12.953662465649574,outcome,island
RevPAR_HawaiiIsl,2006-06-01,14.531956651591438,outcome,island
RevPAR_HawaiiIsl,2006-07-01,11.134715405464824,outcome,island
RevPAR_HawaiiIsl,2006-08-01,10.835714285714282,outcome,island
RevPAR_HawaiiIsl,2006-09-01,13.774048301268937,outcome,island
RevPAR_HawaiiIsl,2006-10-01,2.9170383586083926,outcome,island
RevPAR_HawaiiIsl,2006-11-01,2.422647672624989,outcome,island
RevPAR_HawaiiIsl,2006-12-01,1.9916067999146359,outcome,island
RevPAR_HawaiiIsl,2007-01-01,0.5071909956228637,outcome,island
RevPAR_HawaiiIsl,2007-02-01,-4.3597068687119656,outcome,island
RevPAR_HawaiiIsl,2007-03-01,12.179359051235927,outcome,island
RevPAR_HawaiiIsl,2007-04-01,2.7918207198370126,outcome,island
RevPAR_HawaiiIsl,2007-05-01,-6.015100671140939,outcome,island
RevPAR_HawaiiIsl,2007-06-01,-2.7864699746684596,outcome,island
RevPAR_HawaiiIsl,2007-07-01,1.0744182980686912,outcome,island
RevPAR_HawaiiIsl,2007-08-01,-1.7271379777018647,outcome,island
RevPAR_HawaiiIsl,2007-09-01,-8.409785932721725,outcome,island
RevPAR_HawaiiIsl,2007-10-01,3.623125595908805,outcome,island
RevPAR_HawaiiIsl,2007-11-01,2.8703047484053945,outcome,island
RevPAR_HawaiiIsl,2007-12-01,6.2207964293186535,outcome,island
RevPAR_HawaiiIsl,2008-01-01,10.355315913175712,outcome,island
RevPAR_HawaiiIsl,2008-02-01,9.12987012987012,outcome,island
RevPAR_HawaiiIsl,2008-03-01,-4.5376254677199075,outcome,island
RevPAR_HawaiiIsl,2008-04-01,-12.009102253541792,outcome,island
RevPAR_HawaiiIsl,2008-05-01,-3.150941712041422,outcome,island
RevPAR_HawaiiIsl,2008-06-01,-11.151134273451857,outcome,island
RevPAR_HawaiiIsl,2008-07-01,-21.559932176861874,outcome,island
RevPAR_HawaiiIsl,2008-08-01,-11.725359039937045,outcome,island
RevPAR_HawaiiIsl,2008-09-01,-21.103800451733278,outcome,island
RevPAR_HawaiiIsl,2008-10-01,-22.919280635717264,outcome,island
RevPAR_HawaiiIsl,2008-11-01,-23.992421632793658,outcome,island
RevPAR_HawaiiIsl,2008-12-01,-25.599107084236106,outcome,island
RevPAR_HawaiiIsl,2009-01-01,-30.330744174392375,outcome,island
RevPAR_HawaiiIsl,2009-02-01,-27.990003570153522,outcome,island
RevPAR_HawaiiIsl,2009-03-01,-33.00566166863683,outcome,island
RevPAR_HawaiiIsl,2009-04-01,-10.72828897972804,outcome,island
RevPAR_HawaiiIsl,2009-05-01,-25.935483870967747,outcome,island
RevPAR_HawaiiIsl,2009-06-01,-23.005261795911323,outcome,island
RevPAR_HawaiiIsl,2009-07-01,-16.395078150981046,outcome,island
RevPAR_HawaiiIsl,2009-08-01,-18.45330956095388,outcome,island
RevPAR_HawaiiIsl,2009-09-01,-1.4936519790888725,outcome,island
RevPAR_HawaiiIsl,2009-10-01,-2.6153011394465686,outcome,island
RevPAR_HawaiiIsl,2009-11-01,-8.780874688420571,outcome,island
RevPAR_HawaiiIsl,2009-12-01,1.0501235439463574,outcome,island
RevPAR_HawaiiIsl,2010-01-01,-10.555655457651492,outcome,island
RevPAR_HawaiiIsl,2010-02-01,-3.0738720872583003,outcome,island
RevPAR_HawaiiIsl,2010-03-01,-2.591010401188709,outcome,island
RevPAR_HawaiiIsl,2010-04-01,1.9904681805438695,outcome,island
RevPAR_HawaiiIsl,2010-05-01,-1.1697361871577883,outcome,island
RevPAR_HawaiiIsl,2010-06-01,11.684965269997761,outcome,island
RevPAR_HawaiiIsl,2010-07-01,13.792760540970562,outcome,island
RevPAR_HawaiiIsl,2010-08-01,5.611733624851967,outcome,island
RevPAR_HawaiiIsl,2010-09-01,2.653525398028811,outcome,island
RevPAR_HawaiiIsl,2010-10-01,10.229552039224444,outcome,island
RevPAR_HawaiiIsl,2010-11-01,20.146565644019375,outcome,island
RevPAR_HawaiiIsl,2010-12-01,7.842109859400925,outcome,island
RevPAR_HawaiiIsl,2011-01-01,21.92400482509047,outcome,island
RevPAR_HawaiiIsl,2011-02-01,23.13725490196079,outcome,island
RevPAR_HawaiiIsl,2011-03-01,0.8008389741634092,outcome,island
RevPAR_HawaiiIsl,2011-04-01,-15.484698552318132,outcome,island
RevPAR_HawaiiIsl,2011-05-01,7.3659027952656775,outcome,island
RevPAR_HawaiiIsl,2011-06-01,-1.7755040625940355,outcome,island
RevPAR_HawaiiIsl,2011-07-01,4.570479769291258,outcome,island
RevPAR_HawaiiIsl,2011-08-01,-2.441128267057713,outcome,island
RevPAR_HawaiiIsl,2011-09-01,14.130969965534224,outcome,island
RevPAR_HawaiiIsl,2011-10-01,-8.269308532147202,outcome,island
RevPAR_HawaiiIsl,2011-11-01,1.044143492194749,outcome,island
RevPAR_HawaiiIsl,2011-12-01,13.903959834804436,outcome,island
RevPAR_HawaiiIsl,2012-01-01,3.3226152197213255,outcome,island
RevPAR_HawaiiIsl,2012-02-01,1.6754361672666862,outcome,island
RevPAR_HawaiiIsl,2012-03-01,25.347583467322423,outcome,island
RevPAR_HawaiiIsl,2012-04-01,24.447094535993074,outcome,island
RevPAR_HawaiiIsl,2012-05-01,12.794652280989816,outcome,island
RevPAR_HawaiiIsl,2012-06-01,16.452205882352942,outcome,island
RevPAR_HawaiiIsl,2012-07-01,2.264750125355186,outcome,island
RevPAR_HawaiiIsl,2012-08-01,15.676392572944309,outcome,island
RevPAR_HawaiiIsl,2012-09-01,-4.551337359792928,outcome,island
RevPAR_HawaiiIsl,2012-10-01,20.542208507824554,outcome,island
RevPAR_HawaiiIsl,2012-11-01,14.855739717618178,outcome,island
RevPAR_HawaiiIsl,2012-12-01,0.4052324754727721,outcome,island
RevPAR_HawaiiIsl,2013-01-01,30.067028407277373,outcome,island
RevPAR_HawaiiIsl,2013-02-01,23.7437014844069,outcome,island
RevPAR_HawaiiIsl,2013-03-01,23.18720289745717,outcome,island
RevPAR_HawaiiIsl,2013-04-01,8.101751023608328,outcome,island
RevPAR_HawaiiIsl,2013-05-01,6.664587232272812,outcome,island
RevPAR_HawaiiIsl,2013-06-01,6.954310269227393,outcome,island
RevPAR_HawaiiIsl,2013-07-01,10.272125520961017,outcome,island
RevPAR_HawaiiIsl,2013-08-01,12.83344798593593,outcome,island
RevPAR_HawaiiIsl,2013-09-01,12.666666666666671,outcome,island
RevPAR_HawaiiIsl,2013-10-01,4.370085938928514,outcome,island
RevPAR_HawaiiIsl,2013-11-01,-1.8439337252805998,outcome,island
RevPAR_HawaiiIsl,2013-12-01,14.55781349571621,outcome,island
RevPAR_HawaiiIsl,2014-01-01,1.2576687116564456,outcome,island
RevPAR_HawaiiIsl,2014-02-01,0.6603202553238319,outcome,island
RevPAR_HawaiiIsl,2014-03-01,-3.4178610804851073,outcome,island
RevPAR_HawaiiIsl,2014-04-01,11.92682730276411,outcome,island
RevPAR_HawaiiIsl,2014-05-01,9.425869967833123,outcome,island
RevPAR_HawaiiIsl,2014-06-01,2.664808133814356,outcome,island
RevPAR_HawaiiIsl,2014-07-01,10.730695123758704,outcome,island
RevPAR_HawaiiIsl,2014-08-01,-3.420945671318254,outcome,island
RevPAR_HawaiiIsl,2014-09-01,29.284926286230075,outcome,island
RevPAR_HawaiiIsl,2014-10-01,-10.730553608969862,outcome,island
RevPAR_HawaiiIsl,2014-11-01,13.267991650785005,outcome,island
RevPAR_HawaiiIsl,2014-12-01,3.9062982879040975,outcome,island
RevPAR_HawaiiIsl,2015-01-01,-0.3574674341108808,outcome,island
RevPAR_HawaiiIsl,2015-02-01,5.564970207183073,outcome,island
RevPAR_HawaiiIsl,2015-03-01,9.817351598173518,outcome,island
RevPAR_HawaiiIsl,2015-04-01,6.2567499460004505,outcome,island
RevPAR_HawaiiIsl,2015-05-01,11.892036344200951,outcome,island
RevPAR_HawaiiIsl,2015-06-01,18.61672390384157,outcome,island
RevPAR_HawaiiIsl,2015-07-01,10.373443983402497,outcome,island
RevPAR_HawaiiIsl,2015-08-01,12.478080942694824,outcome,island
RevPAR_HawaiiIsl,2015-09-01,-12.993561399425957,outcome,island
RevPAR_HawaiiIsl,2015-10-01,25.905210479835162,outcome,island
RevPAR_HawaiiIsl,2015-11-01,1.2819485618139614,outcome,island
RevPAR_HawaiiIsl,2015-12-01,11.575753970614455,outcome,island
RevPAR_HawaiiIsl,2016-01-01,16.08293810044994,outcome,island
RevPAR_HawaiiIsl,2016-02-01,2.009217544404751,outcome,island
RevPAR_HawaiiIsl,2016-03-01,2.107877107877121,outcome,island
RevPAR_HawaiiIsl,2016-04-01,4.438270768396779,outcome,island
RevPAR_HawaiiIsl,2016-05-01,3.9726136454103944,outcome,island
RevPAR_HawaiiIsl,2016-06-01,6.672502019929971,outcome,island
RevPAR_HawaiiIsl,2016-07-01,5.590589376667476,outcome,island
RevPAR_HawaiiIsl,2016-08-01,5.069842853579454,outcome,island
RevPAR_HawaiiIsl,2016-09-01,17.296718972895864,outcome,island
RevPAR_HawaiiIsl,2016-10-01,14.955966019795808,outcome,island
RevPAR_HawaiiIsl,2016-11-01,17.110988054742492,outcome,island
RevPAR_HawaiiIsl,2016-12-01,16.292584101935283,outcome,island
RevPAR_HawaiiIsl,2017-01-01,12.869938714577556,outcome,island
RevPAR_HawaiiIsl,2017-02-01,12.457485151530534,outcome,island
RevPAR_HawaiiIsl,2017-03-01,12.753803517900586,outcome,island
RevPAR_HawaiiIsl,2017-04-01,14.513722182573163,outcome,island
RevPAR_HawaiiIsl,2017-05-01,20.94180704441042,outcome,island
RevPAR_HawaiiIsl,2017-06-01,12.85110143280943,outcome,island
RevPAR_HawaiiIsl,2017-07-01,11.7491673366257,outcome,island
RevPAR_HawaiiIsl,2017-08-01,8.831384651908113,outcome,island
RevPAR_HawaiiIsl,2017-09-01,5.8604439039221745,outcome,island
RevPAR_HawaiiIsl,2017-10-01,14.06779661016948,outcome,island
RevPAR_HawaiiIsl,2017-11-01,13.861118616590119,outcome,island
RevPAR_HawaiiIsl,2017-12-01,6.798698024114058,outcome,island
RevPAR_HawaiiIsl,2018-01-01,7.462409504362366,outcome,island
RevPAR_HawaiiIsl,2018-02-01,18.588904437322242,outcome,island
RevPAR_HawaiiIsl,2018-03-01,18.77006420545746,outcome,island
RevPAR_HawaiiIsl,2018-04-01,12.849858356940524,outcome,island
RevPAR_HawaiiIsl,2018-05-01,5.21050965495411,outcome,island
RevPAR_HawaiiIsl,2018-06-01,-8.322613121539234,outcome,island
RevPAR_HawaiiIsl,2018-07-01,-5.960945529290851,outcome,island
RevPAR_HawaiiIsl,2018-08-01,-10.465179691334459,outcome,island
RevPAR_HawaiiIsl,2018-09-01,-12.472176348100817,outcome,island
RevPAR_HawaiiIsl,2018-10-01,-7.167904903417533,outcome,island
RevPAR_HawaiiIsl,2018-11-01,-4.9893213099193146,outcome,island
RevPAR_HawaiiIsl,2018-12-01,-7.9670329670329725,outcome,island
RevPAR_HawaiiIsl,2019-01-01,-1.1185006045949186,outcome,island
RevPAR_HawaiiIsl,2019-02-01,-11.324273914201965,outcome,island
RevPAR_HawaiiIsl,2019-03-01,-8.970352225694745,outcome,island
RevPAR_HawaiiIsl,2019-04-01,-1.0292198011848663,outcome,island
RevPAR_HawaiiIsl,2019-05-01,1.3659886869659355,outcome,island
RevPAR_HawaiiIsl,2019-06-01,19.876761637483998,outcome,island
RevPAR_HawaiiIsl,2019-07-01,21.633879781420774,outcome,island
RevPAR_HawaiiIsl,2019-08-01,38.482153733706916,outcome,island
RevPAR_HawaiiIsl,2019-09-01,22.97785069729286,outcome,island
RevPAR_HawaiiIsl,2019-10-01,13.445162942569944,outcome,island
RevPAR_HawaiiIsl,2019-11-01,15.810177958164218,outcome,island
RevPAR_HawaiiIsl,2019-12-01,22.53264925373133,outcome,island
RevPAR_HawaiiIsl,2020-01-01,14.045508145171848,outcome,island
RevPAR_HawaiiIsl,2020-02-01,11.826064560439553,outcome,island
RevPAR_HawaiiIsl,2020-03-01,-41.324116173332094,outcome,island
RevPAR_HawaiiIsl,2020-04-01,-93.2531831786131,outcome,island
RevPAR_HawaiiIsl,2020-05-01,-86.73196794300979,outcome,island
RevPAR_HawaiiIsl,2020-06-01,-80.93032724311671,outcome,island
RevPAR_HawaiiIsl,2020-07-01,-81.80960510355362,outcome,island
RevPAR_HawaiiIsl,2020-08-01,-85.15130190007038,outcome,island
RevPAR_HawaiiIsl,2020-09-01,-81.86245080381562,outcome,island
RevPAR_HawaiiIsl,2020-10-01,-84.32191432925109,outcome,island
RevPAR_HawaiiIsl,2020-11-01,-76.03385992343775,outcome,island
RevPAR_HawaiiIsl,2020-12-01,-66.35072894065699,outcome,island
RevPAR_Kauai,1991-01-01,-14.49597809344515,outcome,island
RevPAR_Kauai,1991-02-01,-27.68436382894215,outcome,island
RevPAR_Kauai,1991-03-01,-26.55981682884945,outcome,island
RevPAR_Kauai,1991-04-01,-20.698798939323037,outcome,island
RevPAR_Kauai,1991-05-01,-3.470568220483161,outcome,island
RevPAR_Kauai,1991-06-01,10.00749625187407,outcome,island
RevPAR_Kauai,1991-07-01,2.814344076259645,outcome,island
RevPAR_Kauai,1991-08-01,-4.2284459088412945,outcome,island
RevPAR_Kauai,1991-09-01,-7.021314705355541,outcome,island
RevPAR_Kauai,1991-10-01,17.436067751577554,outcome,island
RevPAR_Kauai,1991-11-01,17.337787937401107,outcome,island
RevPAR_Kauai,1991-12-01,17.74797870242555,outcome,island
RevPAR_Kauai,1992-01-01,17.574059247397923,outcome,island
RevPAR_Kauai,1992-02-01,15.39729036982791,outcome,island
RevPAR_Kauai,1992-03-01,16.893998441153556,outcome,island
RevPAR_Kauai,1992-04-01,15.302911093627047,outcome,island
RevPAR_Kauai,1992-05-01,13.553048995417694,outcome,island
RevPAR_Kauai,1992-06-01,46.201022146507654,outcome,island
RevPAR_Kauai,1992-07-01,9.462840323767473,outcome,island
RevPAR_Kauai,1992-08-01,-6.909403669724778,outcome,island
RevPAR_Kauai,1992-09-01,-100.0,outcome,island
RevPAR_Kauai,1992-10-01,-19.78223981900453,outcome,island
RevPAR_Kauai,1992-11-01,-13.99670313202458,outcome,island
RevPAR_Kauai,1992-12-01,-7.134483336124598,outcome,island
RevPAR_Kauai,1993-01-01,-17.551923731699016,outcome,island
RevPAR_Kauai,1993-02-01,-14.136125654450272,outcome,island
RevPAR_Kauai,1993-03-01,-18.56976162693782,outcome,island
RevPAR_Kauai,1993-04-01,-22.006141248720567,outcome,island
RevPAR_Kauai,1993-05-01,-24.522737855036482,outcome,island
RevPAR_Kauai,1993-06-01,-41.901654625961314,outcome,island
RevPAR_Kauai,1993-07-01,-31.997848884108627,outcome,island
RevPAR_Kauai,1993-08-01,-14.59809054511857,outcome,island
RevPAR_Kauai,1993-09-01,inf,outcome,island
RevPAR_Kauai,1993-10-01,-19.26670192138199,outcome,island
RevPAR_Kauai,1993-11-01,-21.815647325318,outcome,island
RevPAR_Kauai,1993-12-01,-34.75202885482417,outcome,island
RevPAR_Kauai,1994-01-01,54.20194094569484,outcome,island
RevPAR_Kauai,1994-02-01,35.01478196600147,outcome,island
RevPAR_Kauai,1994-03-01,100.26612077789147,outcome,island
RevPAR_Kauai,1994-04-01,89.91688538932634,outcome,island
RevPAR_Kauai,1994-05-01,63.25313592432653,outcome,island
RevPAR_Kauai,1994-06-01,60.30886482150022,outcome,island
RevPAR_Kauai,1994-07-01,80.68406484776591,outcome,island
RevPAR_Kauai,1994-08-01,56.905878110349796,outcome,island
RevPAR_Kauai,1994-09-01,94.49919779967911,outcome,island
RevPAR_Kauai,1994-10-01,72.22707423580785,outcome,island
RevPAR_Kauai,1994-11-01,79.78604858480054,outcome,island
RevPAR_Kauai,1994-12-01,107.54560530679936,outcome,island
RevPAR_Kauai,1995-01-01,14.421531869309035,outcome,island
RevPAR_Kauai,1995-02-01,28.54796770220338,outcome,island
RevPAR_Kauai,1995-03-01,-17.38730450781969,outcome,island
RevPAR_Kauai,1995-04-01,-18.10434181734424,outcome,island
RevPAR_Kauai,1995-05-01,2.405844564806636,outcome,island
RevPAR_Kauai,1995-06-01,-4.866758413611915,outcome,island
RevPAR_Kauai,1995-07-01,-6.149469307364052,outcome,island
RevPAR_Kauai,1995-08-01,-4.366812227074234,outcome,island
RevPAR_Kauai,1995-09-01,-15.02474664152722,outcome,island
RevPAR_Kauai,1995-10-01,3.9934077079107677,outcome,island
RevPAR_Kauai,1995-11-01,-7.301351183835381,outcome,island
RevPAR_Kauai,1995-12-01,-3.6622719403382575,outcome,island
RevPAR_Kauai,1996-01-01,-16.699824458747802,outcome,island
RevPAR_Kauai,1996-02-01,-0.15969338869371574,outcome,island
RevPAR_Kauai,1996-03-01,9.143776292996787,outcome,island
RevPAR_Kauai,1996-04-01,17.634650541414707,outcome,island
RevPAR_Kauai,1996-05-01,-1.9803198031980274,outcome,island
RevPAR_Kauai,1996-06-01,12.414518674381902,outcome,island
RevPAR_Kauai,1996-07-01,2.9497493296024357,outcome,island
RevPAR_Kauai,1996-08-01,11.836097092045183,outcome,island
RevPAR_Kauai,1996-09-01,8.334488975176813,outcome,island
RevPAR_Kauai,1996-10-01,-1.6701206875533448,outcome,island
RevPAR_Kauai,1996-11-01,-6.726397432468579,outcome,island
RevPAR_Kauai,1996-12-01,1.617362455073268,outcome,island
RevPAR_Kauai,1997-01-01,9.314414161281249,outcome,island
RevPAR_Kauai,1997-02-01,-2.6231605886116505,outcome,island
RevPAR_Kauai,1997-03-01,13.989343611835391,outcome,island
RevPAR_Kauai,1997-04-01,10.902570233114162,outcome,island
RevPAR_Kauai,1997-05-01,11.419249592169667,outcome,island
RevPAR_Kauai,1997-06-01,5.474964904071111,outcome,island
RevPAR_Kauai,1997-07-01,12.967157417893539,outcome,island
RevPAR_Kauai,1997-08-01,13.065434619103922,outcome,island
RevPAR_Kauai,1997-09-01,12.903225806451601,outcome,island
RevPAR_Kauai,1997-10-01,12.658070914951658,outcome,island
RevPAR_Kauai,1997-11-01,20.74551971326164,outcome,island
RevPAR_Kauai,1997-12-01,-3.8226091688205677,outcome,island
RevPAR_Kauai,1998-01-01,-2.0691427837038923,outcome,island
RevPAR_Kauai,1998-02-01,0.8760402978537085,outcome,island
RevPAR_Kauai,1998-03-01,-5.728493286921921,outcome,island
RevPAR_Kauai,1998-04-01,-0.6790988466098935,outcome,island
RevPAR_Kauai,1998-05-01,-10.440364905957889,outcome,island
RevPAR_Kauai,1998-06-01,2.5732031943212164,outcome,island
RevPAR_Kauai,1998-07-01,-2.3659147869674158,outcome,island
RevPAR_Kauai,1998-08-01,1.6630238525135344,outcome,island
RevPAR_Kauai,1998-09-01,1.122448979591839,outcome,island
RevPAR_Kauai,1998-10-01,8.72675250357653,outcome,island
RevPAR_Kauai,1998-11-01,-0.7955355022559951,outcome,island
RevPAR_Kauai,1998-12-01,18.656294200848645,outcome,island
RevPAR_Kauai,1999-01-01,15.170603674540683,outcome,island
RevPAR_Kauai,1999-02-01,20.87494572297002,outcome,island
RevPAR_Kauai,1999-03-01,15.022681717480735,outcome,island
RevPAR_Kauai,1999-04-01,11.00499240286521,outcome,island
RevPAR_Kauai,1999-05-01,23.013078470824944,outcome,island
RevPAR_Kauai,1999-06-01,4.14143598615917,outcome,island
RevPAR_Kauai,1999-07-01,14.683232364719156,outcome,island
RevPAR_Kauai,1999-08-01,0.06543279117592338,outcome,island
RevPAR_Kauai,1999-09-01,16.10045969279068,outcome,island
RevPAR_Kauai,1999-10-01,7.702429149797574,outcome,island
RevPAR_Kauai,1999-11-01,13.429084380610412,outcome,island
RevPAR_Kauai,1999-12-01,8.296578853260206,outcome,island
RevPAR_Kauai,2000-01-01,6.996353691886958,outcome,island
RevPAR_Kauai,2000-02-01,16.5065110013471,outcome,island
RevPAR_Kauai,2000-03-01,17.49059891772906,outcome,island
RevPAR_Kauai,2000-04-01,9.54243253813063,outcome,island
RevPAR_Kauai,2000-05-01,11.64383561643836,outcome,island
RevPAR_Kauai,2000-06-01,17.74478247326343,outcome,island
RevPAR_Kauai,2000-07-01,11.12901781717255,outcome,island
RevPAR_Kauai,2000-08-01,6.8659504904250435,outcome,island
RevPAR_Kauai,2000-09-01,-3.9980685659101844,outcome,island
RevPAR_Kauai,2000-10-01,1.6539798891081814,outcome,island
RevPAR_Kauai,2000-11-01,7.10140339769969,outcome,island
RevPAR_Kauai,2000-12-01,2.454595487066591,outcome,island
RevPAR_Kauai,2001-01-01,6.368477103301373,outcome,island
RevPAR_Kauai,2001-02-01,-0.7554150928852144,outcome,island
RevPAR_Kauai,2001-03-01,-13.450429352068694,outcome,island
RevPAR_Kauai,2001-04-01,-1.9100321313816448,outcome,island
RevPAR_Kauai,2001-05-01,-6.840032964014286,outcome,island
RevPAR_Kauai,2001-06-01,-4.814814814814817,outcome,island
RevPAR_Kauai,2001-07-01,3.1421205285207865,outcome,island
RevPAR_Kauai,2001-08-01,17.727272727272727,outcome,island
RevPAR_Kauai,2001-09-01,-12.966502363947285,outcome,island
RevPAR_Kauai,2001-10-01,-6.009059813256911,outcome,island
RevPAR_Kauai,2001-11-01,-14.847290640394084,outcome,island
RevPAR_Kauai,2001-12-01,-10.410399656209712,outcome,island
RevPAR_Kauai,2002-01-01,-13.486183420104126,outcome,island
RevPAR_Kauai,2002-02-01,-12.761165048543699,outcome,island
RevPAR_Kauai,2002-03-01,5.068999729412815,outcome,island
RevPAR_Kauai,2002-04-01,-1.0646041856232968,outcome,island
RevPAR_Kauai,2002-05-01,1.9952820916060654,outcome,island
RevPAR_Kauai,2002-06-01,10.02408745599408,outcome,island
RevPAR_Kauai,2002-07-01,3.147945633494764,outcome,island
RevPAR_Kauai,2002-08-01,-0.7722007722007929,outcome,island
RevPAR_Kauai,2002-09-01,27.958853444290344,outcome,island
RevPAR_Kauai,2002-10-01,12.461886495524732,outcome,island
RevPAR_Kauai,2002-11-01,11.361795672798781,outcome,island
RevPAR_Kauai,2002-12-01,12.471519366830552,outcome,island
RevPAR_Kauai,2003-01-01,35.60930447864832,outcome,island
RevPAR_Kauai,2003-02-01,13.701923076923084,outcome,island
RevPAR_Kauai,2003-03-01,9.734741179500395,outcome,island
RevPAR_Kauai,2003-04-01,6.621907477237188,outcome,island
RevPAR_Kauai,2003-05-01,13.529921942758039,outcome,island
RevPAR_Kauai,2003-06-01,11.83058268777366,outcome,island
RevPAR_Kauai,2003-07-01,13.69178341537296,outcome,island
RevPAR_Kauai,2003-08-01,12.167015863513942,outcome,island
RevPAR_Kauai,2003-09-01,11.995303043988791,outcome,island
RevPAR_Kauai,2003-10-01,11.325870211649459,outcome,island
RevPAR_Kauai,2003-11-01,13.974025974025972,outcome,island
RevPAR_Kauai,2003-12-01,23.168781319970133,outcome,island
RevPAR_Kauai,2004-01-01,12.792285372930511,outcome,island
RevPAR_Kauai,2004-02-01,12.426591496358963,outcome,island
RevPAR_Kauai,2004-03-01,14.065555816318543,outcome,island
RevPAR_Kauai,2004-04-01,16.190804795997572,outcome,island
RevPAR_Kauai,2004-05-01,9.53229776759188,outcome,island
RevPAR_Kauai,2004-06-01,12.860477373691737,outcome,island
RevPAR_Kauai,2004-07-01,9.771531339505767,outcome,island
RevPAR_Kauai,2004-08-01,8.865910607071381,outcome,island
RevPAR_Kauai,2004-09-01,4.2100169368497475,outcome,island
RevPAR_Kauai,2004-10-01,4.100872024510949,outcome,island
RevPAR_Kauai,2004-11-01,5.961713764813115,outcome,island
RevPAR_Kauai,2004-12-01,2.47576177285318,outcome,island
RevPAR_Kauai,2005-01-01,-5.197851252175223,outcome,island
RevPAR_Kauai,2005-02-01,4.847471792728775,outcome,island
RevPAR_Kauai,2005-03-01,5.075097729922495,outcome,island
RevPAR_Kauai,2005-04-01,-4.335560504825519,outcome,island
RevPAR_Kauai,2005-05-01,-2.5495970241785404,outcome,island
RevPAR_Kauai,2005-06-01,-3.3157648942557905,outcome,island
RevPAR_Kauai,2005-07-01,4.350728155339789,outcome,island
RevPAR_Kauai,2005-08-01,0.6863165635149215,outcome,island
RevPAR_Kauai,2005-09-01,1.424038387121751,outcome,island
RevPAR_Kauai,2005-10-01,1.0565240359218242,outcome,island
RevPAR_Kauai,2005-11-01,9.239504473503102,outcome,island
RevPAR_Kauai,2005-12-01,3.446528129751636,outcome,island
RevPAR_Kauai,2006-01-01,4.501197126895451,outcome,island
RevPAR_Kauai,2006-02-01,1.9330410522120367,outcome,island
RevPAR_Kauai,2006-03-01,-9.35970236929704,outcome,island
RevPAR_Kauai,2006-04-01,7.659475399658522,outcome,island
RevPAR_Kauai,2006-05-01,2.560636182902587,outcome,island
RevPAR_Kauai,2006-06-01,2.6083356334529295,outcome,island
RevPAR_Kauai,2006-07-01,-3.279641797988009,outcome,island
RevPAR_Kauai,2006-08-01,2.3187876574767285,outcome,island
RevPAR_Kauai,2006-09-01,5.097291110263247,outcome,island
RevPAR_Kauai,2006-10-01,1.7399746098125668,outcome,island
RevPAR_Kauai,2006-11-01,-7.048354071507323,outcome,island
RevPAR_Kauai,2006-12-01,8.827372203168405,outcome,island
RevPAR_Kauai,2007-01-01,8.622269741866507,outcome,island
RevPAR_Kauai,2007-02-01,9.540566959921804,outcome,island
RevPAR_Kauai,2007-03-01,8.072297832505226,outcome,island
RevPAR_Kauai,2007-04-01,7.4389101131694835,outcome,island
RevPAR_Kauai,2007-05-01,9.397534310304723,outcome,island
RevPAR_Kauai,2007-06-01,11.304640215198392,outcome,island
RevPAR_Kauai,2007-07-01,11.873985450610224,outcome,island
RevPAR_Kauai,2007-08-01,10.492505353319048,outcome,island
RevPAR_Kauai,2007-09-01,5.082407609090245,outcome,island
RevPAR_Kauai,2007-10-01,10.202583675866105,outcome,island
RevPAR_Kauai,2007-11-01,20.96924510717615,outcome,island
RevPAR_Kauai,2007-12-01,17.273204772266816,outcome,island
RevPAR_Kauai,2008-01-01,10.693946424804901,outcome,island
RevPAR_Kauai,2008-02-01,4.664168005235303,outcome,island
RevPAR_Kauai,2008-03-01,11.807036247334747,outcome,island
RevPAR_Kauai,2008-04-01,-4.50184501845019,outcome,island
RevPAR_Kauai,2008-05-01,-4.0399744843716885,outcome,island
RevPAR_Kauai,2008-06-01,-6.289650172195027,outcome,island
RevPAR_Kauai,2008-07-01,-10.167669819432511,outcome,island
RevPAR_Kauai,2008-08-01,-13.296726959517645,outcome,island
RevPAR_Kauai,2008-09-01,-12.899882539901874,outcome,island
RevPAR_Kauai,2008-10-01,-12.887971226854933,outcome,island
RevPAR_Kauai,2008-11-01,-22.75528785544193,outcome,island
RevPAR_Kauai,2008-12-01,-29.355684944654172,outcome,island
RevPAR_Kauai,2009-01-01,-28.772865853658537,outcome,island
RevPAR_Kauai,2009-02-01,-23.839026885693173,outcome,island
RevPAR_Kauai,2009-03-01,-28.63528009535161,outcome,island
RevPAR_Kauai,2009-04-01,-25.825488267528453,outcome,island
RevPAR_Kauai,2009-05-01,-26.021124159834553,outcome,island
RevPAR_Kauai,2009-06-01,-32.81108961960027,outcome,island
RevPAR_Kauai,2009-07-01,-28.517587939698497,outcome,island
RevPAR_Kauai,2009-08-01,-27.337638147274312,outcome,island
RevPAR_Kauai,2009-09-01,-24.98810090433127,outcome,island
RevPAR_Kauai,2009-10-01,-16.667940974080587,outcome,island
RevPAR_Kauai,2009-11-01,-25.351346450267485,outcome,island
RevPAR_Kauai,2009-12-01,-10.859523593877363,outcome,island
RevPAR_Kauai,2010-01-01,-5.528803281612271,outcome,island
RevPAR_Kauai,2010-02-01,-12.194939920889624,outcome,island
RevPAR_Kauai,2010-03-01,-12.13361169102296,outcome,island
RevPAR_Kauai,2010-04-01,-2.301572267474894,outcome,island
RevPAR_Kauai,2010-05-01,5.700878594249215,outcome,island
RevPAR_Kauai,2010-06-01,20.19959696766147,outcome,island
RevPAR_Kauai,2010-07-01,10.1263704075655,outcome,island
RevPAR_Kauai,2010-08-01,3.3153892164402343,outcome,island
RevPAR_Kauai,2010-09-01,7.318104906937406,outcome,island
RevPAR_Kauai,2010-10-01,-2.4864666483163544,outcome,island
RevPAR_Kauai,2010-11-01,10.020648609255446,outcome,island
RevPAR_Kauai,2010-12-01,11.308677098150778,outcome,island
RevPAR_Kauai,2011-01-01,8.400981687747787,outcome,island
RevPAR_Kauai,2011-02-01,10.437739056523586,outcome,island
RevPAR_Kauai,2011-03-01,19.33092567952861,outcome,island
RevPAR_Kauai,2011-04-01,19.36015511391178,outcome,island
RevPAR_Kauai,2011-05-01,2.9942382166808335,outcome,island
RevPAR_Kauai,2011-06-01,8.087178668369766,outcome,island
RevPAR_Kauai,2011-07-01,13.694049699825218,outcome,island
RevPAR_Kauai,2011-08-01,28.235877925729902,outcome,island
RevPAR_Kauai,2011-09-01,36.99251083957431,outcome,island
RevPAR_Kauai,2011-10-01,22.421904403462566,outcome,island
RevPAR_Kauai,2011-11-01,22.278648708324145,outcome,island
RevPAR_Kauai,2011-12-01,24.481971702418992,outcome,island
RevPAR_Kauai,2012-01-01,13.915012190874254,outcome,island
RevPAR_Kauai,2012-02-01,17.47094589394289,outcome,island
RevPAR_Kauai,2012-03-01,18.572793883402362,outcome,island
RevPAR_Kauai,2012-04-01,16.228070175438592,outcome,island
RevPAR_Kauai,2012-05-01,25.898752751283926,outcome,island
RevPAR_Kauai,2012-06-01,17.682251274097084,outcome,island
RevPAR_Kauai,2012-07-01,13.073992380188471,outcome,island
RevPAR_Kauai,2012-08-01,7.1267333118348875,outcome,island
RevPAR_Kauai,2012-09-01,-1.3810962451445974,outcome,island
RevPAR_Kauai,2012-10-01,3.0896933364076506,outcome,island
RevPAR_Kauai,2012-11-01,10.446009389671351,outcome,island
RevPAR_Kauai,2012-12-01,5.48507736305639,outcome,island
RevPAR_Kauai,2013-01-01,17.543189114814272,outcome,island
RevPAR_Kauai,2013-02-01,22.68230361003736,outcome,island
RevPAR_Kauai,2013-03-01,11.24395486297689,outcome,island
RevPAR_Kauai,2013-04-01,5.646401118099242,outcome,island
RevPAR_Kauai,2013-05-01,6.483100233100236,outcome,island
RevPAR_Kauai,2013-06-01,-2.9686813531663914,outcome,island
RevPAR_Kauai,2013-07-01,6.390021871490226,outcome,island
RevPAR_Kauai,2013-08-01,8.314268512944011,outcome,island
RevPAR_Kauai,2013-09-01,4.89423778264042,outcome,island
RevPAR_Kauai,2013-10-01,9.341683441437421,outcome,island
RevPAR_Kauai,2013-11-01,6.580560778222844,outcome,island
RevPAR_Kauai,2013-12-01,9.808828640945432,outcome,island
RevPAR_Kauai,2014-01-01,14.007933927294003,outcome,island
RevPAR_Kauai,2014-02-01,-4.032042723631513,outcome,island
RevPAR_Kauai,2014-03-01,-5.56696051201545,outcome,island
RevPAR_Kauai,2014-04-01,3.7967985183225084,outcome,island
RevPAR_Kauai,2014-05-01,2.7295115610890486,outcome,island
RevPAR_Kauai,2014-06-01,0.8473479948253537,outcome,island
RevPAR_Kauai,2014-07-01,0.5222802533614734,outcome,island
RevPAR_Kauai,2014-08-01,-7.470401867600462,outcome,island
RevPAR_Kauai,2014-09-01,-0.451985258326959,outcome,island
RevPAR_Kauai,2014-10-01,2.625119323605607,outcome,island
RevPAR_Kauai,2014-11-01,-1.4496088357109915,outcome,island
RevPAR_Kauai,2014-12-01,8.286908077994436,outcome,island
RevPAR_Kauai,2015-01-01,1.3975243853744823,outcome,island
RevPAR_Kauai,2015-02-01,9.00946021146356,outcome,island
RevPAR_Kauai,2015-03-01,12.53196930946292,outcome,island
RevPAR_Kauai,2015-04-01,5.518735661483576,outcome,island
RevPAR_Kauai,2015-05-01,4.574815209429306,outcome,island
RevPAR_Kauai,2015-06-01,14.482714386505036,outcome,island
RevPAR_Kauai,2015-07-01,8.628122927260673,outcome,island
RevPAR_Kauai,2015-08-01,11.521595482669555,outcome,island
RevPAR_Kauai,2015-09-01,0.2025705504330677,outcome,island
RevPAR_Kauai,2015-10-01,1.9932230416583652,outcome,island
RevPAR_Kauai,2015-11-01,14.981710638960234,outcome,island
RevPAR_Kauai,2015-12-01,13.235895936860565,outcome,island
RevPAR_Kauai,2016-01-01,13.29320432043204,outcome,island
RevPAR_Kauai,2016-02-01,10.260860687120331,outcome,island
RevPAR_Kauai,2016-03-01,5.306818181818174,outcome,island
RevPAR_Kauai,2016-04-01,-0.8575914965575637,outcome,island
RevPAR_Kauai,2016-05-01,0.0891492613346978,outcome,island
RevPAR_Kauai,2016-06-01,3.2438792089192647,outcome,island
RevPAR_Kauai,2016-07-01,11.407927542868768,outcome,island
RevPAR_Kauai,2016-08-01,3.3450040398599556,outcome,island
RevPAR_Kauai,2016-09-01,13.976995468804464,outcome,island
RevPAR_Kauai,2016-10-01,8.058106963715716,outcome,island
RevPAR_Kauai,2016-11-01,0.6904020576688596,outcome,island
RevPAR_Kauai,2016-12-01,9.654602715679683,outcome,island
RevPAR_Kauai,2017-01-01,10.516907492924176,outcome,island
RevPAR_Kauai,2017-02-01,2.009352284827992,outcome,island
RevPAR_Kauai,2017-03-01,7.747922736592194,outcome,island
RevPAR_Kauai,2017-04-01,11.994395711500982,outcome,island
RevPAR_Kauai,2017-05-01,18.660134877210833,outcome,island
RevPAR_Kauai,2017-06-01,10.825917082700244,outcome,island
RevPAR_Kauai,2017-07-01,3.3797670701073423,outcome,island
RevPAR_Kauai,2017-08-01,7.4168664651308225,outcome,island
RevPAR_Kauai,2017-09-01,4.81345565749236,outcome,island
RevPAR_Kauai,2017-10-01,8.65686038099831,outcome,island
RevPAR_Kauai,2017-11-01,11.750470556601256,outcome,island
RevPAR_Kauai,2017-12-01,8.498516879325768,outcome,island
RevPAR_Kauai,2018-01-01,9.893516646448308,outcome,island
RevPAR_Kauai,2018-02-01,16.057731584441527,outcome,island
RevPAR_Kauai,2018-03-01,22.814221331998,outcome,island
RevPAR_Kauai,2018-04-01,18.705466412836568,outcome,island
RevPAR_Kauai,2018-05-01,14.471073937054314,outcome,island
RevPAR_Kauai,2018-06-01,11.570288400332963,outcome,island
RevPAR_Kauai,2018-07-01,9.569251159708415,outcome,island
RevPAR_Kauai,2018-08-01,2.4212722596923753,outcome,island
RevPAR_Kauai,2018-09-01,7.241640893972101,outcome,island
RevPAR_Kauai,2018-10-01,7.662006213936978,outcome,island
RevPAR_Kauai,2018-11-01,8.34335899903753,outcome,island
RevPAR_Kauai,2018-12-01,0.932997743447328,outcome,island
RevPAR_Kauai,2019-01-01,-1.4963816999877366,outcome,island
RevPAR_Kauai,2019-02-01,-10.136482734347506,outcome,island
RevPAR_Kauai,2019-03-01,-13.128924406752018,outcome,island
RevPAR_Kauai,2019-04-01,-8.046187683284456,outcome,island
RevPAR_Kauai,2019-05-01,-12.238875878220135,outcome,island
RevPAR_Kauai,2019-06-01,-7.241288510488896,outcome,island
RevPAR_Kauai,2019-07-01,-5.8908914963106245,outcome,island
RevPAR_Kauai,2019-08-01,1.0090960773166513,outcome,island
RevPAR_Kauai,2019-09-01,-10.08814887365328,outcome,island
RevPAR_Kauai,2019-10-01,-8.930687967018812,outcome,island
RevPAR_Kauai,2019-11-01,0.11659541391371153,outcome,island
RevPAR_Kauai,2019-12-01,5.550539576078073,outcome,island
RevPAR_Kauai,2020-01-01,5.744407089196035,outcome,island
RevPAR_Kauai,2020-02-01,17.280995691718527,outcome,island
RevPAR_Kauai,2020-03-01,-36.600018774054256,outcome,island
RevPAR_Kauai,2020-04-01,-95.43551923460235,outcome,island
RevPAR_Kauai,2020-05-01,-90.08379142872391,outcome,island
RevPAR_Kauai,2020-06-01,-86.1610522331567,outcome,island
RevPAR_Kauai,2020-07-01,-83.77463581833761,outcome,island
RevPAR_Kauai,2020-08-01,-86.97059237371604,outcome,island
RevPAR_Kauai,2020-09-01,-86.12321471798596,outcome,island
RevPAR_Kauai,2020-10-01,-74.41149841557267,outcome,island
RevPAR_Kauai,2020-11-01,-66.62045252883762,outcome,island
RevPAR_Kauai,2020-12-01,-90.27291242362526,outcome,island
RevPAR_Maui,1991-01-01,-8.124700239808147,outcome,island
RevPAR_Maui,1991-02-01,-10.736338376041987,outcome,island
RevPAR_Maui,1991-03-01,-3.884514435695541,outcome,island
RevPAR_Maui,1991-04-01,-11.194821731748728,outcome,island
RevPAR_Maui,1991-05-01,-1.1654135338345806,outcome,island
RevPAR_Maui,1991-06-01,5.420430854760228,outcome,island
RevPAR_Maui,1991-07-01,1.4475557664926475,outcome,island
RevPAR_Maui,1991-08-01,2.4640657084188833,outcome,island
RevPAR_Maui,1991-09-01,3.024884517955595,outcome,island
RevPAR_Maui,1991-10-01,-0.8479939248196455,outcome,island
RevPAR_Maui,1991-11-01,-4.881889763779535,outcome,island
RevPAR_Maui,1991-12-01,-7.683863885839736,outcome,island
RevPAR_Maui,1992-01-01,-24.04468573814993,outcome,island
RevPAR_Maui,1992-02-01,-32.0968439256377,outcome,island
RevPAR_Maui,1992-03-01,-22.510467868195892,outcome,island
RevPAR_Maui,1992-04-01,0.6213406619667738,outcome,island
RevPAR_Maui,1992-05-01,-8.406238113351094,outcome,island
RevPAR_Maui,1992-06-01,1.4370468029004657,outcome,island
RevPAR_Maui,1992-07-01,3.2163742690058506,outcome,island
RevPAR_Maui,1992-08-01,1.497732306718702,outcome,island
RevPAR_Maui,1992-09-01,4.064217529649983,outcome,island
RevPAR_Maui,1992-10-01,-8.820525912688282,outcome,island
RevPAR_Maui,1992-11-01,-13.66530820173203,outcome,island
RevPAR_Maui,1992-12-01,-4.425947945567444,outcome,island
RevPAR_Maui,1993-01-01,-1.3883161512027509,outcome,island
RevPAR_Maui,1993-02-01,12.402903349038574,outcome,island
RevPAR_Maui,1993-03-01,-5.920357100904495,outcome,island
RevPAR_Maui,1993-04-01,-12.17195107469422,outcome,island
RevPAR_Maui,1993-05-01,-5.661683277962338,outcome,island
RevPAR_Maui,1993-06-01,-5.3028333766571345,outcome,island
RevPAR_Maui,1993-07-01,-15.11614730878187,outcome,island
RevPAR_Maui,1993-08-01,-13.041670996570708,outcome,island
RevPAR_Maui,1993-09-01,6.560111188325224,outcome,island
RevPAR_Maui,1993-10-01,19.697606047879024,outcome,island
RevPAR_Maui,1993-11-01,21.315828293258576,outcome,island
RevPAR_Maui,1993-12-01,13.13243019076582,outcome,island
RevPAR_Maui,1994-01-01,24.310008363535008,outcome,island
RevPAR_Maui,1994-02-01,14.818171519202439,outcome,island
RevPAR_Maui,1994-03-01,24.335122986640023,outcome,island
RevPAR_Maui,1994-04-01,16.157382368848026,outcome,island
RevPAR_Maui,1994-05-01,11.665443873807767,outcome,island
RevPAR_Maui,1994-06-01,4.378259676091134,outcome,island
RevPAR_Maui,1994-07-01,13.82992924843145,outcome,island
RevPAR_Maui,1994-08-01,10.145793499043965,outcome,island
RevPAR_Maui,1994-09-01,-6.599713055954092,outcome,island
RevPAR_Maui,1994-10-01,-5.087719298245608,outcome,island
RevPAR_Maui,1994-11-01,-4.65710116731517,outcome,island
RevPAR_Maui,1994-12-01,7.172531769305945,outcome,island
RevPAR_Maui,1995-01-01,-1.7492711370262426,outcome,island
RevPAR_Maui,1995-02-01,20.34533793783917,outcome,island
RevPAR_Maui,1995-03-01,13.878288813014672,outcome,island
RevPAR_Maui,1995-04-01,15.10883482714469,outcome,island
RevPAR_Maui,1995-05-01,12.562417871222076,outcome,island
RevPAR_Maui,1995-06-01,18.606180144641684,outcome,island
RevPAR_Maui,1995-07-01,20.194675735897725,outcome,island
RevPAR_Maui,1995-08-01,16.784203102961914,outcome,island
RevPAR_Maui,1995-09-01,23.851417399804497,outcome,island
RevPAR_Maui,1995-10-01,16.36475662353667,outcome,island
RevPAR_Maui,1995-11-01,16.400969264124466,outcome,island
RevPAR_Maui,1995-12-01,10.477710637327565,outcome,island
RevPAR_Maui,1996-01-01,28.79479570874228,outcome,island
RevPAR_Maui,1996-02-01,7.288677543658295,outcome,island
RevPAR_Maui,1996-03-01,5.934744268077585,outcome,island
RevPAR_Maui,1996-04-01,9.515623419961571,outcome,island
RevPAR_Maui,1996-05-01,2.5566191921550185,outcome,island
RevPAR_Maui,1996-06-01,3.159645232815955,outcome,island
RevPAR_Maui,1996-07-01,1.6099131622597351,outcome,island
RevPAR_Maui,1996-08-01,6.4009661835748854,outcome,island
RevPAR_Maui,1996-09-01,1.2741008005412002,outcome,island
RevPAR_Maui,1996-10-01,3.1981361855342616,outcome,island
RevPAR_Maui,1996-11-01,0.13147803221211785,outcome,island
RevPAR_Maui,1996-12-01,0.804953560371513,outcome,island
RevPAR_Maui,1997-01-01,-0.13291980505094614,outcome,island
RevPAR_Maui,1997-02-01,2.9191502368943745,outcome,island
RevPAR_Maui,1997-03-01,9.589611254474327,outcome,island
RevPAR_Maui,1997-04-01,3.841181902123725,outcome,island
RevPAR_Maui,1997-05-01,6.829823562891302,outcome,island
RevPAR_Maui,1997-06-01,6.974744760881246,outcome,island
RevPAR_Maui,1997-07-01,6.356827347801031,outcome,island
RevPAR_Maui,1997-08-01,3.9727582292849117,outcome,island
RevPAR_Maui,1997-09-01,4.932086395012258,outcome,island
RevPAR_Maui,1997-10-01,0.4309902514109787,outcome,island
RevPAR_Maui,1997-11-01,8.206587153955569,outcome,island
RevPAR_Maui,1997-12-01,6.009418509418496,outcome,island
RevPAR_Maui,1998-01-01,0.7985803016858917,outcome,island
RevPAR_Maui,1998-02-01,2.19780219780219,outcome,island
RevPAR_Maui,1998-03-01,5.71971135586784,outcome,island
RevPAR_Maui,1998-04-01,11.755290770051596,outcome,island
RevPAR_Maui,1998-05-01,5.007991475759188,outcome,island
RevPAR_Maui,1998-06-01,15.420936307012244,outcome,island
RevPAR_Maui,1998-07-01,-1.62513542795234,outcome,island
RevPAR_Maui,1998-08-01,3.0147799798454944,outcome,island
RevPAR_Maui,1998-09-01,5.506631299734743,outcome,island
RevPAR_Maui,1998-10-01,9.829365484826802,outcome,island
RevPAR_Maui,1998-11-01,1.1224592982101322,outcome,island
RevPAR_Maui,1998-12-01,6.122646064703052,outcome,island
RevPAR_Maui,1999-01-01,7.97535211267606,outcome,island
RevPAR_Maui,1999-02-01,10.512932287125864,outcome,island
RevPAR_Maui,1999-03-01,5.115677539876429,outcome,island
RevPAR_Maui,1999-04-01,0.6683640992998008,outcome,island
RevPAR_Maui,1999-05-01,4.505327245053281,outcome,island
RevPAR_Maui,1999-06-01,-1.9235790756375604,outcome,island
RevPAR_Maui,1999-07-01,19.47503671071955,outcome,island
RevPAR_Maui,1999-08-01,10.230700252710513,outcome,island
RevPAR_Maui,1999-09-01,6.395816572807722,outcome,island
RevPAR_Maui,1999-10-01,11.470834496232207,outcome,island
RevPAR_Maui,1999-11-01,12.61000000000001,outcome,island
RevPAR_Maui,1999-12-01,10.08281008281009,outcome,island
RevPAR_Maui,2000-01-01,7.606391651720212,outcome,island
RevPAR_Maui,2000-02-01,8.743672342383778,outcome,island
RevPAR_Maui,2000-03-01,9.883800410116184,outcome,island
RevPAR_Maui,2000-04-01,11.27094530509012,outcome,island
RevPAR_Maui,2000-05-01,18.88532867268666,outcome,island
RevPAR_Maui,2000-06-01,12.477813276535299,outcome,island
RevPAR_Maui,2000-07-01,9.955446305115977,outcome,island
RevPAR_Maui,2000-08-01,6.123354533353065,outcome,island
RevPAR_Maui,2000-09-01,10.132325141776931,outcome,island
RevPAR_Maui,2000-10-01,1.0265398097145662,outcome,island
RevPAR_Maui,2000-11-01,10.55856495870704,outcome,island
RevPAR_Maui,2000-12-01,8.787302637017437,outcome,island
RevPAR_Maui,2001-01-01,9.7886203500265,outcome,island
RevPAR_Maui,2001-02-01,1.6564899341031447,outcome,island
RevPAR_Maui,2001-03-01,2.195819855685488,outcome,island
RevPAR_Maui,2001-04-01,7.337690012785925,outcome,island
RevPAR_Maui,2001-05-01,-0.2858542959817023,outcome,island
RevPAR_Maui,2001-06-01,6.9275682499605695,outcome,island
RevPAR_Maui,2001-07-01,5.435238228307959,outcome,island
RevPAR_Maui,2001-08-01,7.219512195121958,outcome,island
RevPAR_Maui,2001-09-01,-21.841743906625478,outcome,island
RevPAR_Maui,2001-10-01,-21.338289962825275,outcome,island
RevPAR_Maui,2001-11-01,-14.257028112449799,outcome,island
RevPAR_Maui,2001-12-01,-9.422492401215798,outcome,island
RevPAR_Maui,2002-01-01,-13.353115727002962,outcome,island
RevPAR_Maui,2002-02-01,-9.889979185251264,outcome,island
RevPAR_Maui,2002-03-01,-5.167691277618836,outcome,island
RevPAR_Maui,2002-04-01,-6.319899411025087,outcome,island
RevPAR_Maui,2002-05-01,-9.460234253419609,outcome,island
RevPAR_Maui,2002-06-01,-2.265348288075575,outcome,island
RevPAR_Maui,2002-07-01,-3.206997084548091,outcome,island
RevPAR_Maui,2002-08-01,-1.3453789158975882,outcome,island
RevPAR_Maui,2002-09-01,11.15625343142639,outcome,island
RevPAR_Maui,2002-10-01,12.381852551984874,outcome,island
RevPAR_Maui,2002-11-01,-4.159250585480089,outcome,island
RevPAR_Maui,2002-12-01,7.038590604026851,outcome,island
RevPAR_Maui,2003-01-01,12.671232876712324,outcome,island
RevPAR_Maui,2003-02-01,3.7420802534318787,outcome,island
RevPAR_Maui,2003-03-01,0.11553273427469257,outcome,island
RevPAR_Maui,2003-04-01,0.4944899689177662,outcome,island
RevPAR_Maui,2003-05-01,10.222543875520174,outcome,island
RevPAR_Maui,2003-06-01,5.866364665911683,outcome,island
RevPAR_Maui,2003-07-01,12.732749178532309,outcome,island
RevPAR_Maui,2003-08-01,9.37479412346005,outcome,island
RevPAR_Maui,2003-09-01,7.152030030623324,outcome,island
RevPAR_Maui,2003-10-01,4.616390991496111,outcome,island
RevPAR_Maui,2003-11-01,9.1291173883296,outcome,island
RevPAR_Maui,2003-12-01,14.280115996551457,outcome,island
RevPAR_Maui,2004-01-01,3.937230508234957,outcome,island
RevPAR_Maui,2004-02-01,4.75221070042624,outcome,island
RevPAR_Maui,2004-03-01,10.360302602897796,outcome,island
RevPAR_Maui,2004-04-01,11.51412905946858,outcome,island
RevPAR_Maui,2004-05-01,9.266250820748523,outcome,island
RevPAR_Maui,2004-06-01,11.852802738553713,outcome,island
RevPAR_Maui,2004-07-01,6.479232450813699,outcome,island
RevPAR_Maui,2004-08-01,4.836766654619917,outcome,island
RevPAR_Maui,2004-09-01,14.132939983405546,outcome,island
RevPAR_Maui,2004-10-01,13.559624832514515,outcome,island
RevPAR_Maui,2004-11-01,11.061352440662775,outcome,island
RevPAR_Maui,2004-12-01,5.129963651327052,outcome,island
RevPAR_Maui,2005-01-01,8.582698585418935,outcome,island
RevPAR_Maui,2005-02-01,13.124013117940002,outcome,island
RevPAR_Maui,2005-03-01,14.94713605205067,outcome,island
RevPAR_Maui,2005-04-01,-2.1306101865859794,outcome,island
RevPAR_Maui,2005-05-01,8.548035754525651,outcome,island
RevPAR_Maui,2005-06-01,14.849528181586336,outcome,island
RevPAR_Maui,2005-07-01,13.97775876817795,outcome,island
RevPAR_Maui,2005-08-01,10.048836541223771,outcome,island
RevPAR_Maui,2005-09-01,17.172859450726975,outcome,island
RevPAR_Maui,2005-10-01,18.838983717454582,outcome,island
RevPAR_Maui,2005-11-01,21.94354838709678,outcome,island
RevPAR_Maui,2005-12-01,18.74877682823408,outcome,island
RevPAR_Maui,2006-01-01,17.556056620318184,outcome,island
RevPAR_Maui,2006-02-01,16.357974982552204,outcome,island
RevPAR_Maui,2006-03-01,9.68312528427755,outcome,island
RevPAR_Maui,2006-04-01,29.37652969212934,outcome,island
RevPAR_Maui,2006-05-01,22.16455608608401,outcome,island
RevPAR_Maui,2006-06-01,14.322988952423255,outcome,island
RevPAR_Maui,2006-07-01,17.33713599519662,outcome,island
RevPAR_Maui,2006-08-01,19.823535553931304,outcome,island
RevPAR_Maui,2006-09-01,9.327174962084662,outcome,island
RevPAR_Maui,2006-10-01,4.838496160974293,outcome,island
RevPAR_Maui,2006-11-01,5.991667217776597,outcome,island
RevPAR_Maui,2006-12-01,10.223589518211273,outcome,island
RevPAR_Maui,2007-01-01,5.168096329053218,outcome,island
RevPAR_Maui,2007-02-01,2.034695949063403,outcome,island
RevPAR_Maui,2007-03-01,0.6727180574114255,outcome,island
RevPAR_Maui,2007-04-01,-4.858863941852931,outcome,island
RevPAR_Maui,2007-05-01,-5.857029568369776,outcome,island
RevPAR_Maui,2007-06-01,-20.55067255863643,outcome,island
RevPAR_Maui,2007-07-01,0.21747473455291377,outcome,island
RevPAR_Maui,2007-08-01,0.7102087055030237,outcome,island
RevPAR_Maui,2007-09-01,0.025222271265512575,outcome,island
RevPAR_Maui,2007-10-01,5.587473956689193,outcome,island
RevPAR_Maui,2007-11-01,7.4936045423348085,outcome,island
RevPAR_Maui,2007-12-01,3.8526714513556604,outcome,island
RevPAR_Maui,2008-01-01,9.82825877704039,outcome,island
RevPAR_Maui,2008-02-01,10.648880850101738,outcome,island
RevPAR_Maui,2008-03-01,12.66419515767312,outcome,island
RevPAR_Maui,2008-04-01,-4.861074773690555,outcome,island
RevPAR_Maui,2008-05-01,-2.713598074608903,outcome,island
RevPAR_Maui,2008-06-01,10.751176578448728,outcome,island
RevPAR_Maui,2008-07-01,-15.564632797208755,outcome,island
RevPAR_Maui,2008-08-01,-13.831444146404781,outcome,island
RevPAR_Maui,2008-09-01,-17.90960095820463,outcome,island
RevPAR_Maui,2008-10-01,-18.183448935661318,outcome,island
RevPAR_Maui,2008-11-01,-19.804968655676802,outcome,island
RevPAR_Maui,2008-12-01,-15.918798291500702,outcome,island
RevPAR_Maui,2009-01-01,-23.806448636929744,outcome,island
RevPAR_Maui,2009-02-01,-26.45279934613812,outcome,island
RevPAR_Maui,2009-03-01,-35.23318167045824,outcome,island
RevPAR_Maui,2009-04-01,-24.155758442415564,outcome,island
RevPAR_Maui,2009-05-01,-29.14837033830169,outcome,island
RevPAR_Maui,2009-06-01,-25.18763796909491,outcome,island
RevPAR_Maui,2009-07-01,-25.005039306591414,outcome,island
RevPAR_Maui,2009-08-01,-24.707536275543497,outcome,island
RevPAR_Maui,2009-09-01,-18.19228997081861,outcome,island
RevPAR_Maui,2009-10-01,-17.737338303003735,outcome,island
RevPAR_Maui,2009-11-01,-22.02518818760857,outcome,island
RevPAR_Maui,2009-12-01,-8.704337899543379,outcome,island
RevPAR_Maui,2010-01-01,-6.883399927351985,outcome,island
RevPAR_Maui,2010-02-01,1.8947602378174055,outcome,island
RevPAR_Maui,2010-03-01,5.174684814652197,outcome,island
RevPAR_Maui,2010-04-01,10.783176214648304,outcome,island
RevPAR_Maui,2010-05-01,5.4381983240223475,outcome,island
RevPAR_Maui,2010-06-01,9.007081735025091,outcome,island
RevPAR_Maui,2010-07-01,18.115844644537038,outcome,island
RevPAR_Maui,2010-08-01,16.6511069618565,outcome,island
RevPAR_Maui,2010-09-01,14.13686285553366,outcome,island
RevPAR_Maui,2010-10-01,15.796019900497505,outcome,island
RevPAR_Maui,2010-11-01,25.73099415204676,outcome,island
RevPAR_Maui,2010-12-01,15.473585495467335,outcome,island
RevPAR_Maui,2011-01-01,17.4045900786685,outcome,island
RevPAR_Maui,2011-02-01,16.288581088450215,outcome,island
RevPAR_Maui,2011-03-01,24.827051526717558,outcome,island
RevPAR_Maui,2011-04-01,18.01400798586108,outcome,island
RevPAR_Maui,2011-05-01,10.224356320887473,outcome,island
RevPAR_Maui,2011-06-01,8.783920958245917,outcome,island
RevPAR_Maui,2011-07-01,8.106724314484005,outcome,island
RevPAR_Maui,2011-08-01,3.0126336248785135,outcome,island
RevPAR_Maui,2011-09-01,12.188502343942753,outcome,island
RevPAR_Maui,2011-10-01,6.989412306275877,outcome,island
RevPAR_Maui,2011-11-01,11.50978220745662,outcome,island
RevPAR_Maui,2011-12-01,11.40227395776936,outcome,island
RevPAR_Maui,2012-01-01,17.034001550559296,outcome,island
RevPAR_Maui,2012-02-01,10.086752637749118,outcome,island
RevPAR_Maui,2012-03-01,3.931966938990006,outcome,island
RevPAR_Maui,2012-04-01,7.903932553108883,outcome,island
RevPAR_Maui,2012-05-01,12.528165840468697,outcome,island
RevPAR_Maui,2012-06-01,10.059097978227062,outcome,island
RevPAR_Maui,2012-07-01,9.45113929379573,outcome,island
RevPAR_Maui,2012-08-01,11.936736958934535,outcome,island
RevPAR_Maui,2012-09-01,2.6171101825379406,outcome,island
RevPAR_Maui,2012-10-01,8.296880602366464,outcome,island
RevPAR_Maui,2012-11-01,7.885328389830515,outcome,island
RevPAR_Maui,2012-12-01,8.80637636080872,outcome,island
RevPAR_Maui,2013-01-01,11.810352985710226,outcome,island
RevPAR_Maui,2013-02-01,7.113647980916693,outcome,island
RevPAR_Maui,2013-03-01,15.371885630228931,outcome,island
RevPAR_Maui,2013-04-01,5.865117713580759,outcome,island
RevPAR_Maui,2013-05-01,11.900947804031503,outcome,island
RevPAR_Maui,2013-06-01,13.610671489938952,outcome,island
RevPAR_Maui,2013-07-01,12.697725852204433,outcome,island
RevPAR_Maui,2013-08-01,9.731793168410086,outcome,island
RevPAR_Maui,2013-09-01,9.001285897985433,outcome,island
RevPAR_Maui,2013-10-01,6.495828367103695,outcome,island
RevPAR_Maui,2013-11-01,3.2463945995704346,outcome,island
RevPAR_Maui,2013-12-01,10.18849383598357,outcome,island
RevPAR_Maui,2014-01-01,4.870926787981378,outcome,island
RevPAR_Maui,2014-02-01,6.323073252207112,outcome,island
RevPAR_Maui,2014-03-01,-1.8049246951948317,outcome,island
RevPAR_Maui,2014-04-01,0.4175770818159785,outcome,island
RevPAR_Maui,2014-05-01,1.9087384431851984,outcome,island
RevPAR_Maui,2014-06-01,-2.7014925373134324,outcome,island
RevPAR_Maui,2014-07-01,-4.010238907849828,outcome,island
RevPAR_Maui,2014-08-01,-6.876298906659439,outcome,island
RevPAR_Maui,2014-09-01,8.520120592476088,outcome,island
RevPAR_Maui,2014-10-01,9.276876204688179,outcome,island
RevPAR_Maui,2014-11-01,9.498335710889204,outcome,island
RevPAR_Maui,2014-12-01,13.717621306092664,outcome,island
RevPAR_Maui,2015-01-01,6.347605019974978,outcome,island
RevPAR_Maui,2015-02-01,5.580490724117282,outcome,island
RevPAR_Maui,2015-03-01,13.617366605802395,outcome,island
RevPAR_Maui,2015-04-01,13.364924326676665,outcome,island
RevPAR_Maui,2015-05-01,17.62949956101845,outcome,island
RevPAR_Maui,2015-06-01,21.782481975763158,outcome,island
RevPAR_Maui,2015-07-01,13.004444444444442,outcome,island
RevPAR_Maui,2015-08-01,13.618280613235001,outcome,island
RevPAR_Maui,2015-09-01,3.714216692837291,outcome,island
RevPAR_Maui,2015-10-01,3.8406827880512084,outcome,island
RevPAR_Maui,2015-11-01,6.275105851699059,outcome,island
RevPAR_Maui,2015-12-01,4.124336078137825,outcome,island
RevPAR_Maui,2016-01-01,-2.8041284055551507,outcome,island
RevPAR_Maui,2016-02-01,2.0511548816777747,outcome,island
RevPAR_Maui,2016-03-01,4.274847326881193,outcome,island
RevPAR_Maui,2016-04-01,4.111750906376632,outcome,island
RevPAR_Maui,2016-05-01,1.6967706622879053,outcome,island
RevPAR_Maui,2016-06-01,4.438006465969702,outcome,island
RevPAR_Maui,2016-07-01,6.544482026272314,outcome,island
RevPAR_Maui,2016-08-01,7.079721593577859,outcome,island
RevPAR_Maui,2016-09-01,15.59424678274035,outcome,island
RevPAR_Maui,2016-10-01,13.276712328767125,outcome,island
RevPAR_Maui,2016-11-01,12.217795484727745,outcome,island
RevPAR_Maui,2016-12-01,17.43238616912015,outcome,island
RevPAR_Maui,2017-01-01,16.814366582080844,outcome,island
RevPAR_Maui,2017-02-01,6.092269240115256,outcome,island
RevPAR_Maui,2017-03-01,4.421535721624759,outcome,island
RevPAR_Maui,2017-04-01,13.3270514973985,outcome,island
RevPAR_Maui,2017-05-01,15.407574126626876,outcome,island
RevPAR_Maui,2017-06-01,6.9992763528181845,outcome,island
RevPAR_Maui,2017-07-01,10.00369139904025,outcome,island
RevPAR_Maui,2017-08-01,4.629740399569315,outcome,island
RevPAR_Maui,2017-09-01,3.7277719006599153,outcome,island
RevPAR_Maui,2017-10-01,6.994630677695546,outcome,island
RevPAR_Maui,2017-11-01,7.592171142466997,outcome,island
RevPAR_Maui,2017-12-01,4.553670339921867,outcome,island
RevPAR_Maui,2018-01-01,15.31983156206136,outcome,island
RevPAR_Maui,2018-02-01,16.226032327727236,outcome,island
RevPAR_Maui,2018-03-01,11.35163501590739,outcome,island
RevPAR_Maui,2018-04-01,5.888945123273803,outcome,island
RevPAR_Maui,2018-05-01,9.869843557892043,outcome,island
RevPAR_Maui,2018-06-01,10.69321811008832,outcome,island
RevPAR_Maui,2018-07-01,10.060402684563762,outcome,island
RevPAR_Maui,2018-08-01,1.7265035444774757,outcome,island
RevPAR_Maui,2018-09-01,4.754504395124082,outcome,island
RevPAR_Maui,2018-10-01,-1.7677110176771094,outcome,island
RevPAR_Maui,2018-11-01,4.264320162450308,outcome,island
RevPAR_Maui,2018-12-01,-2.4091010484050823,outcome,island
RevPAR_Maui,2019-01-01,-5.222280183156547,outcome,island
RevPAR_Maui,2019-02-01,-5.087131555980973,outcome,island
RevPAR_Maui,2019-03-01,-1.178203240058906,outcome,island
RevPAR_Maui,2019-04-01,4.755727015124078,outcome,island
RevPAR_Maui,2019-05-01,2.288250048234608,outcome,island
RevPAR_Maui,2019-06-01,8.013984589796674,outcome,island
RevPAR_Maui,2019-07-01,9.430453076407108,outcome,island
RevPAR_Maui,2019-08-01,14.63789292270803,outcome,island
RevPAR_Maui,2019-09-01,7.394529439035713,outcome,island
RevPAR_Maui,2019-10-01,15.362665684830624,outcome,island
RevPAR_Maui,2019-11-01,7.664529741134474,outcome,island
RevPAR_Maui,2019-12-01,18.44571428571429,outcome,island
RevPAR_Maui,2020-01-01,12.772137964774943,outcome,island
RevPAR_Maui,2020-02-01,16.03191552470784,outcome,island
RevPAR_Maui,2020-03-01,-41.63636363636364,outcome,island
RevPAR_Maui,2020-04-01,-95.66549341676443,outcome,island
RevPAR_Maui,2020-05-01,-94.49222876112871,outcome,island
RevPAR_Maui,2020-06-01,-95.10401608949783,outcome,island
RevPAR_Maui,2020-07-01,-93.05954138920622,outcome,island
RevPAR_Maui,2020-08-01,-94.20877181515131,outcome,island
RevPAR_Maui,2020-09-01,-89.43233326138571,outcome,island
RevPAR_Maui,2020-10-01,-87.20577674938164,outcome,island
RevPAR_Maui,2020-11-01,-71.5168645185604,outcome,island
RevPAR_Maui,2020-12-01,-68.55219992280972,outcome,island
RevPAR_Oahu,1991-01-01,-3.4248010054461764,outcome,island
RevPAR_Oahu,1991-02-01,-24.87652995490659,outcome,island
RevPAR_Oahu,1991-03-01,-23.602559459133165,outcome,island
RevPAR_Oahu,1991-04-01,-14.144084600132189,outcome,island
RevPAR_Oahu,1991-05-01,-9.386231683715796,outcome,island
RevPAR_Oahu,1991-06-01,-1.7142109395446248,outcome,island
RevPAR_Oahu,1991-07-01,-1.1495689116581276,outcome,island
RevPAR_Oahu,1991-08-01,0.2929458636043991,outcome,island
RevPAR_Oahu,1991-09-01,5.419604590073268,outcome,island
RevPAR_Oahu,1991-10-01,-6.252478519497695,outcome,island
RevPAR_Oahu,1991-11-01,-4.6795270690727975,outcome,island
RevPAR_Oahu,1991-12-01,7.471495640509729,outcome,island
RevPAR_Oahu,1992-01-01,-0.7916711853378056,outcome,island
RevPAR_Oahu,1992-02-01,34.429041017578975,outcome,island
RevPAR_Oahu,1992-03-01,25.97977243994942,outcome,island
RevPAR_Oahu,1992-04-01,11.624326404926855,outcome,island
RevPAR_Oahu,1992-05-01,11.594202898550732,outcome,island
RevPAR_Oahu,1992-06-01,-4.939422180801478,outcome,island
RevPAR_Oahu,1992-07-01,-5.650360257868792,outcome,island
RevPAR_Oahu,1992-08-01,-1.5889706741441745,outcome,island
RevPAR_Oahu,1992-09-01,1.2852459016393425,outcome,island
RevPAR_Oahu,1992-10-01,-2.1432600112803124,outcome,island
RevPAR_Oahu,1992-11-01,2.3371197284240752,outcome,island
RevPAR_Oahu,1992-12-01,-3.9066400399401013,outcome,island
RevPAR_Oahu,1993-01-01,-6.733712286838667,outcome,island
RevPAR_Oahu,1993-02-01,-11.248139485434827,outcome,island
RevPAR_Oahu,1993-03-01,-7.137481184144501,outcome,island
RevPAR_Oahu,1993-04-01,-8.675862068965523,outcome,island
RevPAR_Oahu,1993-05-01,-4.75734791524266,outcome,island
RevPAR_Oahu,1993-06-01,0.9663865546218453,outcome,island
RevPAR_Oahu,1993-07-01,-3.8853161843515616,outcome,island
RevPAR_Oahu,1993-08-01,-2.9443191262020663,outcome,island
RevPAR_Oahu,1993-09-01,-8.843713582804602,outcome,island
RevPAR_Oahu,1993-10-01,-2.6801152737752187,outcome,island
RevPAR_Oahu,1993-11-01,-9.977034957897413,outcome,island
RevPAR_Oahu,1993-12-01,-4.078451746980127,outcome,island
RevPAR_Oahu,1994-01-01,-9.259259259259245,outcome,island
RevPAR_Oahu,1994-02-01,6.792045999041685,outcome,island
RevPAR_Oahu,1994-03-01,9.063893016344714,outcome,island
RevPAR_Oahu,1994-04-01,3.775864673010121,outcome,island
RevPAR_Oahu,1994-05-01,5.482991244438051,outcome,island
RevPAR_Oahu,1994-06-01,6.755444583159931,outcome,island
RevPAR_Oahu,1994-07-01,4.683579592974629,outcome,island
RevPAR_Oahu,1994-08-01,5.859327217125387,outcome,island
RevPAR_Oahu,1994-09-01,12.357954545454518,outcome,island
RevPAR_Oahu,1994-10-01,25.629256736748562,outcome,island
RevPAR_Oahu,1994-11-01,25.155895691609985,outcome,island
RevPAR_Oahu,1994-12-01,32.59309410968181,outcome,island
RevPAR_Oahu,1995-01-01,27.56393696719195,outcome,island
RevPAR_Oahu,1995-02-01,-2.176107683679207,outcome,island
RevPAR_Oahu,1995-03-01,-1.4119395590785233,outcome,island
RevPAR_Oahu,1995-04-01,-0.9751127928976699,outcome,island
RevPAR_Oahu,1995-05-01,-1.646482514627834,outcome,island
RevPAR_Oahu,1995-06-01,3.651247401247404,outcome,island
RevPAR_Oahu,1995-07-01,8.695073235685747,outcome,island
RevPAR_Oahu,1995-08-01,4.159926045759188,outcome,island
RevPAR_Oahu,1995-09-01,4.032869785082194,outcome,island
RevPAR_Oahu,1995-10-01,-6.022392457277547,outcome,island
RevPAR_Oahu,1995-11-01,-6.137470275167023,outcome,island
RevPAR_Oahu,1995-12-01,-12.663398692810468,outcome,island
RevPAR_Oahu,1996-01-01,-3.1389226407452453,outcome,island
RevPAR_Oahu,1996-02-01,21.809425524595817,outcome,island
RevPAR_Oahu,1996-03-01,13.316582914572873,outcome,island
RevPAR_Oahu,1996-04-01,10.332157554379751,outcome,island
RevPAR_Oahu,1996-05-01,3.4864416159380074,outcome,island
RevPAR_Oahu,1996-06-01,8.26125109690361,outcome,island
RevPAR_Oahu,1996-07-01,4.753154477520538,outcome,island
RevPAR_Oahu,1996-08-01,1.652984246727307,outcome,island
RevPAR_Oahu,1996-09-01,1.4461052375744243,outcome,island
RevPAR_Oahu,1996-10-01,-4.038123902683721,outcome,island
RevPAR_Oahu,1996-11-01,-5.9597056339727335,outcome,island
RevPAR_Oahu,1996-12-01,0.8886810102900045,outcome,island
RevPAR_Oahu,1997-01-01,0.6272214091574524,outcome,island
RevPAR_Oahu,1997-02-01,-0.8942859832439032,outcome,island
RevPAR_Oahu,1997-03-01,4.34589800443459,outcome,island
RevPAR_Oahu,1997-04-01,12.841348075129888,outcome,island
RevPAR_Oahu,1997-05-01,3.609625668449201,outcome,island
RevPAR_Oahu,1997-06-01,-5.534969893469199,outcome,island
RevPAR_Oahu,1997-07-01,0.49117062331891503,outcome,island
RevPAR_Oahu,1997-08-01,1.746153006657214,outcome,island
RevPAR_Oahu,1997-09-01,4.86344034499282,outcome,island
RevPAR_Oahu,1997-10-01,4.783063251437536,outcome,island
RevPAR_Oahu,1997-11-01,2.2578576010262807,outcome,island
RevPAR_Oahu,1997-12-01,0.5563282336578546,outcome,island
RevPAR_Oahu,1998-01-01,-2.628298358612091,outcome,island
RevPAR_Oahu,1998-02-01,-3.580927051671734,outcome,island
RevPAR_Oahu,1998-03-01,-10.45473863153421,outcome,island
RevPAR_Oahu,1998-04-01,-9.833549757997872,outcome,island
RevPAR_Oahu,1998-05-01,-7.599999999999996,outcome,island
RevPAR_Oahu,1998-06-01,-7.036038244667808,outcome,island
RevPAR_Oahu,1998-07-01,-3.479576399394868,outcome,island
RevPAR_Oahu,1998-08-01,-7.561943580392572,outcome,island
RevPAR_Oahu,1998-09-01,-13.125428375599736,outcome,island
RevPAR_Oahu,1998-10-01,-8.169119481167385,outcome,island
RevPAR_Oahu,1998-11-01,-8.28001505457282,outcome,island
RevPAR_Oahu,1998-12-01,-11.145689257722458,outcome,island
RevPAR_Oahu,1999-01-01,-14.54176891070096,outcome,island
RevPAR_Oahu,1999-02-01,-11.614619249335046,outcome,island
RevPAR_Oahu,1999-03-01,-8.317513051732329,outcome,island
RevPAR_Oahu,1999-04-01,-6.886619533909388,outcome,island
RevPAR_Oahu,1999-05-01,-4.175394497975137,outcome,island
RevPAR_Oahu,1999-06-01,-4.245780590717296,outcome,island
RevPAR_Oahu,1999-07-01,-5.594405594405593,outcome,island
RevPAR_Oahu,1999-08-01,-2.065444418658624,outcome,island
RevPAR_Oahu,1999-09-01,2.669296515450359,outcome,island
RevPAR_Oahu,1999-10-01,7.578432704060845,outcome,island
RevPAR_Oahu,1999-11-01,3.9119135549172457,outcome,island
RevPAR_Oahu,1999-12-01,-3.048385004540155,outcome,island
RevPAR_Oahu,2000-01-01,5.617977528089879,outcome,island
RevPAR_Oahu,2000-02-01,7.913508693713767,outcome,island
RevPAR_Oahu,2000-03-01,11.44040377895692,outcome,island
RevPAR_Oahu,2000-04-01,9.533183352080998,outcome,island
RevPAR_Oahu,2000-05-01,13.931798309530752,outcome,island
RevPAR_Oahu,2000-06-01,24.111814927017328,outcome,island
RevPAR_Oahu,2000-07-01,18.88888888888889,outcome,island
RevPAR_Oahu,2000-08-01,12.061611374407576,outcome,island
RevPAR_Oahu,2000-09-01,10.566086065573765,outcome,island
RevPAR_Oahu,2000-10-01,10.150233556369148,outcome,island
RevPAR_Oahu,2000-11-01,17.085691720415962,outcome,island
RevPAR_Oahu,2000-12-01,18.249933101418247,outcome,island
RevPAR_Oahu,2001-01-01,16.678486997635943,outcome,island
RevPAR_Oahu,2001-02-01,10.555670316050424,outcome,island
RevPAR_Oahu,2001-03-01,4.668447334804315,outcome,island
RevPAR_Oahu,2001-04-01,1.3222079589217062,outcome,island
RevPAR_Oahu,2001-05-01,1.7907393195190524,outcome,island
RevPAR_Oahu,2001-06-01,-5.73615888161545,outcome,island
RevPAR_Oahu,2001-07-01,-4.4902782253733005,outcome,island
RevPAR_Oahu,2001-08-01,2.3155001057306057,outcome,island
RevPAR_Oahu,2001-09-01,-29.38723502837948,outcome,island
RevPAR_Oahu,2001-10-01,-32.11461318051576,outcome,island
RevPAR_Oahu,2001-11-01,-39.46037099494097,outcome,island
RevPAR_Oahu,2001-12-01,-27.4949083503055,outcome,island
RevPAR_Oahu,2002-01-01,-26.157430858069088,outcome,island
RevPAR_Oahu,2002-02-01,-16.83482810164425,outcome,island
RevPAR_Oahu,2002-03-01,-12.248973704648837,outcome,island
RevPAR_Oahu,2002-04-01,-13.391612821487398,outcome,island
RevPAR_Oahu,2002-05-01,-5.667253078662993,outcome,island
RevPAR_Oahu,2002-06-01,-6.450094161958553,outcome,island
RevPAR_Oahu,2002-07-01,-5.2749971881678075,outcome,island
RevPAR_Oahu,2002-08-01,-5.084220316213706,outcome,island
RevPAR_Oahu,2002-09-01,17.831364829396314,outcome,island
RevPAR_Oahu,2002-10-01,29.44453824075639,outcome,island
RevPAR_Oahu,2002-11-01,38.050139275766014,outcome,island
RevPAR_Oahu,2002-12-01,35.62734082397003,outcome,island
RevPAR_Oahu,2003-01-01,19.892989436136645,outcome,island
RevPAR_Oahu,2003-02-01,6.009885419006977,outcome,island
RevPAR_Oahu,2003-03-01,3.654064989252759,outcome,island
RevPAR_Oahu,2003-04-01,4.3885313048566355,outcome,island
RevPAR_Oahu,2003-05-01,-8.765152524310638,outcome,island
RevPAR_Oahu,2003-06-01,-4.101660795168605,outcome,island
RevPAR_Oahu,2003-07-01,3.38399430064118,outcome,island
RevPAR_Oahu,2003-08-01,7.403375068045737,outcome,island
RevPAR_Oahu,2003-09-01,19.82458582764861,outcome,island
RevPAR_Oahu,2003-10-01,11.712534237641847,outcome,island
RevPAR_Oahu,2003-11-01,10.99004573580844,outcome,island
RevPAR_Oahu,2003-12-01,14.210102404786573,outcome,island
RevPAR_Oahu,2004-01-01,8.776747911660365,outcome,island
RevPAR_Oahu,2004-02-01,11.963547737628467,outcome,island
RevPAR_Oahu,2004-03-01,16.63820444010735,outcome,island
RevPAR_Oahu,2004-04-01,19.730941704035864,outcome,island
RevPAR_Oahu,2004-05-01,24.324718937071133,outcome,island
RevPAR_Oahu,2004-06-01,30.96300183678824,outcome,island
RevPAR_Oahu,2004-07-01,32.181003790054,outcome,island
RevPAR_Oahu,2004-08-01,10.957932083122145,outcome,island
RevPAR_Oahu,2004-09-01,7.761124665969565,outcome,island
RevPAR_Oahu,2004-10-01,15.44658493870401,outcome,island
RevPAR_Oahu,2004-11-01,11.016846442855389,outcome,island
RevPAR_Oahu,2004-12-01,3.626838605682048,outcome,island
RevPAR_Oahu,2005-01-01,18.67241742057648,outcome,island
RevPAR_Oahu,2005-02-01,12.786295665341662,outcome,island
RevPAR_Oahu,2005-03-01,20.874294080736245,outcome,island
RevPAR_Oahu,2005-04-01,16.034644194756552,outcome,island
RevPAR_Oahu,2005-05-01,23.123899001761593,outcome,island
RevPAR_Oahu,2005-06-01,18.062512522540587,outcome,island
RevPAR_Oahu,2005-07-01,15.77026674776263,outcome,island
RevPAR_Oahu,2005-08-01,26.146537547962744,outcome,island
RevPAR_Oahu,2005-09-01,28.247978436657696,outcome,island
RevPAR_Oahu,2005-10-01,19.225323624595482,outcome,island
RevPAR_Oahu,2005-11-01,27.117903930131003,outcome,island
RevPAR_Oahu,2005-12-01,28.63114913474627,outcome,island
RevPAR_Oahu,2006-01-01,14.528853825015497,outcome,island
RevPAR_Oahu,2006-02-01,21.34765461105983,outcome,island
RevPAR_Oahu,2006-03-01,11.35144488665858,outcome,island
RevPAR_Oahu,2006-04-01,23.20960258220699,outcome,island
RevPAR_Oahu,2006-05-01,8.966043494849284,outcome,island
RevPAR_Oahu,2006-06-01,14.41663131098856,outcome,island
RevPAR_Oahu,2006-07-01,14.244971480036007,outcome,island
RevPAR_Oahu,2006-08-01,4.265643105446104,outcome,island
RevPAR_Oahu,2006-09-01,1.5132408575031508,outcome,island
RevPAR_Oahu,2006-10-01,-2.095173466791078,outcome,island
RevPAR_Oahu,2006-11-01,6.209206458261773,outcome,island
RevPAR_Oahu,2006-12-01,-0.060464061673348724,outcome,island
RevPAR_Oahu,2007-01-01,-2.043343653250762,outcome,island
RevPAR_Oahu,2007-02-01,-5.704999654242449,outcome,island
RevPAR_Oahu,2007-03-01,-2.0046620046619945,outcome,island
RevPAR_Oahu,2007-04-01,-4.142447810069583,outcome,island
RevPAR_Oahu,2007-05-01,-0.6214985994397737,outcome,island
RevPAR_Oahu,2007-06-01,-1.7724710768318164,outcome,island
RevPAR_Oahu,2007-07-01,-5.8993561949809425,outcome,island
RevPAR_Oahu,2007-08-01,2.785302493575048,outcome,island
RevPAR_Oahu,2007-09-01,8.861283643892337,outcome,island
RevPAR_Oahu,2007-10-01,5.778894472361817,outcome,island
RevPAR_Oahu,2007-11-01,-3.662974043826317,outcome,island
RevPAR_Oahu,2007-12-01,2.7376540875746924,outcome,island
RevPAR_Oahu,2008-01-01,7.616940581542342,outcome,island
RevPAR_Oahu,2008-02-01,9.438251686711618,outcome,island
RevPAR_Oahu,2008-03-01,5.526482714874725,outcome,island
RevPAR_Oahu,2008-04-01,1.255444529848826,outcome,island
RevPAR_Oahu,2008-05-01,5.672509468862863,outcome,island
RevPAR_Oahu,2008-06-01,-3.465458663646648,outcome,island
RevPAR_Oahu,2008-07-01,0.9145490086567953,outcome,island
RevPAR_Oahu,2008-08-01,-3.6356264360048574,outcome,island
RevPAR_Oahu,2008-09-01,-15.678965386078348,outcome,island
RevPAR_Oahu,2008-10-01,-4.488492095994756,outcome,island
RevPAR_Oahu,2008-11-01,-9.375524592915896,outcome,island
RevPAR_Oahu,2008-12-01,-14.420316525579679,outcome,island
RevPAR_Oahu,2009-01-01,-18.553597650513943,outcome,island
RevPAR_Oahu,2009-02-01,-19.84855592039134,outcome,island
RevPAR_Oahu,2009-03-01,-22.526110151025623,outcome,island
RevPAR_Oahu,2009-04-01,-12.584345479082327,outcome,island
RevPAR_Oahu,2009-05-01,-16.037342669000576,outcome,island
RevPAR_Oahu,2009-06-01,-23.658689191302983,outcome,island
RevPAR_Oahu,2009-07-01,-20.013836042891732,outcome,island
RevPAR_Oahu,2009-08-01,-18.513323983169705,outcome,island
RevPAR_Oahu,2009-09-01,-2.6254059906171023,outcome,island
RevPAR_Oahu,2009-10-01,-2.7270388474401774,outcome,island
RevPAR_Oahu,2009-11-01,-3.964064091877373,outcome,island
RevPAR_Oahu,2009-12-01,-3.122312059177712,outcome,island
RevPAR_Oahu,2010-01-01,-2.9207608401694896,outcome,island
RevPAR_Oahu,2010-02-01,-4.021402892734727,outcome,island
RevPAR_Oahu,2010-03-01,5.479584909320145,outcome,island
RevPAR_Oahu,2010-04-01,-2.75955229641065,outcome,island
RevPAR_Oahu,2010-05-01,3.941229028094906,outcome,island
RevPAR_Oahu,2010-06-01,17.600655670525576,outcome,island
RevPAR_Oahu,2010-07-01,20.809548521017128,outcome,island
RevPAR_Oahu,2010-08-01,11.161790017211693,outcome,island
RevPAR_Oahu,2010-09-01,12.211618641712207,outcome,island
RevPAR_Oahu,2010-10-01,2.7241470510446897,outcome,island
RevPAR_Oahu,2010-11-01,10.107049860160089,outcome,island
RevPAR_Oahu,2010-12-01,19.40868329929859,outcome,island
RevPAR_Oahu,2011-01-01,23.298356393351295,outcome,island
RevPAR_Oahu,2011-02-01,20.13937282229965,outcome,island
RevPAR_Oahu,2011-03-01,13.543582199337978,outcome,island
RevPAR_Oahu,2011-04-01,19.031553879738027,outcome,island
RevPAR_Oahu,2011-05-01,14.832855778414512,outcome,island
RevPAR_Oahu,2011-06-01,9.87890931265789,outcome,island
RevPAR_Oahu,2011-07-01,0.48682703321878407,outcome,island
RevPAR_Oahu,2011-08-01,13.586746148486494,outcome,island
RevPAR_Oahu,2011-09-01,10.428536041615066,outcome,island
RevPAR_Oahu,2011-10-01,13.474081702711981,outcome,island
RevPAR_Oahu,2011-11-01,18.279758255233425,outcome,island
RevPAR_Oahu,2011-12-01,10.372518402855224,outcome,island
RevPAR_Oahu,2012-01-01,18.9636993523121,outcome,island
RevPAR_Oahu,2012-02-01,10.237819025522054,outcome,island
RevPAR_Oahu,2012-03-01,18.349663940400053,outcome,island
RevPAR_Oahu,2012-04-01,12.287429143047678,outcome,island
RevPAR_Oahu,2012-05-01,20.21957913998169,outcome,island
RevPAR_Oahu,2012-06-01,22.34202806628083,outcome,island
RevPAR_Oahu,2012-07-01,27.465089769164997,outcome,island
RevPAR_Oahu,2012-08-01,20.84242093784079,outcome,island
RevPAR_Oahu,2012-09-01,13.369223867205026,outcome,island
RevPAR_Oahu,2012-10-01,11.813643926788696,outcome,island
RevPAR_Oahu,2012-11-01,9.774881516587698,outcome,island
RevPAR_Oahu,2012-12-01,14.739962274319595,outcome,island
RevPAR_Oahu,2013-01-01,14.554317548746498,outcome,island
RevPAR_Oahu,2013-02-01,24.09892133649041,outcome,island
RevPAR_Oahu,2013-03-01,17.317824153267193,outcome,island
RevPAR_Oahu,2013-04-01,19.37639198218264,outcome,island
RevPAR_Oahu,2013-05-01,9.727411097274107,outcome,island
RevPAR_Oahu,2013-06-01,14.606960015553106,outcome,island
RevPAR_Oahu,2013-07-01,8.47912358168912,outcome,island
RevPAR_Oahu,2013-08-01,13.051325437112226,outcome,island
RevPAR_Oahu,2013-09-01,12.979817965967545,outcome,island
RevPAR_Oahu,2013-10-01,10.098755411255421,outcome,island
RevPAR_Oahu,2013-11-01,5.592282784673497,outcome,island
RevPAR_Oahu,2013-12-01,7.039689995302956,outcome,island
RevPAR_Oahu,2014-01-01,3.7468914064658687,outcome,island
RevPAR_Oahu,2014-02-01,2.2100911596353523,outcome,island
RevPAR_Oahu,2014-03-01,0.09331622535868611,outcome,island
RevPAR_Oahu,2014-04-01,-3.4825870646766344,outcome,island
RevPAR_Oahu,2014-05-01,-1.0655737704918011,outcome,island
RevPAR_Oahu,2014-06-01,1.8999151823579474,outcome,island
RevPAR_Oahu,2014-07-01,6.600370981038739,outcome,island
RevPAR_Oahu,2014-08-01,0.42905607663141776,outcome,island
RevPAR_Oahu,2014-09-01,3.5668417980151634,outcome,island
RevPAR_Oahu,2014-10-01,7.403084106407798,outcome,island
RevPAR_Oahu,2014-11-01,3.692582891458507,outcome,island
RevPAR_Oahu,2014-12-01,6.121441500740499,outcome,island
RevPAR_Oahu,2015-01-01,-4.607681244340267,outcome,island
RevPAR_Oahu,2015-02-01,-3.3756805807622414,outcome,island
RevPAR_Oahu,2015-03-01,0.8740240065260529,outcome,island
RevPAR_Oahu,2015-04-01,3.163659793814455,outcome,island
RevPAR_Oahu,2015-05-01,9.942004971002483,outcome,island
RevPAR_Oahu,2015-06-01,12.152488763109703,outcome,island
RevPAR_Oahu,2015-07-01,0.6960220406979634,outcome,island
RevPAR_Oahu,2015-08-01,1.3462493790362462,outcome,island
RevPAR_Oahu,2015-09-01,2.6943238825319904,outcome,island
RevPAR_Oahu,2015-10-01,6.217824047591813,outcome,island
RevPAR_Oahu,2015-11-01,9.870001848314969,outcome,island
RevPAR_Oahu,2015-12-01,10.771695870160759,outcome,island
RevPAR_Oahu,2016-01-01,5.8577172213535755,outcome,island
RevPAR_Oahu,2016-02-01,3.6277771814961834,outcome,island
RevPAR_Oahu,2016-03-01,0.23105360443622658,outcome,island
RevPAR_Oahu,2016-04-01,5.371307226281918,outcome,island
RevPAR_Oahu,2016-05-01,0.6202538983247408,outcome,island
RevPAR_Oahu,2016-06-01,-2.6025431695611445,outcome,island
RevPAR_Oahu,2016-07-01,6.2160994575913175,outcome,island
RevPAR_Oahu,2016-08-01,3.563550806333038,outcome,island
RevPAR_Oahu,2016-09-01,7.289093803172508,outcome,island
RevPAR_Oahu,2016-10-01,-1.179384996499544,outcome,island
RevPAR_Oahu,2016-11-01,-0.9925419166713412,outcome,island
RevPAR_Oahu,2016-12-01,-0.6719238486304846,outcome,island
RevPAR_Oahu,2017-01-01,7.406235163791752,outcome,island
RevPAR_Oahu,2017-02-01,2.382185396167791,outcome,island
RevPAR_Oahu,2017-03-01,2.1899492853849623,outcome,island
RevPAR_Oahu,2017-04-01,4.777428723845656,outcome,island
RevPAR_Oahu,2017-05-01,1.0197027307293327,outcome,island
RevPAR_Oahu,2017-06-01,5.171450342900696,outcome,island
RevPAR_Oahu,2017-07-01,2.26861894432393,outcome,island
RevPAR_Oahu,2017-08-01,-0.2461188943582049,outcome,island
RevPAR_Oahu,2017-09-01,-6.727375044763906,outcome,island
RevPAR_Oahu,2017-10-01,-0.43051771117166293,outcome,island
RevPAR_Oahu,2017-11-01,1.772768463978247,outcome,island
RevPAR_Oahu,2017-12-01,0.16911730163948757,outcome,island
RevPAR_Oahu,2018-01-01,-2.239575659348758,outcome,island
RevPAR_Oahu,2018-02-01,3.591299949418314,outcome,island
RevPAR_Oahu,2018-03-01,7.224227385517712,outcome,island
RevPAR_Oahu,2018-04-01,6.641398427334955,outcome,island
RevPAR_Oahu,2018-05-01,6.775021385799818,outcome,island
RevPAR_Oahu,2018-06-01,2.9754141911800147,outcome,island
RevPAR_Oahu,2018-07-01,1.0428634555899263,outcome,island
RevPAR_Oahu,2018-08-01,2.1730878724615765,outcome,island
RevPAR_Oahu,2018-09-01,3.1263712154453893,outcome,island
RevPAR_Oahu,2018-10-01,1.4449127031908482,outcome,island
RevPAR_Oahu,2018-11-01,-3.2389114586231837,outcome,island
RevPAR_Oahu,2018-12-01,3.5220184777001506,outcome,island
RevPAR_Oahu,2019-01-01,0.668173825671925,outcome,island
RevPAR_Oahu,2019-02-01,-0.0488281250000111,outcome,island
RevPAR_Oahu,2019-03-01,-2.924314942407824,outcome,island
RevPAR_Oahu,2019-04-01,-2.8539600021219025,outcome,island
RevPAR_Oahu,2019-05-01,-0.6035357581584133,outcome,island
RevPAR_Oahu,2019-06-01,0.09850368216146599,outcome,island
RevPAR_Oahu,2019-07-01,0.3979707863202897,outcome,island
RevPAR_Oahu,2019-08-01,5.289309928485175,outcome,island
RevPAR_Oahu,2019-09-01,1.350920114881382,outcome,island
RevPAR_Oahu,2019-10-01,1.3973563528459687,outcome,island
RevPAR_Oahu,2019-11-01,7.954218669120605,outcome,island
RevPAR_Oahu,2019-12-01,7.465796865090146,outcome,island
RevPAR_Oahu,2020-01-01,11.45323884619225,outcome,island
RevPAR_Oahu,2020-02-01,2.3644357596482646,outcome,island
RevPAR_Oahu,2020-03-01,-49.22793520073685,outcome,island
RevPAR_Oahu,2020-04-01,-93.78583519903894,outcome,island
RevPAR_Oahu,2020-05-01,-90.40838259000537,outcome,island
RevPAR_Oahu,2020-06-01,-88.14432989690721,outcome,island
RevPAR_Oahu,2020-07-01,-82.71115563880298,outcome,island
RevPAR_Oahu,2020-08-01,-81.41842720416355,outcome,island
RevPAR_Oahu,2020-09-01,-82.924013434089,outcome,island
RevPAR_Oahu,2020-10-01,-81.57390656592528,outcome,island
RevPAR_Oahu,2020-11-01,-79.82951518380395,outcome,island
RevPAR_Oahu,2020-12-01,-81.70474664868055,outcome,island
