time,unit,cases,deaths,temp,mob
2020-02-15,Alabama,0.0,0.0,63.41492537313433,136.69
2020-02-16,Alabama,0.0,0.0,63.41492537313433,97.66
2020-02-17,Alabama,0.0,0.0,63.41492537313433,113.36
2020-02-18,Alabama,0.0,0.0,63.41492537313433,108.61
2020-02-19,Alabama,0.0,0.0,63.41492537313433,112.41
2020-02-20,Alabama,0.0,0.0,63.41492537313433,116.53
2020-02-21,Alabama,0.0,0.0,63.41492537313433,148.9
2020-02-22,Alabama,0.0,0.0,63.41492537313433,141.79
2020-02-23,Alabama,0.0,0.0,63.41492537313433,100.77
2020-02-24,Alabama,0.0,0.0,63.41492537313433,109.77
2020-02-25,Alabama,0.0,0.0,63.41492537313433,115.64
2020-02-26,Alabama,0.0,0.0,63.41492537313433,116.12
2020-02-27,Alabama,0.0,0.0,63.41492537313433,125.69
2020-02-28,Alabama,0.0,0.0,63.41492537313433,152.84
2020-02-29,Alabama,0.0,0.0,63.41492537313433,149.38
2020-03-01,Alabama,0.0,0.0,63.41492537313433,104.53
2020-03-02,Alabama,0.0,0.0,63.41492537313433,110.73
2020-03-03,Alabama,0.0,0.0,63.41492537313433,115.38
2020-03-04,Alabama,0.0,0.0,63.41492537313433,110.9
2020-03-05,Alabama,0.0,0.0,63.41492537313433,124.09
2020-03-06,Alabama,0.0,0.0,63.41492537313433,157.82
2020-03-07,Alabama,0.0,0.0,63.41492537313433,158.73
2020-03-08,Alabama,0.0,0.0,63.41492537313433,109.85
2020-03-09,Alabama,0.0,0.0,63.41492537313433,119.48
2020-03-10,Alabama,0.0,0.0,63.41492537313433,119.23
2020-03-11,Alabama,0.0,0.0,63.41492537313433,119.83
2020-03-12,Alabama,0.0,0.0,63.41492537313433,129.93
2020-03-13,Alabama,6.0,0.0,63.41492537313433,143.13
2020-03-14,Alabama,12.0,0.0,63.41492537313433,139.87
2020-03-15,Alabama,23.0,0.0,63.41492537313433,94.6
2020-03-16,Alabama,29.0,0.0,62.93880597014925,101.37
2020-03-17,Alabama,39.0,0.0,66.00298507462686,94.06
2020-03-18,Alabama,51.0,0.0,68.44477611940299,91.95
2020-03-19,Alabama,78.0,0.0,71.29850746268657,91.01
2020-03-20,Alabama,106.0,0.0,69.76268656716418,96.05
2020-03-21,Alabama,131.0,0.0,60.05223880597015,80.87
2020-03-22,Alabama,157.0,0.0,58.223880597014926,56.34
2020-03-23,Alabama,196.0,0.0,66.17164179104478,68.01
2020-03-24,Alabama,242.0,0.0,70.45373134328358,70.35
2020-03-25,Alabama,386.0,1.0,67.2134328358209,74.9
2020-03-26,Alabama,538.0,3.0,69.22835820895523,77.58
2020-03-27,Alabama,639.0,4.0,73.25671641791044,83.93
2020-03-28,Alabama,720.0,4.0,74.83880597014925,73.09
2020-03-29,Alabama,830.0,5.0,70.4089552238806,55.39
2020-03-30,Alabama,947.0,11.0,65.05223880597015,69.87
2020-03-31,Alabama,999.0,14.0,56.95522388059702,65.71
2020-04-01,Alabama,1108.0,28.0,53.93134328358209,72.21
2020-04-02,Alabama,1270.0,32.0,55.832835820895525,74.02
2020-04-03,Alabama,1535.0,38.0,61.35671641791044,81.15
2020-04-04,Alabama,1632.0,44.0,66.0865671641791,63.88
2020-04-05,Alabama,1840.0,45.0,67.91492537313434,47.43
2020-04-06,Alabama,2005.0,53.0,69.07761194029851,66.24
2020-04-07,Alabama,2197.0,64.0,67.13880597014925,64.79
2020-04-08,Alabama,2498.0,67.0,71.49850746268656,67.16
2020-04-09,Alabama,2838.0,78.0,70.37462686567164,74.06
2020-04-10,Alabama,3008.0,80.0,55.84029850746269,81.02
2020-04-11,Alabama,3262.0,93.0,56.497014925373136,70.31
2020-04-12,Alabama,3583.0,93.0,65.64776119402984,38.02
2020-04-13,Alabama,3805.0,104.0,61.155223880597006,73.6
2020-04-14,Alabama,3953.0,114.0,55.37910447761194,76.29
2020-04-15,Alabama,4241.0,123.0,51.42388059701493,80.49
2020-04-16,Alabama,4404.0,137.0,54.940298507462686,84.27
2020-04-17,Alabama,4572.0,151.0,62.89253731343284,93.82
2020-04-18,Alabama,4723.0,147.0,62.60298507462686,83.72
2020-04-19,Alabama,4903.0,160.0,60.02089552238806,53.0
2020-04-20,Alabama,5078.0,164.0,62.55074626865671,85.85
2020-04-21,Alabama,5327.0,186.0,63.516417910447764,86.77
2020-04-22,Alabama,5610.0,201.0,60.80298507462687,86.64
2020-04-23,Alabama,5832.0,197.0,62.973134328358206,77.99
2020-04-24,Alabama,6026.0,209.0,64.53134328358209,103.96
2020-04-25,Alabama,6213.0,213.0,66.97014925373135,91.72
2020-04-26,Alabama,6421.0,219.0,60.007462686567166,71.99
2020-04-27,Alabama,6539.0,228.0,58.87313432835821,89.64
2020-04-28,Alabama,6750.0,242.0,66.32686567164178,92.04
2020-04-29,Alabama,6925.0,262.0,65.12537313432836,85.27
2020-04-30,Alabama,7068.0,272.0,59.855223880597016,102.2
2020-05-01,Alabama,7294.0,289.0,62.30298507462687,119.89
2020-05-02,Alabama,7611.0,288.0,67.49850746268656,110.38
2020-05-03,Alabama,7888.0,290.0,70.15074626865672,88.34
2020-05-04,Alabama,8112.0,298.0,72.42089552238805,104.61
2020-05-05,Alabama,8437.0,315.0,71.22388059701493,106.75
2020-05-06,Alabama,8691.0,343.0,62.94776119402985,111.02
2020-05-07,Alabama,9046.0,369.0,57.05522388059701,117.71
2020-05-08,Alabama,9385.0,383.0,58.82686567164179,124.49
2020-05-09,Alabama,9668.0,390.0,55.06716417910448,124.61
2020-05-10,Alabama,9889.0,393.0,59.39850746268657,90.78
2020-05-11,Alabama,10164.0,403.0,59.71194029850746,102.33333333333333
2020-05-12,Alabama,10464.0,435.0,62.25671641791045,113.88666666666667
2020-05-13,Alabama,10700.0,450.0,68.73134328358209,125.44
2020-05-14,Alabama,11101.0,473.0,72.77611940298507,134.74
2020-05-15,Alabama,11373.0,483.0,72.41940298507463,152.9
2020-05-16,Alabama,11674.0,485.0,74.52537313432836,146.28
2020-05-17,Alabama,11771.0,488.0,72.75671641791044,109.82
2020-05-18,Alabama,12086.0,489.0,71.28805970149254,128.19
2020-05-19,Alabama,12376.0,504.0,68.1134328358209,133.12
2020-05-20,Alabama,13052.0,522.0,66.96865671641791,137.13
2020-05-21,Alabama,13414.0,529.0,68.9731343283582,150.24
2020-05-22,Alabama,13670.0,541.0,73.3179104477612,174.64
2020-05-23,Alabama,14149.0,549.0,74.09402985074627,162.0
2020-05-24,Alabama,14478.0,551.0,75.77164179104477,124.74
2020-05-25,Alabama,14986.0,566.0,76.99701492537314,132.84
2020-05-26,Alabama,15650.0,580.0,71.07761194029851,134.48
2020-05-27,Alabama,16032.0,583.0,70.19104477611941,134.02
2020-05-28,Alabama,16530.0,591.0,73.79850746268657,149.39
2020-05-29,Alabama,17031.0,610.0,74.92537313432835,169.27
2020-05-30,Alabama,17359.0,618.0,75.17611940298508,168.52
2020-05-31,Alabama,17952.0,630.0,73.53432835820895,129.4
2020-06-01,Alabama,18534.0,646.0,74.72537313432836,136.28
2020-06-02,Alabama,18771.0,653.0,76.7089552238806,133.65
2020-06-03,Alabama,18851.0,653.0,75.95820895522388,137.76
2020-06-04,Alabama,19072.0,653.0,76.92985074626866,147.09
2020-06-05,Alabama,19387.0,676.0,77.70298507462687,167.31
2020-06-06,Alabama,20043.0,689.0,76.87462686567164,173.86
2020-06-07,Alabama,20500.0,692.0,77.77611940298507,119.63
2020-06-08,Alabama,20925.0,718.0,78.16716417910447,134.97
2020-06-09,Alabama,21422.0,729.0,78.24477611940299,138.03
2020-06-10,Alabama,21989.0,744.0,79.62238805970149,146.65
2020-06-11,Alabama,22845.0,755.0,73.94477611940299,160.02
2020-06-12,Alabama,23710.0,769.0,74.96417910447762,184.52
2020-06-13,Alabama,24601.0,773.0,76.22985074626865,195.3
2020-06-14,Alabama,25615.0,773.0,75.66417910447761,142.93
2020-06-15,Alabama,26272.0,774.0,74.2641791044776,142.93
2020-06-16,Alabama,26912.0,785.0,70.95522388059702,142.93
2020-06-17,Alabama,27312.0,790.0,71.08955223880596,142.93
2020-06-18,Alabama,28206.0,810.0,74.00746268656717,142.93
2020-06-19,Alabama,29002.0,822.0,77.11194029850746,142.93
2020-06-20,Alabama,29549.0,838.0,79.26716417910447,142.93
2020-06-21,Alabama,30021.0,839.0,78.43134328358208,142.93
2020-06-22,Alabama,30454.0,841.0,75.48805970149253,142.93
2020-06-23,Alabama,31097.0,864.0,76.29552238805971,142.93
2020-06-24,Alabama,32064.0,891.0,73.1044776119403,142.93
2020-06-25,Alabama,33206.0,896.0,75.65223880597014,142.93
2020-06-26,Alabama,34183.0,907.0,73.9731343283582,142.93
2020-06-27,Alabama,35083.0,919.0,77.52089552238806,142.93
2020-06-28,Alabama,35441.0,919.0,80.63283582089552,142.93
2020-06-29,Alabama,37175.0,929.0,80.35074626865672,142.93
2020-06-30,Alabama,38045.0,950.0,78.88507462686567,142.93
2020-02-15,Arizona,1.0,0.0,54.626666666666665,130.54
2020-02-16,Arizona,1.0,0.0,54.626666666666665,100.38
2020-02-17,Arizona,1.0,0.0,54.626666666666665,112.58
2020-02-18,Arizona,1.0,0.0,54.626666666666665,112.31
2020-02-19,Arizona,1.0,0.0,54.626666666666665,117.05
2020-02-20,Arizona,1.0,0.0,54.626666666666665,121.7
2020-02-21,Arizona,1.0,0.0,54.626666666666665,138.9
2020-02-22,Arizona,1.0,0.0,54.626666666666665,131.76
2020-02-23,Arizona,1.0,0.0,54.626666666666665,104.95
2020-02-24,Arizona,1.0,0.0,54.626666666666665,115.16
2020-02-25,Arizona,1.0,0.0,54.626666666666665,117.05
2020-02-26,Arizona,1.0,0.0,54.626666666666665,117.74
2020-02-27,Arizona,1.0,0.0,54.626666666666665,123.17
2020-02-28,Arizona,1.0,0.0,54.626666666666665,139.76
2020-02-29,Arizona,1.0,0.0,54.626666666666665,144.6
2020-03-01,Arizona,1.0,0.0,54.626666666666665,103.5
2020-03-02,Arizona,1.0,0.0,54.626666666666665,113.16
2020-03-03,Arizona,2.0,0.0,54.626666666666665,116.05
2020-03-04,Arizona,2.0,0.0,54.626666666666665,119.27
2020-03-05,Arizona,2.0,0.0,54.626666666666665,125.91
2020-03-06,Arizona,3.0,0.0,54.626666666666665,144.49
2020-03-07,Arizona,5.0,0.0,54.626666666666665,136.64
2020-03-08,Arizona,5.0,0.0,54.626666666666665,102.42
2020-03-09,Arizona,6.0,0.0,54.626666666666665,116.4
2020-03-10,Arizona,6.0,0.0,54.626666666666665,114.82
2020-03-11,Arizona,9.0,0.0,54.626666666666665,113.16
2020-03-12,Arizona,9.0,0.0,54.626666666666665,110.59
2020-03-13,Arizona,9.0,0.0,54.626666666666665,120.62
2020-03-14,Arizona,12.0,0.0,54.626666666666665,113.76
2020-03-15,Arizona,13.0,0.0,54.626666666666665,85.38
2020-03-16,Arizona,18.0,0.0,55.65333333333333,94.73
2020-03-17,Arizona,20.0,0.0,55.333333333333336,88.27
2020-03-18,Arizona,28.0,0.0,48.00666666666667,75.71
2020-03-19,Arizona,47.0,0.0,46.07333333333334,76.44
2020-03-20,Arizona,70.0,1.0,49.306666666666665,80.42
2020-03-21,Arizona,104.0,1.0,53.62,70.35
2020-03-22,Arizona,153.0,2.0,53.980000000000004,51.77
2020-03-23,Arizona,234.0,2.0,55.28666666666666,64.11
2020-03-24,Arizona,326.0,6.0,55.11333333333334,63.48
2020-03-25,Arizona,402.0,6.0,58.013333333333335,62.87
2020-03-26,Arizona,508.0,8.0,54.980000000000004,62.83
2020-03-27,Arizona,665.0,15.0,45.50666666666667,68.31
2020-03-28,Arizona,773.0,15.0,47.913333333333334,62.77
2020-03-29,Arizona,930.0,18.0,54.04,48.89
2020-03-30,Arizona,1169.0,20.0,54.44666666666667,59.53
2020-03-31,Arizona,1298.0,24.0,58.413333333333334,58.64
2020-04-01,Arizona,1413.0,29.0,63.0,55.66
2020-04-02,Arizona,1600.0,35.0,61.42666666666666,57.09
2020-04-03,Arizona,1769.0,41.0,59.160000000000004,64.52
2020-04-04,Arizona,2019.0,53.0,59.72666666666667,56.58
2020-04-05,Arizona,2269.0,64.0,60.42666666666666,44.47
2020-04-06,Arizona,2466.0,67.0,59.67333333333333,55.74
2020-04-07,Arizona,2577.0,77.0,59.71333333333334,57.27
2020-04-08,Arizona,2726.0,80.0,58.693333333333335,57.05
2020-04-09,Arizona,3018.0,89.0,54.486666666666665,59.81
2020-04-10,Arizona,3112.0,97.0,55.05333333333333,67.34
2020-04-11,Arizona,3393.0,112.0,52.413333333333334,58.92
2020-04-12,Arizona,3539.0,117.0,54.67333333333333,39.08
2020-04-13,Arizona,3702.0,122.0,55.88,58.1
2020-04-14,Arizona,3806.0,131.0,54.806666666666665,60.25
2020-04-15,Arizona,3962.0,142.0,57.126666666666665,65.15
2020-04-16,Arizona,4234.0,152.0,61.17333333333333,66.07
2020-04-17,Arizona,4507.0,174.0,61.79333333333333,74.91
2020-04-18,Arizona,4719.0,181.0,58.82,69.2
2020-04-19,Arizona,4929.0,188.0,60.406666666666666,54.55
2020-04-20,Arizona,5064.0,191.0,63.77333333333333,66.37
2020-04-21,Arizona,5251.0,213.0,61.72,65.41
2020-04-22,Arizona,5459.0,236.0,64.49333333333333,67.08
2020-04-23,Arizona,5769.0,257.0,69.25333333333333,70.15
2020-04-24,Arizona,6045.0,268.0,71.38666666666667,78.6
2020-04-25,Arizona,6280.0,275.0,72.27333333333333,73.7
2020-04-26,Arizona,6526.0,277.0,75.01333333333334,57.21
2020-04-27,Arizona,6716.0,277.0,75.24,68.56
2020-04-28,Arizona,6948.0,297.0,75.19333333333334,69.72
2020-04-29,Arizona,7202.0,308.0,77.92666666666668,71.36
2020-04-30,Arizona,7648.0,320.0,77.57333333333332,74.91
2020-05-01,Arizona,7962.0,330.0,76.09333333333333,86.46
2020-05-02,Arizona,8364.0,353.0,74.53333333333333,82.43
2020-05-03,Arizona,8640.0,362.0,73.22,63.34
2020-05-04,Arizona,8919.0,362.0,72.96666666666667,74.81
2020-05-05,Arizona,9305.0,395.0,75.24,77.27
2020-05-06,Arizona,9707.0,426.0,78.18,76.81
2020-05-07,Arizona,9945.0,450.0,78.09333333333333,79.84
2020-05-08,Arizona,10526.0,517.0,76.32666666666667,92.28
2020-05-09,Arizona,10960.0,532.0,76.64666666666668,88.21
2020-05-10,Arizona,11119.0,536.0,76.17333333333333,64.73
2020-05-11,Arizona,11380.0,542.0,74.08,72.03666666666668
2020-05-12,Arizona,11736.0,562.0,71.94666666666667,79.34333333333333
2020-05-13,Arizona,12176.0,594.0,69.44666666666667,86.65
2020-05-14,Arizona,12674.0,624.0,69.28666666666666,90.42
2020-05-15,Arizona,13169.0,651.0,71.40666666666667,105.59
2020-05-16,Arizona,13631.0,679.0,74.58666666666666,102.23
2020-05-17,Arizona,13937.0,680.0,75.96000000000001,82.71
2020-05-18,Arizona,14170.0,686.0,75.38666666666667,94.07
2020-05-19,Arizona,14566.0,704.0,70.72666666666667,96.78
2020-05-20,Arizona,14897.0,747.0,65.04666666666667,98.76
2020-05-21,Arizona,15315.0,763.0,67.33333333333333,104.29
2020-05-22,Arizona,15608.0,775.0,70.88666666666667,122.56
2020-05-23,Arizona,16040.0,799.0,70.96000000000001,113.6
2020-05-24,Arizona,16339.0,800.0,70.48,94.35
2020-05-25,Arizona,16561.0,806.0,72.47333333333333,91.23
2020-05-26,Arizona,16783.0,807.0,76.50666666666666,101.33
2020-05-27,Arizona,17262.0,831.0,81.83333333333333,102.94
2020-05-28,Arizona,17763.0,857.0,84.48,105.51
2020-05-29,Arizona,18465.0,885.0,84.88666666666667,118.85
2020-05-30,Arizona,19255.0,903.0,84.02,112.7
2020-05-31,Arizona,19936.0,906.0,82.25333333333333,89.01
2020-06-01,Arizona,20123.0,918.0,81.20666666666666,96.6
2020-06-02,Arizona,21250.0,943.0,82.83333333333333,97.19
2020-06-03,Arizona,22245.0,983.0,85.71333333333334,100.95
2020-06-04,Arizona,22818.0,1000.0,86.7,104.35
2020-06-05,Arizona,24369.0,1016.0,84.00666666666666,118.37
2020-06-06,Arizona,25517.0,1046.0,75.72,114.9
2020-06-07,Arizona,26924.0,1048.0,74.14666666666668,91.71
2020-06-08,Arizona,27761.0,1052.0,69.16666666666667,105.28
2020-06-09,Arizona,28396.0,1074.0,69.31333333333333,105.58
2020-06-10,Arizona,29981.0,1100.0,77.2,106.65
2020-06-11,Arizona,31525.0,1130.0,82.32666666666667,111.32
2020-06-12,Arizona,33167.0,1157.0,84.0,125.01
2020-06-13,Arizona,34773.0,1190.0,81.38666666666667,122.7
2020-06-14,Arizona,35953.0,1194.0,79.33999999999999,100.07
2020-06-15,Arizona,37005.0,1204.0,80.25333333333333,100.07
2020-06-16,Arizona,39298.0,1228.0,81.26666666666667,100.07
2020-06-17,Arizona,41159.0,1252.0,79.74,100.07
2020-06-18,Arizona,43731.0,1287.0,79.00666666666666,100.07
2020-06-19,Arizona,46914.0,1322.0,79.21333333333334,100.07
2020-06-20,Arizona,50198.0,1347.0,81.61333333333333,100.07
2020-06-21,Arizona,52666.0,1350.0,84.01333333333334,100.07
2020-06-22,Arizona,54767.0,1354.0,85.21333333333334,100.07
2020-06-23,Arizona,58397.0,1398.0,85.52666666666667,100.07
2020-06-24,Arizona,60207.0,1467.0,85.99333333333334,100.07
2020-06-25,Arizona,63297.0,1495.0,86.11333333333333,100.07
2020-06-26,Arizona,66676.0,1537.0,85.72,100.07
2020-06-27,Arizona,70152.0,1581.0,83.77333333333333,100.07
2020-06-28,Arizona,73961.0,1594.0,81.95333333333333,100.07
2020-06-29,Arizona,74602.0,1598.0,78.53999999999999,100.07
2020-06-30,Arizona,79399.0,1645.0,77.35333333333332,100.07
2020-02-15,California,7.0,0.0,42.64035087719298,130.03
2020-02-16,California,7.0,0.0,42.64035087719298,106.16
2020-02-17,California,7.0,0.0,42.64035087719298,111.6
2020-02-18,California,7.0,0.0,42.64035087719298,113.94
2020-02-19,California,7.0,0.0,42.64035087719298,114.47
2020-02-20,California,8.0,0.0,42.64035087719298,120.36
2020-02-21,California,9.0,0.0,42.64035087719298,137.45
2020-02-22,California,9.0,0.0,42.64035087719298,129.22
2020-02-23,California,9.0,0.0,42.64035087719298,103.92
2020-02-24,California,11.0,0.0,42.64035087719298,111.7
2020-02-25,California,11.0,0.0,42.64035087719298,114.15
2020-02-26,California,26.0,0.0,42.64035087719298,115.08
2020-02-27,California,26.0,0.0,42.64035087719298,119.27
2020-02-28,California,27.0,0.0,42.64035087719298,136.49
2020-02-29,California,28.0,0.0,42.64035087719298,131.51
2020-03-01,California,33.0,0.0,42.64035087719298,98.24
2020-03-02,California,38.0,0.0,42.64035087719298,107.42
2020-03-03,California,45.0,0.0,42.64035087719298,115.82
2020-03-04,California,55.0,1.0,42.64035087719298,112.66
2020-03-05,California,67.0,1.0,42.64035087719298,118.41
2020-03-06,California,81.0,1.0,42.64035087719298,133.54
2020-03-07,California,100.0,1.0,42.64035087719298,124.57
2020-03-08,California,112.0,1.0,42.64035087719298,97.19
2020-03-09,California,172.0,2.0,42.64035087719298,103.6
2020-03-10,California,179.0,3.0,42.64035087719298,104.83
2020-03-11,California,202.0,4.0,42.64035087719298,105.59
2020-03-12,California,252.0,4.0,42.64035087719298,103.43
2020-03-13,California,320.0,5.0,42.64035087719298,106.77
2020-03-14,California,381.0,5.0,42.64035087719298,86.16
2020-03-15,California,478.0,6.0,42.64035087719298,66.24
2020-03-16,California,588.0,11.0,40.51929824561403,77.57
2020-03-17,California,732.0,14.0,39.987719298245615,68.07
2020-03-18,California,893.0,17.0,41.164912280701756,63.09
2020-03-19,California,1067.0,19.0,42.82631578947368,60.53
2020-03-20,California,1283.0,24.0,45.454385964912284,59.09
2020-03-21,California,1544.0,28.0,47.87017543859649,49.54
2020-03-22,California,1851.0,35.0,49.62456140350877,38.73
2020-03-23,California,2240.0,39.0,47.41228070175438,47.87
2020-03-24,California,2644.0,52.0,44.58070175438596,47.95
2020-03-25,California,3183.0,68.0,41.714035087719296,48.01
2020-03-26,California,4060.0,83.0,40.70175438596491,48.85
2020-03-27,California,4915.0,104.0,43.25614035087719,53.87
2020-03-28,California,5566.0,122.0,45.175438596491226,45.24
2020-03-29,California,6321.0,132.0,47.512280701754385,37.42
2020-03-30,California,7421.0,147.0,50.04912280701755,47.97
2020-03-31,California,8583.0,184.0,53.14035087719298,48.72
2020-04-01,California,9857.0,212.0,49.324561403508774,49.62
2020-04-02,California,11190.0,247.0,47.45614035087719,49.1
2020-04-03,California,12569.0,282.0,48.07017543859649,55.49
2020-04-04,California,13796.0,323.0,46.86666666666667,46.36
2020-04-05,California,15202.0,351.0,45.65964912280702,35.48
2020-04-06,California,16361.0,386.0,43.80350877192983,43.85
2020-04-07,California,17540.0,447.0,47.85263157894737,45.44
2020-04-08,California,19043.0,506.0,50.666666666666664,46.02
2020-04-09,California,20191.0,548.0,49.38245614035088,45.78
2020-04-10,California,21366.0,594.0,51.717543859649126,53.26
2020-04-11,California,22421.0,632.0,53.3719298245614,50.09
2020-04-12,California,23323.0,676.0,53.52456140350878,33.83
2020-04-13,California,24334.0,725.0,53.90877192982457,48.35
2020-04-14,California,25758.0,778.0,56.97719298245614,51.04
2020-04-15,California,27107.0,885.0,59.175438596491226,54.19
2020-04-16,California,28142.0,971.0,57.77894736842106,54.41
2020-04-17,California,29398.0,1050.0,54.0859649122807,60.08
2020-04-18,California,30829.0,1146.0,51.97894736842105,54.76
2020-04-19,California,31544.0,1176.0,52.80701754385965,45.63
2020-04-20,California,33862.0,1223.0,52.18245614035088,54.55
2020-04-21,California,35844.0,1316.0,55.34035087719298,54.87
2020-04-22,California,37573.0,1425.0,61.05614035087719,57.01
2020-04-23,California,39534.0,1548.0,63.708771929824564,59.03
2020-04-24,California,41368.0,1619.0,66.74912280701754,66.53
2020-04-25,California,42590.0,1692.0,67.16666666666667,62.01
2020-04-26,California,43691.0,1716.0,64.7,51.05
2020-04-27,California,45208.0,1800.0,64.33333333333333,58.46
2020-04-28,California,46570.0,1884.0,68.51754385964912,60.66
2020-04-29,California,48904.0,1961.0,66.04561403508772,61.24
2020-04-30,California,50470.0,2057.0,62.69824561403509,64.44
2020-05-01,California,52318.0,2147.0,60.88070175438596,73.47
2020-05-02,California,53753.0,2213.0,58.99122807017544,68.46
2020-05-03,California,55072.0,2235.0,57.74035087719298,57.11
2020-05-04,California,56333.0,2297.0,60.92456140350877,65.18
2020-05-05,California,58848.0,2386.0,63.19649122807017,67.93
2020-05-06,California,60787.0,2478.0,64.56315789473685,67.97
2020-05-07,California,62481.0,2561.0,68.74736842105263,70.65
2020-05-08,California,64616.0,2650.0,70.91052631578947,82.5
2020-05-09,California,66824.0,2732.0,69.01228070175438,79.74
2020-05-10,California,68051.0,2769.0,64.43859649122807,63.04
2020-05-11,California,69514.0,2820.0,58.51754385964912,66.57333333333334
2020-05-12,California,71150.0,2902.0,54.82105263157895,70.10666666666667
2020-05-13,California,73218.0,3014.0,54.296491228070174,73.64
2020-05-14,California,74947.0,3039.0,56.333333333333336,76.73
2020-05-15,California,77015.0,3192.0,59.84035087719298,90.21
2020-05-16,California,78933.0,3254.0,62.53859649122807,86.58
2020-05-17,California,80366.0,3290.0,59.512280701754385,69.9
2020-05-18,California,81943.0,3322.0,53.608771929824556,75.55
2020-05-19,California,83981.0,3422.0,52.69649122807017,80.95
2020-05-20,California,86125.0,3514.0,56.29824561403509,83.81
2020-05-21,California,88488.0,3624.0,61.32280701754386,87.83
2020-05-22,California,90801.0,3690.0,59.440350877192984,102.51
2020-05-23,California,92815.0,3768.0,61.6280701754386,95.55
2020-05-24,California,94743.0,3790.0,67.34035087719299,83.01
2020-05-25,California,97017.0,3808.0,73.54035087719299,79.84
2020-05-26,California,99924.0,3859.0,76.64035087719299,88.59
2020-05-27,California,101873.0,3961.0,77.28947368421052,90.35
2020-05-28,California,104071.0,4042.0,75.76491228070176,92.01
2020-05-29,California,107043.0,4144.0,69.81754385964912,103.48
2020-05-30,California,110100.0,4214.0,60.73684210526316,97.8
2020-05-31,California,113114.0,4242.0,62.09473684210526,78.67
2020-06-01,California,115643.0,4287.0,66.39473684210526,83.71
2020-06-02,California,118081.0,4360.0,72.97543859649123,84.86
2020-06-03,California,120407.0,4422.0,77.00526315789475,90.83
2020-06-04,California,122917.0,4484.0,75.52105263157894,93.75
2020-06-05,California,126510.0,4550.0,64.1842105263158,106.01
2020-06-06,California,129147.0,4626.0,57.396491228070175,102.78
2020-06-07,California,131997.0,4653.0,54.63508771929824,87.27
2020-06-08,California,134287.0,4679.0,60.17017543859649,95.33
2020-06-09,California,137245.0,4775.0,68.07368421052631,98.79
2020-06-10,California,140139.0,4869.0,72.57192982456141,101.4
2020-06-11,California,143709.0,4941.0,72.04912280701755,104.13
2020-06-12,California,147285.0,4986.0,62.454385964912284,118.96
2020-06-13,California,150434.0,5059.0,58.72456140350877,114.95
2020-06-14,California,152953.0,5089.0,63.91754385964913,97.82
2020-06-15,California,155662.0,5120.0,65.57894736842105,97.82
2020-06-16,California,159131.0,5202.0,62.652631578947364,97.82
2020-06-17,California,163381.0,5283.0,66.51754385964912,97.82
2020-06-18,California,167135.0,5359.0,71.40175438596492,97.82
2020-06-19,California,170843.0,5425.0,72.11052631578947,97.82
2020-06-20,California,174854.0,5495.0,71.3438596491228,97.82
2020-06-21,California,178807.0,5517.0,72.89298245614034,97.82
2020-06-22,California,184620.0,5561.0,75.57719298245614,97.82
2020-06-23,California,191039.0,5637.0,76.43333333333334,97.82
2020-06-24,California,195889.0,5728.0,75.84035087719298,97.82
2020-06-25,California,201413.0,5810.0,76.05789473684212,97.82
2020-06-26,California,207027.0,5872.0,77.59649122807018,97.82
2020-06-27,California,211453.0,5902.0,74.69649122807017,97.82
2020-06-28,California,216955.0,5937.0,65.2701754385965,97.82
2020-06-29,California,223995.0,5979.0,65.46140350877194,97.82
2020-06-30,California,232153.0,6083.0,69.54385964912281,97.82
2020-02-15,Colorado,0.0,0.0,36.98032786885246,128.72
2020-02-16,Colorado,0.0,0.0,36.98032786885246,100.63
2020-02-17,Colorado,0.0,0.0,36.98032786885246,107.58
2020-02-18,Colorado,0.0,0.0,36.98032786885246,103.31
2020-02-19,Colorado,0.0,0.0,36.98032786885246,110.41
2020-02-20,Colorado,0.0,0.0,36.98032786885246,118.35
2020-02-21,Colorado,0.0,0.0,36.98032786885246,135.04
2020-02-22,Colorado,0.0,0.0,36.98032786885246,127.98
2020-02-23,Colorado,0.0,0.0,36.98032786885246,87.4
2020-02-24,Colorado,0.0,0.0,36.98032786885246,102.7
2020-02-25,Colorado,0.0,0.0,36.98032786885246,100.77
2020-02-26,Colorado,0.0,0.0,36.98032786885246,108.61
2020-02-27,Colorado,0.0,0.0,36.98032786885246,114.51
2020-02-28,Colorado,0.0,0.0,36.98032786885246,134.84
2020-02-29,Colorado,0.0,0.0,36.98032786885246,126.96
2020-03-01,Colorado,0.0,0.0,36.98032786885246,94.51
2020-03-02,Colorado,0.0,0.0,36.98032786885246,100.58
2020-03-03,Colorado,0.0,0.0,36.98032786885246,110.88
2020-03-04,Colorado,0.0,0.0,36.98032786885246,112.17
2020-03-05,Colorado,2.0,0.0,36.98032786885246,116.0
2020-03-06,Colorado,8.0,0.0,36.98032786885246,136.61
2020-03-07,Colorado,8.0,0.0,36.98032786885246,135.28
2020-03-08,Colorado,8.0,0.0,36.98032786885246,99.99
2020-03-09,Colorado,12.0,0.0,36.98032786885246,108.5
2020-03-10,Colorado,17.0,0.0,36.98032786885246,109.98
2020-03-11,Colorado,34.0,0.0,36.98032786885246,111.84
2020-03-12,Colorado,49.0,1.0,36.98032786885246,107.94
2020-03-13,Colorado,78.0,2.0,36.98032786885246,107.67
2020-03-14,Colorado,103.0,2.0,36.98032786885246,98.41
2020-03-15,Colorado,136.0,2.0,36.98032786885246,75.88
2020-03-16,Colorado,161.0,2.0,39.25737704918033,81.94
2020-03-17,Colorado,183.0,3.0,39.470491803278684,71.01
2020-03-18,Colorado,216.0,3.0,41.27213114754098,70.73
2020-03-19,Colorado,278.0,5.0,31.685245901639345,51.78
2020-03-20,Colorado,364.0,5.0,25.940983606557378,58.73
2020-03-21,Colorado,475.0,6.0,32.4,55.57
2020-03-22,Colorado,591.0,7.0,35.43114754098361,46.11
2020-03-23,Colorado,721.0,10.0,37.48196721311476,55.57
2020-03-24,Colorado,912.0,11.0,41.290163934426225,56.2
2020-03-25,Colorado,1086.0,19.0,44.34590163934426,53.79
2020-03-26,Colorado,1432.0,24.0,42.937704918032786,44.99
2020-03-27,Colorado,1735.0,31.0,33.204918032786885,47.2
2020-03-28,Colorado,2061.0,44.0,29.842622950819674,42.94
2020-03-29,Colorado,2315.0,47.0,34.83606557377049,36.75
2020-03-30,Colorado,2628.0,51.0,37.6672131147541,46.52
2020-03-31,Colorado,2990.0,69.0,43.6983606557377,50.46
2020-04-01,Colorado,3346.0,80.0,46.709836065573775,50.38
2020-04-02,Colorado,3728.0,96.0,31.465573770491805,44.42
2020-04-03,Colorado,4182.0,110.0,29.198360655737705,50.54
2020-04-04,Colorado,4574.0,126.0,38.2655737704918,48.83
2020-04-05,Colorado,4950.0,140.0,45.718032786885246,41.54
2020-04-06,Colorado,5172.0,150.0,48.82950819672131,51.38
2020-04-07,Colorado,5429.0,179.0,49.64426229508197,52.34
2020-04-08,Colorado,5655.0,192.0,48.42295081967213,52.63
2020-04-09,Colorado,6202.0,227.0,44.31803278688525,53.16
2020-04-10,Colorado,6510.0,253.0,46.998360655737706,60.71
2020-04-11,Colorado,6893.0,274.0,47.22295081967213,54.8
2020-04-12,Colorado,7303.0,290.0,27.942622950819672,28.37
2020-04-13,Colorado,7691.0,308.0,22.398360655737704,42.02
2020-04-14,Colorado,7941.0,329.0,25.77704918032787,49.71
2020-04-15,Colorado,8280.0,355.0,35.03770491803279,56.59
2020-04-16,Colorado,8675.0,374.0,29.886885245901638,44.83
2020-04-17,Colorado,9047.0,389.0,33.768852459016394,60.96
2020-04-18,Colorado,9433.0,409.0,41.45245901639344,56.55
2020-04-19,Colorado,9730.0,421.0,41.783606557377055,48.93
2020-04-20,Colorado,10106.0,448.0,43.8311475409836,59.37
2020-04-21,Colorado,10447.0,484.0,44.90491803278688,58.6
2020-04-22,Colorado,10878.0,526.0,46.881967213114756,61.01
2020-04-23,Colorado,11262.0,557.0,47.10327868852459,62.72
2020-04-24,Colorado,12255.0,672.0,42.90491803278688,69.62
2020-04-25,Colorado,12967.0,670.0,45.72295081967213,66.93
2020-04-26,Colorado,13440.0,678.0,51.92950819672131,55.48
2020-04-27,Colorado,13804.0,705.0,55.81311475409836,67.3
2020-04-28,Colorado,14239.0,734.0,54.27049180327869,67.84
2020-04-29,Colorado,14680.0,764.0,53.326229508196725,70.94
2020-04-30,Colorado,15207.0,775.0,60.334426229508196,72.65
2020-05-01,Colorado,15661.0,818.0,61.99016393442623,85.85
2020-05-02,Colorado,16118.0,830.0,53.7672131147541,74.45
2020-05-03,Colorado,16527.0,840.0,56.56065573770491,66.67
2020-05-04,Colorado,16799.0,849.0,50.8672131147541,73.27
2020-05-05,Colorado,17256.0,901.0,49.62950819672131,77.64
2020-05-06,Colorado,17720.0,919.0,52.46557377049181,76.96
2020-05-07,Colorado,18264.0,942.0,51.62131147540984,80.01
2020-05-08,Colorado,18719.0,958.0,44.97704918032787,91.78
2020-05-09,Colorado,19267.0,965.0,47.49672131147541,88.72
2020-05-10,Colorado,19595.0,969.0,48.85573770491803,67.97
2020-05-11,Colorado,19793.0,986.0,43.752459016393445,74.90666666666667
2020-05-12,Colorado,20103.0,1009.0,49.65901639344262,81.84333333333333
2020-05-13,Colorado,20442.0,1062.0,55.699999999999996,88.78
2020-05-14,Colorado,20813.0,1091.0,53.64426229508197,90.71
2020-05-15,Colorado,21207.0,1150.0,52.68524590163935,104.48
2020-05-16,Colorado,21604.0,1192.0,53.50327868852459,102.79
2020-05-17,Colorado,21909.0,1215.0,57.99016393442623,88.63
2020-05-18,Colorado,22174.0,1224.0,62.38852459016393,97.85
2020-05-19,Colorado,22454.0,1257.0,63.527868852459015,100.85
2020-05-20,Colorado,22769.0,1299.0,58.7016393442623,103.36
2020-05-21,Colorado,23161.0,1310.0,53.470491803278684,108.17
2020-05-22,Colorado,23456.0,1324.0,57.57049180327869,125.92
2020-05-23,Colorado,23932.0,1327.0,57.178688524590164,112.25
2020-05-24,Colorado,24140.0,1332.0,47.13770491803279,84.5
2020-05-25,Colorado,24256.0,1333.0,47.75409836065574,92.59
2020-05-26,Colorado,24553.0,1352.0,55.68688524590164,106.13
2020-05-27,Colorado,24775.0,1393.0,60.37213114754098,107.24
2020-05-28,Colorado,25116.0,1422.0,60.74590163934426,111.89
2020-05-29,Colorado,25602.0,1437.0,65.44098360655738,125.48
2020-05-30,Colorado,26084.0,1443.0,64.47049180327869,115.31
2020-05-31,Colorado,26364.0,1445.0,64.88032786885246,97.42
2020-06-01,Colorado,26563.0,1458.0,67.3360655737705,109.44
2020-06-02,Colorado,26774.0,1474.0,66.74590163934427,109.92
2020-06-03,Colorado,27046.0,1494.0,65.78688524590164,114.53
2020-06-04,Colorado,27346.0,1512.0,67.20491803278688,118.01
2020-06-05,Colorado,27601.0,1524.0,70.35737704918033,134.89
2020-06-06,Colorado,27834.0,1527.0,65.1327868852459,120.2
2020-06-07,Colorado,27987.0,1527.0,65.94426229508197,109.07
2020-06-08,Colorado,28169.0,1543.0,56.77049180327869,116.03
2020-06-09,Colorado,28333.0,1553.0,46.15901639344262,113.46
2020-06-10,Colorado,28484.0,1573.0,55.529508196721316,123.44
2020-06-11,Colorado,28632.0,1583.0,62.04262295081967,128.55
2020-06-12,Colorado,28807.0,1595.0,66.58524590163934,146.58
2020-06-13,Colorado,29002.0,1598.0,66.76065573770492,133.53
2020-06-14,Colorado,29115.0,1599.0,67.81639344262295,117.16
2020-06-15,Colorado,29284.0,1605.0,68.57213114754097,117.16
2020-06-16,Colorado,29427.0,1617.0,69.8377049180328,117.16
2020-06-17,Colorado,29658.0,1631.0,68.3344262295082,117.16
2020-06-18,Colorado,29886.0,1638.0,58.94426229508196,117.16
2020-06-19,Colorado,30172.0,1643.0,55.80491803278689,117.16
2020-06-20,Colorado,30334.0,1647.0,61.99016393442623,117.16
2020-06-21,Colorado,30524.0,1647.0,64.93770491803278,117.16
2020-06-22,Colorado,30689.0,1651.0,64.78688524590164,117.16
2020-06-23,Colorado,30877.0,1665.0,65.05901639344262,117.16
2020-06-24,Colorado,31139.0,1667.0,68.30655737704917,117.16
2020-06-25,Colorado,31463.0,1669.0,68.77377049180328,117.16
2020-06-26,Colorado,31780.0,1673.0,65.05573770491803,117.16
2020-06-27,Colorado,32006.0,1674.0,66.4032786885246,117.16
2020-06-28,Colorado,32290.0,1676.0,69.28524590163934,117.16
2020-06-29,Colorado,32495.0,1682.0,69.1311475409836,117.16
2020-06-30,Colorado,32698.0,1690.0,61.68688524590164,117.16
2020-02-15,Connecticut,0.0,0.0,40.25,125.78
2020-02-16,Connecticut,0.0,0.0,40.25,99.94
2020-02-17,Connecticut,0.0,0.0,40.25,114.81
2020-02-18,Connecticut,0.0,0.0,40.25,108.16
2020-02-19,Connecticut,0.0,0.0,40.25,111.61
2020-02-20,Connecticut,0.0,0.0,40.25,114.62
2020-02-21,Connecticut,0.0,0.0,40.25,137.07
2020-02-22,Connecticut,0.0,0.0,40.25,134.49
2020-02-23,Connecticut,0.0,0.0,40.25,105.14
2020-02-24,Connecticut,0.0,0.0,40.25,103.36
2020-02-25,Connecticut,0.0,0.0,40.25,105.81
2020-02-26,Connecticut,0.0,0.0,40.25,111.97
2020-02-27,Connecticut,0.0,0.0,40.25,114.15
2020-02-28,Connecticut,0.0,0.0,40.25,135.71
2020-02-29,Connecticut,0.0,0.0,40.25,135.21
2020-03-01,Connecticut,0.0,0.0,40.25,101.92
2020-03-02,Connecticut,0.0,0.0,40.25,104.6
2020-03-03,Connecticut,0.0,0.0,40.25,109.54
2020-03-04,Connecticut,0.0,0.0,40.25,110.82
2020-03-05,Connecticut,0.0,0.0,40.25,118.85
2020-03-06,Connecticut,0.0,0.0,40.25,133.63
2020-03-07,Connecticut,0.0,0.0,40.25,131.02
2020-03-08,Connecticut,1.0,0.0,40.25,100.4
2020-03-09,Connecticut,2.0,0.0,40.25,107.2
2020-03-10,Connecticut,2.0,0.0,40.25,105.29
2020-03-11,Connecticut,3.0,0.0,40.25,104.86
2020-03-12,Connecticut,6.0,0.0,40.25,100.15
2020-03-13,Connecticut,11.0,0.0,40.25,106.42
2020-03-14,Connecticut,20.0,0.0,40.25,97.24
2020-03-15,Connecticut,26.0,0.0,40.25,72.79
2020-03-16,Connecticut,41.0,0.0,32.7875,77.84
2020-03-17,Connecticut,68.0,0.0,39.5375,67.75
2020-03-18,Connecticut,96.0,1.0,42.5125,69.93
2020-03-19,Connecticut,159.0,4.0,41.5625,62.74
2020-03-20,Connecticut,194.0,4.0,52.2125,70.69
2020-03-21,Connecticut,223.0,5.0,41.5875,63.82
2020-03-22,Connecticut,327.0,8.0,32.6625,47.94
2020-03-23,Connecticut,415.0,10.0,32.9125,46.34
2020-03-24,Connecticut,618.0,12.0,39.275,54.32
2020-03-25,Connecticut,875.0,19.0,37.125,50.94
2020-03-26,Connecticut,1012.0,21.0,43.6625,58.36
2020-03-27,Connecticut,1291.0,27.0,51.4625,66.23
2020-03-28,Connecticut,1524.0,33.0,42.7125,53.21
2020-03-29,Connecticut,1993.0,34.0,43.5875,38.06
2020-03-30,Connecticut,2571.0,36.0,40.8375,50.2
2020-03-31,Connecticut,3128.0,69.0,39.5625,53.02
2020-04-01,Connecticut,3557.0,85.0,40.7875,55.3
2020-04-02,Connecticut,3824.0,112.0,43.6,53.67
2020-04-03,Connecticut,4915.0,132.0,44.65,56.79
2020-04-04,Connecticut,5276.0,165.0,47.45,58.48
2020-04-05,Connecticut,5675.0,189.0,48.025,45.8
2020-04-06,Connecticut,6906.0,206.0,50.925,57.29
2020-04-07,Connecticut,7781.0,277.0,53.2375,58.07
2020-04-08,Connecticut,8781.0,335.0,47.3,54.1
2020-04-09,Connecticut,9784.0,380.0,43.925,52.59
2020-04-10,Connecticut,10538.0,448.0,41.0375,63.59
2020-04-11,Connecticut,11510.0,494.0,41.7625,63.24
2020-04-12,Connecticut,12035.0,554.0,46.6625,39.65
2020-04-13,Connecticut,13381.0,602.0,56.075,46.19
2020-04-14,Connecticut,13989.0,671.0,49.0375,64.81
2020-04-15,Connecticut,14755.0,868.0,42.4125,66.02
2020-04-16,Connecticut,15884.0,971.0,39.0625,65.14
2020-04-17,Connecticut,16809.0,1036.0,39.2125,72.44
2020-04-18,Connecticut,17550.0,1086.0,36.275,59.87
2020-04-19,Connecticut,17962.0,1127.0,46.45,63.21
2020-04-20,Connecticut,19815.0,1331.0,46.475,64.52
2020-04-21,Connecticut,20360.0,1423.0,41.075,58.43
2020-04-22,Connecticut,22469.0,1544.0,37.9375,67.09
2020-04-23,Connecticut,23100.0,1639.0,39.75,67.28
2020-04-24,Connecticut,23921.0,1764.0,41.3625,69.62
2020-04-25,Connecticut,24582.0,1862.0,49.1875,83.7
2020-04-26,Connecticut,25269.0,1925.0,43.8,50.57
2020-04-27,Connecticut,25997.0,2012.0,40.1875,62.11
2020-04-28,Connecticut,26312.0,2089.0,47.0125,76.22
2020-04-29,Connecticut,26767.0,2168.0,47.425,73.59
2020-04-30,Connecticut,27700.0,2257.0,47.6875,66.68
2020-05-01,Connecticut,28764.0,2339.0,56.8125,80.66
2020-05-02,Connecticut,29287.0,2436.0,58.375,91.25
2020-05-03,Connecticut,29287.0,2436.0,63.7,78.02
2020-05-04,Connecticut,29973.0,2556.0,57.45,75.87
2020-05-05,Connecticut,30621.0,2633.0,48.825,83.16
2020-05-06,Connecticut,30995.0,2718.0,45.825,77.63
2020-05-07,Connecticut,31784.0,2797.0,52.1125,85.85
2020-05-08,Connecticut,32411.0,2874.0,45.6125,88.65
2020-05-09,Connecticut,32984.0,2932.0,36.8875,89.4
2020-05-10,Connecticut,33554.0,2967.0,48.0125,72.64
2020-05-11,Connecticut,33765.0,3008.0,48.325,79.19
2020-05-12,Connecticut,34333.0,3041.0,46.6125,85.74000000000001
2020-05-13,Connecticut,34855.0,3125.0,47.0875,92.29
2020-05-14,Connecticut,35464.0,3219.0,54.2125,98.57
2020-05-15,Connecticut,36085.0,3285.0,64.9625,106.99
2020-05-16,Connecticut,36703.0,3339.0,63.8375,111.91
2020-05-17,Connecticut,37419.0,3408.0,57.175,86.62
2020-05-18,Connecticut,38116.0,3449.0,58.4875,91.73
2020-05-19,Connecticut,38430.0,3472.0,56.0125,99.46
2020-05-20,Connecticut,39017.0,3529.0,53.7125,106.78
2020-05-21,Connecticut,39208.0,3582.0,54.762499999999996,113.5
2020-05-22,Connecticut,39640.0,3637.0,64.9125,128.11
2020-05-23,Connecticut,40022.0,3675.0,59.6625,100.73
2020-05-24,Connecticut,40468.0,3693.0,57.1,103.3
2020-05-25,Connecticut,40873.0,3742.0,60.15,88.51
2020-05-26,Connecticut,41303.0,3769.0,67.2125,110.33
2020-05-27,Connecticut,41288.0,3803.0,67.475,114.33
2020-05-28,Connecticut,41559.0,3826.0,67.725,106.92
2020-05-29,Connecticut,41762.0,3868.0,68.4875,121.79
2020-05-30,Connecticut,42022.0,3912.0,69.4375,127.51
2020-05-31,Connecticut,42201.0,3944.0,57.775,109.24
2020-06-01,Connecticut,42740.0,3964.0,52.9625,109.79
2020-06-02,Connecticut,42979.0,3972.0,58.5625,111.43
2020-06-03,Connecticut,43091.0,3989.0,67.9875,113.14
2020-06-04,Connecticut,43239.0,4007.0,72.7,126.36
2020-06-05,Connecticut,43460.0,4038.0,69.725,131.11
2020-06-06,Connecticut,43818.0,4055.0,72.375,136.55
2020-06-07,Connecticut,43968.0,4071.0,62.5375,115.88
2020-06-08,Connecticut,44092.0,4084.0,64.25,120.73
2020-06-09,Connecticut,44179.0,4097.0,70.8375,128.87
2020-06-10,Connecticut,44347.0,4120.0,70.8125,129.21
2020-06-11,Connecticut,44461.0,4146.0,68.425,118.48
2020-06-12,Connecticut,44689.0,4159.0,72.1,155.55
2020-06-13,Connecticut,44994.0,4186.0,61.9875,147.2
2020-06-14,Connecticut,45088.0,4201.0,59.95,118.77
2020-06-15,Connecticut,45235.0,4204.0,61.875,118.77
2020-06-16,Connecticut,45349.0,4210.0,64.0625,118.77
2020-06-17,Connecticut,45429.0,4219.0,66.4875,118.77
2020-06-18,Connecticut,45440.0,4226.0,70.525,118.77
2020-06-19,Connecticut,45557.0,4238.0,72.95,118.77
2020-06-20,Connecticut,45715.0,4251.0,74.7375,118.77
2020-06-21,Connecticut,45755.0,4260.0,75.8625,118.77
2020-06-22,Connecticut,45782.0,4263.0,76.3,118.77
2020-06-23,Connecticut,45899.0,4277.0,74.0625,118.77
2020-06-24,Connecticut,45913.0,4287.0,75.3125,118.77
2020-06-25,Connecticut,45994.0,4298.0,72.1,118.77
2020-06-26,Connecticut,46059.0,4307.0,72.575,118.77
2020-06-27,Connecticut,46206.0,4311.0,67.7,118.77
2020-06-28,Connecticut,46303.0,4316.0,71.7125,118.77
2020-06-29,Connecticut,46362.0,4320.0,69.2375,118.77
2020-06-30,Connecticut,46514.0,4322.0,66.9875,118.77
2020-02-15,Florida,0.0,0.0,72.6776119402985,128.4
2020-02-16,Florida,0.0,0.0,72.6776119402985,99.36
2020-02-17,Florida,0.0,0.0,72.6776119402985,112.63
2020-02-18,Florida,0.0,0.0,72.6776119402985,113.95
2020-02-19,Florida,0.0,0.0,72.6776119402985,113.83
2020-02-20,Florida,0.0,0.0,72.6776119402985,118.75
2020-02-21,Florida,0.0,0.0,72.6776119402985,132.84
2020-02-22,Florida,0.0,0.0,72.6776119402985,126.69
2020-02-23,Florida,0.0,0.0,72.6776119402985,96.35
2020-02-24,Florida,0.0,0.0,72.6776119402985,107.78
2020-02-25,Florida,0.0,0.0,72.6776119402985,111.31
2020-02-26,Florida,0.0,0.0,72.6776119402985,116.43
2020-02-27,Florida,0.0,0.0,72.6776119402985,121.17
2020-02-28,Florida,0.0,0.0,72.6776119402985,139.23
2020-02-29,Florida,0.0,0.0,72.6776119402985,132.22
2020-03-01,Florida,2.0,0.0,72.6776119402985,100.16
2020-03-02,Florida,2.0,0.0,72.6776119402985,110.05
2020-03-03,Florida,3.0,0.0,72.6776119402985,113.53
2020-03-04,Florida,3.0,0.0,72.6776119402985,117.34
2020-03-05,Florida,4.0,0.0,72.6776119402985,121.91
2020-03-06,Florida,7.0,2.0,72.6776119402985,137.29
2020-03-07,Florida,12.0,2.0,72.6776119402985,135.33
2020-03-08,Florida,13.0,2.0,72.6776119402985,99.37
2020-03-09,Florida,14.0,2.0,72.6776119402985,114.21
2020-03-10,Florida,23.0,2.0,72.6776119402985,115.54
2020-03-11,Florida,26.0,2.0,72.6776119402985,116.13
2020-03-12,Florida,46.0,2.0,72.6776119402985,115.78
2020-03-13,Florida,70.0,2.0,72.6776119402985,123.96
2020-03-14,Florida,70.0,3.0,72.6776119402985,111.1
2020-03-15,Florida,109.0,3.0,72.6776119402985,83.92
2020-03-16,Florida,141.0,4.0,71.66865671641791,91.69
2020-03-17,Florida,210.0,6.0,72.5268656716418,84.54
2020-03-18,Florida,326.0,7.0,73.41641791044776,77.58
2020-03-19,Florida,434.0,8.0,73.46716417910449,74.05
2020-03-20,Florida,564.0,9.0,73.77313432835821,75.3
2020-03-21,Florida,764.0,11.0,73.18507462686567,59.77
2020-03-22,Florida,1000.0,13.0,72.96119402985074,44.55
2020-03-23,Florida,1222.0,18.0,73.65223880597014,55.2
2020-03-24,Florida,1467.0,20.0,74.01194029850747,54.61
2020-03-25,Florida,1971.0,23.0,75.92537313432835,54.37
2020-03-26,Florida,2478.0,29.0,75.2641791044776,54.09
2020-03-27,Florida,3198.0,46.0,75.72388059701493,56.35
2020-03-28,Florida,4038.0,56.0,75.64179104477611,47.01
2020-03-29,Florida,4943.0,60.0,76.14328358208955,37.27
2020-03-30,Florida,5695.0,72.0,75.75671641791044,49.17
2020-03-31,Florida,6742.0,85.0,73.91194029850747,49.6
2020-04-01,Florida,7769.0,100.0,64.02388059701494,50.45
2020-04-02,Florida,9000.0,144.0,63.116417910447765,50.53
2020-04-03,Florida,10260.0,169.0,66.3955223880597,50.2
2020-04-04,Florida,11537.0,194.0,70.31641791044775,41.96
2020-04-05,Florida,12342.0,220.0,67.76865671641791,31.69
2020-04-06,Florida,13621.0,253.0,70.33432835820895,45.33
2020-04-07,Florida,14739.0,295.0,73.34776119402986,47.16
2020-04-08,Florida,15690.0,322.0,76.50298507462686,47.94
2020-04-09,Florida,16819.0,370.0,78.79701492537313,49.64
2020-04-10,Florida,17960.0,418.0,71.58507462686566,54.42
2020-04-11,Florida,18978.0,445.0,68.01492537313433,46.88
2020-04-12,Florida,19855.0,460.0,77.85373134328358,31.8
2020-04-13,Florida,21011.0,498.0,79.75820895522388,49.15
2020-04-14,Florida,21620.0,570.0,76.35820895522389,50.24
2020-04-15,Florida,22526.0,613.0,71.19850746268656,53.19
2020-04-16,Florida,23332.0,667.0,66.01492537313433,53.06
2020-04-17,Florida,24745.0,725.0,71.18059701492538,60.61
2020-04-18,Florida,25484.0,747.0,74.16716417910447,52.0
2020-04-19,Florida,26306.0,773.0,77.54925373134328,43.44
2020-04-20,Florida,27050.0,822.0,75.0910447761194,54.44
2020-04-21,Florida,27861.0,866.0,72.59701492537313,56.36
2020-04-22,Florida,28301.0,926.0,71.43283582089552,57.37
2020-04-23,Florida,29640.0,986.0,75.25522388059701,58.44
2020-04-24,Florida,30525.0,1045.0,72.6,60.98
2020-04-25,Florida,30831.0,1054.0,75.54029850746268,59.15
2020-04-26,Florida,31520.0,1073.0,73.2134328358209,45.61
2020-04-27,Florida,32130.0,1087.0,66.62537313432836,59.74
2020-04-28,Florida,32838.0,1170.0,68.7641791044776,61.18
2020-04-29,Florida,33185.0,1216.0,73.56417910447762,62.66
2020-04-30,Florida,33683.0,1267.0,69.6044776119403,62.59
2020-05-01,Florida,34720.0,1313.0,67.41940298507463,75.94
2020-05-02,Florida,35455.0,1363.0,70.48955223880597,69.3
2020-05-03,Florida,36070.0,1378.0,72.41940298507463,56.08
2020-05-04,Florida,36889.0,1398.0,74.34328358208955,69.01
2020-05-05,Florida,37431.0,1470.0,76.01641791044777,72.88
2020-05-06,Florida,37994.0,1538.0,75.22686567164179,73.4
2020-05-07,Florida,38820.0,1599.0,65.79552238805971,75.98
2020-05-08,Florida,39191.0,1668.0,68.32388059701492,86.98
2020-05-09,Florida,39993.0,1714.0,71.3492537313433,82.67
2020-05-10,Florida,40588.0,1720.0,69.68358208955225,57.0
2020-05-11,Florida,40974.0,1734.0,71.94179104477612,64.91
2020-05-12,Florida,41915.0,1778.0,70.52835820895523,72.82000000000001
2020-05-13,Florida,42394.0,1826.0,73.22089552238806,80.73
2020-05-14,Florida,43202.0,1874.0,74.40298507462687,82.75
2020-05-15,Florida,44130.0,1916.0,75.13880597014925,93.16
2020-05-16,Florida,44803.0,1963.0,77.08805970149253,90.39
2020-05-17,Florida,45580.0,1972.0,78.0268656716418,73.44
2020-05-18,Florida,46434.0,1996.0,75.27462686567164,81.06
2020-05-19,Florida,46936.0,2051.0,77.56119402985075,87.68
2020-05-20,Florida,47463.0,2095.0,76.44477611940299,89.41
2020-05-21,Florida,48667.0,2143.0,78.0,92.92
2020-05-22,Florida,49443.0,2189.0,79.60298507462686,110.04
2020-05-23,Florida,50119.0,2232.0,79.07313432835821,105.04
2020-05-24,Florida,50859.0,2236.0,77.66417910447761,80.96
2020-05-25,Florida,51738.0,2251.0,75.48059701492537,75.09
2020-05-26,Florida,52247.0,2258.0,76.83880597014925,91.33
2020-05-27,Florida,52626.0,2318.0,78.37014925373134,96.57
2020-05-28,Florida,53277.0,2363.0,78.66119402985075,97.45
2020-05-29,Florida,54489.0,2412.0,78.47164179104477,111.08
2020-05-30,Florida,55416.0,2446.0,79.8865671641791,110.65
2020-05-31,Florida,56155.0,2450.0,81.46119402985074,83.91
2020-06-01,Florida,56822.0,2459.0,80.22388059701493,94.14
2020-06-02,Florida,57439.0,2529.0,78.20447761194029,94.98
2020-06-03,Florida,58756.0,2565.0,76.00746268656717,94.19
2020-06-04,Florida,60175.0,2606.0,75.90149253731343,97.0
2020-06-05,Florida,61480.0,2659.0,77.56716417910448,113.05
2020-06-06,Florida,62750.0,2687.0,76.61641791044777,104.44
2020-06-07,Florida,63930.0,2699.0,78.60597014925374,81.93
2020-06-08,Florida,64896.0,2711.0,81.59701492537313,98.53
2020-06-09,Florida,65992.0,2764.0,81.26567164179104,101.99
2020-06-10,Florida,67363.0,2800.0,81.05373134328359,104.38
2020-06-11,Florida,69061.0,2847.0,80.43432835820896,108.31
2020-06-12,Florida,70963.0,2876.0,79.81343283582089,126.06
2020-06-13,Florida,73544.0,2924.0,78.33582089552239,121.73
2020-06-14,Florida,75560.0,2930.0,78.5910447761194,94.63
2020-06-15,Florida,77318.0,2937.0,78.48955223880597,94.63
2020-06-16,Florida,80101.0,2992.0,76.08955223880596,94.63
2020-06-17,Florida,82711.0,3017.0,76.18805970149255,94.63
2020-06-18,Florida,85918.0,3060.0,78.24179104477612,94.63
2020-06-19,Florida,89740.0,3103.0,78.89253731343284,94.63
2020-06-20,Florida,93789.0,3143.0,80.56865671641792,94.63
2020-06-21,Florida,97283.0,3160.0,81.43432835820896,94.63
2020-06-22,Florida,100209.0,3172.0,80.9731343283582,94.63
2020-06-23,Florida,103495.0,3237.0,80.87462686567164,94.63
2020-06-24,Florida,109006.0,3280.0,82.80149253731344,94.63
2020-06-25,Florida,114010.0,3326.0,83.10597014925374,94.63
2020-06-26,Florida,122952.0,3365.0,83.655223880597,94.63
2020-06-27,Florida,132537.0,3389.0,83.16567164179105,94.63
2020-06-28,Florida,141067.0,3418.0,84.0223880597015,94.63
2020-06-29,Florida,146333.0,3446.0,84.12985074626866,94.63
2020-06-30,Florida,152426.0,3504.0,83.15373134328358,94.63
2020-02-15,Georgia,0.0,0.0,64.59119496855345,136.97
2020-02-16,Georgia,0.0,0.0,64.59119496855345,96.4
2020-02-17,Georgia,0.0,0.0,64.59119496855345,110.76
2020-02-18,Georgia,0.0,0.0,64.59119496855345,109.03
2020-02-19,Georgia,0.0,0.0,64.59119496855345,111.16
2020-02-20,Georgia,0.0,0.0,64.59119496855345,111.14
2020-02-21,Georgia,0.0,0.0,64.59119496855345,136.71
2020-02-22,Georgia,0.0,0.0,64.59119496855345,138.1
2020-02-23,Georgia,0.0,0.0,64.59119496855345,95.06
2020-02-24,Georgia,0.0,0.0,64.59119496855345,103.06
2020-02-25,Georgia,0.0,0.0,64.59119496855345,111.9
2020-02-26,Georgia,0.0,0.0,64.59119496855345,116.48
2020-02-27,Georgia,0.0,0.0,64.59119496855345,124.65
2020-02-28,Georgia,0.0,0.0,64.59119496855345,145.94
2020-02-29,Georgia,0.0,0.0,64.59119496855345,152.6
2020-03-01,Georgia,0.0,0.0,64.59119496855345,104.44
2020-03-02,Georgia,2.0,0.0,64.59119496855345,108.88
2020-03-03,Georgia,2.0,0.0,64.59119496855345,109.7
2020-03-04,Georgia,2.0,0.0,64.59119496855345,111.23
2020-03-05,Georgia,2.0,0.0,64.59119496855345,117.4
2020-03-06,Georgia,3.0,0.0,64.59119496855345,154.7
2020-03-07,Georgia,7.0,0.0,64.59119496855345,150.99
2020-03-08,Georgia,11.0,0.0,64.59119496855345,104.91
2020-03-09,Georgia,17.0,0.0,64.59119496855345,114.96
2020-03-10,Georgia,22.0,0.0,64.59119496855345,112.66
2020-03-11,Georgia,31.0,0.0,64.59119496855345,116.84
2020-03-12,Georgia,31.0,1.0,64.59119496855345,115.96
2020-03-13,Georgia,41.0,1.0,64.59119496855345,127.46
2020-03-14,Georgia,65.0,1.0,64.59119496855345,117.83
2020-03-15,Georgia,97.0,1.0,64.59119496855345,82.08
2020-03-16,Georgia,118.0,1.0,59.14088050314465,88.05
2020-03-17,Georgia,142.0,1.0,62.630188679245286,82.08
2020-03-18,Georgia,193.0,3.0,66.77610062893082,80.13
2020-03-19,Georgia,282.0,10.0,70.70880503144654,81.91
2020-03-20,Georgia,482.0,14.0,71.10377358490567,86.96
2020-03-21,Georgia,552.0,20.0,67.90062893081762,77.85
2020-03-22,Georgia,620.0,25.0,59.588050314465406,52.13
2020-03-23,Georgia,800.0,25.0,60.79056603773585,61.12
2020-03-24,Georgia,1095.0,38.0,67.08301886792454,61.17
2020-03-25,Georgia,1385.0,47.0,69.06100628930818,67.37
2020-03-26,Georgia,1641.0,56.0,65.94528301886793,67.57
2020-03-27,Georgia,2198.0,64.0,71.44842767295597,74.95
2020-03-28,Georgia,2447.0,79.0,73.62955974842768,66.45
2020-03-29,Georgia,2683.0,83.0,73.44716981132076,50.51
2020-03-30,Georgia,3032.0,103.0,68.45911949685535,63.57
2020-03-31,Georgia,4116.0,126.0,59.977987421383645,58.74
2020-04-01,Georgia,4747.0,154.0,53.18616352201258,64.0
2020-04-02,Georgia,5444.0,176.0,54.625786163522015,65.38
2020-04-03,Georgia,5967.0,198.0,60.53899371069183,65.32
2020-04-04,Georgia,6383.0,208.0,65.46163522012579,52.11
2020-04-05,Georgia,6742.0,219.0,66.32075471698113,43.33
2020-04-06,Georgia,7558.0,294.0,68.46666666666667,58.34
2020-04-07,Georgia,9156.0,348.0,69.11194968553458,58.6
2020-04-08,Georgia,10204.0,370.0,70.9188679245283,59.92
2020-04-09,Georgia,10885.0,412.0,72.29056603773586,63.68
2020-04-10,Georgia,11859.0,425.0,58.81698113207547,70.43
2020-04-11,Georgia,12261.0,432.0,56.196226415094344,63.37
2020-04-12,Georgia,12103.0,438.0,64.5182389937107,37.93
2020-04-13,Georgia,13125.0,479.0,69.52641509433963,64.1
2020-04-14,Georgia,13913.0,517.0,63.973584905660374,66.57
2020-04-15,Georgia,14583.0,569.0,56.82327044025157,70.23
2020-04-16,Georgia,15644.0,611.0,56.34213836477987,72.89
2020-04-17,Georgia,16658.0,661.0,61.1314465408805,81.91
2020-04-18,Georgia,17014.0,670.0,66.03584905660378,75.84
2020-04-19,Georgia,17619.0,682.0,57.02893081761007,48.83
2020-04-20,Georgia,18447.0,767.0,64.09811320754717,73.02
2020-04-21,Georgia,19189.0,810.0,64.4062893081761,73.36
2020-04-22,Georgia,20099.0,837.0,62.68679245283019,74.29
2020-04-23,Georgia,20905.0,871.0,61.02704402515723,66.75
2020-04-24,Georgia,21575.0,889.0,66.237106918239,88.4
2020-04-25,Georgia,22225.0,897.0,68.26729559748428,83.17
2020-04-26,Georgia,22459.0,907.0,63.05974842767296,64.77
2020-04-27,Georgia,23229.0,981.0,59.791194968553455,78.51
2020-04-28,Georgia,23607.0,1022.0,64.98301886792453,81.28
2020-04-29,Georgia,24300.0,1086.0,66.54465408805032,77.72
2020-04-30,Georgia,25431.0,1121.0,59.91572327044025,85.82
2020-05-01,Georgia,26436.0,1153.0,61.79308176100629,101.26
2020-05-02,Georgia,27268.0,1161.0,65.93647798742138,98.64
2020-05-03,Georgia,27618.0,1168.0,71.07421383647798,78.72
2020-05-04,Georgia,28350.0,1228.0,73.63647798742139,88.68
2020-05-05,Georgia,28876.0,1277.0,73.67484276729559,92.15
2020-05-06,Georgia,29724.0,1309.0,65.51698113207547,93.28
2020-05-07,Georgia,30524.0,1332.0,56.857861635220125,98.08
2020-05-08,Georgia,31089.0,1378.0,59.52075471698113,104.33
2020-05-09,Georgia,31481.0,1380.0,57.611320754716985,109.5
2020-05-10,Georgia,32267.0,1383.0,60.32767295597485,80.6
2020-05-11,Georgia,32448.0,1420.0,61.01949685534591,88.60333333333332
2020-05-12,Georgia,33311.0,1470.0,59.85471698113207,96.60666666666667
2020-05-13,Georgia,33866.0,1494.0,66.83899371069182,104.61
2020-05-14,Georgia,34422.0,1521.0,70.5811320754717,109.28
2020-05-15,Georgia,35242.0,1563.0,70.96981132075472,126.85
2020-05-16,Georgia,35655.0,1573.0,72.99559748427673,125.49
2020-05-17,Georgia,35954.0,1584.0,74.2691823899371,97.7
2020-05-18,Georgia,36634.0,1624.0,72.2006289308176,104.65
2020-05-19,Georgia,37214.0,1650.0,71.28301886792453,113.27
2020-05-20,Georgia,38162.0,1672.0,63.62767295597484,110.2
2020-05-21,Georgia,38969.0,1749.0,67.30503144654088,120.86
2020-05-22,Georgia,39734.0,1779.0,73.52578616352201,141.81
2020-05-23,Georgia,40408.0,1794.0,75.29685534591195,135.62
2020-05-24,Georgia,40989.0,1799.0,76.79559748427673,106.25
2020-05-25,Georgia,41414.0,1820.0,74.14716981132075,102.42
2020-05-26,Georgia,42066.0,1867.0,71.41383647798742,113.08
2020-05-27,Georgia,42713.0,1904.0,71.87169811320754,113.28
2020-05-28,Georgia,43363.0,1942.0,76.10691823899371,122.06
2020-05-29,Georgia,43888.0,1953.0,75.43836477987422,142.33
2020-05-30,Georgia,44336.0,1973.0,76.52641509433963,137.59
2020-05-31,Georgia,45051.0,2019.0,75.76037735849056,106.22
2020-06-01,Georgia,45757.0,2057.0,74.2622641509434,118.3
2020-06-02,Georgia,46063.0,2070.0,74.61446540880503,118.56
2020-06-03,Georgia,46711.0,2092.0,76.2440251572327,121.4
2020-06-04,Georgia,47528.0,2116.0,76.50628930817611,127.93
2020-06-05,Georgia,48280.0,2143.0,76.71383647798743,143.15
2020-06-06,Georgia,48943.0,2147.0,76.42893081761007,145.62
2020-06-07,Georgia,49371.0,2148.0,76.36603773584906,113.49
2020-06-08,Georgia,49995.0,2176.0,78.51572327044025,122.68
2020-06-09,Georgia,50769.0,2250.0,77.25220125786164,126.67
2020-06-10,Georgia,51465.0,2292.0,78.17106918238994,127.46
2020-06-11,Georgia,52332.0,2337.0,78.41761006289308,137.41
2020-06-12,Georgia,53201.0,2384.0,76.17421383647799,157.68
2020-06-13,Georgia,54178.0,2411.0,75.73836477987422,162.35
2020-06-14,Georgia,54874.0,2416.0,73.47106918238994,120.68
2020-06-15,Georgia,55505.0,2457.0,70.4,120.68
2020-06-16,Georgia,56302.0,2492.0,65.91761006289308,120.68
2020-06-17,Georgia,57217.0,2536.0,67.93459119496856,120.68
2020-06-18,Georgia,58040.0,2565.0,73.39811320754717,120.68
2020-06-19,Georgia,59117.0,2596.0,76.17295597484276,120.68
2020-06-20,Georgia,60669.0,2602.0,77.69245283018869,120.68
2020-06-21,Georgia,61493.0,2603.0,78.53396226415094,120.68
2020-06-22,Georgia,62705.0,2607.0,77.14150943396227,120.68
2020-06-23,Georgia,64577.0,2646.0,76.63270440251573,120.68
2020-06-24,Georgia,66290.0,2658.0,75.82704402515724,120.68
2020-06-25,Georgia,67796.0,2704.0,75.84088050314466,120.68
2020-06-26,Georgia,69542.0,2727.0,77.50880503144654,120.68
2020-06-27,Georgia,71066.0,2733.0,77.89874213836478,120.68
2020-06-28,Georgia,72800.0,2735.0,81.13270440251573,120.68
2020-06-29,Georgia,74816.0,2739.0,82.19874213836478,120.68
2020-06-30,Georgia,77280.0,2758.0,78.98113207547169,120.68
2020-02-15,Illinois,2.0,0.0,36.403921568627446,139.61
2020-02-16,Illinois,2.0,0.0,36.403921568627446,109.95
2020-02-17,Illinois,2.0,0.0,36.403921568627446,111.35
2020-02-18,Illinois,2.0,0.0,36.403921568627446,105.53
2020-02-19,Illinois,2.0,0.0,36.403921568627446,106.8
2020-02-20,Illinois,2.0,0.0,36.403921568627446,112.35
2020-02-21,Illinois,2.0,0.0,36.403921568627446,134.5
2020-02-22,Illinois,2.0,0.0,36.403921568627446,139.75
2020-02-23,Illinois,2.0,0.0,36.403921568627446,102.31
2020-02-24,Illinois,2.0,0.0,36.403921568627446,101.12
2020-02-25,Illinois,2.0,0.0,36.403921568627446,101.45
2020-02-26,Illinois,2.0,0.0,36.403921568627446,104.36
2020-02-27,Illinois,2.0,0.0,36.403921568627446,115.5
2020-02-28,Illinois,2.0,0.0,36.403921568627446,140.27
2020-02-29,Illinois,3.0,0.0,36.403921568627446,144.06
2020-03-01,Illinois,3.0,0.0,36.403921568627446,107.71
2020-03-02,Illinois,4.0,0.0,36.403921568627446,106.76
2020-03-03,Illinois,4.0,0.0,36.403921568627446,109.95
2020-03-04,Illinois,4.0,0.0,36.403921568627446,112.44
2020-03-05,Illinois,5.0,0.0,36.403921568627446,118.13
2020-03-06,Illinois,6.0,0.0,36.403921568627446,141.76
2020-03-07,Illinois,6.0,0.0,36.403921568627446,147.82
2020-03-08,Illinois,7.0,0.0,36.403921568627446,109.11
2020-03-09,Illinois,11.0,0.0,36.403921568627446,106.23
2020-03-10,Illinois,19.0,0.0,36.403921568627446,110.9
2020-03-11,Illinois,25.0,0.0,36.403921568627446,109.1
2020-03-12,Illinois,32.0,0.0,36.403921568627446,107.43
2020-03-13,Illinois,46.0,0.0,36.403921568627446,121.99
2020-03-14,Illinois,66.0,0.0,36.403921568627446,106.44
2020-03-15,Illinois,94.0,0.0,36.403921568627446,77.25
2020-03-16,Illinois,104.0,0.0,38.50098039215686,82.12
2020-03-17,Illinois,159.0,1.0,42.87352941176471,78.3
2020-03-18,Illinois,286.0,1.0,46.58725490196078,69.33
2020-03-19,Illinois,420.0,4.0,56.53137254901961,67.9
2020-03-20,Illinois,583.0,5.0,44.3078431372549,75.5
2020-03-21,Illinois,751.0,6.0,33.45882352941177,56.83
2020-03-22,Illinois,1047.0,9.0,33.58921568627451,37.41
2020-03-23,Illinois,1285.0,12.0,38.188235294117646,49.54
2020-03-24,Illinois,1535.0,16.0,40.64901960784314,52.9
2020-03-25,Illinois,1874.0,21.0,46.42941176470588,56.99
2020-03-26,Illinois,2538.0,26.0,52.811764705882354,54.43
2020-03-27,Illinois,3029.0,37.0,56.135294117647064,60.51
2020-03-28,Illinois,3547.0,50.0,62.91862745098039,52.2
2020-03-29,Illinois,4615.0,71.0,52.94705882352942,42.88
2020-03-30,Illinois,5070.0,84.0,50.61176470588235,54.91
2020-03-31,Illinois,5992.0,107.0,44.05196078431373,55.2
2020-04-01,Illinois,6978.0,146.0,45.680392156862744,57.41
2020-04-02,Illinois,7695.0,165.0,52.90686274509804,59.04
2020-04-03,Illinois,8904.0,212.0,56.28823529411764,66.64
2020-04-04,Illinois,10357.0,248.0,42.24901960784313,56.18
2020-04-05,Illinois,11276.0,283.0,47.537254901960786,46.41
2020-04-06,Illinois,12262.0,309.0,56.46568627450981,56.14
2020-04-07,Illinois,13549.0,384.0,68.58235294117647,60.82
2020-04-08,Illinois,15078.0,464.0,64.26176470588236,59.14
2020-04-09,Illinois,16422.0,534.0,45.55196078431373,60.53
2020-04-10,Illinois,17887.0,607.0,42.88627450980392,69.07
2020-04-11,Illinois,19180.0,682.0,52.84803921568628,62.17
2020-04-12,Illinois,20852.0,727.0,54.90098039215686,40.94
2020-04-13,Illinois,22025.0,800.0,39.148039215686275,58.37
2020-04-14,Illinois,23247.0,878.0,37.4,60.7
2020-04-15,Illinois,24593.0,958.0,37.34313725490196,65.27
2020-04-16,Illinois,25734.0,1081.0,39.42745098039216,67.21
2020-04-17,Illinois,27575.0,1142.0,39.818627450980394,70.29
2020-04-18,Illinois,29160.0,1272.0,45.70392156862745,72.86
2020-04-19,Illinois,30357.0,1302.0,52.2921568627451,58.04
2020-04-20,Illinois,31508.0,1359.0,53.55980392156863,70.6
2020-04-21,Illinois,33059.0,1479.0,50.38039215686275,69.35
2020-04-22,Illinois,35108.0,1577.0,56.180392156862744,69.0
2020-04-23,Illinois,36935.0,1696.0,54.561764705882354,70.97
2020-04-24,Illinois,39658.0,1804.0,54.16372549019608,79.51
2020-04-25,Illinois,41777.0,1884.0,49.49705882352941,70.02
2020-04-26,Illinois,43903.0,1943.0,52.28823529411764,63.41
2020-04-27,Illinois,45883.0,1992.0,56.97941176470588,69.93
2020-04-28,Illinois,48102.0,2132.0,64.11078431372549,72.41
2020-04-29,Illinois,50355.0,2221.0,52.016666666666666,69.7
2020-04-30,Illinois,52918.0,2361.0,54.32745098039215,77.56
2020-05-01,Illinois,56055.0,2464.0,58.991176470588236,92.11
2020-05-02,Illinois,58505.0,2576.0,69.30588235294117,91.0
2020-05-03,Illinois,61499.0,2632.0,62.893137254901966,70.15
2020-05-04,Illinois,63840.0,2673.0,53.66372549019608,76.47
2020-05-05,Illinois,65889.0,2843.0,48.740196078431374,76.07
2020-05-06,Illinois,68164.0,2977.0,51.4264705882353,83.4
2020-05-07,Illinois,70802.0,3139.0,56.57058823529412,87.82
2020-05-08,Illinois,73688.0,3262.0,47.826470588235296,97.49
2020-05-09,Illinois,76008.0,3362.0,48.95980392156862,99.25
2020-05-10,Illinois,77662.0,3426.0,48.82058823529412,69.34
2020-05-11,Illinois,79123.0,3480.0,47.45294117647059,76.61
2020-05-12,Illinois,83168.0,3617.0,50.68921568627451,83.88000000000001
2020-05-13,Illinois,84874.0,3815.0,53.008823529411764,91.15
2020-05-14,Illinois,88081.0,3945.0,67.04901960784314,86.18
2020-05-15,Illinois,90528.0,4075.0,66.15,109.79
2020-05-16,Illinois,92669.0,4149.0,66.44313725490196,102.72
2020-05-17,Illinois,94360.0,4198.0,64.60392156862746,74.1
2020-05-18,Illinois,96778.0,4257.0,58.377450980392155,94.67
2020-05-19,Illinois,98298.0,4399.0,58.266666666666666,96.56
2020-05-20,Illinois,100713.0,4547.0,59.40196078431372,102.94
2020-05-21,Illinois,102995.0,4634.0,60.23039215686274,106.38
2020-05-22,Illinois,105710.0,4740.0,66.20588235294117,122.55
2020-05-23,Illinois,108100.0,4817.0,71.70490196078431,105.82
2020-05-24,Illinois,110541.0,4884.0,74.38235294117646,94.62
2020-05-25,Illinois,112248.0,4912.0,74.56176470588235,87.02
2020-05-26,Illinois,113486.0,4960.0,75.15294117647059,104.67
2020-05-27,Illinois,114612.0,5118.0,71.84901960784315,105.88
2020-05-28,Illinois,116128.0,5225.0,70.41960784313726,107.66
2020-05-29,Illinois,117794.0,5308.0,66.64313725490196,130.06
2020-05-30,Illinois,119290.0,5368.0,64.07254901960783,126.5
2020-05-31,Illinois,120588.0,5426.0,65.16078431372549,100.15
2020-06-01,Illinois,121666.0,5458.0,68.84019607843138,105.89
2020-06-02,Illinois,123244.0,5567.0,77.77843137254902,112.42
2020-06-03,Illinois,124279.0,5665.0,76.73725490196078,111.86
2020-06-04,Illinois,125149.0,5772.0,74.74509803921569,122.34
2020-06-05,Illinois,126317.0,5834.0,76.88529411764706,137.56
2020-06-06,Illinois,127251.0,5898.0,77.90588235294118,138.04
2020-06-07,Illinois,128070.0,5939.0,76.53039215686275,107.73
2020-06-08,Illinois,129543.0,6142.0,78.5656862745098,122.46
2020-06-09,Illinois,130321.0,6237.0,77.62941176470588,115.98
2020-06-10,Illinois,130889.0,6302.0,70.32843137254902,123.07
2020-06-11,Illinois,131731.0,6388.0,70.70196078431373,134.88
2020-06-12,Illinois,132489.0,6469.0,73.72058823529412,150.6
2020-06-13,Illinois,133117.0,6491.0,69.76470588235294,142.35
2020-06-14,Illinois,133719.0,6512.0,66.72745098039215,114.76
2020-06-15,Illinois,134247.0,6543.0,67.59019607843138,114.76
2020-06-16,Illinois,134866.0,6608.0,71.36764705882354,114.76
2020-06-17,Illinois,135416.0,6687.0,73.60098039215687,114.76
2020-06-18,Illinois,136081.0,6737.0,75.7764705882353,114.76
2020-06-19,Illinois,136917.0,6801.0,77.54117647058824,114.76
2020-06-20,Illinois,137535.0,6846.0,76.16274509803922,114.76
2020-06-21,Illinois,138154.0,6865.0,74.16666666666667,114.76
2020-06-22,Illinois,138615.0,6889.0,73.14313725490196,114.76
2020-06-23,Illinois,139282.0,6925.0,69.53235294117647,114.76
2020-06-24,Illinois,140025.0,6986.0,70.4735294117647,114.76
2020-06-25,Illinois,140935.0,7024.0,74.30784313725489,114.76
2020-06-26,Illinois,141812.0,7059.0,78.33823529411765,114.76
2020-06-27,Illinois,142536.0,7083.0,76.58823529411765,114.76
2020-06-28,Illinois,143117.0,7098.0,77.56176470588235,114.76
2020-06-29,Illinois,143885.0,7115.0,80.13039215686274,114.76
2020-06-30,Illinois,144661.0,7136.0,73.75686274509803,114.76
2020-02-15,Kansas,0.0,0.0,35.75,141.5
2020-02-16,Kansas,0.0,0.0,35.75,102.77
2020-02-17,Kansas,0.0,0.0,35.75,113.02
2020-02-18,Kansas,0.0,0.0,35.75,110.22
2020-02-19,Kansas,0.0,0.0,35.75,108.08
2020-02-20,Kansas,0.0,0.0,35.75,112.12
2020-02-21,Kansas,0.0,0.0,35.75,136.84
2020-02-22,Kansas,0.0,0.0,35.75,140.96
2020-02-23,Kansas,0.0,0.0,35.75,96.19
2020-02-24,Kansas,0.0,0.0,35.75,104.21
2020-02-25,Kansas,0.0,0.0,35.75,104.07
2020-02-26,Kansas,0.0,0.0,35.75,110.25
2020-02-27,Kansas,0.0,0.0,35.75,119.25
2020-02-28,Kansas,0.0,0.0,35.75,143.88
2020-02-29,Kansas,0.0,0.0,35.75,150.23
2020-03-01,Kansas,0.0,0.0,35.75,106.25
2020-03-02,Kansas,0.0,0.0,35.75,108.37
2020-03-03,Kansas,0.0,0.0,35.75,114.19
2020-03-04,Kansas,0.0,0.0,35.75,115.66
2020-03-05,Kansas,0.0,0.0,35.75,123.57
2020-03-06,Kansas,0.0,0.0,35.75,151.2
2020-03-07,Kansas,1.0,0.0,35.75,152.4
2020-03-08,Kansas,1.0,0.0,35.75,104.72
2020-03-09,Kansas,1.0,0.0,35.75,106.55
2020-03-10,Kansas,1.0,0.0,35.75,116.29
2020-03-11,Kansas,1.0,0.0,35.75,122.5
2020-03-12,Kansas,5.0,1.0,35.75,119.26
2020-03-13,Kansas,6.0,1.0,35.75,126.8
2020-03-14,Kansas,8.0,1.0,35.75,107.53
2020-03-15,Kansas,9.0,1.0,35.75,79.63
2020-03-16,Kansas,11.0,1.0,40.96,90.23
2020-03-17,Kansas,17.0,1.0,43.081,84.65
2020-03-18,Kansas,22.0,1.0,54.675,80.17
2020-03-19,Kansas,35.0,1.0,59.107,80.23
2020-03-20,Kansas,49.0,1.0,32.604,85.03
2020-03-21,Kansas,57.0,2.0,36.584,73.49
2020-03-22,Kansas,66.0,2.0,43.38,52.45
2020-03-23,Kansas,82.0,2.0,48.051,70.82
2020-03-24,Kansas,102.0,3.0,52.277,61.33
2020-03-25,Kansas,134.0,3.0,59.903999999999996,64.67
2020-03-26,Kansas,173.0,3.0,54.376999999999995,65.18
2020-03-27,Kansas,213.0,4.0,53.543,71.63
2020-03-28,Kansas,272.0,6.0,50.982,61.38
2020-03-29,Kansas,333.0,7.0,51.935,51.34
2020-03-30,Kansas,374.0,9.0,52.74100000000001,61.94
2020-03-31,Kansas,435.0,10.0,54.971000000000004,65.6
2020-04-01,Kansas,489.0,11.0,58.979,66.85
2020-04-02,Kansas,554.0,14.0,48.02,64.5
2020-04-03,Kansas,625.0,19.0,32.04,64.89
2020-04-04,Kansas,702.0,21.0,36.558,58.92
2020-04-05,Kansas,769.0,23.0,47.53,49.33
2020-04-06,Kansas,854.0,25.0,63.353,64.16
2020-04-07,Kansas,905.0,30.0,67.813,69.4
2020-04-08,Kansas,1055.0,38.0,63.95,70.9
2020-04-09,Kansas,1116.0,42.0,49.231,70.34
2020-04-10,Kansas,1180.0,50.0,47.63399999999999,77.82
2020-04-11,Kansas,1282.0,55.0,63.06,68.31
2020-04-12,Kansas,1337.0,56.0,41.181000000000004,39.14
2020-04-13,Kansas,1384.0,63.0,34.029,66.45
2020-04-14,Kansas,1440.0,69.0,39.455999999999996,69.89
2020-04-15,Kansas,1503.0,76.0,45.276,77.47
2020-04-16,Kansas,1595.0,80.0,43.871,73.96
2020-04-17,Kansas,1732.0,84.0,39.426,81.8
2020-04-18,Kansas,1820.0,86.0,52.034,80.27
2020-04-19,Kansas,1897.0,94.0,56.57,63.94
2020-04-20,Kansas,2030.0,101.0,57.913000000000004,79.71
2020-04-21,Kansas,2114.0,107.0,59.677,83.32
2020-04-22,Kansas,2291.0,111.0,56.638999999999996,76.87
2020-04-23,Kansas,2626.0,112.0,62.595,88.54
2020-04-24,Kansas,2842.0,117.0,55.208,86.96
2020-04-25,Kansas,3091.0,119.0,55.659,88.9
2020-04-26,Kansas,3198.0,120.0,60.556000000000004,71.78
2020-04-27,Kansas,3407.0,126.0,65.937,85.01
2020-04-28,Kansas,3601.0,127.0,64.10600000000001,85.18
2020-04-29,Kansas,3811.0,132.0,57.802,88.71
2020-04-30,Kansas,4305.0,133.0,62.615,96.74
2020-05-01,Kansas,4510.0,136.0,70.382,111.2
2020-05-02,Kansas,4863.0,140.0,68.492,99.36
2020-05-03,Kansas,5177.0,142.0,65.756,79.43
2020-05-04,Kansas,5385.0,154.0,60.59,86.95
2020-05-05,Kansas,5627.0,160.0,59.725,100.99
2020-05-06,Kansas,5893.0,163.0,56.648999999999994,100.24
2020-05-07,Kansas,6240.0,164.0,55.255,96.86
2020-05-08,Kansas,6751.0,167.0,51.12,119.79
2020-05-09,Kansas,6923.0,172.0,52.648,110.97
2020-05-10,Kansas,7045.0,172.0,49.516999999999996,81.14
2020-05-11,Kansas,7161.0,174.0,42.638000000000005,88.51
2020-05-12,Kansas,7352.0,178.0,44.888000000000005,95.88
2020-05-13,Kansas,7552.0,179.0,56.937,103.25
2020-05-14,Kansas,7668.0,181.0,68.834,113.86
2020-05-15,Kansas,8006.0,187.0,65.74600000000001,129.16
2020-05-16,Kansas,8059.0,189.0,65.342,119.78
2020-05-17,Kansas,8066.0,189.0,61.853,101.41
2020-05-18,Kansas,8439.0,190.0,60.713,122.72
2020-05-19,Kansas,8488.0,193.0,61.633,129.43
2020-05-20,Kansas,8661.0,197.0,63.611,131.81
2020-05-21,Kansas,8771.0,199.0,64.887,136.44
2020-05-22,Kansas,9068.0,200.0,64.957,152.74
2020-05-23,Kansas,9119.0,200.0,70.941,140.24
2020-05-24,Kansas,9135.0,200.0,72.054,106.34
2020-05-25,Kansas,9272.0,201.0,62.342,102.61
2020-05-26,Kansas,9352.0,204.0,63.098,126.78
2020-05-27,Kansas,9453.0,207.0,65.831,134.12
2020-05-28,Kansas,9513.0,209.0,67.782,131.23
2020-05-29,Kansas,9826.0,209.0,68.57300000000001,160.71
2020-05-30,Kansas,9847.0,209.0,71.191,149.64
2020-05-31,Kansas,9878.0,211.0,73.805,115.74
2020-06-01,Kansas,10103.0,217.0,76.12,137.06
2020-06-02,Kansas,10143.0,227.0,78.078,138.11
2020-06-03,Kansas,10281.0,227.0,80.21600000000001,140.3
2020-06-04,Kansas,10332.0,230.0,79.357,148.81
2020-06-05,Kansas,10493.0,233.0,81.948,171.66
2020-06-06,Kansas,10517.0,234.0,83.975,160.6
2020-06-07,Kansas,10549.0,234.0,82.685,124.65
2020-06-08,Kansas,10724.0,237.0,81.98,141.45
2020-06-09,Kansas,10786.0,238.0,69.71,142.12
2020-06-10,Kansas,10931.0,241.0,65.774,149.43
2020-06-11,Kansas,10984.0,242.0,74.133,159.46
2020-06-12,Kansas,11152.0,243.0,77.755,183.65
2020-06-13,Kansas,11195.0,244.0,80.339,174.69
2020-06-14,Kansas,11247.0,244.0,81.297,134.47
2020-06-15,Kansas,11516.0,246.0,80.869,134.47
2020-06-16,Kansas,11569.0,246.0,80.964,134.47
2020-06-17,Kansas,11801.0,248.0,81.794,134.47
2020-06-18,Kansas,11886.0,252.0,79.673,134.47
2020-06-19,Kansas,12168.0,254.0,68.104,134.47
2020-06-20,Kansas,12218.0,257.0,73.751,134.47
2020-06-21,Kansas,12258.0,258.0,74.605,134.47
2020-06-22,Kansas,12576.0,260.0,74.623,134.47
2020-06-23,Kansas,12659.0,261.0,72.414,134.47
2020-06-24,Kansas,13110.0,262.0,76.561,134.47
2020-06-25,Kansas,13207.0,263.0,81.212,134.47
2020-06-26,Kansas,13729.0,266.0,81.932,134.47
2020-06-27,Kansas,13767.0,269.0,78.998,134.47
2020-06-28,Kansas,14016.0,272.0,81.777,134.47
2020-06-29,Kansas,14568.0,276.0,83.333,134.47
2020-06-30,Kansas,14629.0,276.0,83.836,134.47
2020-02-15,Louisiana,0.0,0.0,65.9625,127.11
2020-02-16,Louisiana,0.0,0.0,65.9625,83.59
2020-02-17,Louisiana,0.0,0.0,65.9625,91.46
2020-02-18,Louisiana,0.0,0.0,65.9625,96.35
2020-02-19,Louisiana,0.0,0.0,65.9625,99.49
2020-02-20,Louisiana,0.0,0.0,65.9625,102.73
2020-02-21,Louisiana,0.0,0.0,65.9625,150.55
2020-02-22,Louisiana,0.0,0.0,65.9625,153.04
2020-02-23,Louisiana,0.0,0.0,65.9625,116.3
2020-02-24,Louisiana,0.0,0.0,65.9625,112.2
2020-02-25,Louisiana,0.0,0.0,65.9625,116.79
2020-02-26,Louisiana,0.0,0.0,65.9625,105.96
2020-02-27,Louisiana,0.0,0.0,65.9625,105.21
2020-02-28,Louisiana,0.0,0.0,65.9625,124.64
2020-02-29,Louisiana,0.0,0.0,65.9625,120.29
2020-03-01,Louisiana,0.0,0.0,65.9625,84.97
2020-03-02,Louisiana,0.0,0.0,65.9625,94.81
2020-03-03,Louisiana,0.0,0.0,65.9625,98.71
2020-03-04,Louisiana,0.0,0.0,65.9625,93.15
2020-03-05,Louisiana,0.0,0.0,65.9625,107.48
2020-03-06,Louisiana,0.0,0.0,65.9625,132.17
2020-03-07,Louisiana,0.0,0.0,65.9625,132.84
2020-03-08,Louisiana,0.0,0.0,65.9625,92.39
2020-03-09,Louisiana,1.0,0.0,65.9625,98.57
2020-03-10,Louisiana,6.0,0.0,65.9625,101.3
2020-03-11,Louisiana,13.0,0.0,65.9625,103.14
2020-03-12,Louisiana,14.0,0.0,65.9625,104.32
2020-03-13,Louisiana,36.0,0.0,65.9625,114.88
2020-03-14,Louisiana,77.0,1.0,65.9625,102.63
2020-03-15,Louisiana,103.0,2.0,65.9625,73.64
2020-03-16,Louisiana,137.0,3.0,64.1921875,78.14
2020-03-17,Louisiana,196.0,5.0,68.61875,69.03
2020-03-18,Louisiana,280.0,7.0,72.1578125,66.5
2020-03-19,Louisiana,392.0,10.0,75.153125,64.69
2020-03-20,Louisiana,537.0,10.0,69.9171875,69.27
2020-03-21,Louisiana,763.0,16.0,60.0328125,52.37
2020-03-22,Louisiana,837.0,20.0,64.68125,39.24
2020-03-23,Louisiana,1172.0,34.0,71.0578125,49.32
2020-03-24,Louisiana,1388.0,46.0,73.440625,46.69
2020-03-25,Louisiana,1795.0,65.0,72.81875,49.26
2020-03-26,Louisiana,2305.0,83.0,74.78125,50.78
2020-03-27,Louisiana,2746.0,119.0,76.609375,55.25
2020-03-28,Louisiana,3315.0,137.0,75.1390625,45.75
2020-03-29,Louisiana,3539.0,153.0,68.4046875,37.45
2020-03-30,Louisiana,4024.0,186.0,68.340625,47.4
2020-03-31,Louisiana,5237.0,240.0,63.7609375,48.62
2020-04-01,Louisiana,6424.0,275.0,60.259375,50.13
2020-04-02,Louisiana,9152.0,310.0,64.51875,49.44
2020-04-03,Louisiana,10299.0,370.0,67.5484375,54.45
2020-04-04,Louisiana,12500.0,412.0,65.45,43.06
2020-04-05,Louisiana,13014.0,477.0,67.9015625,36.72
2020-04-06,Louisiana,14867.0,512.0,70.825,48.82
2020-04-07,Louisiana,16284.0,582.0,74.778125,50.01
2020-04-08,Louisiana,17030.0,652.0,77.025,52.2
2020-04-09,Louisiana,18283.0,702.0,74.4578125,54.71
2020-04-10,Louisiana,19253.0,755.0,62.8296875,55.14
2020-04-11,Louisiana,20014.0,806.0,65.1328125,48.08
2020-04-12,Louisiana,20595.0,840.0,72.7421875,30.6
2020-04-13,Louisiana,21016.0,884.0,58.10625,53.44
2020-04-14,Louisiana,21518.0,1013.0,55.5,55.06
2020-04-15,Louisiana,21951.0,1103.0,54.2453125,59.5
2020-04-16,Louisiana,22532.0,1156.0,59.31875,61.13
2020-04-17,Louisiana,23118.0,1213.0,66.7453125,65.58
2020-04-18,Louisiana,23580.0,1267.0,66.2,54.17
2020-04-19,Louisiana,23928.0,1296.0,70.2140625,41.01
2020-04-20,Louisiana,24523.0,1328.0,65.840625,61.98
2020-04-21,Louisiana,24854.0,1405.0,69.6515625,62.76
2020-04-22,Louisiana,25317.0,1532.0,70.246875,60.95
2020-04-23,Louisiana,25798.0,1599.0,72.55625,63.07
2020-04-24,Louisiana,26199.0,1660.0,70.4046875,73.79
2020-04-25,Louisiana,26571.0,1703.0,69.9828125,64.38
2020-04-26,Louisiana,26832.0,1729.0,68.371875,51.76
2020-04-27,Louisiana,27111.0,1740.0,67.9578125,65.53
2020-04-28,Louisiana,27329.0,1801.0,67.5984375,63.99
2020-04-29,Louisiana,27703.0,1845.0,65.68125,64.93
2020-04-30,Louisiana,28044.0,1905.0,65.5734375,73.85
2020-05-01,Louisiana,28754.0,1970.0,68.6546875,83.4
2020-05-02,Louisiana,29183.0,1993.0,71.7765625,72.69
2020-05-03,Louisiana,29383.0,2012.0,73.4703125,58.19
2020-05-04,Louisiana,29746.0,2064.0,74.7515625,73.85
2020-05-05,Louisiana,30069.0,2115.0,75.034375,78.36
2020-05-06,Louisiana,30472.0,2167.0,70.3953125,78.21
2020-05-07,Louisiana,30725.0,2208.0,67.2390625,81.41
2020-05-08,Louisiana,30928.0,2227.0,67.54375,83.3
2020-05-09,Louisiana,31490.0,2267.0,60.6953125,80.62
2020-05-10,Louisiana,31673.0,2286.0,64.9765625,60.25
2020-05-11,Louisiana,31881.0,2308.0,67.396875,68.94333333333333
2020-05-12,Louisiana,32116.0,2347.0,70.353125,77.63666666666667
2020-05-13,Louisiana,32728.0,2381.0,73.8046875,86.33
2020-05-14,Louisiana,33555.0,2417.0,73.196875,84.5
2020-05-15,Louisiana,33903.0,2448.0,74.434375,97.82
2020-05-16,Louisiana,34183.0,2479.0,75.1359375,88.04
2020-05-17,Louisiana,34498.0,2491.0,73.125,70.63
2020-05-18,Louisiana,34832.0,2563.0,73.125,94.39
2020-05-19,Louisiana,35161.0,2581.0,75.54375,101.47
2020-05-20,Louisiana,35439.0,2608.0,72.771875,99.14
2020-05-21,Louisiana,36627.0,2629.0,77.7359375,106.53
2020-05-22,Louisiana,37048.0,2669.0,80.33125,122.5
2020-05-23,Louisiana,37165.0,2683.0,77.0359375,103.88
2020-05-24,Louisiana,37293.0,2690.0,77.4796875,81.77
2020-05-25,Louisiana,37916.0,2690.0,76.403125,81.87
2020-05-26,Louisiana,38252.0,2701.0,74.3484375,96.94
2020-05-27,Louisiana,38694.0,2722.0,74.4421875,105.0
2020-05-28,Louisiana,38907.0,2740.0,73.4171875,108.63
2020-05-29,Louisiana,38907.0,2766.0,75.878125,121.17
2020-05-30,Louisiana,39682.0,2785.0,77.15625,113.18
2020-05-31,Louisiana,40021.0,2791.0,77.0734375,86.8
2020-06-01,Louisiana,40452.0,2801.0,76.6375,101.38
2020-06-02,Louisiana,40857.0,2835.0,78.659375,104.99
2020-06-03,Louisiana,41244.0,2870.0,78.60625,104.23
2020-06-04,Louisiana,41673.0,2883.0,79.5078125,112.09
2020-06-05,Louisiana,42100.0,2912.0,81.559375,126.77
2020-06-06,Louisiana,42597.0,2925.0,79.7609375,111.98
2020-06-07,Louisiana,42927.0,2936.0,78.35625,63.79
2020-06-08,Louisiana,43163.0,2944.0,79.1640625,87.32
2020-06-09,Louisiana,43725.0,2957.0,83.434375,107.74
2020-06-10,Louisiana,44143.0,2968.0,78.2125,110.49
2020-06-11,Louisiana,44585.0,2987.0,74.9265625,119.01
2020-06-12,Louisiana,45108.0,2996.0,75.9828125,135.99
2020-06-13,Louisiana,46396.0,3004.0,77.796875,130.41
2020-06-14,Louisiana,46732.0,3014.0,79.3171875,96.12
2020-06-15,Louisiana,47284.0,3018.0,80.8421875,96.12
2020-06-16,Louisiana,47818.0,3042.0,79.6765625,96.12
2020-06-17,Louisiana,48746.0,3062.0,77.6484375,96.12
2020-06-18,Louisiana,49506.0,3069.0,78.978125,96.12
2020-06-19,Louisiana,48627.0,3084.0,80.2671875,96.12
2020-06-20,Louisiana,49497.0,3104.0,80.796875,96.12
2020-06-21,Louisiana,49890.0,3105.0,80.315625,96.12
2020-06-22,Louisiana,50352.0,3117.0,76.6546875,96.12
2020-06-23,Louisiana,51708.0,3134.0,78.146875,96.12
2020-06-24,Louisiana,52590.0,3152.0,75.690625,96.12
2020-06-25,Louisiana,53528.0,3164.0,76.1625,96.12
2020-06-26,Louisiana,54882.0,3190.0,79.453125,96.12
2020-06-27,Louisiana,54882.0,3190.0,82.153125,96.12
2020-06-28,Louisiana,56349.0,3199.0,82.221875,96.12
2020-06-29,Louisiana,57189.0,3199.0,82.765625,96.12
2020-06-30,Louisiana,58203.0,3221.0,83.471875,96.12
2020-02-15,Maryland,0.0,0.0,42.55416666666667,128.17
2020-02-16,Maryland,0.0,0.0,42.55416666666667,98.95
2020-02-17,Maryland,0.0,0.0,42.55416666666667,109.68
2020-02-18,Maryland,0.0,0.0,42.55416666666667,107.56
2020-02-19,Maryland,0.0,0.0,42.55416666666667,107.73
2020-02-20,Maryland,0.0,0.0,42.55416666666667,110.47
2020-02-21,Maryland,0.0,0.0,42.55416666666667,130.96
2020-02-22,Maryland,0.0,0.0,42.55416666666667,131.73
2020-02-23,Maryland,0.0,0.0,42.55416666666667,97.76
2020-02-24,Maryland,0.0,0.0,42.55416666666667,102.12
2020-02-25,Maryland,0.0,0.0,42.55416666666667,107.16
2020-02-26,Maryland,0.0,0.0,42.55416666666667,110.33
2020-02-27,Maryland,0.0,0.0,42.55416666666667,114.05
2020-02-28,Maryland,0.0,0.0,42.55416666666667,133.19
2020-02-29,Maryland,0.0,0.0,42.55416666666667,130.72
2020-03-01,Maryland,0.0,0.0,42.55416666666667,97.72
2020-03-02,Maryland,0.0,0.0,42.55416666666667,107.81
2020-03-03,Maryland,0.0,0.0,42.55416666666667,108.77
2020-03-04,Maryland,0.0,0.0,42.55416666666667,115.42
2020-03-05,Maryland,3.0,0.0,42.55416666666667,118.06
2020-03-06,Maryland,3.0,0.0,42.55416666666667,134.34
2020-03-07,Maryland,3.0,0.0,42.55416666666667,134.15
2020-03-08,Maryland,5.0,0.0,42.55416666666667,100.3
2020-03-09,Maryland,6.0,0.0,42.55416666666667,111.81
2020-03-10,Maryland,9.0,0.0,42.55416666666667,109.34
2020-03-11,Maryland,13.0,0.0,42.55416666666667,108.36
2020-03-12,Maryland,13.0,0.0,42.55416666666667,105.96
2020-03-13,Maryland,18.0,0.0,42.55416666666667,116.01
2020-03-14,Maryland,27.0,0.0,42.55416666666667,102.26
2020-03-15,Maryland,32.0,0.0,42.55416666666667,72.6
2020-03-16,Maryland,39.0,0.0,42.63333333333333,82.07
2020-03-17,Maryland,57.0,0.0,49.958333333333336,74.77
2020-03-18,Maryland,85.0,1.0,48.3375,72.64
2020-03-19,Maryland,108.0,1.0,56.46666666666667,71.4
2020-03-20,Maryland,150.0,2.0,68.67083333333333,79.16
2020-03-21,Maryland,195.0,3.0,49.24583333333334,65.4
2020-03-22,Maryland,245.0,3.0,42.61666666666667,50.7
2020-03-23,Maryland,290.0,3.0,42.47083333333333,54.37
2020-03-24,Maryland,349.0,4.0,46.550000000000004,56.46
2020-03-25,Maryland,423.0,4.0,44.42083333333333,52.57
2020-03-26,Maryland,581.0,4.0,48.512499999999996,61.21
2020-03-27,Maryland,790.0,5.0,56.9375,68.08
2020-03-28,Maryland,1066.0,10.0,53.11666666666667,54.65
2020-03-29,Maryland,1244.0,11.0,54.625,47.44
2020-03-30,Maryland,1415.0,15.0,56.833333333333336,59.01
2020-03-31,Maryland,1662.0,18.0,46.15833333333333,46.45
2020-04-01,Maryland,1985.0,33.0,45.50416666666666,49.93
2020-04-02,Maryland,2331.0,36.0,50.30833333333334,52.38
2020-04-03,Maryland,2758.0,42.0,52.35833333333333,60.52
2020-04-04,Maryland,3125.0,54.0,51.0875,52.23
2020-04-05,Maryland,3609.0,68.0,55.73333333333333,44.67
2020-04-06,Maryland,4045.0,92.0,57.09583333333333,54.74
2020-04-07,Maryland,4371.0,104.0,58.012499999999996,53.69
2020-04-08,Maryland,5529.0,124.0,63.04583333333333,57.39
2020-04-09,Maryland,6185.0,139.0,54.57083333333333,55.98
2020-04-10,Maryland,6968.0,172.0,44.06666666666666,63.48
2020-04-11,Maryland,7694.0,207.0,47.5375,59.47
2020-04-12,Maryland,8225.0,236.0,56.0,41.08
2020-04-13,Maryland,8936.0,262.0,63.32916666666667,51.96
2020-04-14,Maryland,9472.0,302.0,49.14166666666667,58.94
2020-04-15,Maryland,10096.0,413.0,43.2125,63.16
2020-04-16,Maryland,10851.0,459.0,43.49583333333334,63.58
2020-04-17,Maryland,11641.0,494.0,45.84166666666667,72.04
2020-04-18,Maryland,12379.0,534.0,46.4125,64.94
2020-04-19,Maryland,12892.0,548.0,49.93333333333334,55.41
2020-04-20,Maryland,13750.0,582.0,52.57083333333333,64.46
2020-04-21,Maryland,14261.0,652.0,52.0375,62.15
2020-04-22,Maryland,14842.0,698.0,46.78333333333333,67.33
2020-04-23,Maryland,15805.0,748.0,51.479166666666664,66.17
2020-04-24,Maryland,16693.0,798.0,52.49166666666667,71.66
2020-04-25,Maryland,17844.0,875.0,53.354166666666664,72.82
2020-04-26,Maryland,18664.0,910.0,51.32083333333333,52.06
2020-04-27,Maryland,19574.0,945.0,47.76666666666667,64.95
2020-04-28,Maryland,20200.0,1016.0,49.80833333333334,67.36
2020-04-29,Maryland,20942.0,1078.0,60.30833333333333,72.73
2020-04-30,Maryland,21825.0,1139.0,60.675000000000004,65.76
2020-05-01,Maryland,23566.0,1192.0,56.725,83.43
2020-05-02,Maryland,24568.0,1251.0,60.51666666666667,84.53
2020-05-03,Maryland,25561.0,1281.0,66.20416666666667,62.68
2020-05-04,Maryland,26509.0,1317.0,63.30833333333334,75.3
2020-05-05,Maryland,27217.0,1390.0,52.05833333333334,74.51
2020-05-06,Maryland,28263.0,1443.0,48.237500000000004,71.02
2020-05-07,Maryland,29476.0,1503.0,53.833333333333336,82.87
2020-05-08,Maryland,30592.0,1560.0,52.775,86.12
2020-05-09,Maryland,31638.0,1614.0,40.99166666666667,87.83
2020-05-10,Maryland,32693.0,1644.0,50.6875,73.97
2020-05-11,Maryland,33483.0,1683.0,51.67916666666667,78.31333333333333
2020-05-12,Maryland,34174.0,1756.0,49.79583333333333,82.65666666666667
2020-05-13,Maryland,34927.0,1809.0,54.65,87.0
2020-05-14,Maryland,36021.0,1866.0,60.166666666666664,88.98
2020-05-15,Maryland,37105.0,1911.0,73.45833333333333,109.83
2020-05-16,Maryland,38083.0,1957.0,70.62916666666666,107.41
2020-05-17,Maryland,38920.0,1992.0,61.25,80.79
2020-05-18,Maryland,39882.0,2023.0,60.15,87.83
2020-05-19,Maryland,41664.0,2081.0,58.487500000000004,92.41
2020-05-20,Maryland,42442.0,2123.0,54.270833333333336,94.74
2020-05-21,Maryland,43645.0,2159.0,58.84583333333333,99.84
2020-05-22,Maryland,44539.0,2207.0,64.65416666666667,109.09
2020-05-23,Maryland,45608.0,2243.0,70.22083333333333,113.99
2020-05-24,Maryland,46919.0,2277.0,60.949999999999996,90.95
2020-05-25,Maryland,47754.0,2302.0,64.49166666666666,91.78
2020-05-26,Maryland,48290.0,2333.0,67.2,101.32
2020-05-27,Maryland,49042.0,2392.0,69.82083333333334,102.59
2020-05-28,Maryland,50334.0,2428.0,73.34166666666667,99.94
2020-05-29,Maryland,51631.0,2466.0,76.21249999999999,118.62
2020-05-30,Maryland,52662.0,2509.0,72.5125,123.41
2020-05-31,Maryland,53456.0,2532.0,64.07916666666667,100.75
2020-06-01,Maryland,54035.0,2552.0,61.25833333333333,106.22
2020-06-02,Maryland,54831.0,2597.0,65.39583333333333,105.87
2020-06-03,Maryland,55617.0,2641.0,79.25416666666666,108.67
2020-06-04,Maryland,56490.0,2668.0,78.87916666666666,111.99
2020-06-05,Maryland,57407.0,2702.0,75.07083333333334,125.01
2020-06-06,Maryland,58099.0,2740.0,77.52083333333333,135.49
2020-06-07,Maryland,58593.0,2749.0,71.26666666666667,112.38
2020-06-08,Maryland,59024.0,2776.0,68.98333333333333,113.32
2020-06-09,Maryland,59543.0,2811.0,75.53333333333333,116.7
2020-06-10,Maryland,60114.0,2844.0,79.78333333333333,116.52
2020-06-11,Maryland,60823.0,2875.0,75.97083333333333,116.76
2020-06-12,Maryland,61262.0,2900.0,74.79166666666667,143.66
2020-06-13,Maryland,61935.0,2926.0,67.91250000000001,146.6
2020-06-14,Maryland,62328.0,2939.0,64.72500000000001,116.28
2020-06-15,Maryland,62653.0,2947.0,65.77499999999999,116.28
2020-06-16,Maryland,63004.0,2982.0,66.20833333333333,116.28
2020-06-17,Maryland,63565.0,2996.0,65.43333333333332,116.28
2020-06-18,Maryland,63839.0,3016.0,70.87083333333334,116.28
2020-06-19,Maryland,64150.0,3030.0,72.27083333333333,116.28
2020-06-20,Maryland,64565.0,3052.0,70.76666666666667,116.28
2020-06-21,Maryland,64903.0,3066.0,73.58333333333333,116.28
2020-06-22,Maryland,65202.0,3074.0,75.05,116.28
2020-06-23,Maryland,65602.0,3092.0,77.03333333333333,116.28
2020-06-24,Maryland,65934.0,3108.0,75.93333333333334,116.28
2020-06-25,Maryland,66397.0,3129.0,72.6375,116.28
2020-06-26,Maryland,66704.0,3142.0,75.25,116.28
2020-06-27,Maryland,67032.0,3157.0,78.64166666666667,116.28
2020-06-28,Maryland,67360.0,3168.0,78.8,116.28
2020-06-29,Maryland,67837.0,3175.0,78.74166666666666,116.28
2020-06-30,Maryland,68152.0,3190.0,77.51666666666667,116.28
2020-02-15,Massachusetts,1.0,0.0,38.32142857142857,119.11
2020-02-16,Massachusetts,1.0,0.0,38.32142857142857,95.64
2020-02-17,Massachusetts,1.0,0.0,38.32142857142857,101.09
2020-02-18,Massachusetts,1.0,0.0,38.32142857142857,105.19
2020-02-19,Massachusetts,1.0,0.0,38.32142857142857,109.47
2020-02-20,Massachusetts,1.0,0.0,38.32142857142857,110.32
2020-02-21,Massachusetts,1.0,0.0,38.32142857142857,125.48
2020-02-22,Massachusetts,1.0,0.0,38.32142857142857,119.94
2020-02-23,Massachusetts,1.0,0.0,38.32142857142857,93.24
2020-02-24,Massachusetts,1.0,0.0,38.32142857142857,99.45
2020-02-25,Massachusetts,1.0,0.0,38.32142857142857,103.19
2020-02-26,Massachusetts,1.0,0.0,38.32142857142857,105.51
2020-02-27,Massachusetts,1.0,0.0,38.32142857142857,111.77
2020-02-28,Massachusetts,1.0,0.0,38.32142857142857,129.01
2020-02-29,Massachusetts,1.0,0.0,38.32142857142857,124.66
2020-03-01,Massachusetts,1.0,0.0,38.32142857142857,95.71
2020-03-02,Massachusetts,2.0,0.0,38.32142857142857,99.44
2020-03-03,Massachusetts,2.0,0.0,38.32142857142857,109.95
2020-03-04,Massachusetts,2.0,0.0,38.32142857142857,105.27
2020-03-05,Massachusetts,3.0,0.0,38.32142857142857,111.51
2020-03-06,Massachusetts,8.0,0.0,38.32142857142857,123.8
2020-03-07,Massachusetts,13.0,0.0,38.32142857142857,118.73
2020-03-08,Massachusetts,28.0,0.0,38.32142857142857,95.14
2020-03-09,Massachusetts,41.0,0.0,38.32142857142857,102.74
2020-03-10,Massachusetts,92.0,0.0,38.32142857142857,101.35
2020-03-11,Massachusetts,95.0,0.0,38.32142857142857,99.87
2020-03-12,Massachusetts,108.0,0.0,38.32142857142857,95.01
2020-03-13,Massachusetts,123.0,0.0,38.32142857142857,98.02
2020-03-14,Massachusetts,138.0,0.0,38.32142857142857,87.0
2020-03-15,Massachusetts,164.0,0.0,38.32142857142857,64.99
2020-03-16,Massachusetts,197.0,0.0,31.564285714285713,69.36
2020-03-17,Massachusetts,218.0,0.0,38.221428571428575,59.38
2020-03-18,Massachusetts,256.0,0.0,42.642857142857146,62.89
2020-03-19,Massachusetts,328.0,0.0,40.800000000000004,54.8
2020-03-20,Massachusetts,413.0,1.0,50.6,63.96
2020-03-21,Massachusetts,525.0,2.0,40.699999999999996,56.69
2020-03-22,Massachusetts,646.0,5.0,30.907142857142855,42.9
2020-03-23,Massachusetts,777.0,9.0,33.785714285714285,46.76
2020-03-24,Massachusetts,1159.0,11.0,39.18571428571429,45.38
2020-03-25,Massachusetts,1838.0,15.0,38.19285714285714,43.19
2020-03-26,Massachusetts,2417.0,25.0,41.878571428571426,48.6
2020-03-27,Massachusetts,3240.0,35.0,49.550000000000004,56.06
2020-03-28,Massachusetts,4257.0,44.0,42.714285714285715,49.97
2020-03-29,Massachusetts,4955.0,48.0,41.98571428571428,33.27
2020-03-30,Massachusetts,5752.0,56.0,39.357142857142854,42.88
2020-03-31,Massachusetts,6620.0,89.0,36.964285714285715,46.8
2020-04-01,Massachusetts,7738.0,122.0,38.82857142857143,46.81
2020-04-02,Massachusetts,8966.0,154.0,41.42142857142857,44.25
2020-04-03,Massachusetts,10402.0,192.0,43.32142857142857,47.28
2020-04-04,Massachusetts,11736.0,216.0,43.392857142857146,48.2
2020-04-05,Massachusetts,12500.0,231.0,46.57142857142857,40.09
2020-04-06,Massachusetts,13837.0,260.0,48.300000000000004,49.23
2020-04-07,Massachusetts,15202.0,356.0,50.800000000000004,50.35
2020-04-08,Massachusetts,16790.0,433.0,45.964285714285715,46.03
2020-04-09,Massachusetts,18941.0,503.0,43.09285714285714,45.01
2020-04-10,Massachusetts,20974.0,599.0,40.971428571428575,55.47
2020-04-11,Massachusetts,22860.0,686.0,42.121428571428574,54.18
2020-04-12,Massachusetts,25475.0,756.0,47.021428571428565,35.5
2020-04-13,Massachusetts,26867.0,844.0,55.44285714285714,40.92
2020-04-14,Massachusetts,28163.0,957.0,48.542857142857144,54.5
2020-04-15,Massachusetts,29918.0,1108.0,42.44285714285714,54.27
2020-04-16,Massachusetts,32181.0,1245.0,38.66428571428571,53.77
2020-04-17,Massachusetts,34402.0,1404.0,40.68571428571429,61.2
2020-04-18,Massachusetts,36372.0,1560.0,36.33571428571428,47.23
2020-04-19,Massachusetts,38077.0,1706.0,46.65714285714286,52.99
2020-04-20,Massachusetts,39643.0,1809.0,44.50714285714286,53.11
2020-04-21,Massachusetts,41199.0,1961.0,40.73571428571428,51.17
2020-04-22,Massachusetts,42944.0,2182.0,37.778571428571425,55.47
2020-04-23,Massachusetts,46023.0,2360.0,42.40714285714286,60.31
2020-04-24,Massachusetts,50969.0,2556.0,42.07142857142857,58.72
2020-04-25,Massachusetts,53348.0,2730.0,48.68571428571429,68.15
2020-04-26,Massachusetts,54938.0,2899.0,44.021428571428565,43.55
2020-04-27,Massachusetts,56462.0,3003.0,39.707142857142856,49.66
2020-04-28,Massachusetts,58302.0,3153.0,43.42857142857143,59.21
2020-04-29,Massachusetts,60265.0,3405.0,46.957142857142856,63.06
2020-04-30,Massachusetts,62205.0,3562.0,46.73571428571428,58.41
2020-05-01,Massachusetts,64311.0,3716.0,55.142857142857146,66.04
2020-05-02,Massachusetts,66263.0,3846.0,56.31428571428571,72.94
2020-05-03,Massachusetts,68087.0,4004.0,62.107142857142854,64.25
2020-05-04,Massachusetts,69087.0,4090.0,57.378571428571426,63.5
2020-05-05,Massachusetts,70271.0,4212.0,48.66428571428571,68.79
2020-05-06,Massachusetts,72025.0,4420.0,46.392857142857146,67.62
2020-05-07,Massachusetts,73721.0,4552.0,51.107142857142854,69.81
2020-05-08,Massachusetts,75333.0,4702.0,47.91428571428571,76.94
2020-05-09,Massachusetts,76743.0,4840.0,38.81428571428571,70.8
2020-05-10,Massachusetts,77793.0,4979.0,46.621428571428574,60.51
2020-05-11,Massachusetts,78462.0,5108.0,48.73571428571428,66.12666666666667
2020-05-12,Massachusetts,79332.0,5141.0,46.57142857142857,71.74333333333334
2020-05-13,Massachusetts,80497.0,5315.0,47.292857142857144,77.36
2020-05-14,Massachusetts,82182.0,5482.0,55.25714285714286,82.4
2020-05-15,Massachusetts,83421.0,5592.0,62.457142857142856,86.16
2020-05-16,Massachusetts,84933.0,5705.0,59.76428571428572,89.95
2020-05-17,Massachusetts,86010.0,5797.0,56.33571428571429,71.29
2020-05-18,Massachusetts,87052.0,5862.0,55.028571428571425,76.54
2020-05-19,Massachusetts,87925.0,5938.0,52.67857142857143,84.18
2020-05-20,Massachusetts,88970.0,6066.0,53.25,89.08
2020-05-21,Massachusetts,90084.0,6148.0,57.17857142857143,94.22
2020-05-22,Massachusetts,90889.0,6228.0,66.41428571428571,107.88
2020-05-23,Massachusetts,91662.0,6304.0,58.885714285714286,87.79
2020-05-24,Massachusetts,92675.0,6372.0,53.82857142857143,81.02
2020-05-25,Massachusetts,93271.0,6416.0,56.75714285714286,77.02
2020-05-26,Massachusetts,93693.0,6473.0,66.55,94.41
2020-05-27,Massachusetts,94220.0,6547.0,69.22857142857143,100.25
2020-05-28,Massachusetts,94895.0,6640.0,69.22142857142858,97.34
2020-05-29,Massachusetts,95512.0,6718.0,70.36428571428571,106.53
2020-05-30,Massachusetts,96301.0,6768.0,68.56428571428572,103.61
2020-05-31,Massachusetts,96965.0,6846.0,58.0,92.38
2020-06-01,Massachusetts,100805.0,7035.0,53.021428571428565,91.99
2020-06-02,Massachusetts,101163.0,7085.0,57.050000000000004,96.96
2020-06-03,Massachusetts,101592.0,7152.0,66.37857142857142,97.73
2020-06-04,Massachusetts,102063.0,7201.0,71.95,106.08
2020-06-05,Massachusetts,102557.0,7235.0,70.24285714285715,111.94
2020-06-06,Massachusetts,103132.0,7289.0,70.22857142857143,104.83
2020-06-07,Massachusetts,103436.0,7316.0,60.271428571428565,88.83
2020-06-08,Massachusetts,103626.0,7353.0,63.521428571428565,103.22
2020-06-09,Massachusetts,103889.0,7408.0,67.37857142857142,106.32
2020-06-10,Massachusetts,104156.0,7454.0,66.61428571428571,109.29
2020-06-11,Massachusetts,104667.0,7492.0,68.62142857142857,104.64
2020-06-12,Massachusetts,105059.0,7538.0,69.93571428571428,128.96
2020-06-13,Massachusetts,105395.0,7576.0,61.23571428571428,119.87
2020-06-14,Massachusetts,105603.0,7624.0,59.44285714285714,99.75
2020-06-15,Massachusetts,105690.0,7646.0,60.4,99.75
2020-06-16,Massachusetts,105885.0,7664.0,62.785714285714285,99.75
2020-06-17,Massachusetts,106151.0,7733.0,65.74285714285715,99.75
2020-06-18,Massachusetts,106422.0,7769.0,70.67142857142856,99.75
2020-06-19,Massachusetts,106650.0,7799.0,73.74285714285715,99.75
2020-06-20,Massachusetts,106936.0,7827.0,75.66428571428571,99.75
2020-06-21,Massachusetts,107061.0,7857.0,75.35000000000001,99.75
2020-06-22,Massachusetts,107210.0,7873.0,72.00714285714285,99.75
2020-06-23,Massachusetts,107439.0,7889.0,73.95714285714287,99.75
2020-06-24,Massachusetts,107611.0,7937.0,72.92857142857143,99.75
2020-06-25,Massachusetts,107837.0,7962.0,72.15,99.75
2020-06-26,Massachusetts,108070.0,8012.0,72.12142857142858,99.75
2020-06-27,Massachusetts,108443.0,8040.0,68.72142857142858,99.75
2020-06-28,Massachusetts,108667.0,8060.0,69.86428571428571,99.75
2020-06-29,Massachusetts,108768.0,8095.0,67.02857142857142,99.75
2020-06-30,Massachusetts,108882.0,8054.0,66.36428571428571,99.75
2020-02-15,Michigan,0.0,0.0,29.833734939759033,125.55
2020-02-16,Michigan,0.0,0.0,29.833734939759033,93.88
2020-02-17,Michigan,0.0,0.0,29.833734939759033,103.71
2020-02-18,Michigan,0.0,0.0,29.833734939759033,104.44
2020-02-19,Michigan,0.0,0.0,29.833734939759033,106.67
2020-02-20,Michigan,0.0,0.0,29.833734939759033,110.91
2020-02-21,Michigan,0.0,0.0,29.833734939759033,132.21
2020-02-22,Michigan,0.0,0.0,29.833734939759033,133.39
2020-02-23,Michigan,0.0,0.0,29.833734939759033,93.68
2020-02-24,Michigan,0.0,0.0,29.833734939759033,100.56
2020-02-25,Michigan,0.0,0.0,29.833734939759033,105.98
2020-02-26,Michigan,0.0,0.0,29.833734939759033,101.48
2020-02-27,Michigan,0.0,0.0,29.833734939759033,111.66
2020-02-28,Michigan,0.0,0.0,29.833734939759033,136.38
2020-02-29,Michigan,0.0,0.0,29.833734939759033,136.38
2020-03-01,Michigan,0.0,0.0,29.833734939759033,96.19
2020-03-02,Michigan,0.0,0.0,29.833734939759033,107.91
2020-03-03,Michigan,0.0,0.0,29.833734939759033,112.45
2020-03-04,Michigan,0.0,0.0,29.833734939759033,113.54
2020-03-05,Michigan,0.0,0.0,29.833734939759033,118.55
2020-03-06,Michigan,0.0,0.0,29.833734939759033,137.34
2020-03-07,Michigan,0.0,0.0,29.833734939759033,138.78
2020-03-08,Michigan,0.0,0.0,29.833734939759033,101.53
2020-03-09,Michigan,0.0,0.0,29.833734939759033,108.2
2020-03-10,Michigan,2.0,0.0,29.833734939759033,116.24
2020-03-11,Michigan,2.0,0.0,29.833734939759033,107.83
2020-03-12,Michigan,12.0,0.0,29.833734939759033,103.55
2020-03-13,Michigan,25.0,0.0,29.833734939759033,107.52
2020-03-14,Michigan,33.0,0.0,29.833734939759033,93.54
2020-03-15,Michigan,53.0,0.0,29.833734939759033,70.93
2020-03-16,Michigan,54.0,0.0,32.23975903614458,77.09
2020-03-17,Michigan,65.0,0.0,35.34457831325301,73.25
2020-03-18,Michigan,80.0,1.0,34.99518072289157,68.75
2020-03-19,Michigan,334.0,3.0,39.43975903614458,67.72
2020-03-20,Michigan,548.0,4.0,33.0855421686747,73.09
2020-03-21,Michigan,787.0,6.0,23.34457831325301,61.88
2020-03-22,Michigan,1033.0,9.0,27.272289156626506,46.88
2020-03-23,Michigan,1324.0,16.0,33.28072289156627,57.52
2020-03-24,Michigan,1791.0,24.0,36.3144578313253,42.11
2020-03-25,Michigan,2293.0,43.0,41.35180722891566,47.19
2020-03-26,Michigan,2877.0,63.0,42.26987951807229,45.42
2020-03-27,Michigan,3655.0,93.0,40.67710843373494,52.22
2020-03-28,Michigan,4634.0,112.0,42.397590361445786,41.77
2020-03-29,Michigan,5486.0,132.0,44.612048192771084,36.31
2020-03-30,Michigan,6508.0,197.0,37.80963855421687,44.7
2020-03-31,Michigan,7629.0,264.0,37.36144578313253,46.04
2020-04-01,Michigan,9292.0,336.0,41.22289156626506,47.57
2020-04-02,Michigan,10791.0,417.0,43.60722891566265,51.61
2020-04-03,Michigan,12669.0,478.0,44.96265060240964,57.29
2020-04-04,Michigan,14225.0,541.0,39.18915662650602,46.28
2020-04-05,Michigan,15633.0,617.0,38.59518072289157,41.39
2020-04-06,Michigan,17129.0,727.0,44.45301204819277,48.51
2020-04-07,Michigan,18851.0,845.0,48.71927710843373,47.6
2020-04-08,Michigan,20220.0,959.0,49.44216867469879,53.18
2020-04-09,Michigan,21375.0,1076.0,37.00722891566265,50.04
2020-04-10,Michigan,22646.0,1280.0,34.55783132530121,55.29
2020-04-11,Michigan,23855.0,1395.0,42.63734939759036,51.58
2020-04-12,Michigan,24496.0,1488.0,47.37831325301205,33.26
2020-04-13,Michigan,25490.0,1603.0,37.81686746987952,47.03
2020-04-14,Michigan,26845.0,1767.0,29.822891566265064,50.91
2020-04-15,Michigan,27894.0,1920.0,28.03734939759036,54.41
2020-04-16,Michigan,29120.0,2092.0,31.41566265060241,56.15
2020-04-17,Michigan,29954.0,2227.0,34.37831325301205,57.52
2020-04-18,Michigan,30718.0,2307.0,42.6578313253012,60.25
2020-04-19,Michigan,31349.0,2389.0,42.11807228915663,49.4
2020-04-20,Michigan,31929.0,2466.0,41.43855421686747,61.39
2020-04-21,Michigan,32936.0,2698.0,31.948192771084337,56.96
2020-04-22,Michigan,33973.0,2813.0,31.40843373493976,57.91
2020-04-23,Michigan,35253.0,2977.0,37.90843373493976,59.87
2020-04-24,Michigan,36628.0,3084.0,42.78674698795181,70.11
2020-04-25,Michigan,37302.0,3273.0,44.22289156626506,65.12
2020-04-26,Michigan,38003.0,3314.0,48.09156626506024,57.79
2020-04-27,Michigan,38457.0,3406.0,45.820481927710844,67.83
2020-04-28,Michigan,39469.0,3566.0,52.102409638554214,72.21
2020-04-29,Michigan,40443.0,3670.0,50.061445783132534,67.18
2020-04-30,Michigan,41348.0,3788.0,45.11566265060241,71.16
2020-05-01,Michigan,42348.0,3866.0,50.918072289156626,89.43
2020-05-02,Michigan,43191.0,4020.0,59.65301204819277,84.19
2020-05-03,Michigan,43803.0,4049.0,53.543373493975906,73.45
2020-05-04,Michigan,43996.0,4135.0,42.80361445783132,79.1
2020-05-05,Michigan,44391.0,4179.0,42.119277108433735,80.0
2020-05-06,Michigan,45079.0,4250.0,46.06265060240963,86.08
2020-05-07,Michigan,45643.0,4343.0,44.22409638554217,90.96
2020-05-08,Michigan,46319.0,4393.0,33.63012048192771,96.24
2020-05-09,Michigan,46735.0,4526.0,38.498795180722894,94.73
2020-05-10,Michigan,47116.0,4551.0,39.616867469879516,70.43
2020-05-11,Michigan,47526.0,4584.0,37.15060240963855,81.14333333333333
2020-05-12,Michigan,47946.0,4674.0,40.13493975903614,91.85666666666667
2020-05-13,Michigan,48307.0,4714.0,45.704819277108435,102.57
2020-05-14,Michigan,49489.0,4787.0,50.97951807228916,92.99
2020-05-15,Michigan,49982.0,4825.0,57.53855421686747,114.46
2020-05-16,Michigan,50416.0,4880.0,54.89518072289157,114.76
2020-05-17,Michigan,51054.0,4891.0,52.86987951807229,80.19
2020-05-18,Michigan,51853.0,4915.0,53.89518072289157,95.88
2020-05-19,Michigan,52337.0,5017.0,57.195180722891564,111.27
2020-05-20,Michigan,52988.0,5060.0,60.23373493975903,124.92
2020-05-21,Michigan,53468.0,5129.0,61.897590361445786,127.07
2020-05-22,Michigan,53865.0,5158.0,63.29759036144578,136.59
2020-05-23,Michigan,54304.0,5223.0,65.61325301204819,124.18
2020-05-24,Michigan,54616.0,5228.0,69.26024096385542,107.21
2020-05-25,Michigan,54816.0,5240.0,71.96746987951808,102.81
2020-05-26,Michigan,55040.0,5266.0,74.84457831325301,121.98
2020-05-27,Michigan,55544.0,5334.0,74.07831325301204,122.89
2020-05-28,Michigan,55944.0,5372.0,68.38795180722892,123.26
2020-05-29,Michigan,56589.0,5406.0,60.63373493975904,138.13
2020-05-30,Michigan,56848.0,5463.0,53.77710843373494,135.02
2020-05-31,Michigan,57355.0,5491.0,51.893975903614454,106.01
2020-06-01,Michigan,58435.0,5525.0,59.295180722891565,121.66
2020-06-02,Michigan,58680.0,5562.0,72.82168674698795,128.86
2020-06-03,Michigan,58990.0,5579.0,70.46506024096387,129.04
2020-06-04,Michigan,59215.0,5604.0,68.92650602409638,140.32
2020-06-05,Michigan,63744.0,5854.0,68.07228915662651,155.17
2020-06-06,Michigan,64196.0,5894.0,63.17590361445784,150.46
2020-06-07,Michigan,64615.0,5898.0,59.3566265060241,122.64
2020-06-08,Michigan,64911.0,5916.0,68.77228915662651,139.11
2020-06-09,Michigan,65190.0,5946.0,74.95421686746988,140.52
2020-06-10,Michigan,65377.0,5958.0,71.06746987951807,132.38
2020-06-11,Michigan,65627.0,5985.0,60.968674698795176,153.44
2020-06-12,Michigan,65881.0,5994.0,55.14939759036144,169.5
2020-06-13,Michigan,66024.0,6017.0,54.456626506024094,163.02
2020-06-14,Michigan,66246.0,6020.0,56.818072289156625,133.33
2020-06-15,Michigan,66302.0,6025.0,60.37469879518073,133.33
2020-06-16,Michigan,66466.0,6039.0,66.80722891566265,133.33
2020-06-17,Michigan,66694.0,6041.0,69.83734939759036,133.33
2020-06-18,Michigan,66980.0,6064.0,71.57108433734939,133.33
2020-06-19,Michigan,67300.0,6071.0,73.62168674698796,133.33
2020-06-20,Michigan,67721.0,6091.0,73.60240963855422,133.33
2020-06-21,Michigan,67873.0,6094.0,71.16385542168675,133.33
2020-06-22,Michigan,68144.0,6101.0,69.60240963855422,133.33
2020-06-23,Michigan,68373.0,6113.0,62.45180722891566,133.33
2020-06-24,Michigan,68711.0,6118.0,62.99879518072289,133.33
2020-06-25,Michigan,69159.0,6137.0,66.75060240963856,133.33
2020-06-26,Michigan,69473.0,6138.0,70.48433734939759,133.33
2020-06-27,Michigan,69802.0,6157.0,72.32048192771084,133.33
2020-06-28,Michigan,70042.0,6161.0,71.58313253012048,133.33
2020-06-29,Michigan,70356.0,6165.0,74.63614457831325,133.33
2020-06-30,Michigan,70850.0,6197.0,76.11927710843374,133.33
2020-02-15,Minnesota,0.0,0.0,27.706976744186047,127.88
2020-02-16,Minnesota,0.0,0.0,27.706976744186047,95.98
2020-02-17,Minnesota,0.0,0.0,27.706976744186047,103.22
2020-02-18,Minnesota,0.0,0.0,27.706976744186047,112.74
2020-02-19,Minnesota,0.0,0.0,27.706976744186047,100.46
2020-02-20,Minnesota,0.0,0.0,27.706976744186047,106.29
2020-02-21,Minnesota,0.0,0.0,27.706976744186047,129.52
2020-02-22,Minnesota,0.0,0.0,27.706976744186047,131.85
2020-02-23,Minnesota,0.0,0.0,27.706976744186047,94.63
2020-02-24,Minnesota,0.0,0.0,27.706976744186047,96.7
2020-02-25,Minnesota,0.0,0.0,27.706976744186047,99.62
2020-02-26,Minnesota,0.0,0.0,27.706976744186047,102.15
2020-02-27,Minnesota,0.0,0.0,27.706976744186047,108.24
2020-02-28,Minnesota,0.0,0.0,27.706976744186047,130.62
2020-02-29,Minnesota,0.0,0.0,27.706976744186047,131.28
2020-03-01,Minnesota,0.0,0.0,27.706976744186047,95.71
2020-03-02,Minnesota,0.0,0.0,27.706976744186047,96.48
2020-03-03,Minnesota,0.0,0.0,27.706976744186047,104.34
2020-03-04,Minnesota,0.0,0.0,27.706976744186047,102.36
2020-03-05,Minnesota,0.0,0.0,27.706976744186047,108.59
2020-03-06,Minnesota,1.0,0.0,27.706976744186047,130.68
2020-03-07,Minnesota,1.0,0.0,27.706976744186047,129.45
2020-03-08,Minnesota,2.0,0.0,27.706976744186047,94.26
2020-03-09,Minnesota,2.0,0.0,27.706976744186047,94.67
2020-03-10,Minnesota,3.0,0.0,27.706976744186047,99.09
2020-03-11,Minnesota,5.0,0.0,27.706976744186047,100.44
2020-03-12,Minnesota,9.0,0.0,27.706976744186047,97.8
2020-03-13,Minnesota,14.0,0.0,27.706976744186047,106.37
2020-03-14,Minnesota,21.0,0.0,27.706976744186047,92.81
2020-03-15,Minnesota,35.0,0.0,27.706976744186047,68.06
2020-03-16,Minnesota,54.0,0.0,30.2,71.88
2020-03-17,Minnesota,60.0,0.0,30.98720930232558,67.68
2020-03-18,Minnesota,77.0,0.0,36.032558139534885,60.32
2020-03-19,Minnesota,89.0,0.0,31.44651162790698,57.27
2020-03-20,Minnesota,115.0,0.0,19.246511627906976,64.87
2020-03-21,Minnesota,138.0,1.0,24.281395348837208,54.29
2020-03-22,Minnesota,171.0,1.0,33.65,42.93
2020-03-23,Minnesota,235.0,1.0,34.896511627906975,53.55
2020-03-24,Minnesota,264.0,1.0,39.4,53.61
2020-03-25,Minnesota,289.0,1.0,35.34418604651162,52.05
2020-03-26,Minnesota,346.0,2.0,34.26511627906977,58.73
2020-03-27,Minnesota,398.0,4.0,40.37906976744186,64.39
2020-03-28,Minnesota,442.0,5.0,39.85697674418604,37.89
2020-03-29,Minnesota,504.0,9.0,39.9,33.97
2020-03-30,Minnesota,576.0,10.0,42.055813953488375,50.22
2020-03-31,Minnesota,629.0,12.0,41.443023255813955,52.35
2020-04-01,Minnesota,689.0,17.0,43.13139534883721,52.02
2020-04-02,Minnesota,742.0,18.0,41.873255813953485,51.27
2020-04-03,Minnesota,789.0,22.0,23.82209302325581,53.45
2020-04-04,Minnesota,865.0,24.0,27.632558139534886,54.48
2020-04-05,Minnesota,935.0,29.0,40.902325581395345,47.58
2020-04-06,Minnesota,986.0,30.0,48.36046511627907,53.62
2020-04-07,Minnesota,1069.0,34.0,52.3453488372093,57.51
2020-04-08,Minnesota,1154.0,39.0,42.25581395348837,55.82
2020-04-09,Minnesota,1242.0,50.0,31.82906976744186,55.85
2020-04-10,Minnesota,1335.0,57.0,36.32209302325581,66.95
2020-04-11,Minnesota,1427.0,64.0,41.694186046511625,62.4
2020-04-12,Minnesota,1621.0,70.0,29.912790697674417,30.39
2020-04-13,Minnesota,1650.0,70.0,24.523255813953487,53.3
2020-04-14,Minnesota,1695.0,79.0,21.51279069767442,55.5
2020-04-15,Minnesota,1809.0,87.0,24.759302325581398,60.63
2020-04-16,Minnesota,1912.0,94.0,32.3639534883721,63.54
2020-04-17,Minnesota,2071.0,111.0,37.318604651162794,74.35
2020-04-18,Minnesota,2213.0,121.0,46.347674418604655,73.95
2020-04-19,Minnesota,2356.0,134.0,38.64767441860465,58.92
2020-04-20,Minnesota,2470.0,143.0,42.847674418604655,64.96
2020-04-21,Minnesota,2567.0,160.0,37.11279069767442,66.41
2020-04-22,Minnesota,2721.0,179.0,50.54767441860466,73.96
2020-04-23,Minnesota,2942.0,200.0,48.651162790697676,73.02
2020-04-24,Minnesota,3185.0,221.0,50.99302325581395,81.8
2020-04-25,Minnesota,3446.0,244.0,51.95813953488371,79.2
2020-04-26,Minnesota,3602.0,272.0,54.10697674418604,63.06
2020-04-27,Minnesota,3816.0,286.0,58.33720930232558,73.74
2020-04-28,Minnesota,4181.0,301.0,50.366279069767444,65.7
2020-04-29,Minnesota,4644.0,319.0,51.050000000000004,76.26
2020-04-30,Minnesota,5136.0,343.0,54.05232558139535,84.31
2020-05-01,Minnesota,5730.0,371.0,60.699999999999996,95.48
2020-05-02,Minnesota,6228.0,395.0,58.86744186046512,89.53
2020-05-03,Minnesota,6663.0,419.0,50.0,73.42
2020-05-04,Minnesota,7234.0,428.0,47.30232558139535,81.02
2020-05-05,Minnesota,7851.0,455.0,47.1,81.64
2020-05-06,Minnesota,8579.0,485.0,51.62441860465116,86.36
2020-05-07,Minnesota,9364.0,508.0,46.55348837209302,87.34
2020-05-08,Minnesota,10087.0,534.0,39.63953488372093,101.8
2020-05-09,Minnesota,10789.0,558.0,41.343023255813954,88.32
2020-05-10,Minnesota,11270.0,578.0,40.95697674418605,67.77
2020-05-11,Minnesota,11798.0,591.0,41.45232558139535,74.21
2020-05-12,Minnesota,12493.0,614.0,44.01162790697674,80.65
2020-05-13,Minnesota,12916.0,638.0,49.466279069767445,87.09
2020-05-14,Minnesota,13443.0,672.0,57.019767441860466,99.66
2020-05-15,Minnesota,14240.0,692.0,55.108139534883726,118.6
2020-05-16,Minnesota,14969.0,709.0,55.15813953488372,96.73
2020-05-17,Minnesota,15677.0,731.0,53.02093023255814,74.2
2020-05-18,Minnesota,16372.0,740.0,57.670930232558135,101.79
2020-05-19,Minnesota,17038.0,757.0,59.73488372093023,108.41
2020-05-20,Minnesota,17679.0,786.0,63.437209302325584,113.71
2020-05-21,Minnesota,18209.0,818.0,61.25232558139535,116.07
2020-05-22,Minnesota,19014.0,851.0,61.38720930232558,133.15
2020-05-23,Minnesota,19854.0,861.0,62.91279069767442,106.98
2020-05-24,Minnesota,20582.0,878.0,65.01976744186047,92.2
2020-05-25,Minnesota,21324.0,890.0,66.30348837209303,96.52
2020-05-26,Minnesota,21969.0,908.0,64.7046511627907,107.94
2020-05-27,Minnesota,22474.0,942.0,68.25697674418605,120.77
2020-05-28,Minnesota,22957.0,977.0,64.40581395348836,132.53
2020-05-29,Minnesota,23541.0,1006.0,56.194186046511625,135.69
2020-05-30,Minnesota,24200.0,1036.0,56.1360465116279,121.06
2020-05-31,Minnesota,24860.0,1050.0,62.731395348837204,107.31
2020-06-01,Minnesota,25218.0,1060.0,75.43604651162791,125.99
2020-06-02,Minnesota,25518.0,1082.0,73.50581395348837,117.84
2020-06-03,Minnesota,25881.0,1097.0,69.86511627906977,127.34
2020-06-04,Minnesota,26284.0,1126.0,70.8953488372093,131.99
2020-06-05,Minnesota,26991.0,1159.0,67.81744186046512,152.77
2020-06-06,Minnesota,27512.0,1181.0,65.0906976744186,131.69
2020-06-07,Minnesota,27897.0,1197.0,74.35581395348838,114.7
2020-06-08,Minnesota,28235.0,1208.0,80.41511627906976,129.75
2020-06-09,Minnesota,28534.0,1228.0,69.93139534883721,121.81
2020-06-10,Minnesota,28900.0,1267.0,61.334883720930236,130.61
2020-06-11,Minnesota,29347.0,1280.0,64.61162790697675,143.1
2020-06-12,Minnesota,29826.0,1305.0,64.72558139534884,161.6
2020-06-13,Minnesota,30203.0,1314.0,62.22790697674419,142.44
2020-06-14,Minnesota,30502.0,1329.0,67.06976744186046,123.82
2020-06-15,Minnesota,30724.0,1335.0,73.31511627906977,123.82
2020-06-16,Minnesota,30913.0,1344.0,78.99883720930232,123.82
2020-06-17,Minnesota,31328.0,1357.0,78.48720930232558,123.82
2020-06-18,Minnesota,31707.0,1376.0,70.01744186046511,123.82
2020-06-19,Minnesota,32063.0,1393.0,64.73720930232558,123.82
2020-06-20,Minnesota,32499.0,1404.0,64.1046511627907,123.82
2020-06-21,Minnesota,32952.0,1412.0,65.90697674418605,123.82
2020-06-22,Minnesota,33259.0,1416.0,63.843023255813954,123.82
2020-06-23,Minnesota,33501.0,1425.0,64.09302325581395,123.82
2020-06-24,Minnesota,33798.0,1432.0,66.15348837209302,123.82
2020-06-25,Minnesota,34158.0,1441.0,70.22209302325582,123.82
2020-06-26,Minnesota,34651.0,1446.0,72.38720930232559,123.82
2020-06-27,Minnesota,35068.0,1452.0,73.36162790697675,123.82
2020-06-28,Minnesota,35584.0,1460.0,74.50697674418605,123.82
2020-06-29,Minnesota,35896.0,1470.0,72.59767441860464,123.82
2020-06-30,Minnesota,36338.0,1476.0,77.4779069767442,123.82
2020-02-15,Mississippi,0.0,0.0,59.52926829268292,145.6
2020-02-16,Mississippi,0.0,0.0,59.52926829268292,98.89
2020-02-17,Mississippi,0.0,0.0,59.52926829268292,111.41
2020-02-18,Mississippi,0.0,0.0,59.52926829268292,106.32
2020-02-19,Mississippi,0.0,0.0,59.52926829268292,107.75
2020-02-20,Mississippi,0.0,0.0,59.52926829268292,113.87
2020-02-21,Mississippi,0.0,0.0,59.52926829268292,152.28
2020-02-22,Mississippi,0.0,0.0,59.52926829268292,148.4
2020-02-23,Mississippi,0.0,0.0,59.52926829268292,105.2
2020-02-24,Mississippi,0.0,0.0,59.52926829268292,109.18
2020-02-25,Mississippi,0.0,0.0,59.52926829268292,118.47
2020-02-26,Mississippi,0.0,0.0,59.52926829268292,119.05
2020-02-27,Mississippi,0.0,0.0,59.52926829268292,128.15
2020-02-28,Mississippi,0.0,0.0,59.52926829268292,161.12
2020-02-29,Mississippi,0.0,0.0,59.52926829268292,162.03
2020-03-01,Mississippi,0.0,0.0,59.52926829268292,111.97
2020-03-02,Mississippi,0.0,0.0,59.52926829268292,114.42
2020-03-03,Mississippi,0.0,0.0,59.52926829268292,116.04
2020-03-04,Mississippi,0.0,0.0,59.52926829268292,110.65
2020-03-05,Mississippi,0.0,0.0,59.52926829268292,131.95
2020-03-06,Mississippi,0.0,0.0,59.52926829268292,168.8
2020-03-07,Mississippi,0.0,0.0,59.52926829268292,167.27
2020-03-08,Mississippi,0.0,0.0,59.52926829268292,114.62
2020-03-09,Mississippi,0.0,0.0,59.52926829268292,123.78
2020-03-10,Mississippi,0.0,0.0,59.52926829268292,124.92
2020-03-11,Mississippi,1.0,0.0,59.52926829268292,125.7
2020-03-12,Mississippi,1.0,0.0,59.52926829268292,129.69
2020-03-13,Mississippi,6.0,0.0,59.52926829268292,142.71
2020-03-14,Mississippi,6.0,0.0,59.52926829268292,138.43
2020-03-15,Mississippi,10.0,0.0,59.52926829268292,98.86
2020-03-16,Mississippi,12.0,0.0,60.28658536585366,105.07
2020-03-17,Mississippi,21.0,0.0,64.92439024390244,98.03
2020-03-18,Mississippi,34.0,0.0,69.9829268292683,94.13
2020-03-19,Mississippi,50.0,1.0,73.99268292682926,93.59
2020-03-20,Mississippi,80.0,1.0,68.39878048780487,96.96
2020-03-21,Mississippi,140.0,1.0,54.857317073170734,82.78
2020-03-22,Mississippi,207.0,1.0,58.603658536585364,57.31
2020-03-23,Mississippi,249.0,1.0,66.02560975609757,72.6
2020-03-24,Mississippi,320.0,1.0,70.17439024390244,74.0
2020-03-25,Mississippi,376.0,5.0,65.55853658536586,76.82
2020-03-26,Mississippi,486.0,6.0,71.33292682926829,80.99
2020-03-27,Mississippi,579.0,8.0,75.06463414634146,89.27
2020-03-28,Mississippi,669.0,13.0,76.02073170731707,77.12
2020-03-29,Mississippi,759.0,14.0,66.2280487804878,59.69
2020-03-30,Mississippi,848.0,16.0,63.46341463414634,74.94
2020-03-31,Mississippi,937.0,20.0,57.052439024390246,73.02
2020-04-01,Mississippi,1073.0,22.0,56.900000000000006,76.38
2020-04-02,Mississippi,1177.0,26.0,60.484146341463415,77.6
2020-04-03,Mississippi,1358.0,29.0,63.40487804878049,80.53
2020-04-04,Mississippi,1455.0,35.0,63.98658536585366,59.72
2020-04-05,Mississippi,1638.0,43.0,67.04634146341463,50.96
2020-04-06,Mississippi,1738.0,51.0,69.19024390243902,69.63
2020-04-07,Mississippi,1915.0,59.0,69.47439024390243,68.1
2020-04-08,Mississippi,2003.0,67.0,74.21707317073171,73.25
2020-04-09,Mississippi,2260.0,76.0,70.47195121951219,77.75
2020-04-10,Mississippi,2469.0,82.0,56.397560975609764,83.64
2020-04-11,Mississippi,2642.0,93.0,59.1109756097561,72.68
2020-04-12,Mississippi,2781.0,96.0,66.1719512195122,43.02
2020-04-13,Mississippi,2942.0,98.0,54.06585365853658,78.93
2020-04-14,Mississippi,3087.0,111.0,51.298780487804876,80.67
2020-04-15,Mississippi,3360.0,122.0,50.39878048780488,85.3
2020-04-16,Mississippi,3624.0,129.0,56.163414634146335,90.05
2020-04-17,Mississippi,3793.0,140.0,63.32439024390244,97.4
2020-04-18,Mississippi,3974.0,152.0,60.708536585365856,86.38
2020-04-19,Mississippi,4274.0,159.0,63.15975609756098,55.2
2020-04-20,Mississippi,4512.0,169.0,61.88414634146341,89.49
2020-04-21,Mississippi,4716.0,183.0,65.67804878048781,91.72
2020-04-22,Mississippi,4894.0,193.0,63.28658536585366,87.35
2020-04-23,Mississippi,5153.0,201.0,66.67682926829268,89.12
2020-04-24,Mississippi,5434.0,209.0,66.21463414634147,107.49
2020-04-25,Mississippi,5718.0,221.0,65.53292682926829,94.47
2020-04-26,Mississippi,5911.0,227.0,61.669512195121946,74.95
2020-04-27,Mississippi,6094.0,229.0,62.4609756097561,95.17
2020-04-28,Mississippi,6342.0,239.0,66.34634146341463,95.09
2020-04-29,Mississippi,6569.0,250.0,64.18658536585366,93.47
2020-04-30,Mississippi,6815.0,261.0,62.05365853658536,106.59
2020-05-01,Mississippi,7212.0,281.0,65.20243902439024,120.72
2020-05-02,Mississippi,7441.0,291.0,69.46463414634147,111.64
2020-05-03,Mississippi,7550.0,303.0,71.70853658536586,85.22
2020-05-04,Mississippi,7877.0,310.0,73.50487804878048,106.04
2020-05-05,Mississippi,8207.0,342.0,71.0170731707317,107.96
2020-05-06,Mississippi,8424.0,374.0,64.30000000000001,112.65
2020-05-07,Mississippi,8686.0,396.0,60.89512195121951,118.21
2020-05-08,Mississippi,9090.0,409.0,60.325609756097556,121.66
2020-05-09,Mississippi,9378.0,421.0,56.43658536585366,127.49
2020-05-10,Mississippi,9501.0,430.0,60.88780487804878,88.02
2020-05-11,Mississippi,9674.0,435.0,61.87682926829268,100.67333333333333
2020-05-12,Mississippi,9908.0,457.0,64.83048780487805,113.32666666666667
2020-05-13,Mississippi,10090.0,465.0,71.37560975609756,125.98
2020-05-14,Mississippi,10483.0,480.0,71.69756097560975,128.93
2020-05-15,Mississippi,10801.0,493.0,72.48048780487804,145.29
2020-05-16,Mississippi,11123.0,510.0,75.06829268292684,140.78
2020-05-17,Mississippi,11296.0,521.0,75.06585365853658,101.84
2020-05-18,Mississippi,11432.0,528.0,70.66585365853659,130.92
2020-05-19,Mississippi,11704.0,554.0,67.74268292682926,134.45
2020-05-20,Mississippi,11967.0,570.0,67.70365853658537,137.24
2020-05-21,Mississippi,12222.0,580.0,72.75731707317074,148.7
2020-05-22,Mississippi,12624.0,596.0,77.40243902439025,174.68
2020-05-23,Mississippi,13005.0,616.0,75.89756097560976,161.16
2020-05-24,Mississippi,13252.0,625.0,76.61951219512196,124.59
2020-05-25,Mississippi,13458.0,635.0,78.00487804878048,124.62
2020-05-26,Mississippi,13731.0,652.0,73.1890243902439,135.86
2020-05-27,Mississippi,14044.0,670.0,72.25365853658536,137.87
2020-05-28,Mississippi,14372.0,693.0,72.09512195121951,147.98
2020-05-29,Mississippi,14790.0,710.0,74.27926829268293,172.29
2020-05-30,Mississippi,15229.0,723.0,74.42317073170732,172.77
2020-05-31,Mississippi,15501.0,734.0,73.42682926829268,128.09
2020-06-01,Mississippi,15752.0,739.0,74.0780487804878,144.3
2020-06-02,Mississippi,16020.0,767.0,77.38170731707318,142.91
2020-06-03,Mississippi,16322.0,782.0,76.75853658536585,139.24
2020-06-04,Mississippi,16560.0,794.0,77.39390243902439,149.69
2020-06-05,Mississippi,16769.0,803.0,78.04634146341463,174.92
2020-06-06,Mississippi,17034.0,811.0,77.66463414634147,182.06
2020-06-07,Mississippi,17270.0,817.0,78.76341463414634,113.51
2020-06-08,Mississippi,17768.0,837.0,77.3609756097561,125.56
2020-06-09,Mississippi,18109.0,847.0,81.74146341463415,146.85
2020-06-10,Mississippi,18483.0,868.0,76.95243902439024,152.6
2020-06-11,Mississippi,18483.0,868.0,72.84146341463415,161.43
2020-06-12,Mississippi,19091.0,881.0,74.33048780487805,189.26
2020-06-13,Mississippi,19348.0,889.0,76.29878048780488,197.17
2020-06-14,Mississippi,19516.0,891.0,78.06463414634146,140.95
2020-06-15,Mississippi,19799.0,895.0,77.44024390243902,140.95
2020-06-16,Mississippi,20152.0,915.0,73.87682926829268,140.95
2020-06-17,Mississippi,20641.0,938.0,74.57682926829268,140.95
2020-06-18,Mississippi,21022.0,943.0,76.58414634146341,140.95
2020-06-19,Mississippi,21022.0,943.0,78.75,140.95
2020-06-20,Mississippi,21022.0,943.0,80.27560975609757,140.95
2020-06-21,Mississippi,21022.0,943.0,78.72682926829269,140.95
2020-06-22,Mississippi,22287.0,978.0,75.87926829268294,140.95
2020-06-23,Mississippi,22898.0,989.0,77.45853658536586,140.95
2020-06-24,Mississippi,23424.0,1011.0,74.30000000000001,140.95
2020-06-25,Mississippi,24516.0,1016.0,75.75121951219512,140.95
2020-06-26,Mississippi,25066.0,1022.0,74.95487804878049,140.95
2020-06-27,Mississippi,25531.0,1035.0,80.35243902439024,140.95
2020-06-28,Mississippi,25899.0,1039.0,81.97073170731707,140.95
2020-06-29,Mississippi,26568.0,1059.0,81.77073170731707,140.95
2020-06-30,Mississippi,27248.0,1073.0,82.05975609756098,140.95
2020-02-15,Missouri,0.0,0.0,36.63304347826087,133.88
2020-02-16,Missouri,0.0,0.0,36.63304347826087,101.39
2020-02-17,Missouri,0.0,0.0,36.63304347826087,105.71
2020-02-18,Missouri,0.0,0.0,36.63304347826087,104.7
2020-02-19,Missouri,0.0,0.0,36.63304347826087,106.05
2020-02-20,Missouri,0.0,0.0,36.63304347826087,112.1
2020-02-21,Missouri,0.0,0.0,36.63304347826087,137.74
2020-02-22,Missouri,0.0,0.0,36.63304347826087,147.24
2020-02-23,Missouri,0.0,0.0,36.63304347826087,100.38
2020-02-24,Missouri,0.0,0.0,36.63304347826087,101.57
2020-02-25,Missouri,0.0,0.0,36.63304347826087,105.53
2020-02-26,Missouri,0.0,0.0,36.63304347826087,108.34
2020-02-27,Missouri,0.0,0.0,36.63304347826087,114.19
2020-02-28,Missouri,0.0,0.0,36.63304347826087,137.74
2020-02-29,Missouri,0.0,0.0,36.63304347826087,144.43
2020-03-01,Missouri,0.0,0.0,36.63304347826087,103.82
2020-03-02,Missouri,0.0,0.0,36.63304347826087,103.97
2020-03-03,Missouri,0.0,0.0,36.63304347826087,111.64
2020-03-04,Missouri,0.0,0.0,36.63304347826087,112.88
2020-03-05,Missouri,0.0,0.0,36.63304347826087,118.94
2020-03-06,Missouri,0.0,0.0,36.63304347826087,144.88
2020-03-07,Missouri,1.0,0.0,36.63304347826087,149.2
2020-03-08,Missouri,1.0,0.0,36.63304347826087,104.94
2020-03-09,Missouri,1.0,0.0,36.63304347826087,104.52
2020-03-10,Missouri,1.0,0.0,36.63304347826087,113.75
2020-03-11,Missouri,1.0,0.0,36.63304347826087,114.17
2020-03-12,Missouri,2.0,0.0,36.63304347826087,110.24
2020-03-13,Missouri,4.0,0.0,36.63304347826087,126.58
2020-03-14,Missouri,5.0,0.0,36.63304347826087,108.73
2020-03-15,Missouri,5.0,0.0,36.63304347826087,79.76
2020-03-16,Missouri,9.0,0.0,40.21565217391304,85.55
2020-03-17,Missouri,16.0,0.0,45.729565217391304,81.9
2020-03-18,Missouri,21.0,1.0,53.43739130434783,75.57
2020-03-19,Missouri,35.0,1.0,61.99826086956522,72.84
2020-03-20,Missouri,73.0,3.0,42.03739130434783,81.98
2020-03-21,Missouri,93.0,3.0,38.025217391304345,70.2
2020-03-22,Missouri,130.0,3.0,38.59130434782609,48.41
2020-03-23,Missouri,183.0,4.0,45.415652173913045,60.9
2020-03-24,Missouri,255.0,5.0,45.119130434782605,54.13
2020-03-25,Missouri,384.0,8.0,51.70173913043478,61.14
2020-03-26,Missouri,508.0,8.0,60.49130434782609,62.6
2020-03-27,Missouri,670.0,9.0,62.59391304347826,67.02
2020-03-28,Missouri,837.0,11.0,64.0504347826087,59.2
2020-03-29,Missouri,902.0,12.0,55.27739130434782,52.95
2020-03-30,Missouri,1049.0,13.0,54.504347826086956,61.46
2020-03-31,Missouri,1350.0,15.0,53.96086956521739,62.87
2020-04-01,Missouri,1580.0,21.0,54.30608695652174,64.45
2020-04-02,Missouri,1834.0,28.0,59.60434782608696,64.34
2020-04-03,Missouri,2113.0,36.0,46.41826086956522,67.37
2020-04-04,Missouri,2291.0,44.0,39.20521739130435,57.08
2020-04-05,Missouri,2367.0,52.0,48.702608695652174,48.42
2020-04-06,Missouri,2722.0,56.0,60.861739130434785,59.48
2020-04-07,Missouri,3037.0,80.0,69.86869565217391,63.83
2020-04-08,Missouri,3327.0,86.0,68.72,66.22
2020-04-09,Missouri,3539.0,94.0,50.289565217391306,66.52
2020-04-10,Missouri,3799.0,105.0,44.8495652173913,75.19
2020-04-11,Missouri,4024.0,116.0,55.36347826086957,64.49
2020-04-12,Missouri,4160.0,116.0,52.44260869565217,40.76
2020-04-13,Missouri,4388.0,136.0,38.09130434782609,64.19
2020-04-14,Missouri,4686.0,151.0,40.6704347826087,66.46
2020-04-15,Missouri,4895.0,164.0,43.49130434782609,73.01
2020-04-16,Missouri,5111.0,170.0,46.05391304347826,73.17
2020-04-17,Missouri,5283.0,184.0,41.70347826086956,78.23
2020-04-18,Missouri,5517.0,194.0,47.80608695652174,79.38
2020-04-19,Missouri,5667.0,196.0,55.022608695652174,63.24
2020-04-20,Missouri,5807.0,201.0,56.61826086956522,76.2
2020-04-21,Missouri,5941.0,221.0,57.666086956521745,78.53
2020-04-22,Missouri,6137.0,236.0,57.11130434782609,74.8
2020-04-23,Missouri,6321.0,248.0,58.280869565217394,79.67
2020-04-24,Missouri,6625.0,267.0,58.616521739130434,86.21
2020-04-25,Missouri,6826.0,280.0,53.88956521739131,78.38
2020-04-26,Missouri,6997.0,282.0,56.64695652173913,72.12
2020-04-27,Missouri,7171.0,296.0,61.046956521739126,79.98
2020-04-28,Missouri,7306.0,324.0,65.04,79.92
2020-04-29,Missouri,7426.0,331.0,55.12173913043478,81.47
2020-04-30,Missouri,7563.0,341.0,58.867826086956526,92.62
2020-05-01,Missouri,7840.0,355.0,65.46347826086956,104.72
2020-05-02,Missouri,8154.0,373.0,72.26347826086956,99.33
2020-05-03,Missouri,8454.0,378.0,65.01913043478261,75.51
2020-05-04,Missouri,8776.0,387.0,57.0295652173913,83.5
2020-05-05,Missouri,8919.0,408.0,57.82,93.93
2020-05-06,Missouri,9164.0,429.0,52.625217391304346,95.51
2020-05-07,Missouri,9409.0,449.0,55.063478260869566,97.95
2020-05-08,Missouri,9573.0,481.0,51.94347826086957,113.54
2020-05-09,Missouri,9737.0,492.0,52.3295652173913,111.39
2020-05-10,Missouri,9906.0,502.0,51.471304347826084,79.84
2020-05-11,Missouri,10025.0,512.0,47.7,86.5
2020-05-12,Missouri,10124.0,528.0,48.8,93.16
2020-05-13,Missouri,10369.0,548.0,55.65652173913043,99.82
2020-05-14,Missouri,10490.0,564.0,70.26173913043479,107.79
2020-05-15,Missouri,10567.0,579.0,65.01565217391304,124.46
2020-05-16,Missouri,10794.0,593.0,67.31478260869565,117.6
2020-05-17,Missouri,11069.0,601.0,64.2104347826087,95.55
2020-05-18,Missouri,11225.0,609.0,57.45478260869565,113.53
2020-05-19,Missouri,11369.0,631.0,59.48956521739131,117.94
2020-05-20,Missouri,11510.0,643.0,62.17391304347826,121.79
2020-05-21,Missouri,11657.0,670.0,62.66695652173913,130.55
2020-05-22,Missouri,11797.0,680.0,65.96695652173914,152.21
2020-05-23,Missouri,11922.0,685.0,72.57565217391306,142.56
2020-05-24,Missouri,12114.0,689.0,73.48347826086957,109.7
2020-05-25,Missouri,12296.0,694.0,72.12521739130435,107.3
2020-05-26,Missouri,12437.0,698.0,71.47913043478262,121.29
2020-05-27,Missouri,12624.0,705.0,68.6704347826087,121.75
2020-05-28,Missouri,12815.0,715.0,66.96782608695652,127.43
2020-05-29,Missouri,12949.0,740.0,66.83217391304348,156.56
2020-05-30,Missouri,13118.0,782.0,65.11826086956522,149.47
2020-05-31,Missouri,13297.0,784.0,68.5904347826087,117.7
2020-06-01,Missouri,13523.0,786.0,72.83043478260869,129.26
2020-06-02,Missouri,13822.0,797.0,75.90434782608696,129.34
2020-06-03,Missouri,14020.0,801.0,77.95217391304348,130.84
2020-06-04,Missouri,14286.0,806.0,74.3208695652174,137.95
2020-06-05,Missouri,14515.0,816.0,76.81652173913044,161.75
2020-06-06,Missouri,14659.0,823.0,80.1713043478261,155.54
2020-06-07,Missouri,14985.0,823.0,80.87913043478261,126.16
2020-06-08,Missouri,15159.0,832.0,78.34434782608696,130.88
2020-06-09,Missouri,15396.0,854.0,78.17217391304347,130.78
2020-06-10,Missouri,15662.0,861.0,66.46347826086956,139.1
2020-06-11,Missouri,15924.0,873.0,71.32434782608695,149.57
2020-06-12,Missouri,16111.0,884.0,75.86086956521739,174.28
2020-06-13,Missouri,16327.0,890.0,76.39652173913043,170.28
2020-06-14,Missouri,16384.0,890.0,75.5008695652174,136.46
2020-06-15,Missouri,16712.0,895.0,75.52608695652174,136.46
2020-06-16,Missouri,16930.0,903.0,73.6713043478261,136.46
2020-06-17,Missouri,17151.0,924.0,74.26086956521739,136.46
2020-06-18,Missouri,17488.0,963.0,76.3895652173913,136.46
2020-06-19,Missouri,17780.0,973.0,74.6608695652174,136.46
2020-06-20,Missouri,18155.0,975.0,74.85739130434783,136.46
2020-06-21,Missouri,18552.0,975.0,76.5104347826087,136.46
2020-06-22,Missouri,18733.0,980.0,74.57739130434783,136.46
2020-06-23,Missouri,19148.0,993.0,71.16608695652174,136.46
2020-06-24,Missouri,19478.0,1001.0,71.9695652173913,136.46
2020-06-25,Missouri,20076.0,1006.0,77.04086956521739,136.46
2020-06-26,Missouri,20567.0,1019.0,79.69739130434783,136.46
2020-06-27,Missouri,20909.0,1021.0,76.33217391304349,136.46
2020-06-28,Missouri,21254.0,1023.0,80.37739130434782,136.46
2020-06-29,Missouri,21748.0,1026.0,79.9608695652174,136.46
2020-06-30,Missouri,22275.0,1037.0,78.05826086956522,136.46
2020-02-15,New Jersey,0.0,0.0,43.96190476190476,122.82
2020-02-16,New Jersey,0.0,0.0,43.96190476190476,99.26
2020-02-17,New Jersey,0.0,0.0,43.96190476190476,107.07
2020-02-18,New Jersey,0.0,0.0,43.96190476190476,104.48
2020-02-19,New Jersey,0.0,0.0,43.96190476190476,106.93
2020-02-20,New Jersey,0.0,0.0,43.96190476190476,109.66
2020-02-21,New Jersey,0.0,0.0,43.96190476190476,127.32
2020-02-22,New Jersey,0.0,0.0,43.96190476190476,129.86
2020-02-23,New Jersey,0.0,0.0,43.96190476190476,99.58
2020-02-24,New Jersey,0.0,0.0,43.96190476190476,101.05
2020-02-25,New Jersey,0.0,0.0,43.96190476190476,103.57
2020-02-26,New Jersey,0.0,0.0,43.96190476190476,106.94
2020-02-27,New Jersey,0.0,0.0,43.96190476190476,109.21
2020-02-28,New Jersey,0.0,0.0,43.96190476190476,128.15
2020-02-29,New Jersey,0.0,0.0,43.96190476190476,128.47
2020-03-01,New Jersey,0.0,0.0,43.96190476190476,97.69
2020-03-02,New Jersey,0.0,0.0,43.96190476190476,104.58
2020-03-03,New Jersey,0.0,0.0,43.96190476190476,106.57
2020-03-04,New Jersey,1.0,0.0,43.96190476190476,109.66
2020-03-05,New Jersey,2.0,0.0,43.96190476190476,113.93
2020-03-06,New Jersey,4.0,0.0,43.96190476190476,129.58
2020-03-07,New Jersey,4.0,0.0,43.96190476190476,129.12
2020-03-08,New Jersey,6.0,0.0,43.96190476190476,99.56
2020-03-09,New Jersey,11.0,0.0,43.96190476190476,107.24
2020-03-10,New Jersey,15.0,1.0,43.96190476190476,104.17
2020-03-11,New Jersey,23.0,1.0,43.96190476190476,104.19
2020-03-12,New Jersey,29.0,1.0,43.96190476190476,98.51
2020-03-13,New Jersey,50.0,1.0,43.96190476190476,107.51
2020-03-14,New Jersey,75.0,2.0,43.96190476190476,98.07
2020-03-15,New Jersey,98.0,2.0,43.96190476190476,71.23
2020-03-16,New Jersey,176.0,3.0,38.77619047619047,72.84
2020-03-17,New Jersey,268.0,3.0,46.54761904761905,64.92
2020-03-18,New Jersey,427.0,5.0,45.7,64.44
2020-03-19,New Jersey,735.0,9.0,47.10476190476191,59.21
2020-03-20,New Jersey,896.0,11.0,61.904761904761905,67.61
2020-03-21,New Jersey,1336.0,16.0,46.576190476190476,55.58
2020-03-22,New Jersey,1914.0,20.0,37.63809523809524,37.31
2020-03-23,New Jersey,2844.0,27.0,38.65714285714286,41.08
2020-03-24,New Jersey,3675.0,44.0,44.30952380952381,48.98
2020-03-25,New Jersey,4402.0,62.0,41.88095238095238,45.14
2020-03-26,New Jersey,6876.0,82.0,46.05714285714286,51.45
2020-03-27,New Jersey,8825.0,108.0,55.27619047619047,57.0
2020-03-28,New Jersey,11124.0,140.0,46.785714285714285,43.06
2020-03-29,New Jersey,13386.0,161.0,47.542857142857144,35.92
2020-03-30,New Jersey,16636.0,199.0,47.695238095238096,46.49
2020-03-31,New Jersey,18696.0,267.0,42.7047619047619,46.42
2020-04-01,New Jersey,22255.0,355.0,44.904761904761905,49.04
2020-04-02,New Jersey,25590.0,539.0,47.7047619047619,49.15
2020-04-03,New Jersey,29895.0,647.0,49.733333333333334,53.63
2020-04-04,New Jersey,34124.0,847.0,50.24761904761905,49.01
2020-04-05,New Jersey,37505.0,917.0,53.84285714285714,40.51
2020-04-06,New Jersey,41090.0,1005.0,54.38095238095238,50.71
2020-04-07,New Jersey,44416.0,1232.0,54.62380952380952,50.85
2020-04-08,New Jersey,47437.0,1504.0,57.01428571428571,50.27
2020-04-09,New Jersey,51027.0,1700.0,50.766666666666666,48.76
2020-04-10,New Jersey,54588.0,1932.0,42.74761904761905,55.64
2020-04-11,New Jersey,58151.0,2183.0,44.65714285714286,52.65
2020-04-12,New Jersey,61850.0,2350.0,53.023809523809526,34.22
2020-04-13,New Jersey,64584.0,2443.0,60.05714285714286,41.88
2020-04-14,New Jersey,68824.0,2805.0,50.07142857142857,54.55
2020-04-15,New Jersey,71030.0,3156.0,44.095238095238095,55.74
2020-04-16,New Jersey,75317.0,3518.0,42.16190476190476,56.82
2020-04-17,New Jersey,78467.0,3840.0,41.12380952380953,62.73
2020-04-18,New Jersey,81420.0,4070.0,42.27619047619047,54.92
2020-04-19,New Jersey,85301.0,4202.0,48.76190476190476,49.56
2020-04-20,New Jersey,88806.0,4377.0,50.042857142857144,56.11
2020-04-21,New Jersey,92387.0,4753.0,47.885714285714286,53.94
2020-04-22,New Jersey,95865.0,5063.0,42.09047619047619,60.05
2020-04-23,New Jersey,99989.0,5368.0,44.05714285714286,59.13
2020-04-24,New Jersey,102196.0,5617.0,46.07142857142857,61.97
2020-04-25,New Jersey,105523.0,5863.0,51.55238095238095,67.72
2020-04-26,New Jersey,109038.0,5938.0,46.78095238095238,44.88
2020-04-27,New Jersey,111188.0,6044.0,44.53333333333334,57.35
2020-04-28,New Jersey,113856.0,6442.0,51.24285714285714,66.65
2020-04-29,New Jersey,116264.0,6770.0,52.233333333333334,62.49
2020-04-30,New Jersey,118652.0,7228.0,57.65714285714286,60.78
2020-05-01,New Jersey,121190.0,7538.0,59.23809523809524,73.88
2020-05-02,New Jersey,123717.0,7742.0,61.709523809523816,79.77
2020-05-03,New Jersey,126744.0,7871.0,65.81428571428572,65.64
2020-05-04,New Jersey,128269.0,7910.0,60.833333333333336,69.91
2020-05-05,New Jersey,130593.0,8244.0,52.05238095238095,73.57
2020-05-06,New Jersey,131890.0,8549.0,47.48095238095238,68.22
2020-05-07,New Jersey,133635.0,8801.0,54.971428571428575,77.13
2020-05-08,New Jersey,135454.0,8952.0,47.51428571428571,78.28
2020-05-09,New Jersey,137085.0,9116.0,39.54761904761905,80.65
2020-05-10,New Jersey,138532.0,9255.0,50.74285714285714,67.7
2020-05-11,New Jersey,139945.0,9310.0,50.471428571428575,73.09
2020-05-12,New Jersey,140743.0,9508.0,50.18095238095238,78.48
2020-05-13,New Jersey,141560.0,9702.0,50.81428571428571,83.87
2020-05-14,New Jersey,142704.0,9946.0,58.0047619047619,86.91
2020-05-15,New Jersey,143905.0,10138.0,72.03809523809524,105.04
2020-05-16,New Jersey,145089.0,10249.0,68.17142857142856,102.87
2020-05-17,New Jersey,146334.0,10356.0,59.280952380952385,80.17
2020-05-18,New Jersey,148039.0,10435.0,59.12857142857143,85.47
2020-05-19,New Jersey,149013.0,10586.0,57.81904761904762,90.71
2020-05-20,New Jersey,150399.0,10747.0,53.18571428571429,92.94
2020-05-21,New Jersey,151472.0,10843.0,56.17619047619048,100.01
2020-05-22,New Jersey,152719.0,10985.0,63.05238095238095,108.01
2020-05-23,New Jersey,153104.0,11081.0,63.438095238095244,92.62
2020-05-24,New Jersey,154154.0,11133.0,58.26190476190476,92.82
2020-05-25,New Jersey,155092.0,11144.0,62.12857142857143,86.18
2020-05-26,New Jersey,155764.0,11191.0,66.3952380952381,101.33
2020-05-27,New Jersey,156628.0,11339.0,67.95714285714286,102.41
2020-05-28,New Jersey,157815.0,11401.0,70.32380952380952,98.62
2020-05-29,New Jersey,158844.0,11531.0,74.1,112.45
2020-05-30,New Jersey,159608.0,11634.0,72.13809523809525,119.55
2020-05-31,New Jersey,160445.0,11698.0,61.81428571428571,99.37
2020-06-01,New Jersey,160918.0,11721.0,59.209523809523816,101.98
2020-06-02,New Jersey,161545.0,11770.0,63.852380952380955,100.35
2020-06-03,New Jersey,162068.0,11880.0,71.18095238095238,99.63
2020-06-04,New Jersey,162530.0,11970.0,75.28571428571429,114.34
2020-06-05,New Jersey,163336.0,12049.0,73.22857142857143,120.11
2020-06-06,New Jersey,163893.0,12106.0,76.64761904761905,133.59
2020-06-07,New Jersey,164164.0,12176.0,68.54285714285714,114.79
2020-06-08,New Jersey,164497.0,12214.0,67.14285714285714,113.57
2020-06-09,New Jersey,164796.0,12303.0,74.13333333333333,125.61
2020-06-10,New Jersey,165346.0,12377.0,77.76190476190476,121.25
2020-06-11,New Jersey,165816.0,12443.0,74.65238095238095,111.14
2020-06-12,New Jersey,166164.0,12489.0,74.50952380952381,146.08
2020-06-13,New Jersey,166605.0,12589.0,65.27142857142857,144.14
2020-06-14,New Jersey,166881.0,12625.0,62.19523809523809,116.3
2020-06-15,New Jersey,167103.0,12676.0,63.471428571428575,116.3
2020-06-16,New Jersey,167426.0,12727.0,64.91428571428571,116.3
2020-06-17,New Jersey,167703.0,12769.0,65.9,116.3
2020-06-18,New Jersey,168107.0,12800.0,69.25714285714287,116.3
2020-06-19,New Jersey,168496.0,12835.0,72.68095238095238,116.3
2020-06-20,New Jersey,168834.0,12857.0,73.15714285714286,116.3
2020-06-21,New Jersey,169142.0,12870.0,74.41904761904762,116.3
2020-06-22,New Jersey,169415.0,12895.0,78.04285714285714,116.3
2020-06-23,New Jersey,169734.0,12949.0,78.45238095238095,116.3
2020-06-24,New Jersey,169892.0,12995.0,76.84285714285714,116.3
2020-06-25,New Jersey,172050.0,14872.0,73.8952380952381,116.3
2020-06-26,New Jersey,172438.0,14914.0,74.70476190476191,116.3
2020-06-27,New Jersey,172727.0,14948.0,74.26666666666667,116.3
2020-06-28,New Jersey,173036.0,14975.0,77.88095238095238,116.3
2020-06-29,New Jersey,173126.0,14992.0,76.65714285714286,116.3
2020-06-30,New Jersey,173521.0,15035.0,71.94285714285714,116.3
2020-02-15,New Mexico,0.0,0.0,47.91875,138.42
2020-02-16,New Mexico,0.0,0.0,47.91875,111.95
2020-02-17,New Mexico,0.0,0.0,47.91875,119.22
2020-02-18,New Mexico,0.0,0.0,47.91875,112.33
2020-02-19,New Mexico,0.0,0.0,47.91875,111.48
2020-02-20,New Mexico,0.0,0.0,47.91875,118.07
2020-02-21,New Mexico,0.0,0.0,47.91875,139.25
2020-02-22,New Mexico,0.0,0.0,47.91875,134.85
2020-02-23,New Mexico,0.0,0.0,47.91875,99.5
2020-02-24,New Mexico,0.0,0.0,47.91875,113.57
2020-02-25,New Mexico,0.0,0.0,47.91875,110.34
2020-02-26,New Mexico,0.0,0.0,47.91875,115.25
2020-02-27,New Mexico,0.0,0.0,47.91875,121.17
2020-02-28,New Mexico,0.0,0.0,47.91875,139.32
2020-02-29,New Mexico,0.0,0.0,47.91875,144.07
2020-03-01,New Mexico,0.0,0.0,47.91875,106.21
2020-03-02,New Mexico,0.0,0.0,47.91875,112.19
2020-03-03,New Mexico,0.0,0.0,47.91875,115.03
2020-03-04,New Mexico,0.0,0.0,47.91875,115.06
2020-03-05,New Mexico,0.0,0.0,47.91875,121.91
2020-03-06,New Mexico,0.0,0.0,47.91875,146.96
2020-03-07,New Mexico,0.0,0.0,47.91875,153.88
2020-03-08,New Mexico,0.0,0.0,47.91875,115.11
2020-03-09,New Mexico,0.0,0.0,47.91875,127.47
2020-03-10,New Mexico,0.0,0.0,47.91875,132.57
2020-03-11,New Mexico,4.0,0.0,47.91875,131.76
2020-03-12,New Mexico,6.0,0.0,47.91875,129.61
2020-03-13,New Mexico,10.0,0.0,47.91875,140.56
2020-03-14,New Mexico,13.0,0.0,47.91875,138.29
2020-03-15,New Mexico,17.0,0.0,47.91875,104.28
2020-03-16,New Mexico,21.0,0.0,52.13125,113.04
2020-03-17,New Mexico,23.0,0.0,51.8375,104.44
2020-03-18,New Mexico,28.0,0.0,47.890625,97.68
2020-03-19,New Mexico,35.0,0.0,43.540625,91.56
2020-03-20,New Mexico,43.0,0.0,40.428125,97.58
2020-03-21,New Mexico,57.0,0.0,44.215625,83.32
2020-03-22,New Mexico,65.0,0.0,49.05625,64.84
2020-03-23,New Mexico,83.0,0.0,53.0375,71.0
2020-03-24,New Mexico,100.0,0.0,52.08125,64.43
2020-03-25,New Mexico,113.0,1.0,57.653125,64.1
2020-03-26,New Mexico,136.0,1.0,59.434375,61.39
2020-03-27,New Mexico,191.0,1.0,49.4625,66.14
2020-03-28,New Mexico,210.0,2.0,41.909375,60.45
2020-03-29,New Mexico,237.0,2.0,47.353125,49.52
2020-03-30,New Mexico,282.0,4.0,49.25,59.19
2020-03-31,New Mexico,315.0,5.0,53.24375,62.91
2020-04-01,New Mexico,363.0,6.0,59.65625,62.61
2020-04-02,New Mexico,403.0,7.0,58.028125,63.18
2020-04-03,New Mexico,495.0,10.0,47.765625,68.76
2020-04-04,New Mexico,544.0,11.0,50.446875,61.23
2020-04-05,New Mexico,624.0,12.0,55.475,49.32
2020-04-06,New Mexico,686.0,12.0,58.096875,59.07
2020-04-07,New Mexico,794.0,13.0,58.690625,60.77
2020-04-08,New Mexico,865.0,16.0,60.146875,62.16
2020-04-09,New Mexico,989.0,17.0,58.146875,63.43
2020-04-10,New Mexico,1090.0,19.0,52.684375,69.09
2020-04-11,New Mexico,1174.0,20.0,54.259375,60.64
2020-04-12,New Mexico,1245.0,26.0,48.296875,41.14
2020-04-13,New Mexico,1345.0,31.0,38.075,55.51
2020-04-14,New Mexico,1407.0,36.0,39.425,62.34
2020-04-15,New Mexico,1484.0,36.0,47.29375,68.04
2020-04-16,New Mexico,1597.0,44.0,54.8875,69.14
2020-04-17,New Mexico,1711.0,51.0,50.2,77.57
2020-04-18,New Mexico,1798.0,53.0,55.01875,70.31
2020-04-19,New Mexico,1845.0,55.0,55.640625,57.16
2020-04-20,New Mexico,1971.0,58.0,57.690625,69.21
2020-04-21,New Mexico,2072.0,65.0,58.66875,69.51
2020-04-22,New Mexico,2210.0,71.0,57.090625,72.0
2020-04-23,New Mexico,2379.0,78.0,60.115625,74.42
2020-04-24,New Mexico,2524.0,84.0,61.39375,82.46
2020-04-25,New Mexico,2662.0,93.0,58.4875,76.15
2020-04-26,New Mexico,2728.0,99.0,65.040625,62.33
2020-04-27,New Mexico,2825.0,104.0,67.775,73.45
2020-04-28,New Mexico,2975.0,110.0,69.4,76.75
2020-04-29,New Mexico,3213.0,112.0,63.35625,78.12
2020-04-30,New Mexico,3411.0,123.0,69.6375,81.68
2020-05-01,New Mexico,3513.0,131.0,73.20625,96.01
2020-05-02,New Mexico,3732.0,139.0,71.559375,88.09
2020-05-03,New Mexico,3850.0,151.0,70.05625,71.17
2020-05-04,New Mexico,4030.0,156.0,70.0125,81.42
2020-05-05,New Mexico,4137.0,162.0,63.1875,84.85
2020-05-06,New Mexico,4290.0,169.0,67.184375,85.15
2020-05-07,New Mexico,4492.0,172.0,71.653125,87.98
2020-05-08,New Mexico,4673.0,181.0,57.7,99.5
2020-05-09,New Mexico,4778.0,191.0,62.303125,94.18
2020-05-10,New Mexico,4863.0,200.0,61.875,70.78
2020-05-11,New Mexico,5069.0,208.0,61.05,78.65333333333334
2020-05-12,New Mexico,5212.0,219.0,64.546875,86.52666666666667
2020-05-13,New Mexico,5364.0,231.0,67.09375,94.4
2020-05-14,New Mexico,5503.0,242.0,66.903125,99.1
2020-05-15,New Mexico,5662.0,253.0,66.496875,114.31
2020-05-16,New Mexico,5847.0,259.0,67.28125,110.56
2020-05-17,New Mexico,5938.0,265.0,70.41875,91.5
2020-05-18,New Mexico,6096.0,270.0,74.965625,103.48
2020-05-19,New Mexico,6192.0,276.0,73.728125,104.87
2020-05-20,New Mexico,6338.0,283.0,68.88125,109.97
2020-05-21,New Mexico,6472.0,294.0,64.940625,116.8
2020-05-22,New Mexico,6625.0,302.0,66.540625,136.5
2020-05-23,New Mexico,6795.0,308.0,68.76875,125.28
2020-05-24,New Mexico,6943.0,317.0,66.80625,106.13
2020-05-25,New Mexico,7026.0,320.0,59.2125,99.94
2020-05-26,New Mexico,7130.0,325.0,64.815625,112.59
2020-05-27,New Mexico,7252.0,329.0,71.8375,114.63
2020-05-28,New Mexico,7364.0,335.0,72.29375,119.58
2020-05-29,New Mexico,7493.0,344.0,73.053125,134.04
2020-05-30,New Mexico,7624.0,351.0,73.46875,125.76
2020-05-31,New Mexico,7689.0,356.0,72.01875,106.54
2020-06-01,New Mexico,7800.0,362.0,71.2625,115.62
2020-06-02,New Mexico,8024.0,367.0,72.553125,119.31
2020-06-03,New Mexico,8140.0,375.0,75.696875,121.31
2020-06-04,New Mexico,8353.0,383.0,79.496875,125.99
2020-06-05,New Mexico,8672.0,387.0,79.984375,143.82
2020-06-06,New Mexico,8800.0,392.0,77.46875,138.57
2020-06-07,New Mexico,8940.0,396.0,75.5375,114.86
2020-06-08,New Mexico,9062.0,400.0,71.765625,124.36
2020-06-09,New Mexico,9105.0,404.0,61.415625,123.73
2020-06-10,New Mexico,9250.0,410.0,67.80625,129.54
2020-06-11,New Mexico,9368.0,421.0,73.378125,133.11
2020-06-12,New Mexico,9526.0,426.0,73.546875,152.21
2020-06-13,New Mexico,9621.0,431.0,73.046875,149.35
2020-06-14,New Mexico,9723.0,435.0,74.13125,123.39
2020-06-15,New Mexico,9845.0,440.0,73.690625,123.39
2020-06-16,New Mexico,9933.0,447.0,73.834375,123.39
2020-06-17,New Mexico,10065.0,452.0,77.015625,123.39
2020-06-18,New Mexico,10153.0,456.0,74.91875,123.39
2020-06-19,New Mexico,10260.0,464.0,73.2875,123.39
2020-06-20,New Mexico,10430.0,466.0,73.321875,123.39
2020-06-21,New Mexico,10565.0,469.0,78.90625,123.39
2020-06-22,New Mexico,10694.0,469.0,78.603125,123.39
2020-06-23,New Mexico,10838.0,476.0,74.2375,123.39
2020-06-24,New Mexico,10990.0,480.0,74.8875,123.39
2020-06-25,New Mexico,11192.0,485.0,77.39375,123.39
2020-06-26,New Mexico,11408.0,489.0,78.334375,123.39
2020-06-27,New Mexico,11619.0,491.0,77.7375,123.39
2020-06-28,New Mexico,11809.0,492.0,77.93125,123.39
2020-06-29,New Mexico,11982.0,493.0,77.746875,123.39
2020-06-30,New Mexico,12147.0,497.0,75.084375,123.39
2020-02-15,New York,0.0,0.0,31.475438596491227,125.1
2020-02-16,New York,0.0,0.0,31.475438596491227,102.57
2020-02-17,New York,0.0,0.0,31.475438596491227,106.17
2020-02-18,New York,0.0,0.0,31.475438596491227,104.08
2020-02-19,New York,0.0,0.0,31.475438596491227,108.1
2020-02-20,New York,0.0,0.0,31.475438596491227,110.15
2020-02-21,New York,0.0,0.0,31.475438596491227,126.92
2020-02-22,New York,0.0,0.0,31.475438596491227,126.39
2020-02-23,New York,0.0,0.0,31.475438596491227,98.46
2020-02-24,New York,0.0,0.0,31.475438596491227,100.2
2020-02-25,New York,0.0,0.0,31.475438596491227,103.42
2020-02-26,New York,0.0,0.0,31.475438596491227,105.95
2020-02-27,New York,0.0,0.0,31.475438596491227,106.54
2020-02-28,New York,0.0,0.0,31.475438596491227,129.45
2020-02-29,New York,0.0,0.0,31.475438596491227,128.78
2020-03-01,New York,1.0,0.0,31.475438596491227,99.34
2020-03-02,New York,1.0,0.0,31.475438596491227,102.88
2020-03-03,New York,2.0,0.0,31.475438596491227,105.94
2020-03-04,New York,11.0,0.0,31.475438596491227,108.39
2020-03-05,New York,22.0,0.0,31.475438596491227,113.34
2020-03-06,New York,44.0,0.0,31.475438596491227,127.35
2020-03-07,New York,89.0,0.0,31.475438596491227,128.25
2020-03-08,New York,106.0,0.0,31.475438596491227,99.26
2020-03-09,New York,142.0,0.0,31.475438596491227,104.99
2020-03-10,New York,173.0,0.0,31.475438596491227,102.08
2020-03-11,New York,217.0,0.0,31.475438596491227,101.12
2020-03-12,New York,326.0,0.0,31.475438596491227,96.39
2020-03-13,New York,421.0,0.0,31.475438596491227,103.23
2020-03-14,New York,610.0,2.0,31.475438596491227,90.8
2020-03-15,New York,732.0,6.0,31.475438596491227,66.75
2020-03-16,New York,950.0,10.0,32.270175438596496,71.46
2020-03-17,New York,1375.0,18.0,38.03157894736842,63.68
2020-03-18,New York,2387.0,32.0,38.56666666666667,62.96
2020-03-19,New York,4161.0,39.0,42.99649122807018,58.2
2020-03-20,New York,7113.0,68.0,51.1438596491228,62.21
2020-03-21,New York,10371.0,95.0,29.44035087719298,52.28
2020-03-22,New York,15188.0,142.0,28.287719298245616,38.35
2020-03-23,New York,20899.0,183.0,31.72280701754386,38.5
2020-03-24,New York,25704.0,264.0,34.37017543859649,44.42
2020-03-25,New York,33117.0,381.0,36.810526315789474,42.91
2020-03-26,New York,39058.0,502.0,44.74385964912281,47.06
2020-03-27,New York,44746.0,645.0,42.62456140350877,52.01
2020-03-28,New York,53517.0,935.0,40.18245614035088,40.78
2020-03-29,New York,59783.0,1180.0,46.85087719298246,33.88
2020-03-30,New York,67504.0,1512.0,42.217543859649126,41.95
2020-03-31,New York,76211.0,1929.0,39.47192982456141,43.16
2020-04-01,New York,84364.0,2415.0,38.410526315789475,45.27
2020-04-02,New York,93360.0,2963.0,40.694736842105264,45.08
2020-04-03,New York,103689.0,3716.0,41.203508771929826,48.06
2020-04-04,New York,115963.0,4535.0,46.81929824561403,46.22
2020-04-05,New York,124085.0,5335.0,47.24736842105263,37.95
2020-04-06,New York,133389.0,6149.0,44.887719298245614,46.59
2020-04-07,New York,141703.0,7185.0,49.19824561403509,47.1
2020-04-08,New York,151271.0,8138.0,45.833333333333336,45.34
2020-04-09,New York,162036.0,9166.0,40.66315789473685,43.91
2020-04-10,New York,172830.0,10162.0,35.233333333333334,49.87
2020-04-11,New York,182990.0,11159.0,36.56842105263158,49.37
2020-04-12,New York,191425.0,12116.0,47.50526315789474,34.24
2020-04-13,New York,197973.0,12998.0,52.77894736842106,40.97
2020-04-14,New York,205375.0,14001.0,39.80877192982456,50.2
2020-04-15,New York,217130.0,14937.0,34.66315789473684,51.16
2020-04-16,New York,225761.0,15669.0,31.77719298245614,51.52
2020-04-17,New York,233293.0,16473.0,33.8,56.61
2020-04-18,New York,240542.0,17141.0,36.1140350877193,50.75
2020-04-19,New York,246741.0,17793.0,44.31754385964912,47.59
2020-04-20,New York,251608.0,18412.0,38.84561403508771,52.9
2020-04-21,New York,255932.0,19040.0,36.849122807017544,49.22
2020-04-22,New York,261591.0,19647.0,32.00877192982456,54.4
2020-04-23,New York,267932.0,20212.0,36.46842105263158,54.28
2020-04-24,New York,276218.0,20759.0,42.67894736842105,58.74
2020-04-25,New York,286901.0,21326.0,48.642105263157895,65.5
2020-04-26,New York,292914.0,21804.0,42.06491228070175,42.68
2020-04-27,New York,296991.0,22267.0,39.42456140350877,52.99
2020-04-28,New York,300276.0,22777.0,45.46491228070175,61.28
2020-04-29,New York,304994.0,23287.0,50.782456140350874,57.35
2020-04-30,New York,309696.0,23616.0,51.74561403508772,56.89
2020-05-01,New York,313575.0,23841.0,50.79824561403509,67.63
2020-05-02,New York,318134.0,24035.0,53.98245614035088,73.04
2020-05-03,New York,321833.0,24576.0,60.95614035087719,62.45
2020-05-04,New York,324357.0,24788.0,45.82280701754386,62.43
2020-05-05,New York,326659.0,25028.0,41.34035087719298,67.45
2020-05-06,New York,329405.0,25956.0,42.94385964912281,63.65
2020-05-07,New York,332931.0,26206.0,45.82105263157895,69.04
2020-05-08,New York,335804.0,26358.0,37.47543859649122,71.14
2020-05-09,New York,338519.0,26584.0,32.21052631578947,69.99
2020-05-10,New York,340657.0,26798.0,43.19298245614035,60.33
2020-05-11,New York,342267.0,27003.0,41.28421052631579,65.17333333333333
2020-05-12,New York,343705.0,27282.0,38.949122807017545,70.01666666666667
2020-05-13,New York,345828.0,27448.0,41.984210526315785,74.86
2020-05-14,New York,348192.0,27617.0,52.02105263157895,76.09
2020-05-15,New York,350951.0,27755.0,62.15438596491229,87.79
2020-05-16,New York,353136.0,27953.0,56.33157894736842,89.72
2020-05-17,New York,355037.0,28168.0,56.77719298245614,70.98
2020-05-18,New York,356278.0,28302.0,56.42456140350877,75.74
2020-05-19,New York,357757.0,28437.0,58.059649122807016,81.39
2020-05-20,New York,359235.0,28540.0,57.56315789473684,85.72
2020-05-21,New York,361313.0,28663.0,59.396491228070175,90.18
2020-05-22,New York,362991.0,28802.0,64.92280701754386,100.15
2020-05-23,New York,364745.0,28900.0,65.7,83.92
2020-05-24,New York,366346.0,29046.0,64.79473684210527,83.36
2020-05-25,New York,367625.0,29138.0,66.93684210526315,77.04
2020-05-26,New York,368669.0,29241.0,73.6842105263158,90.24
2020-05-27,New York,369801.0,29339.0,73.69122807017543,93.73
2020-05-28,New York,371559.0,29438.0,70.40175438596492,89.89
2020-05-29,New York,373108.0,29535.0,70.30701754385964,98.41
2020-05-30,New York,374471.0,29612.0,60.20175438596491,100.63
2020-05-31,New York,375575.0,29699.0,49.67894736842105,82.69
2020-06-01,New York,376520.0,29766.0,52.847368421052636,89.22
2020-06-02,New York,377881.0,29847.0,58.35263157894737,86.92
2020-06-03,New York,378924.0,29918.0,64.50175438596492,87.8
2020-06-04,New York,379977.0,30011.0,69.83157894736843,98.54
2020-06-05,New York,381019.0,30066.0,72.06315789473685,104.04
2020-06-06,New York,382102.0,30123.0,68.10701754385964,105.34
2020-06-07,New York,382879.0,30183.0,59.271929824561404,91.93
2020-06-08,New York,383591.0,30239.0,61.01052631578947,99.67
2020-06-09,New York,384281.0,30309.0,69.82631578947368,105.73
2020-06-10,New York,384945.0,30376.0,74.03684210526316,105.1
2020-06-11,New York,385669.0,30431.0,69.37017543859649,101.52
2020-06-12,New York,386490.0,30511.0,61.77543859649123,125.12
2020-06-13,New York,387402.0,30565.0,51.61754385964912,118.58
2020-06-14,New York,388096.0,30605.0,53.73508771929825,97.93
2020-06-15,New York,388719.0,30645.0,58.8421052631579,97.93
2020-06-16,New York,389349.0,30683.0,63.161403508771926,97.93
2020-06-17,New York,389910.0,30722.0,67.53157894736842,97.93
2020-06-18,New York,390536.0,30767.0,70.43333333333334,97.93
2020-06-19,New York,391330.0,30816.0,71.91228070175438,97.93
2020-06-20,New York,392037.0,30839.0,73.17894736842105,97.93
2020-06-21,New York,392702.0,30884.0,74.75263157894736,97.93
2020-06-22,New York,393257.0,30934.0,75.65964912280702,97.93
2020-06-23,New York,393855.0,30970.0,74.41929824561403,97.93
2020-06-24,New York,394430.0,31001.0,67.60175438596491,97.93
2020-06-25,New York,395168.0,31029.0,66.46491228070175,97.93
2020-06-26,New York,395972.0,31075.0,68.90175438596492,97.93
2020-06-27,New York,396669.0,31105.0,66.47543859649123,97.93
2020-06-28,New York,397293.0,31137.0,69.49649122807018,97.93
2020-06-29,New York,397684.0,31143.0,69.21578947368421,97.93
2020-06-30,New York,398142.0,31776.0,66.82456140350877,97.93
2020-02-15,Oklahoma,0.0,0.0,44.359740259740256,131.47
2020-02-16,Oklahoma,0.0,0.0,44.359740259740256,93.65
2020-02-17,Oklahoma,0.0,0.0,44.359740259740256,108.31
2020-02-18,Oklahoma,0.0,0.0,44.359740259740256,105.16
2020-02-19,Oklahoma,0.0,0.0,44.359740259740256,106.1
2020-02-20,Oklahoma,0.0,0.0,44.359740259740256,113.08
2020-02-21,Oklahoma,0.0,0.0,44.359740259740256,137.96
2020-02-22,Oklahoma,0.0,0.0,44.359740259740256,135.0
2020-02-23,Oklahoma,0.0,0.0,44.359740259740256,87.45
2020-02-24,Oklahoma,0.0,0.0,44.359740259740256,100.94
2020-02-25,Oklahoma,0.0,0.0,44.359740259740256,105.9
2020-02-26,Oklahoma,0.0,0.0,44.359740259740256,108.33
2020-02-27,Oklahoma,0.0,0.0,44.359740259740256,120.68
2020-02-28,Oklahoma,0.0,0.0,44.359740259740256,146.18
2020-02-29,Oklahoma,0.0,0.0,44.359740259740256,144.53
2020-03-01,Oklahoma,0.0,0.0,44.359740259740256,99.87
2020-03-02,Oklahoma,0.0,0.0,44.359740259740256,108.58
2020-03-03,Oklahoma,0.0,0.0,44.359740259740256,114.5
2020-03-04,Oklahoma,0.0,0.0,44.359740259740256,111.89
2020-03-05,Oklahoma,0.0,0.0,44.359740259740256,124.51
2020-03-06,Oklahoma,1.0,0.0,44.359740259740256,150.02
2020-03-07,Oklahoma,1.0,0.0,44.359740259740256,149.69
2020-03-08,Oklahoma,1.0,0.0,44.359740259740256,97.61
2020-03-09,Oklahoma,1.0,0.0,44.359740259740256,109.65
2020-03-10,Oklahoma,2.0,0.0,44.359740259740256,117.48
2020-03-11,Oklahoma,2.0,0.0,44.359740259740256,117.08
2020-03-12,Oklahoma,2.0,0.0,44.359740259740256,123.18
2020-03-13,Oklahoma,3.0,0.0,44.359740259740256,133.24
2020-03-14,Oklahoma,4.0,0.0,44.359740259740256,112.42
2020-03-15,Oklahoma,8.0,0.0,44.359740259740256,80.64
2020-03-16,Oklahoma,10.0,0.0,49.0987012987013,91.34
2020-03-17,Oklahoma,18.0,0.0,51.56233766233766,84.2
2020-03-18,Oklahoma,29.0,0.0,63.74025974025974,82.78
2020-03-19,Oklahoma,44.0,1.0,65.54545454545455,79.37
2020-03-20,Oklahoma,49.0,1.0,43.25584415584415,85.26
2020-03-21,Oklahoma,53.0,1.0,43.19740259740259,70.19
2020-03-22,Oklahoma,67.0,2.0,49.91948051948052,52.03
2020-03-23,Oklahoma,81.0,2.0,56.250649350649354,68.66
2020-03-24,Oklahoma,106.0,3.0,61.65454545454545,70.49
2020-03-25,Oklahoma,164.0,5.0,65.41428571428571,71.61
2020-03-26,Oklahoma,248.0,7.0,73.78181818181818,71.03
2020-03-27,Oklahoma,322.0,8.0,70.4038961038961,76.86
2020-03-28,Oklahoma,377.0,15.0,63.4051948051948,66.83
2020-03-29,Oklahoma,429.0,16.0,55.63636363636363,52.17
2020-03-30,Oklahoma,481.0,17.0,53.23896103896104,60.93
2020-03-31,Oklahoma,566.0,23.0,55.099999999999994,68.41
2020-04-01,Oklahoma,719.0,30.0,59.050649350649344,69.9
2020-04-02,Oklahoma,879.0,34.0,61.1987012987013,68.57
2020-04-03,Oklahoma,989.0,38.0,39.18311688311688,68.86
2020-04-04,Oklahoma,1159.0,42.0,40.2974025974026,59.31
2020-04-05,Oklahoma,1251.0,46.0,52.77922077922078,48.82
2020-04-06,Oklahoma,1326.0,51.0,64.73246753246752,65.27
2020-04-07,Oklahoma,1470.0,67.0,71.66103896103895,69.92
2020-04-08,Oklahoma,1523.0,79.0,72.6025974025974,72.41
2020-04-09,Oklahoma,1683.0,80.0,59.91558441558441,73.7
2020-04-10,Oklahoma,1794.0,88.0,54.80649350649351,82.74
2020-04-11,Oklahoma,1868.0,93.0,60.79480519480519,66.95
2020-04-12,Oklahoma,1970.0,96.0,52.489610389610384,42.21
2020-04-13,Oklahoma,2069.0,98.0,38.94935064935065,66.87
2020-04-14,Oklahoma,2184.0,109.0,40.42727272727273,69.23
2020-04-15,Oklahoma,2263.0,123.0,47.58831168831169,80.31
2020-04-16,Oklahoma,2357.0,131.0,57.6090909090909,82.44
2020-04-17,Oklahoma,2465.0,136.0,45.78311688311688,86.68
2020-04-18,Oklahoma,2570.0,139.0,52.21948051948052,82.17
2020-04-19,Oklahoma,2599.0,140.0,59.07142857142857,61.32
2020-04-20,Oklahoma,2680.0,143.0,60.85194805194806,82.71
2020-04-21,Oklahoma,2807.0,164.0,65.54675324675325,83.4
2020-04-22,Oklahoma,2894.0,169.0,61.34935064935065,73.1
2020-04-23,Oklahoma,3017.0,179.0,65.58441558441558,91.4
2020-04-24,Oklahoma,3120.0,188.0,64.27402597402597,96.79
2020-04-25,Oklahoma,3193.0,194.0,60.34025974025974,93.02
2020-04-26,Oklahoma,3253.0,195.0,63.811688311688314,73.02
2020-04-27,Oklahoma,3280.0,197.0,68.30649350649351,86.63
2020-04-28,Oklahoma,3410.0,207.0,71.22467532467533,82.17
2020-04-29,Oklahoma,3473.0,214.0,62.06233766233766,93.72
2020-04-30,Oklahoma,3618.0,222.0,64.56103896103896,101.61
2020-05-01,Oklahoma,3748.0,230.0,73.00129870129871,116.69
2020-05-02,Oklahoma,3851.0,238.0,74.96233766233766,108.49
2020-05-03,Oklahoma,3972.0,238.0,72.94155844155844,80.91
2020-05-04,Oklahoma,4044.0,238.0,75.62337662337663,98.8
2020-05-05,Oklahoma,4127.0,247.0,64.47272727272727,104.05
2020-05-06,Oklahoma,4201.0,253.0,62.381818181818176,104.53
2020-05-07,Oklahoma,4330.0,260.0,64.30000000000001,104.42
2020-05-08,Oklahoma,4424.0,266.0,57.64675324675325,122.23
2020-05-09,Oklahoma,4490.0,270.0,56.53636363636364,118.13
2020-05-10,Oklahoma,4589.0,272.0,57.374025974025976,80.15
2020-05-11,Oklahoma,4613.0,274.0,54.75584415584415,89.59666666666666
2020-05-12,Oklahoma,4731.0,278.0,51.18571428571429,99.04333333333334
2020-05-13,Oklahoma,4852.0,278.0,65.68311688311688,108.49
2020-05-14,Oklahoma,4962.0,284.0,74.17792207792208,119.51
2020-05-15,Oklahoma,5086.0,285.0,68.16103896103895,125.15
2020-05-16,Oklahoma,5237.0,288.0,65.4883116883117,125.27
2020-05-17,Oklahoma,5310.0,288.0,68.57272727272728,105.18
2020-05-18,Oklahoma,5398.0,288.0,67.71688311688311,124.33
2020-05-19,Oklahoma,5489.0,294.0,67.66363636363637,126.65
2020-05-20,Oklahoma,5532.0,299.0,67.82597402597403,129.81
2020-05-21,Oklahoma,5680.0,304.0,70.34805194805195,132.16
2020-05-22,Oklahoma,5849.0,307.0,72.54415584415584,158.03
2020-05-23,Oklahoma,5960.0,311.0,75.54285714285714,148.85
2020-05-24,Oklahoma,6037.0,311.0,73.23896103896104,113.13
2020-05-25,Oklahoma,6090.0,313.0,65.46493506493506,101.75
2020-05-26,Oklahoma,6137.0,318.0,65.83376623376623,126.71
2020-05-27,Oklahoma,6229.0,322.0,67.36103896103896,127.97
2020-05-28,Oklahoma,6270.0,326.0,68.93116883116883,134.58
2020-05-29,Oklahoma,6338.0,329.0,71.33506493506493,162.38
2020-05-30,Oklahoma,6418.0,334.0,71.93246753246754,155.84
2020-05-31,Oklahoma,6506.0,334.0,73.01948051948052,122.62
2020-06-01,Oklahoma,6573.0,334.0,73.89220779220778,129.94
2020-06-02,Oklahoma,6692.0,339.0,76.94285714285715,132.27
2020-06-03,Oklahoma,6805.0,341.0,81.13246753246753,136.02
2020-06-04,Oklahoma,6907.0,344.0,82.12077922077923,145.27
2020-06-05,Oklahoma,7004.0,345.0,82.88571428571429,173.5
2020-06-06,Oklahoma,7060.0,347.0,83.71168831168832,167.4
2020-06-07,Oklahoma,7151.0,348.0,81.59740259740259,125.69
2020-06-08,Oklahoma,7206.0,348.0,81.68181818181819,137.91
2020-06-09,Oklahoma,7364.0,353.0,75.45584415584416,139.32
2020-06-10,Oklahoma,7480.0,355.0,70.38051948051948,142.34
2020-06-11,Oklahoma,7626.0,357.0,74.48441558441559,151.46
2020-06-12,Oklahoma,7848.0,359.0,76.8051948051948,177.44
2020-06-13,Oklahoma,8073.0,359.0,79.0909090909091,170.91
2020-06-14,Oklahoma,8231.0,359.0,79.78051948051949,127.65
2020-06-15,Oklahoma,8417.0,359.0,79.82857142857144,127.65
2020-06-16,Oklahoma,8645.0,363.0,80.54805194805195,127.65
2020-06-17,Oklahoma,8903.0,364.0,81.32207792207792,127.65
2020-06-18,Oklahoma,9354.0,366.0,81.9,127.65
2020-06-19,Oklahoma,9706.0,367.0,74.05454545454545,127.65
2020-06-20,Oklahoma,10037.0,368.0,75.53116883116883,127.65
2020-06-21,Oklahoma,10515.0,369.0,75.37792207792208,127.65
2020-06-22,Oklahoma,10733.0,369.0,77.21168831168832,127.65
2020-06-23,Oklahoma,11028.0,371.0,75.22207792207793,127.65
2020-06-24,Oklahoma,11509.0,372.0,76.63636363636364,127.65
2020-06-25,Oklahoma,11947.0,375.0,79.58441558441558,127.65
2020-06-26,Oklahoma,12343.0,377.0,81.06493506493507,127.65
2020-06-27,Oklahoma,12642.0,384.0,81.8012987012987,127.65
2020-06-28,Oklahoma,12944.0,385.0,81.94675324675325,127.65
2020-06-29,Oklahoma,13172.0,385.0,84.02467532467531,127.65
2020-06-30,Oklahoma,13757.0,387.0,84.95324675324675,127.65
2020-02-15,Oregon,0.0,0.0,31.405714285714286,136.68
2020-02-16,Oregon,0.0,0.0,31.405714285714286,115.07
2020-02-17,Oregon,0.0,0.0,31.405714285714286,123.07
2020-02-18,Oregon,0.0,0.0,31.405714285714286,117.93
2020-02-19,Oregon,0.0,0.0,31.405714285714286,118.87
2020-02-20,Oregon,0.0,0.0,31.405714285714286,133.42
2020-02-21,Oregon,0.0,0.0,31.405714285714286,146.67
2020-02-22,Oregon,0.0,0.0,31.405714285714286,139.89
2020-02-23,Oregon,0.0,0.0,31.405714285714286,106.34
2020-02-24,Oregon,0.0,0.0,31.405714285714286,108.69
2020-02-25,Oregon,0.0,0.0,31.405714285714286,114.79
2020-02-26,Oregon,0.0,0.0,31.405714285714286,117.92
2020-02-27,Oregon,0.0,0.0,31.405714285714286,131.94
2020-02-28,Oregon,1.0,0.0,31.405714285714286,144.69
2020-02-29,Oregon,1.0,0.0,31.405714285714286,135.49
2020-03-01,Oregon,2.0,0.0,31.405714285714286,104.04
2020-03-02,Oregon,2.0,0.0,31.405714285714286,105.89
2020-03-03,Oregon,2.0,0.0,31.405714285714286,109.41
2020-03-04,Oregon,2.0,0.0,31.405714285714286,116.1
2020-03-05,Oregon,2.0,0.0,31.405714285714286,119.84
2020-03-06,Oregon,2.0,0.0,31.405714285714286,142.8
2020-03-07,Oregon,6.0,0.0,31.405714285714286,135.33
2020-03-08,Oregon,13.0,0.0,31.405714285714286,103.12
2020-03-09,Oregon,13.0,0.0,31.405714285714286,109.06
2020-03-10,Oregon,14.0,0.0,31.405714285714286,114.46
2020-03-11,Oregon,20.0,0.0,31.405714285714286,112.86
2020-03-12,Oregon,30.0,0.0,31.405714285714286,107.6
2020-03-13,Oregon,30.0,0.0,31.405714285714286,109.51
2020-03-14,Oregon,36.0,1.0,31.405714285714286,85.73
2020-03-15,Oregon,39.0,1.0,31.405714285714286,75.2
2020-03-16,Oregon,46.0,1.0,38.114285714285714,85.65
2020-03-17,Oregon,66.0,2.0,40.059999999999995,79.51
2020-03-18,Oregon,74.0,3.0,40.50857142857143,76.64
2020-03-19,Oregon,87.0,3.0,42.74,78.85
2020-03-20,Oregon,114.0,3.0,45.25714285714286,83.56
2020-03-21,Oregon,137.0,4.0,44.68571428571428,71.22
2020-03-22,Oregon,161.0,5.0,45.28857142857142,56.03
2020-03-23,Oregon,191.0,5.0,41.208571428571425,57.6
2020-03-24,Oregon,209.0,8.0,37.31142857142857,52.51
2020-03-25,Oregon,266.0,10.0,35.574285714285715,53.56
2020-03-26,Oregon,316.0,11.0,36.72,55.07
2020-03-27,Oregon,415.0,12.0,39.817142857142855,58.21
2020-03-28,Oregon,480.0,13.0,43.817142857142855,47.82
2020-03-29,Oregon,549.0,13.0,44.86,40.98
2020-03-30,Oregon,607.0,16.0,42.137142857142855,51.67
2020-03-31,Oregon,690.0,18.0,38.620000000000005,54.38
2020-04-01,Oregon,737.0,19.0,35.440000000000005,54.9
2020-04-02,Oregon,827.0,21.0,36.371428571428574,55.87
2020-04-03,Oregon,899.0,22.0,36.65142857142857,62.03
2020-04-04,Oregon,1000.0,26.0,38.52285714285714,51.55
2020-04-05,Oregon,1068.0,27.0,43.81428571428572,45.15
2020-04-06,Oregon,1132.0,29.0,44.94857142857143,55.81
2020-04-07,Oregon,1181.0,33.0,46.611428571428576,58.28
2020-04-08,Oregon,1239.0,38.0,50.64857142857143,60.67
2020-04-09,Oregon,1321.0,44.0,54.17714285714286,63.87
2020-04-10,Oregon,1371.0,48.0,52.79714285714286,69.83
2020-04-11,Oregon,1447.0,51.0,48.034285714285716,60.29
2020-04-12,Oregon,1527.0,52.0,44.98571428571429,42.98
2020-04-13,Oregon,1584.0,53.0,44.879999999999995,61.09
2020-04-14,Oregon,1633.0,55.0,49.205714285714286,63.32
2020-04-15,Oregon,1663.0,58.0,48.72857142857143,66.64
2020-04-16,Oregon,1736.0,64.0,49.05714285714286,70.02
2020-04-17,Oregon,1785.0,70.0,52.26571428571428,78.06
2020-04-18,Oregon,1844.0,72.0,47.42285714285714,65.2
2020-04-19,Oregon,1910.0,74.0,48.620000000000005,57.86
2020-04-20,Oregon,1956.0,75.0,50.994285714285716,70.35
2020-04-21,Oregon,2002.0,78.0,50.28857142857142,67.05
2020-04-22,Oregon,2059.0,78.0,49.86857142857143,65.86
2020-04-23,Oregon,2127.0,83.0,50.22571428571429,71.5
2020-04-24,Oregon,2177.0,86.0,51.308571428571426,77.61
2020-04-25,Oregon,2253.0,87.0,52.02571428571429,70.04
2020-04-26,Oregon,2311.0,91.0,52.731428571428566,62.78
2020-04-27,Oregon,2354.0,92.0,53.95428571428572,69.31
2020-04-28,Oregon,2385.0,99.0,57.231428571428566,73.89
2020-04-29,Oregon,2446.0,101.0,58.34571428571428,74.46
2020-04-30,Oregon,2510.0,103.0,50.42,78.35
2020-05-01,Oregon,2579.0,104.0,50.66857142857143,89.25
2020-05-02,Oregon,2635.0,109.0,49.894285714285715,74.05
2020-05-03,Oregon,2680.0,109.0,45.27428571428571,65.01
2020-05-04,Oregon,2759.0,109.0,50.40857142857143,77.19
2020-05-05,Oregon,2839.0,113.0,55.72571428571429,80.92
2020-05-06,Oregon,2916.0,115.0,48.47142857142857,80.89
2020-05-07,Oregon,2989.0,121.0,52.871428571428574,87.53
2020-05-08,Oregon,3068.0,124.0,60.574285714285715,101.98
2020-05-09,Oregon,3160.0,127.0,63.86285714285714,94.54
2020-05-10,Oregon,3228.0,127.0,63.28857142857142,73.76
2020-05-11,Oregon,3286.0,130.0,56.71714285714285,77.84333333333333
2020-05-12,Oregon,3359.0,130.0,50.542857142857144,81.92666666666668
2020-05-13,Oregon,3416.0,134.0,48.88285714285715,86.01
2020-05-14,Oregon,3479.0,137.0,48.005714285714284,90.64
2020-05-15,Oregon,3541.0,137.0,51.87714285714286,109.67
2020-05-16,Oregon,3612.0,137.0,54.72,94.57
2020-05-17,Oregon,3623.0,137.0,52.49714285714286,82.01
2020-05-18,Oregon,3687.0,138.0,50.08857142857143,90.59
2020-05-19,Oregon,3726.0,140.0,49.10857142857143,96.2
2020-05-20,Oregon,3801.0,144.0,48.94857142857143,97.79
2020-05-21,Oregon,3817.0,145.0,46.90285714285714,102.5
2020-05-22,Oregon,3864.0,147.0,46.21714285714285,122.02
2020-05-23,Oregon,3888.0,147.0,50.05428571428572,115.66
2020-05-24,Oregon,3927.0,148.0,56.745714285714286,102.05
2020-05-25,Oregon,3949.0,148.0,58.51714285714286,96.36
2020-05-26,Oregon,3968.0,148.0,60.574285714285715,105.93
2020-05-27,Oregon,4041.0,148.0,63.919999999999995,112.63
2020-05-28,Oregon,4087.0,151.0,68.25999999999999,119.73
2020-05-29,Oregon,4133.0,151.0,68.18857142857142,130.89
2020-05-30,Oregon,4185.0,153.0,58.18,103.44
2020-05-31,Oregon,4243.0,153.0,53.82857142857143,98.3
2020-06-01,Oregon,4303.0,154.0,56.54571428571428,112.28
2020-06-02,Oregon,4338.0,157.0,60.36571428571429,111.86
2020-06-03,Oregon,4399.0,159.0,60.26,115.54
2020-06-04,Oregon,4475.0,159.0,58.96,119.14
2020-06-05,Oregon,4585.0,161.0,56.691428571428574,133.16
2020-06-06,Oregon,4672.0,163.0,49.30285714285714,117.91
2020-06-07,Oregon,4809.0,164.0,46.93142857142857,101.03
2020-06-08,Oregon,4927.0,164.0,50.74,113.65
2020-06-09,Oregon,5027.0,169.0,56.34571428571428,113.48
2020-06-10,Oregon,5099.0,169.0,62.091428571428565,123.05
2020-06-11,Oregon,5252.0,171.0,62.43142857142857,127.88
2020-06-12,Oregon,5388.0,174.0,56.70285714285714,140.05
2020-06-13,Oregon,5543.0,175.0,50.37428571428571,129.31
2020-06-14,Oregon,5644.0,176.0,53.3,117.79
2020-06-15,Oregon,5831.0,180.0,52.27428571428571,117.79
2020-06-16,Oregon,6111.0,182.0,50.620000000000005,117.79
2020-06-17,Oregon,6235.0,183.0,55.637142857142855,117.79
2020-06-18,Oregon,6390.0,187.0,61.754285714285714,117.79
2020-06-19,Oregon,6592.0,188.0,66.86857142857143,117.79
2020-06-20,Oregon,6682.0,188.0,63.56285714285714,117.79
2020-06-21,Oregon,6945.0,190.0,62.508571428571436,117.79
2020-06-22,Oregon,7115.0,192.0,67.52285714285715,117.79
2020-06-23,Oregon,7317.0,192.0,73.14857142857143,117.79
2020-06-24,Oregon,7462.0,195.0,67.38857142857142,117.79
2020-06-25,Oregon,7605.0,199.0,66.69714285714286,117.79
2020-06-26,Oregon,8008.0,204.0,70.50285714285714,117.79
2020-06-27,Oregon,8110.0,204.0,61.994285714285716,117.79
2020-06-28,Oregon,8348.0,204.0,53.77142857142857,117.79
2020-06-29,Oregon,8509.0,207.0,57.88285714285715,117.79
2020-06-30,Oregon,8695.0,210.0,57.33142857142857,117.79
2020-02-15,Pennsylvania,0.0,0.0,38.95671641791045,132.2
2020-02-16,Pennsylvania,0.0,0.0,38.95671641791045,102.4
2020-02-17,Pennsylvania,0.0,0.0,38.95671641791045,109.29
2020-02-18,Pennsylvania,0.0,0.0,38.95671641791045,104.74
2020-02-19,Pennsylvania,0.0,0.0,38.95671641791045,105.77
2020-02-20,Pennsylvania,0.0,0.0,38.95671641791045,109.0
2020-02-21,Pennsylvania,0.0,0.0,38.95671641791045,131.78
2020-02-22,Pennsylvania,0.0,0.0,38.95671641791045,133.99
2020-02-23,Pennsylvania,0.0,0.0,38.95671641791045,98.12
2020-02-24,Pennsylvania,0.0,0.0,38.95671641791045,101.98
2020-02-25,Pennsylvania,0.0,0.0,38.95671641791045,105.57
2020-02-26,Pennsylvania,0.0,0.0,38.95671641791045,108.11
2020-02-27,Pennsylvania,0.0,0.0,38.95671641791045,110.22
2020-02-28,Pennsylvania,0.0,0.0,38.95671641791045,133.56
2020-02-29,Pennsylvania,0.0,0.0,38.95671641791045,132.96
2020-03-01,Pennsylvania,0.0,0.0,38.95671641791045,99.47
2020-03-02,Pennsylvania,0.0,0.0,38.95671641791045,103.71
2020-03-03,Pennsylvania,0.0,0.0,38.95671641791045,106.61
2020-03-04,Pennsylvania,0.0,0.0,38.95671641791045,109.78
2020-03-05,Pennsylvania,0.0,0.0,38.95671641791045,115.05
2020-03-06,Pennsylvania,2.0,0.0,38.95671641791045,134.57
2020-03-07,Pennsylvania,4.0,0.0,38.95671641791045,133.31
2020-03-08,Pennsylvania,6.0,0.0,38.95671641791045,100.29
2020-03-09,Pennsylvania,10.0,0.0,38.95671641791045,107.57
2020-03-10,Pennsylvania,12.0,0.0,38.95671641791045,105.48
2020-03-11,Pennsylvania,16.0,0.0,38.95671641791045,106.5
2020-03-12,Pennsylvania,22.0,0.0,38.95671641791045,101.97
2020-03-13,Pennsylvania,41.0,0.0,38.95671641791045,110.75
2020-03-14,Pennsylvania,47.0,0.0,38.95671641791045,98.06
2020-03-15,Pennsylvania,68.0,0.0,38.95671641791045,72.89
2020-03-16,Pennsylvania,81.0,0.0,38.0134328358209,78.52
2020-03-17,Pennsylvania,101.0,0.0,41.808955223880595,68.82
2020-03-18,Pennsylvania,139.0,1.0,42.65820895522388,68.36
2020-03-19,Pennsylvania,187.0,1.0,48.4865671641791,64.29
2020-03-20,Pennsylvania,269.0,1.0,57.3179104477612,68.77
2020-03-21,Pennsylvania,388.0,2.0,36.241791044776114,57.0
2020-03-22,Pennsylvania,504.0,3.0,35.582089552238806,45.16
2020-03-23,Pennsylvania,644.0,6.0,36.74776119402985,45.27
2020-03-24,Pennsylvania,851.0,8.0,41.12686567164179,49.5
2020-03-25,Pennsylvania,1151.0,12.0,40.77014925373134,47.37
2020-03-26,Pennsylvania,1690.0,16.0,47.41194029850746,54.53
2020-03-27,Pennsylvania,2217.0,23.0,51.46716417910448,59.54
2020-03-28,Pennsylvania,2815.0,35.0,48.12388059701493,45.72
2020-03-29,Pennsylvania,3441.0,40.0,53.038805970149255,41.03
2020-03-30,Pennsylvania,4156.0,48.0,47.73582089552239,49.85
2020-03-31,Pennsylvania,4997.0,72.0,42.55223880597015,49.44
2020-04-01,Pennsylvania,5805.0,78.0,43.26268656716418,52.28
2020-04-02,Pennsylvania,7021.0,91.0,44.17164179104478,53.04
2020-04-03,Pennsylvania,8420.0,102.0,45.50149253731343,58.99
2020-04-04,Pennsylvania,10110.0,140.0,48.92089552238806,52.78
2020-04-05,Pennsylvania,11590.0,159.0,52.87014925373135,44.23
2020-04-06,Pennsylvania,13075.0,170.0,50.17761194029851,54.0
2020-04-07,Pennsylvania,14582.0,241.0,54.32686567164179,53.4
2020-04-08,Pennsylvania,16414.0,313.0,56.67611940298508,55.78
2020-04-09,Pennsylvania,18379.0,344.0,45.23880597014925,54.6
2020-04-10,Pennsylvania,20128.0,435.0,36.61492537313433,60.89
2020-04-11,Pennsylvania,21774.0,515.0,41.116417910447765,57.86
2020-04-12,Pennsylvania,22955.0,525.0,51.03283582089552,37.42
2020-04-13,Pennsylvania,24295.0,563.0,55.30298507462687,48.71
2020-04-14,Pennsylvania,25591.0,746.0,41.37164179104478,57.22
2020-04-15,Pennsylvania,26804.0,833.0,38.461194029850745,60.79
2020-04-16,Pennsylvania,28314.0,940.0,35.147761194029854,60.97
2020-04-17,Pennsylvania,30121.0,1027.0,35.51641791044776,66.9
2020-04-18,Pennsylvania,31742.0,1150.0,38.85820895522388,62.57
2020-04-19,Pennsylvania,32992.0,1285.0,46.46268656716418,54.85
2020-04-20,Pennsylvania,34005.0,1366.0,46.3910447761194,62.1
2020-04-21,Pennsylvania,35384.0,1620.0,41.44477611940299,59.07
2020-04-22,Pennsylvania,36763.0,1720.0,38.07014925373134,64.79
2020-04-23,Pennsylvania,38334.0,1723.0,45.33432835820896,63.9
2020-04-24,Pennsylvania,40298.0,1786.0,47.75074626865672,70.18
2020-04-25,Pennsylvania,41626.0,1842.0,52.492537313432834,73.41
2020-04-26,Pennsylvania,42709.0,1871.0,43.91044776119403,49.45
2020-04-27,Pennsylvania,43728.0,1946.0,43.94626865671642,64.46
2020-04-28,Pennsylvania,45323.0,2092.0,48.93283582089552,70.41
2020-04-29,Pennsylvania,46191.0,2392.0,55.4223880597015,70.12
2020-04-30,Pennsylvania,48224.0,2580.0,54.80746268656716,68.51
2020-05-01,Pennsylvania,49764.0,2671.0,51.88955223880597,84.47
2020-05-02,Pennsylvania,51071.0,2794.0,57.329850746268654,85.07
2020-05-03,Pennsylvania,52079.0,2843.0,65.07611940298509,68.41
2020-05-04,Pennsylvania,52992.0,2880.0,52.32537313432836,75.96
2020-05-05,Pennsylvania,53967.0,3206.0,46.786567164179104,78.69
2020-05-06,Pennsylvania,54989.0,3360.0,43.125373134328356,75.21
2020-05-07,Pennsylvania,56149.0,3599.0,49.222388059701494,85.11
2020-05-08,Pennsylvania,57501.0,3724.0,40.19850746268657,88.41
2020-05-09,Pennsylvania,58661.0,3793.0,34.76268656716418,87.89
2020-05-10,Pennsylvania,60037.0,3819.0,47.708955223880594,71.0
2020-05-11,Pennsylvania,60557.0,3846.0,43.135820895522386,78.55333333333333
2020-05-12,Pennsylvania,61407.0,3924.0,45.11492537313433,86.10666666666667
2020-05-13,Pennsylvania,62194.0,4104.0,48.21641791044776,93.66
2020-05-14,Pennsylvania,63158.0,4298.0,55.25074626865672,94.86
2020-05-15,Pennsylvania,64178.0,4432.0,67.75074626865671,111.46
2020-05-16,Pennsylvania,65228.0,4490.0,63.46119402985074,108.7
2020-05-17,Pennsylvania,65745.0,4504.0,60.474626865671645,83.87
2020-05-18,Pennsylvania,66676.0,4560.0,62.36865671641791,95.79
2020-05-19,Pennsylvania,67404.0,4675.0,60.15373134328358,100.85
2020-05-20,Pennsylvania,68151.0,4794.0,55.13283582089552,103.18
2020-05-21,Pennsylvania,69252.0,4887.0,57.87761194029851,109.71
2020-05-22,Pennsylvania,70305.0,5032.0,61.13283582089552,116.96
2020-05-23,Pennsylvania,71102.0,5121.0,65.71940298507462,107.82
2020-05-24,Pennsylvania,71656.0,5145.0,64.95223880597015,93.39
2020-05-25,Pennsylvania,72356.0,5159.0,68.16865671641791,89.06
2020-05-26,Pennsylvania,72873.0,5175.0,72.77313432835821,109.12
2020-05-27,Pennsylvania,73646.0,5290.0,70.4731343283582,112.08
2020-05-28,Pennsylvania,74312.0,5397.0,70.96716417910449,108.81
2020-05-29,Pennsylvania,75073.0,5467.0,71.12238805970149,122.36
2020-05-30,Pennsylvania,75789.0,5537.0,63.32089552238806,123.55
2020-05-31,Pennsylvania,76218.0,5555.0,55.1179104477612,97.5
2020-06-01,Pennsylvania,76734.0,5574.0,56.35373134328358,108.06
2020-06-02,Pennsylvania,77315.0,5670.0,62.47014925373134,110.39
2020-06-03,Pennsylvania,77871.0,5742.0,71.35522388059702,110.99
2020-06-04,Pennsylvania,78428.0,5862.0,70.26865671641791,120.49
2020-06-05,Pennsylvania,78908.0,5952.0,70.78507462686568,134.15
2020-06-06,Pennsylvania,79507.0,5986.0,72.44626865671641,134.37
2020-06-07,Pennsylvania,80001.0,5997.0,64.27014925373135,109.95
2020-06-08,Pennsylvania,80432.0,6007.0,64.77611940298507,122.01
2020-06-09,Pennsylvania,80964.0,6070.0,73.43731343283582,126.31
2020-06-10,Pennsylvania,81410.0,6143.0,77.34029850746269,126.21
2020-06-11,Pennsylvania,81944.0,6187.0,71.06567164179104,127.66
2020-06-12,Pennsylvania,82578.0,6229.0,66.58358208955224,151.6
2020-06-13,Pennsylvania,82988.0,6264.0,59.01641791044776,144.34
2020-06-14,Pennsylvania,83301.0,6275.0,58.82238805970149,114.77
2020-06-15,Pennsylvania,83687.0,6307.0,63.19552238805971,114.77
2020-06-16,Pennsylvania,84077.0,6337.0,65.23880597014926,114.77
2020-06-17,Pennsylvania,84387.0,6376.0,67.04925373134328,114.77
2020-06-18,Pennsylvania,84780.0,6417.0,69.43283582089552,114.77
2020-06-19,Pennsylvania,85288.0,6446.0,69.11194029850746,114.77
2020-06-20,Pennsylvania,85678.0,6467.0,70.13283582089552,114.77
2020-06-21,Pennsylvania,86024.0,6472.0,72.79850746268657,114.77
2020-06-22,Pennsylvania,86666.0,6475.0,73.50597014925373,114.77
2020-06-23,Pennsylvania,87283.0,6511.0,72.7865671641791,114.77
2020-06-24,Pennsylvania,87775.0,6568.0,68.85074626865672,114.77
2020-06-25,Pennsylvania,88230.0,6602.0,67.30298507462687,114.77
2020-06-26,Pennsylvania,88950.0,6625.0,70.30298507462687,114.77
2020-06-27,Pennsylvania,89400.0,6652.0,70.73283582089553,114.77
2020-06-28,Pennsylvania,89785.0,6655.0,73.93582089552238,114.77
2020-06-29,Pennsylvania,90553.0,6663.0,73.56716417910448,114.77
2020-06-30,Pennsylvania,91226.0,6695.0,71.54626865671642,114.77
2020-02-15,South Carolina,0.0,0.0,58.99782608695652,140.31
2020-02-16,South Carolina,0.0,0.0,58.99782608695652,101.55
2020-02-17,South Carolina,0.0,0.0,58.99782608695652,115.48
2020-02-18,South Carolina,0.0,0.0,58.99782608695652,109.87
2020-02-19,South Carolina,0.0,0.0,58.99782608695652,112.2
2020-02-20,South Carolina,0.0,0.0,58.99782608695652,109.87
2020-02-21,South Carolina,0.0,0.0,58.99782608695652,138.98
2020-02-22,South Carolina,0.0,0.0,58.99782608695652,138.34
2020-02-23,South Carolina,0.0,0.0,58.99782608695652,97.27
2020-02-24,South Carolina,0.0,0.0,58.99782608695652,104.88
2020-02-25,South Carolina,0.0,0.0,58.99782608695652,111.76
2020-02-26,South Carolina,0.0,0.0,58.99782608695652,118.46
2020-02-27,South Carolina,0.0,0.0,58.99782608695652,127.62
2020-02-28,South Carolina,0.0,0.0,58.99782608695652,155.19
2020-02-29,South Carolina,0.0,0.0,58.99782608695652,152.38
2020-03-01,South Carolina,0.0,0.0,58.99782608695652,106.75
2020-03-02,South Carolina,0.0,0.0,58.99782608695652,114.07
2020-03-03,South Carolina,0.0,0.0,58.99782608695652,114.31
2020-03-04,South Carolina,0.0,0.0,58.99782608695652,115.32
2020-03-05,South Carolina,0.0,0.0,58.99782608695652,119.93
2020-03-06,South Carolina,2.0,0.0,58.99782608695652,156.92
2020-03-07,South Carolina,2.0,0.0,58.99782608695652,154.94
2020-03-08,South Carolina,6.0,0.0,58.99782608695652,111.2
2020-03-09,South Carolina,7.0,0.0,58.99782608695652,121.58
2020-03-10,South Carolina,9.0,0.0,58.99782608695652,123.01
2020-03-11,South Carolina,10.0,0.0,58.99782608695652,125.08
2020-03-12,South Carolina,12.0,0.0,58.99782608695652,129.22
2020-03-13,South Carolina,13.0,0.0,58.99782608695652,148.73
2020-03-14,South Carolina,19.0,0.0,58.99782608695652,135.32
2020-03-15,South Carolina,28.0,0.0,58.99782608695652,95.19
2020-03-16,South Carolina,33.0,1.0,53.65217391304348,101.76
2020-03-17,South Carolina,47.0,1.0,57.89565217391304,93.45
2020-03-18,South Carolina,60.0,1.0,61.63260869565217,89.87
2020-03-19,South Carolina,81.0,1.0,70.83695652173913,91.26
2020-03-20,South Carolina,126.0,3.0,73.48695652173913,98.45
2020-03-21,South Carolina,172.0,3.0,71.44782608695652,84.24
2020-03-22,South Carolina,194.0,3.0,55.65652173913043,55.76
2020-03-23,South Carolina,299.0,5.0,52.98260869565217,67.96
2020-03-24,South Carolina,342.0,8.0,59.050000000000004,66.19
2020-03-25,South Carolina,425.0,8.0,64.41304347826087,72.29
2020-03-26,South Carolina,456.0,9.0,58.36739130434783,73.02
2020-03-27,South Carolina,542.0,13.0,70.13913043478261,82.71
2020-03-28,South Carolina,661.0,15.0,74.32608695652173,73.78
2020-03-29,South Carolina,775.0,16.0,74.8391304347826,55.24
2020-03-30,South Carolina,925.0,18.0,69.34565217391305,69.31
2020-03-31,South Carolina,1083.0,22.0,58.4304347826087,65.42
2020-04-01,South Carolina,1293.0,26.0,52.678260869565214,68.65
2020-04-02,South Carolina,1554.0,31.0,53.70869565217391,69.81
2020-04-03,South Carolina,1700.0,34.0,58.91304347826087,77.16
2020-04-04,South Carolina,1917.0,40.0,62.26304347826087,65.46
2020-04-05,South Carolina,2049.0,44.0,63.83043478260869,50.05
2020-04-06,South Carolina,2232.0,48.0,67.75869565217391,68.17
2020-04-07,South Carolina,2417.0,51.0,70.9695652173913,65.53
2020-04-08,South Carolina,2552.0,63.0,72.65869565217392,65.4
2020-04-09,South Carolina,2792.0,67.0,73.54347826086956,70.19
2020-04-10,South Carolina,3065.0,72.0,58.16956521739131,75.18
2020-04-11,South Carolina,3207.0,80.0,54.6,65.12
2020-04-12,South Carolina,3319.0,82.0,62.26304347826087,38.57
2020-04-13,South Carolina,3439.0,87.0,71.2695652173913,70.32
2020-04-14,South Carolina,3553.0,97.0,66.75869565217391,76.34
2020-04-15,South Carolina,3656.0,107.0,55.46739130434783,77.89
2020-04-16,South Carolina,3931.0,109.0,54.81521739130435,80.76
2020-04-17,South Carolina,4086.0,116.0,59.3195652173913,90.75
2020-04-18,South Carolina,4246.0,119.0,65.65217391304348,81.51
2020-04-19,South Carolina,4377.0,120.0,55.90869565217392,55.09
2020-04-20,South Carolina,4439.0,124.0,60.19782608695652,77.05
2020-04-21,South Carolina,4608.0,135.0,64.1413043478261,84.07
2020-04-22,South Carolina,4761.0,140.0,61.46521739130435,85.17
2020-04-23,South Carolina,4917.0,150.0,61.3195652173913,77.57
2020-04-24,South Carolina,5070.0,157.0,68.2804347826087,97.88
2020-04-25,South Carolina,5253.0,166.0,67.08043478260869,87.86
2020-04-26,South Carolina,5490.0,174.0,65.47391304347826,69.7
2020-04-27,South Carolina,5613.0,177.0,60.02608695652174,88.65
2020-04-28,South Carolina,5735.0,192.0,63.89565217391304,91.31
2020-04-29,South Carolina,5881.0,232.0,68.68260869565218,90.07
2020-04-30,South Carolina,6095.0,244.0,62.0304347826087,95.02
2020-05-01,South Carolina,6258.0,256.0,60.93695652173913,112.2
2020-05-02,South Carolina,6489.0,267.0,63.61086956521739,105.33
2020-05-03,South Carolina,6626.0,275.0,72.34130434782608,85.75
2020-05-04,South Carolina,6757.0,283.0,75.90869565217392,102.26
2020-05-05,South Carolina,6841.0,296.0,72.62608695652175,101.88
2020-05-06,South Carolina,6936.0,305.0,65.06086956521739,106.88
2020-05-07,South Carolina,7142.0,316.0,56.12826086956522,112.57
2020-05-08,South Carolina,7367.0,320.0,57.2695652173913,123.39
2020-05-09,South Carolina,7531.0,330.0,55.46739130434783,122.13
2020-05-10,South Carolina,7653.0,331.0,58.48695652173913,88.75
2020-05-11,South Carolina,7792.0,346.0,60.64782608695653,98.82333333333334
2020-05-12,South Carolina,7927.0,355.0,56.62173913043478,108.89666666666666
2020-05-13,South Carolina,8030.0,362.0,62.94565217391305,118.97
2020-05-14,South Carolina,8189.0,371.0,68.3108695652174,128.07
2020-05-15,South Carolina,8407.0,380.0,70.06304347826087,150.06
2020-05-16,South Carolina,8661.0,380.0,72.31304347826087,154.11
2020-05-17,South Carolina,8816.0,385.0,73.38695652173914,121.39
2020-05-18,South Carolina,8942.0,391.0,71.52173913043478,126.6
2020-05-19,South Carolina,9056.0,399.0,69.74782608695652,126.45
2020-05-20,South Carolina,9175.0,407.0,61.85217391304347,125.27
2020-05-21,South Carolina,9379.0,416.0,68.19347826086957,139.33
2020-05-22,South Carolina,9638.0,419.0,70.15217391304348,171.24
2020-05-23,South Carolina,9895.0,425.0,75.98260869565217,173.46
2020-05-24,South Carolina,10096.0,435.0,76.80652173913043,135.36
2020-05-25,South Carolina,10178.0,440.0,73.2804347826087,130.32
2020-05-26,South Carolina,10416.0,446.0,70.47826086956522,140.49
2020-05-27,South Carolina,10623.0,466.0,71.11739130434783,133.65
2020-05-28,South Carolina,10788.0,470.0,76.33695652173913,145.15
2020-05-29,South Carolina,11131.0,483.0,75.74347826086957,160.86
2020-05-30,South Carolina,11394.0,487.0,76.5891304347826,164.66
2020-05-31,South Carolina,11861.0,494.0,74.29565217391304,126.2
2020-06-01,South Carolina,12148.0,500.0,70.66956521739131,144.53
2020-06-02,South Carolina,12415.0,501.0,73.0195652173913,144.79
2020-06-03,South Carolina,12651.0,518.0,77.19565217391305,150.19
2020-06-04,South Carolina,13005.0,525.0,76.31521739130434,157.65
2020-06-05,South Carolina,13453.0,538.0,77.32173913043479,179.21
2020-06-06,South Carolina,13916.0,545.0,78.5608695652174,186.21
2020-06-07,South Carolina,14286.0,546.0,78.77826086956522,142.5
2020-06-08,South Carolina,14800.0,557.0,78.07391304347826,152.87
2020-06-09,South Carolina,15228.0,568.0,79.44565217391305,155.08
2020-06-10,South Carolina,15759.0,575.0,78.53260869565217,153.26
2020-06-11,South Carolina,16441.0,588.0,79.13478260869564,163.26
2020-06-12,South Carolina,17170.0,593.0,76.4304347826087,188.22
2020-06-13,South Carolina,17955.0,599.0,74.5,198.56
2020-06-14,South Carolina,18796.0,600.0,71.21739130434783,146.31
2020-06-15,South Carolina,19381.0,602.0,65.38478260869564,146.31
2020-06-16,South Carolina,19995.0,607.0,62.56739130434782,146.31
2020-06-17,South Carolina,20556.0,617.0,65.45652173913044,146.31
2020-06-18,South Carolina,21548.0,621.0,70.84130434782608,146.31
2020-06-19,South Carolina,22631.0,639.0,73.82391304347826,146.31
2020-06-20,South Carolina,23786.0,644.0,75.55,146.31
2020-06-21,South Carolina,24693.0,653.0,79.47608695652174,146.31
2020-06-22,South Carolina,25701.0,659.0,79.59347826086957,146.31
2020-06-23,South Carolina,26613.0,673.0,76.40434782608695,146.31
2020-06-24,South Carolina,27897.0,683.0,76.1413043478261,146.31
2020-06-25,South Carolina,29022.0,693.0,76.0891304347826,146.31
2020-06-26,South Carolina,30335.0,694.0,78.9391304347826,146.31
2020-06-27,South Carolina,31939.0,711.0,77.33695652173913,146.31
2020-06-28,South Carolina,33320.0,716.0,79.70434782608696,146.31
2020-06-29,South Carolina,34644.0,720.0,81.35,146.31
2020-06-30,South Carolina,36399.0,739.0,80.55217391304348,146.31
2020-02-15,Tennessee,0.0,0.0,44.40842105263158,137.3
2020-02-16,Tennessee,0.0,0.0,44.40842105263158,101.5
2020-02-17,Tennessee,0.0,0.0,44.40842105263158,111.2
2020-02-18,Tennessee,0.0,0.0,44.40842105263158,104.83
2020-02-19,Tennessee,0.0,0.0,44.40842105263158,109.0
2020-02-20,Tennessee,0.0,0.0,44.40842105263158,108.27
2020-02-21,Tennessee,0.0,0.0,44.40842105263158,135.27
2020-02-22,Tennessee,0.0,0.0,44.40842105263158,133.91
2020-02-23,Tennessee,0.0,0.0,44.40842105263158,92.91
2020-02-24,Tennessee,0.0,0.0,44.40842105263158,102.47
2020-02-25,Tennessee,0.0,0.0,44.40842105263158,110.97
2020-02-26,Tennessee,0.0,0.0,44.40842105263158,111.1
2020-02-27,Tennessee,0.0,0.0,44.40842105263158,120.29
2020-02-28,Tennessee,0.0,0.0,44.40842105263158,145.63
2020-02-29,Tennessee,0.0,0.0,44.40842105263158,147.72
2020-03-01,Tennessee,0.0,0.0,44.40842105263158,105.27
2020-03-02,Tennessee,0.0,0.0,44.40842105263158,109.71
2020-03-03,Tennessee,0.0,0.0,44.40842105263158,127.6
2020-03-04,Tennessee,0.0,0.0,44.40842105263158,125.91
2020-03-05,Tennessee,1.0,0.0,44.40842105263158,130.8
2020-03-06,Tennessee,1.0,0.0,44.40842105263158,148.88
2020-03-07,Tennessee,1.0,0.0,44.40842105263158,148.76
2020-03-08,Tennessee,3.0,0.0,44.40842105263158,109.05
2020-03-09,Tennessee,4.0,0.0,44.40842105263158,117.34
2020-03-10,Tennessee,7.0,0.0,44.40842105263158,117.11
2020-03-11,Tennessee,8.0,0.0,44.40842105263158,116.44
2020-03-12,Tennessee,18.0,0.0,44.40842105263158,113.53
2020-03-13,Tennessee,26.0,0.0,44.40842105263158,128.56
2020-03-14,Tennessee,32.0,0.0,44.40842105263158,113.4
2020-03-15,Tennessee,39.0,0.0,44.40842105263158,82.9
2020-03-16,Tennessee,52.0,0.0,47.92315789473684,90.64
2020-03-17,Tennessee,73.0,0.0,52.86842105263158,86.31
2020-03-18,Tennessee,98.0,0.0,60.75473684210526,81.43
2020-03-19,Tennessee,155.0,0.0,68.75894736842106,82.17
2020-03-20,Tennessee,237.0,0.0,63.35157894736842,83.15
2020-03-21,Tennessee,312.0,2.0,46.50421052631579,75.81
2020-03-22,Tennessee,424.0,2.0,49.204210526315784,53.36
2020-03-23,Tennessee,522.0,2.0,53.83789473684211,62.76
2020-03-24,Tennessee,678.0,2.0,54.85368421052632,57.94
2020-03-25,Tennessee,806.0,3.0,53.76842105263158,64.03
2020-03-26,Tennessee,981.0,3.0,63.79052631578948,70.25
2020-03-27,Tennessee,1180.0,6.0,72.49894736842104,76.4
2020-03-28,Tennessee,1363.0,6.0,72.41578947368421,66.97
2020-03-29,Tennessee,1569.0,7.0,64.88631578947368,55.0
2020-03-30,Tennessee,1721.0,13.0,57.3221052631579,64.52
2020-03-31,Tennessee,2049.0,13.0,48.234736842105264,58.97
2020-04-01,Tennessee,2689.0,23.0,46.61684210526316,64.54
2020-04-02,Tennessee,2868.0,32.0,51.47894736842105,66.52
2020-04-03,Tennessee,3032.0,38.0,57.40105263157895,69.84
2020-04-04,Tennessee,3265.0,47.0,62.12736842105264,60.35
2020-04-05,Tennessee,3538.0,50.0,62.90842105263158,48.65
2020-04-06,Tennessee,3753.0,65.0,65.86421052631579,62.62
2020-04-07,Tennessee,4010.0,72.0,67.82,62.55
2020-04-08,Tennessee,4246.0,83.0,69.61368421052632,64.34
2020-04-09,Tennessee,4456.0,95.0,59.61684210526316,68.07
2020-04-10,Tennessee,4793.0,104.0,46.218947368421055,73.67
2020-04-11,Tennessee,4983.0,107.0,53.25473684210526,65.33
2020-04-12,Tennessee,5144.0,107.0,56.496842105263156,36.99
2020-04-13,Tennessee,5483.0,114.0,50.92526315789473,66.18
2020-04-14,Tennessee,5654.0,123.0,43.55894736842106,67.89
2020-04-15,Tennessee,5864.0,135.0,44.74947368421052,74.43
2020-04-16,Tennessee,6077.0,142.0,49.60947368421052,77.04
2020-04-17,Tennessee,6423.0,146.0,59.04421052631579,86.02
2020-04-18,Tennessee,6624.0,148.0,48.63157894736842,79.19
2020-04-19,Tennessee,6824.0,151.0,52.306315789473686,56.13
2020-04-20,Tennessee,6994.0,156.0,57.775789473684206,78.49
2020-04-21,Tennessee,7317.0,159.0,60.1221052631579,78.92
2020-04-22,Tennessee,7681.0,169.0,55.578947368421055,77.94
2020-04-23,Tennessee,8169.0,172.0,58.415789473684214,76.21
2020-04-24,Tennessee,8618.0,172.0,60.20210526315789,91.24
2020-04-25,Tennessee,8918.0,179.0,57.31684210526316,76.25
2020-04-26,Tennessee,9435.0,182.0,50.46210526315789,62.55
2020-04-27,Tennessee,9739.0,184.0,54.80947368421052,83.09
2020-04-28,Tennessee,9974.0,190.0,63.32947368421053,84.4
2020-04-29,Tennessee,10255.0,196.0,60.88947368421053,81.64
2020-04-30,Tennessee,10506.0,200.0,55.440000000000005,90.57
2020-05-01,Tennessee,11781.0,205.0,59.25684210526315,106.2
2020-05-02,Tennessee,12376.0,210.0,67.22947368421053,101.89
2020-05-03,Tennessee,12871.0,211.0,68.91684210526316,78.38
2020-05-04,Tennessee,13283.0,216.0,67.50526315789473,94.16
2020-05-05,Tennessee,13555.0,225.0,64.24,95.46
2020-05-06,Tennessee,13737.0,237.0,50.373684210526314,96.88
2020-05-07,Tennessee,14108.0,238.0,53.9178947368421,103.57
2020-05-08,Tennessee,14276.0,240.0,51.04631578947368,107.78
2020-05-09,Tennessee,14675.0,241.0,48.38526315789474,113.71
2020-05-10,Tennessee,15060.0,242.0,55.078947368421055,81.79
2020-05-11,Tennessee,15423.0,248.0,51.12947368421053,90.35333333333334
2020-05-12,Tennessee,15777.0,264.0,52.23263157894737,98.91666666666667
2020-05-13,Tennessee,16261.0,271.0,59.37052631578947,107.48
2020-05-14,Tennessee,16588.0,284.0,69.48631578947368,120.5
2020-05-15,Tennessee,16917.0,288.0,71.06631578947369,133.7
2020-05-16,Tennessee,17204.0,292.0,72.70947368421052,129.41
2020-05-17,Tennessee,17391.0,293.0,71.78631578947368,97.42
2020-05-18,Tennessee,17767.0,296.0,67.26105263157895,113.04
2020-05-19,Tennessee,18301.0,301.0,61.41263157894737,116.02
2020-05-20,Tennessee,18534.0,309.0,60.8778947368421,119.05
2020-05-21,Tennessee,18970.0,313.0,63.757894736842104,127.56
2020-05-22,Tennessee,19364.0,315.0,66.55684210526316,144.88
2020-05-23,Tennessee,19765.0,325.0,73.24736842105263,139.76
2020-05-24,Tennessee,20116.0,332.0,73.9063157894737,112.39
2020-05-25,Tennessee,20533.0,334.0,74.20947368421052,109.86
2020-05-26,Tennessee,20960.0,339.0,71.78315789473683,122.76
2020-05-27,Tennessee,21360.0,353.0,69.8821052631579,122.79
2020-05-28,Tennessee,21763.0,352.0,70.1,131.08
2020-05-29,Tennessee,22199.0,356.0,70.7578947368421,151.81
2020-05-30,Tennessee,22676.0,360.0,69.56842105263158,150.88
2020-05-31,Tennessee,22832.0,360.0,67.43578947368421,115.41
2020-06-01,Tennessee,23242.0,361.0,68.04526315789474,127.71
2020-06-02,Tennessee,24498.0,378.0,74.00315789473684,127.68
2020-06-03,Tennessee,25024.0,386.0,76.09157894736842,129.62
2020-06-04,Tennessee,25374.0,401.0,75.57578947368421,135.64
2020-06-05,Tennessee,25799.0,405.0,75.01263157894736,155.3
2020-06-06,Tennessee,26359.0,413.0,77.56631578947369,156.45
2020-06-07,Tennessee,26811.0,414.0,79.87052631578948,121.67
2020-06-08,Tennessee,27217.0,417.0,77.57157894736842,130.14
2020-06-09,Tennessee,27865.0,430.0,78.45368421052632,131.3
2020-06-10,Tennessee,28379.0,436.0,77.26,138.39
2020-06-11,Tennessee,28766.0,441.0,70.51789473684211,147.82
2020-06-12,Tennessee,29218.0,461.0,71.41368421052631,169.42
2020-06-13,Tennessee,29616.0,465.0,72.43578947368421,169.15
2020-06-14,Tennessee,30174.0,467.0,69.67368421052632,127.75
2020-06-15,Tennessee,30945.0,477.0,67.44736842105263,127.75
2020-06-16,Tennessee,31623.0,487.0,67.21578947368421,127.75
2020-06-17,Tennessee,32112.0,493.0,67.35368421052632,127.75
2020-06-18,Tennessee,32604.0,504.0,70.66526315789473,127.75
2020-06-19,Tennessee,33603.0,508.0,73.50842105263158,127.75
2020-06-20,Tennessee,34223.0,516.0,76.25052631578947,127.75
2020-06-21,Tennessee,34719.0,519.0,73.44842105263159,127.75
2020-06-22,Tennessee,35255.0,525.0,74.21052631578948,127.75
2020-06-23,Tennessee,36018.0,535.0,74.58315789473684,127.75
2020-06-24,Tennessee,36822.0,548.0,73.1642105263158,127.75
2020-06-25,Tennessee,37695.0,558.0,74.88526315789474,127.75
2020-06-26,Tennessee,38802.0,569.0,73.19473684210526,127.75
2020-06-27,Tennessee,39813.0,577.0,75.13894736842106,127.75
2020-06-28,Tennessee,39945.0,577.0,77.18526315789474,127.75
2020-06-29,Tennessee,41388.0,585.0,76.5442105263158,127.75
2020-06-30,Tennessee,42815.0,597.0,74.12842105263158,127.75
2020-02-15,Texas,2.0,0.0,57.76882591093117,132.12
2020-02-16,Texas,2.0,0.0,57.76882591093117,99.7
2020-02-17,Texas,2.0,0.0,57.76882591093117,108.72
2020-02-18,Texas,2.0,0.0,57.76882591093117,107.64
2020-02-19,Texas,2.0,0.0,57.76882591093117,107.89
2020-02-20,Texas,2.0,0.0,57.76882591093117,112.02
2020-02-21,Texas,4.0,0.0,57.76882591093117,136.89
2020-02-22,Texas,4.0,0.0,57.76882591093117,135.54
2020-02-23,Texas,4.0,0.0,57.76882591093117,93.13
2020-02-24,Texas,10.0,0.0,57.76882591093117,106.59
2020-02-25,Texas,10.0,0.0,57.76882591093117,112.85
2020-02-26,Texas,10.0,0.0,57.76882591093117,113.29
2020-02-27,Texas,10.0,0.0,57.76882591093117,126.01
2020-02-28,Texas,11.0,0.0,57.76882591093117,145.68
2020-02-29,Texas,11.0,0.0,57.76882591093117,144.05
2020-03-01,Texas,11.0,0.0,57.76882591093117,98.81
2020-03-02,Texas,11.0,0.0,57.76882591093117,108.82
2020-03-03,Texas,11.0,0.0,57.76882591093117,113.67
2020-03-04,Texas,12.0,0.0,57.76882591093117,110.31
2020-03-05,Texas,16.0,0.0,57.76882591093117,123.05
2020-03-06,Texas,19.0,0.0,57.76882591093117,147.49
2020-03-07,Texas,19.0,0.0,57.76882591093117,140.85
2020-03-08,Texas,23.0,0.0,57.76882591093117,100.03
2020-03-09,Texas,24.0,0.0,57.76882591093117,112.58
2020-03-10,Texas,31.0,0.0,57.76882591093117,119.28
2020-03-11,Texas,33.0,0.0,57.76882591093117,119.4
2020-03-12,Texas,41.0,0.0,57.76882591093117,117.43
2020-03-13,Texas,58.0,0.0,57.76882591093117,121.78
2020-03-14,Texas,69.0,0.0,57.76882591093117,107.51
2020-03-15,Texas,80.0,0.0,57.76882591093117,77.1
2020-03-16,Texas,87.0,1.0,61.14372469635627,87.43
2020-03-17,Texas,106.0,1.0,65.31781376518218,80.33
2020-03-18,Texas,166.0,2.0,68.83643724696356,77.37
2020-03-19,Texas,248.0,4.0,69.1085020242915,74.36
2020-03-20,Texas,386.0,5.0,54.27368421052632,75.34
2020-03-21,Texas,547.0,5.0,48.43684210526315,62.05
2020-03-22,Texas,639.0,7.0,57.886234817813765,46.97
2020-03-23,Texas,728.0,7.0,66.19797570850203,62.29
2020-03-24,Texas,857.0,11.0,69.89676113360323,61.89
2020-03-25,Texas,1132.0,13.0,71.14777327935222,55.65
2020-03-26,Texas,1542.0,21.0,74.75101214574899,57.44
2020-03-27,Texas,1971.0,25.0,73.33036437246963,63.41
2020-03-28,Texas,2381.0,30.0,64.5421052631579,53.73
2020-03-29,Texas,2722.0,35.0,60.40121457489879,43.68
2020-03-30,Texas,3065.0,46.0,62.785829959514174,52.45
2020-03-31,Texas,3588.0,57.0,61.29352226720648,57.08
2020-04-01,Texas,4402.0,65.0,63.01781376518218,58.18
2020-04-02,Texas,4952.0,80.0,65.78785425101215,56.06
2020-04-03,Texas,5773.0,98.0,56.046963562753035,60.73
2020-04-04,Texas,6566.0,124.0,49.06558704453442,48.75
2020-04-05,Texas,7117.0,136.0,58.175303643724696,41.7
2020-04-06,Texas,8150.0,159.0,66.7417004048583,54.32
2020-04-07,Texas,8968.0,177.0,73.72024291497976,57.67
2020-04-08,Texas,9897.0,195.0,75.9821862348178,58.92
2020-04-09,Texas,11372.0,228.0,68.96842105263158,59.79
2020-04-10,Texas,12291.0,249.0,62.9421052631579,66.74
2020-04-11,Texas,13208.0,265.0,66.74858299595142,55.72
2020-04-12,Texas,13776.0,288.0,65.49352226720647,40.45
2020-04-13,Texas,14487.0,320.0,48.812955465587045,59.2
2020-04-14,Texas,15303.0,365.0,48.22064777327935,60.87
2020-04-15,Texas,16106.0,395.0,53.20688259109312,66.09
2020-04-16,Texas,16928.0,428.0,61.82145748987854,68.06
2020-04-17,Texas,18131.0,461.0,57.76234817813765,73.25
2020-04-18,Texas,18927.0,487.0,58.312550607287456,66.55
2020-04-19,Texas,19441.0,503.0,68.50607287449392,51.55
2020-04-20,Texas,20035.0,523.0,67.86599190283401,67.93
2020-04-21,Texas,20949.0,552.0,71.19554655870445,67.65
2020-04-22,Texas,21769.0,571.0,72.03927125506073,66.02
2020-04-23,Texas,22706.0,601.0,71.50769230769231,74.07
2020-04-24,Texas,23650.0,625.0,72.47975708502024,83.02
2020-04-25,Texas,24494.0,662.0,66.07854251012145,76.43
2020-04-26,Texas,25209.0,676.0,68.87085020242914,60.99
2020-04-27,Texas,25963.0,699.0,73.36477732793522,71.27
2020-04-28,Texas,26868.0,738.0,77.09271255060729,71.83
2020-04-29,Texas,27839.0,776.0,69.13967611336032,74.8
2020-04-30,Texas,29072.0,828.0,69.73886639676114,80.32
2020-05-01,Texas,30342.0,853.0,75.39554655870445,94.65
2020-05-02,Texas,31433.0,875.0,77.82591093117409,88.41
2020-05-03,Texas,32299.0,890.0,78.51902834008098,70.05
2020-05-04,Texas,33134.0,914.0,80.38502024291498,82.18
2020-05-05,Texas,34286.0,955.0,72.38502024291498,85.1
2020-05-06,Texas,35441.0,985.0,69.85425101214575,86.1
2020-05-07,Texas,36682.0,1016.0,73.48947368421054,88.72
2020-05-08,Texas,37943.0,1059.0,67.94858299595141,102.11
2020-05-09,Texas,38849.0,1086.0,63.39554655870445,99.65
2020-05-10,Texas,40037.0,1110.0,65.80161943319838,72.83
2020-05-11,Texas,40988.0,1137.0,68.23481781376518,79.75
2020-05-12,Texas,42348.0,1169.0,68.42348178137651,86.67
2020-05-13,Texas,43822.0,1205.0,74.5995951417004,93.59
2020-05-14,Texas,45169.0,1256.0,77.5165991902834,98.51
2020-05-15,Texas,46987.0,1300.0,75.18704453441296,110.78
2020-05-16,Texas,47866.0,1330.0,69.12064777327934,98.02
2020-05-17,Texas,48828.0,1356.0,73.74574898785426,86.42
2020-05-18,Texas,49788.0,1362.0,78.11376518218623,100.77
2020-05-19,Texas,51080.0,1405.0,80.35870445344129,104.06
2020-05-20,Texas,52369.0,1443.0,77.47287449392712,106.26
2020-05-21,Texas,53441.0,1480.0,78.30890688259109,111.07
2020-05-22,Texas,54369.0,1498.0,79.89473684210526,131.59
2020-05-23,Texas,55451.0,1522.0,78.68461538461538,122.37
2020-05-24,Texas,56050.0,1533.0,74.9834008097166,90.82
2020-05-25,Texas,56490.0,1536.0,68.25991902834008,88.72
2020-05-26,Texas,57573.0,1552.0,70.32793522267207,106.21
2020-05-27,Texas,59105.0,1598.0,73.62995951417004,109.04
2020-05-28,Texas,60820.0,1618.0,74.01174089068826,114.46
2020-05-29,Texas,62073.0,1645.0,74.95627530364372,135.2
2020-05-30,Texas,63396.0,1676.0,75.2914979757085,130.98
2020-05-31,Texas,64974.0,1683.0,74.45182186234817,96.99
2020-06-01,Texas,66081.0,1695.0,74.6919028340081,108.87
2020-06-02,Texas,67966.0,1732.0,77.63684210526316,112.9
2020-06-03,Texas,69546.0,1766.0,80.29959514170041,114.53
2020-06-04,Texas,71330.0,1793.0,82.0080971659919,121.37
2020-06-05,Texas,73323.0,1821.0,82.85627530364373,141.31
2020-06-06,Texas,75077.0,1840.0,82.80566801619433,138.26
2020-06-07,Texas,75948.0,1846.0,82.98016194331983,105.69
2020-06-08,Texas,77326.0,1856.0,84.9089068825911,115.87
2020-06-09,Texas,79271.0,1886.0,81.00850202429149,117.97
2020-06-10,Texas,81771.0,1916.0,75.74696356275304,120.91
2020-06-11,Texas,83772.0,1942.0,77.77854251012145,126.85
2020-06-12,Texas,86031.0,1965.0,77.87287449392711,146.93
2020-06-13,Texas,88120.0,1989.0,79.06477732793522,142.7
2020-06-14,Texas,89542.0,1995.0,79.22793522267206,110.12
2020-06-15,Texas,91726.0,2018.0,79.8582995951417,110.12
2020-06-16,Texas,95973.0,2057.0,80.69473684210526,110.12
2020-06-17,Texas,99466.0,2099.0,81.1161943319838,110.12
2020-06-18,Texas,102677.0,2137.0,81.66599190283401,110.12
2020-06-19,Texas,107322.0,2168.0,80.41983805668016,110.12
2020-06-20,Texas,111594.0,2186.0,79.25303643724696,110.12
2020-06-21,Texas,114886.0,2195.0,81.8744939271255,110.12
2020-06-22,Texas,119646.0,2213.0,81.37489878542509,110.12
2020-06-23,Texas,124726.0,2246.0,77.5072874493927,110.12
2020-06-24,Texas,131310.0,2292.0,78.16437246963562,110.12
2020-06-25,Texas,136783.0,2321.0,79.54412955465588,110.12
2020-06-26,Texas,142582.0,2362.0,80.21538461538462,110.12
2020-06-27,Texas,148639.0,2398.0,82.31012145748987,110.12
2020-06-28,Texas,152866.0,2408.0,83.02267206477732,110.12
2020-06-29,Texas,158756.0,2430.0,84.66882591093118,110.12
2020-06-30,Texas,166703.0,2482.0,84.98744939271256,110.12
2020-02-15,Virginia,0.0,0.0,43.243181818181824,130.84
2020-02-16,Virginia,0.0,0.0,43.243181818181824,101.01
2020-02-17,Virginia,0.0,0.0,43.243181818181824,109.36
2020-02-18,Virginia,0.0,0.0,43.243181818181824,102.86
2020-02-19,Virginia,0.0,0.0,43.243181818181824,105.61
2020-02-20,Virginia,0.0,0.0,43.243181818181824,106.36
2020-02-21,Virginia,0.0,0.0,43.243181818181824,126.15
2020-02-22,Virginia,0.0,0.0,43.243181818181824,131.42
2020-02-23,Virginia,0.0,0.0,43.243181818181824,99.11
2020-02-24,Virginia,0.0,0.0,43.243181818181824,99.09
2020-02-25,Virginia,0.0,0.0,43.243181818181824,103.79
2020-02-26,Virginia,0.0,0.0,43.243181818181824,108.84
2020-02-27,Virginia,0.0,0.0,43.243181818181824,115.14
2020-02-28,Virginia,0.0,0.0,43.243181818181824,135.77
2020-02-29,Virginia,0.0,0.0,43.243181818181824,134.97
2020-03-01,Virginia,0.0,0.0,43.243181818181824,100.94
2020-03-02,Virginia,0.0,0.0,43.243181818181824,106.73
2020-03-03,Virginia,0.0,0.0,43.243181818181824,113.57
2020-03-04,Virginia,0.0,0.0,43.243181818181824,109.95
2020-03-05,Virginia,0.0,0.0,43.243181818181824,116.03
2020-03-06,Virginia,0.0,0.0,43.243181818181824,135.58
2020-03-07,Virginia,1.0,0.0,43.243181818181824,135.54
2020-03-08,Virginia,2.0,0.0,43.243181818181824,103.09
2020-03-09,Virginia,5.0,0.0,43.243181818181824,108.69
2020-03-10,Virginia,8.0,0.0,43.243181818181824,108.66
2020-03-11,Virginia,10.0,0.0,43.243181818181824,108.13
2020-03-12,Virginia,17.0,0.0,43.243181818181824,107.97
2020-03-13,Virginia,30.0,0.0,43.243181818181824,117.5
2020-03-14,Virginia,42.0,1.0,43.243181818181824,104.25
2020-03-15,Virginia,45.0,1.0,43.243181818181824,74.49
2020-03-16,Virginia,51.0,1.0,45.138636363636365,83.76
2020-03-17,Virginia,67.0,2.0,52.554545454545455,79.58
2020-03-18,Virginia,78.0,2.0,51.02727272727273,74.11
2020-03-19,Virginia,94.0,2.0,63.47651515151515,76.33
2020-03-20,Virginia,115.0,2.0,70.42575757575759,84.0
2020-03-21,Virginia,152.0,3.0,52.16742424242425,67.9
2020-03-22,Virginia,219.0,6.0,46.31515151515152,53.99
2020-03-23,Virginia,254.0,6.0,44.82954545454545,57.04
2020-03-24,Virginia,291.0,7.0,48.72878787878788,61.55
2020-03-25,Virginia,390.0,9.0,46.92727272727272,55.81
2020-03-26,Virginia,603.0,14.0,50.25454545454546,63.69
2020-03-27,Virginia,605.0,14.0,61.768181818181816,71.35
2020-03-28,Virginia,739.0,17.0,63.63560606060606,62.36
2020-03-29,Virginia,889.0,22.0,66.0848484848485,53.75
2020-03-30,Virginia,1020.0,26.0,61.984848484848484,60.36
2020-03-31,Virginia,1249.0,27.0,46.91136363636364,54.65
2020-04-01,Virginia,1511.0,18.0,45.156060606060606,56.15
2020-04-02,Virginia,1706.0,18.0,50.69090909090909,59.3
2020-04-03,Virginia,2011.0,46.0,54.89090909090909,66.45
2020-04-04,Virginia,2408.0,52.0,52.961363636363636,57.98
2020-04-05,Virginia,2636.0,52.0,56.41060606060606,48.06
2020-04-06,Virginia,2877.0,54.0,59.794696969696965,58.59
2020-04-07,Virginia,3332.0,69.0,62.28333333333333,59.29
2020-04-08,Virginia,3644.0,60.0,64.67348484848485,61.48
2020-04-09,Virginia,4041.0,109.0,59.330303030303035,62.74
2020-04-10,Virginia,4509.0,121.0,45.0030303030303,69.25
2020-04-11,Virginia,5076.0,130.0,48.77954545454545,64.76
2020-04-12,Virginia,5273.0,141.0,58.77651515151515,43.2
2020-04-13,Virginia,5746.0,149.0,64.53484848484848,57.33
2020-04-14,Virginia,6173.0,154.0,50.321969696969695,64.55
2020-04-15,Virginia,6502.0,195.0,42.97121212121212,66.79
2020-04-16,Virginia,6891.0,208.0,46.06515151515152,70.41
2020-04-17,Virginia,7492.0,238.0,52.330303030303035,78.43
2020-04-18,Virginia,8053.0,258.0,50.407575757575756,69.63
2020-04-19,Virginia,8536.0,277.0,51.255303030303025,60.11
2020-04-20,Virginia,8989.0,300.0,53.119696969696975,66.53
2020-04-21,Virginia,9629.0,325.0,56.06439393939394,70.09
2020-04-22,Virginia,10265.0,349.0,51.98257575757576,73.69
2020-04-23,Virginia,10999.0,375.0,53.7060606060606,70.87
2020-04-24,Virginia,11595.0,413.0,59.41287878787879,79.93
2020-04-25,Virginia,12365.0,436.0,52.9969696969697,75.45
2020-04-26,Virginia,12969.0,448.0,54.7030303030303,58.89
2020-04-27,Virginia,13534.0,458.0,50.51136363636363,71.04
2020-04-28,Virginia,14340.0,492.0,53.393181818181816,73.58
2020-04-29,Virginia,14963.0,522.0,63.089393939393936,78.42
2020-04-30,Virginia,15848.0,552.0,57.43409090909091,71.89
2020-05-01,Virginia,16903.0,581.0,54.50833333333333,89.86
2020-05-02,Virginia,17733.0,616.0,59.550000000000004,88.63
2020-05-03,Virginia,18673.0,660.0,69.65833333333333,70.25
2020-05-04,Virginia,19494.0,684.0,66.2128787878788,81.24
2020-05-05,Virginia,20258.0,713.0,52.8780303030303,78.2
2020-05-06,Virginia,20258.0,713.0,51.253787878787875,80.58
2020-05-07,Virginia,21570.0,769.0,52.925000000000004,88.42
2020-05-08,Virginia,22342.0,812.0,52.74848484848485,94.99
2020-05-09,Virginia,23196.0,827.0,43.58560606060606,94.37
2020-05-10,Virginia,24081.0,839.0,51.02954545454545,75.93
2020-05-11,Virginia,25070.0,850.0,51.56742424242424,81.92
2020-05-12,Virginia,25800.0,891.0,49.80757575757576,87.91000000000001
2020-05-13,Virginia,26746.0,927.0,53.88106060606061,93.9
2020-05-14,Virginia,27813.0,955.0,62.952272727272735,97.68
2020-05-15,Virginia,28672.0,977.0,71.55984848484849,116.58
2020-05-16,Virginia,29683.0,1002.0,71.78333333333333,111.2
2020-05-17,Virginia,30388.0,1009.0,66.98863636363636,88.11
2020-05-18,Virginia,31140.0,1014.0,62.15984848484849,92.89
2020-05-19,Virginia,32145.0,1041.0,55.967424242424244,96.86
2020-05-20,Virginia,32908.0,1074.0,52.09166666666667,99.7
2020-05-21,Virginia,34137.0,1099.0,57.619696969696975,103.93
2020-05-22,Virginia,34950.0,1136.0,66.66363636363637,121.17
2020-05-23,Virginia,35749.0,1159.0,70.00454545454545,121.52
2020-05-24,Virginia,36244.0,1171.0,64.90075757575757,95.62
2020-05-25,Virginia,37727.0,1208.0,65.66439393939395,97.0
2020-05-26,Virginia,39342.0,1236.0,67.38863636363635,106.45
2020-05-27,Virginia,40249.0,1281.0,68.79166666666667,106.7
2020-05-28,Virginia,41401.0,1338.0,73.3689393939394,108.13
2020-05-29,Virginia,42533.0,1358.0,74.19166666666666,125.85
2020-05-30,Virginia,43611.0,1370.0,71.77348484848486,125.57
2020-05-31,Virginia,44607.0,1375.0,65.23030303030303,104.9
2020-06-01,Virginia,45398.0,1392.0,61.78939393939394,110.74
2020-06-02,Virginia,46239.0,1407.0,68.86060606060606,107.52
2020-06-03,Virginia,46905.0,1428.0,78.95681818181818,113.93
2020-06-04,Virginia,47856.0,1445.0,78.34621212121213,118.85
2020-06-05,Virginia,48532.0,1453.0,74.44242424242424,134.2
2020-06-06,Virginia,49397.0,1460.0,76.87651515151515,139.33
2020-06-07,Virginia,50681.0,1472.0,73.07954545454545,115.39
2020-06-08,Virginia,51251.0,1477.0,71.79545454545455,118.76
2020-06-09,Virginia,51738.0,1496.0,76.96439393939393,121.39
2020-06-10,Virginia,52177.0,1514.0,78.4598484848485,124.28
2020-06-11,Virginia,52647.0,1520.0,75.21439393939393,124.57
2020-06-12,Virginia,53211.0,1534.0,72.63712121212122,151.24
2020-06-13,Virginia,53869.0,1541.0,68.53939393939395,156.83
2020-06-14,Virginia,54506.0,1546.0,65.63409090909092,121.69
2020-06-15,Virginia,54886.0,1552.0,61.69469696969697,121.69
2020-06-16,Virginia,55331.0,1570.0,61.22045454545455,121.69
2020-06-17,Virginia,55775.0,1583.0,63.55984848484848,121.69
2020-06-18,Virginia,56238.0,1586.0,68.77878787878787,121.69
2020-06-19,Virginia,56793.0,1602.0,69.9530303030303,121.69
2020-06-20,Virginia,57443.0,1607.0,70.18333333333334,121.69
2020-06-21,Virginia,57994.0,1611.0,72.84242424242424,121.69
2020-06-22,Virginia,58465.0,1620.0,74.65075757575757,121.69
2020-06-23,Virginia,58994.0,1645.0,75.52499999999999,121.69
2020-06-24,Virginia,59514.0,1661.0,74.48636363636365,121.69
2020-06-25,Virginia,59946.0,1675.0,72.22651515151514,121.69
2020-06-26,Virginia,60570.0,1700.0,74.16969696969697,121.69
2020-06-27,Virginia,61247.0,1724.0,77.35984848484848,121.69
2020-06-28,Virginia,61736.0,1732.0,76.20227272727273,121.69
2020-06-29,Virginia,62189.0,1740.0,77.53181818181818,121.69
2020-06-30,Virginia,62787.0,1763.0,76.53484848484848,121.69
2020-02-15,Washington,1.0,0.0,30.77894736842105,149.8
2020-02-16,Washington,1.0,0.0,30.77894736842105,120.39
2020-02-17,Washington,1.0,0.0,30.77894736842105,137.6
2020-02-18,Washington,1.0,0.0,30.77894736842105,132.34
2020-02-19,Washington,1.0,0.0,30.77894736842105,133.44
2020-02-20,Washington,1.0,0.0,30.77894736842105,139.06
2020-02-21,Washington,1.0,0.0,30.77894736842105,155.94
2020-02-22,Washington,1.0,0.0,30.77894736842105,150.87
2020-02-23,Washington,1.0,0.0,30.77894736842105,111.07
2020-02-24,Washington,5.0,0.0,30.77894736842105,121.32
2020-02-25,Washington,5.0,0.0,30.77894736842105,128.95
2020-02-26,Washington,5.0,0.0,30.77894736842105,134.48
2020-02-27,Washington,5.0,0.0,30.77894736842105,143.39
2020-02-28,Washington,7.0,0.0,30.77894736842105,162.41
2020-02-29,Washington,10.0,1.0,30.77894736842105,156.07
2020-03-01,Washington,17.0,3.0,30.77894736842105,115.07
2020-03-02,Washington,23.0,6.0,30.77894736842105,120.33
2020-03-03,Washington,32.0,10.0,30.77894736842105,122.89
2020-03-04,Washington,47.0,11.0,30.77894736842105,126.57
2020-03-05,Washington,75.0,11.0,30.77894736842105,126.29
2020-03-06,Washington,86.0,12.0,30.77894736842105,141.44
2020-03-07,Washington,110.0,16.0,30.77894736842105,135.05
2020-03-08,Washington,141.0,19.0,30.77894736842105,102.01
2020-03-09,Washington,179.0,22.0,30.77894736842105,113.74
2020-03-10,Washington,279.0,24.0,30.77894736842105,114.54
2020-03-11,Washington,338.0,29.0,30.77894736842105,110.92
2020-03-12,Washington,419.0,32.0,30.77894736842105,108.01
2020-03-13,Washington,511.0,37.0,30.77894736842105,112.89
2020-03-14,Washington,609.0,40.0,30.77894736842105,96.29
2020-03-15,Washington,675.0,42.0,30.77894736842105,78.95
2020-03-16,Washington,794.0,48.0,37.526315789473685,88.99
2020-03-17,Washington,908.0,54.0,38.40526315789474,82.64
2020-03-18,Washington,1026.0,68.0,39.93684210526315,82.19
2020-03-19,Washington,1228.0,75.0,42.01842105263158,83.23
2020-03-20,Washington,1404.0,83.0,44.03947368421053,90.53
2020-03-21,Washington,1655.0,95.0,43.13157894736842,77.79
2020-03-22,Washington,1844.0,97.0,42.96578947368421,59.33
2020-03-23,Washington,2101.0,110.0,40.07368421052632,66.9
2020-03-24,Washington,2469.0,123.0,37.02368421052632,63.8
2020-03-25,Washington,2585.0,130.0,36.14473684210526,60.69
2020-03-26,Washington,3208.0,152.0,37.08684210526316,55.38
2020-03-27,Washington,3770.0,179.0,40.42631578947368,59.48
2020-03-28,Washington,4311.0,193.0,43.752631578947366,52.54
2020-03-29,Washington,4897.0,209.0,43.892105263157895,46.61
2020-03-30,Washington,5180.0,221.0,39.79210526315789,54.66
2020-03-31,Washington,5293.0,226.0,36.497368421052634,57.45
2020-04-01,Washington,5589.0,250.0,35.27894736842105,59.03
2020-04-02,Washington,6586.0,272.0,34.90526315789474,58.62
2020-04-03,Washington,6967.0,293.0,35.04736842105263,65.0
2020-04-04,Washington,7499.0,318.0,37.30789473684211,59.77
2020-04-05,Washington,7985.0,344.0,41.4,49.02
2020-04-06,Washington,8385.0,383.0,43.94736842105263,60.36
2020-04-07,Washington,8683.0,409.0,44.91052631578947,61.89
2020-04-08,Washington,9098.0,430.0,47.85,64.55
2020-04-09,Washington,9609.0,456.0,51.57368421052632,67.36
2020-04-10,Washington,9888.0,483.0,51.13947368421052,74.65
2020-04-11,Washington,10227.0,498.0,44.794736842105266,66.76
2020-04-12,Washington,10414.0,511.0,41.18684210526315,48.67
2020-04-13,Washington,10547.0,525.0,43.87105263157895,64.46
2020-04-14,Washington,10711.0,552.0,48.83684210526316,66.8
2020-04-15,Washington,10806.0,572.0,48.30263157894737,71.61
2020-04-16,Washington,11180.0,588.0,47.83947368421053,74.65
2020-04-17,Washington,11479.0,610.0,50.59473684210526,81.88
2020-04-18,Washington,11850.0,629.0,49.05789473684211,72.46
2020-04-19,Washington,11864.0,637.0,49.04736842105263,63.91
2020-04-20,Washington,12255.0,661.0,50.98684210526316,74.03
2020-04-21,Washington,12410.0,683.0,49.46315789473684,69.96
2020-04-22,Washington,12606.0,696.0,46.857894736842105,69.27
2020-04-23,Washington,12981.0,717.0,48.876315789473686,74.17
2020-04-24,Washington,13197.0,731.0,49.29736842105263,84.21
2020-04-25,Washington,13565.0,743.0,49.949999999999996,78.09
2020-04-26,Washington,13744.0,757.0,49.642105263157895,66.27
2020-04-27,Washington,13958.0,771.0,50.99473684210526,74.49
2020-04-28,Washington,14165.0,792.0,51.31842105263158,76.68
2020-04-29,Washington,14490.0,805.0,56.18684210526315,78.51
2020-04-30,Washington,14814.0,822.0,50.03947368421053,81.99
2020-05-01,Washington,15134.0,829.0,49.31842105263158,95.62
2020-05-02,Washington,15383.0,833.0,50.044736842105266,81.97
2020-05-03,Washington,15943.0,840.0,44.142105263157895,71.28
2020-05-04,Washington,16047.0,846.0,47.82368421052632,83.31
2020-05-05,Washington,16234.0,863.0,55.03947368421053,90.09
2020-05-06,Washington,16873.0,881.0,46.97631578947368,86.58
2020-05-07,Washington,17187.0,903.0,50.257894736842104,95.96
2020-05-08,Washington,17477.0,915.0,57.66052631578947,112.97
2020-05-09,Washington,17629.0,925.0,62.93421052631579,112.29
2020-05-10,Washington,17781.0,939.0,63.78157894736843,86.8
2020-05-11,Washington,18172.0,957.0,57.51052631578948,90.40333333333334
2020-05-12,Washington,18382.0,972.0,52.189473684210526,94.00666666666666
2020-05-13,Washington,18492.0,977.0,50.93157894736842,97.61
2020-05-14,Washington,18861.0,991.0,49.51578947368421,102.02
2020-05-15,Washington,19131.0,1008.0,52.06842105263158,121.62
2020-05-16,Washington,19336.0,1015.0,54.26315789473684,105.43
2020-05-17,Washington,19514.0,1016.0,53.04736842105263,92.13
2020-05-18,Washington,19756.0,1020.0,52.51052631578948,104.04
2020-05-19,Washington,19988.0,1042.0,52.242105263157896,107.61
2020-05-20,Washington,20110.0,1045.0,50.93421052631579,106.31
2020-05-21,Washington,20280.0,1054.0,47.26578947368421,110.8
2020-05-22,Washington,20526.0,1061.0,47.23157894736842,132.47
2020-05-23,Washington,20740.0,1062.0,50.113157894736844,125.12
2020-05-24,Washington,20989.0,1069.0,55.48947368421052,108.53
2020-05-25,Washington,21265.0,1076.0,54.72105263157895,97.39
2020-05-26,Washington,21538.0,1091.0,56.784210526315796,113.51
2020-05-27,Washington,21825.0,1106.0,59.76052631578948,120.65
2020-05-28,Washington,22091.0,1116.0,65.3921052631579,124.03
2020-05-29,Washington,22377.0,1120.0,66.4342105263158,141.58
2020-05-30,Washington,22618.0,1126.0,58.92368421052631,113.68
2020-05-31,Washington,22814.0,1126.0,51.48157894736842,100.64
2020-06-01,Washington,23272.0,1133.0,53.723684210526315,119.0
2020-06-02,Washington,23608.0,1139.0,55.31315789473685,117.34
2020-06-03,Washington,23776.0,1145.0,56.04473684210526,123.85
2020-06-04,Washington,23999.0,1150.0,55.90263157894737,126.09
2020-06-05,Washington,24546.0,1160.0,55.28947368421053,143.02
2020-06-06,Washington,24767.0,1163.0,51.28684210526316,133.72
2020-06-07,Washington,25064.0,1163.0,50.03421052631579,111.06
2020-06-08,Washington,25593.0,1168.0,50.96842105263158,122.95
2020-06-09,Washington,25796.0,1181.0,51.76842105263158,121.66
2020-06-10,Washington,25940.0,1183.0,59.497368421052634,132.32
2020-06-11,Washington,26172.0,1198.0,60.944736842105264,136.25
2020-06-12,Washington,26576.0,1207.0,57.37105263157895,154.43
2020-06-13,Washington,26920.0,1216.0,50.52105263157895,140.31
2020-06-14,Washington,27135.0,1220.0,51.01842105263158,124.08
2020-06-15,Washington,27577.0,1223.0,50.90526315789474,124.08
2020-06-16,Washington,27949.0,1234.0,52.32105263157895,124.08
2020-06-17,Washington,28270.0,1229.0,56.663157894736834,124.08
2020-06-18,Washington,28663.0,1246.0,61.5921052631579,124.08
2020-06-19,Washington,29045.0,1258.0,66.02894736842104,124.08
2020-06-20,Washington,29466.0,1268.0,62.16052631578947,124.08
2020-06-21,Washington,29797.0,1271.0,60.0578947368421,124.08
2020-06-22,Washington,30443.0,1277.0,64.58421052631579,124.08
2020-06-23,Washington,30778.0,1285.0,70.27894736842104,124.08
2020-06-24,Washington,31400.0,1294.0,66.58684210526316,124.08
2020-06-25,Washington,31998.0,1301.0,66.6078947368421,124.08
2020-06-26,Washington,32489.0,1305.0,67.87894736842105,124.08
2020-06-27,Washington,33031.0,1311.0,58.663157894736834,124.08
2020-06-28,Washington,33341.0,1311.0,55.48684210526316,124.08
2020-06-29,Washington,34036.0,1321.0,59.926315789473676,124.08
2020-06-30,Washington,34541.0,1333.0,56.86842105263158,124.08
2020-02-15,Wisconsin,1.0,0.0,28.52638888888889,146.91
2020-02-16,Wisconsin,1.0,0.0,28.52638888888889,111.82
2020-02-17,Wisconsin,1.0,0.0,28.52638888888889,106.53
2020-02-18,Wisconsin,1.0,0.0,28.52638888888889,109.1
2020-02-19,Wisconsin,1.0,0.0,28.52638888888889,106.81
2020-02-20,Wisconsin,1.0,0.0,28.52638888888889,115.76
2020-02-21,Wisconsin,1.0,0.0,28.52638888888889,146.23
2020-02-22,Wisconsin,1.0,0.0,28.52638888888889,153.15
2020-02-23,Wisconsin,1.0,0.0,28.52638888888889,111.9
2020-02-24,Wisconsin,1.0,0.0,28.52638888888889,102.8
2020-02-25,Wisconsin,1.0,0.0,28.52638888888889,104.85
2020-02-26,Wisconsin,1.0,0.0,28.52638888888889,107.92
2020-02-27,Wisconsin,1.0,0.0,28.52638888888889,118.31
2020-02-28,Wisconsin,1.0,0.0,28.52638888888889,148.64
2020-02-29,Wisconsin,1.0,0.0,28.52638888888889,152.93
2020-03-01,Wisconsin,1.0,0.0,28.52638888888889,113.37
2020-03-02,Wisconsin,1.0,0.0,28.52638888888889,105.73
2020-03-03,Wisconsin,1.0,0.0,28.52638888888889,111.76
2020-03-04,Wisconsin,1.0,0.0,28.52638888888889,113.57
2020-03-05,Wisconsin,1.0,0.0,28.52638888888889,120.85
2020-03-06,Wisconsin,1.0,0.0,28.52638888888889,150.68
2020-03-07,Wisconsin,1.0,0.0,28.52638888888889,155.22
2020-03-08,Wisconsin,1.0,0.0,28.52638888888889,113.29
2020-03-09,Wisconsin,2.0,0.0,28.52638888888889,105.36
2020-03-10,Wisconsin,3.0,0.0,28.52638888888889,110.96
2020-03-11,Wisconsin,6.0,0.0,28.52638888888889,111.17
2020-03-12,Wisconsin,8.0,0.0,28.52638888888889,110.23
2020-03-13,Wisconsin,19.0,0.0,28.52638888888889,124.53
2020-03-14,Wisconsin,27.0,0.0,28.52638888888889,108.5
2020-03-15,Wisconsin,33.0,0.0,28.52638888888889,80.69
2020-03-16,Wisconsin,47.0,0.0,32.32361111111111,82.22
2020-03-17,Wisconsin,72.0,0.0,33.74722222222223,79.21
2020-03-18,Wisconsin,106.0,0.0,35.90972222222222,69.77
2020-03-19,Wisconsin,155.0,2.0,37.293055555555554,68.84
2020-03-20,Wisconsin,216.0,3.0,28.061111111111114,77.26
2020-03-21,Wisconsin,281.0,4.0,24.40138888888889,66.99
2020-03-22,Wisconsin,382.0,4.0,30.569444444444443,51.83
2020-03-23,Wisconsin,418.0,5.0,34.731944444444444,63.59
2020-03-24,Wisconsin,481.0,5.0,38.77916666666667,59.85
2020-03-25,Wisconsin,623.0,7.0,41.22777777777778,56.4
2020-03-26,Wisconsin,754.0,10.0,38.888888888888886,57.08
2020-03-27,Wisconsin,930.0,16.0,40.71805555555555,66.86
2020-03-28,Wisconsin,1042.0,17.0,41.400000000000006,53.42
2020-03-29,Wisconsin,1120.0,17.0,39.34722222222222,45.16
2020-03-30,Wisconsin,1269.0,20.0,41.31527777777777,60.49
2020-03-31,Wisconsin,1351.0,25.0,36.09861111111111,60.47
2020-04-01,Wisconsin,1552.0,33.0,40.74583333333333,63.59
2020-04-02,Wisconsin,1730.0,37.0,47.49027777777778,66.84
2020-04-03,Wisconsin,1916.0,50.0,43.270833333333336,73.59
2020-04-04,Wisconsin,2112.0,60.0,34.169444444444444,67.12
2020-04-05,Wisconsin,2267.0,73.0,39.66527777777778,58.35
2020-04-06,Wisconsin,2440.0,83.0,45.78611111111111,64.31
2020-04-07,Wisconsin,2578.0,94.0,52.19444444444444,69.39
2020-04-08,Wisconsin,2756.0,107.0,46.826388888888886,64.73
2020-04-09,Wisconsin,2885.0,116.0,35.62083333333333,67.85
2020-04-10,Wisconsin,3068.0,131.0,36.49861111111111,78.59
2020-04-11,Wisconsin,3213.0,141.0,44.925,70.95
2020-04-12,Wisconsin,3341.0,145.0,37.41111111111111,41.6
2020-04-13,Wisconsin,3428.0,155.0,30.25972222222222,63.05
2020-04-14,Wisconsin,3555.0,172.0,25.53611111111111,67.26
2020-04-15,Wisconsin,3721.0,184.0,25.466666666666665,72.7
2020-04-16,Wisconsin,3875.0,197.0,32.087500000000006,76.15
2020-04-17,Wisconsin,4045.0,205.0,37.07083333333333,85.72
2020-04-18,Wisconsin,4199.0,212.0,46.78333333333333,85.83
2020-04-19,Wisconsin,4346.0,222.0,42.46944444444445,69.48
2020-04-20,Wisconsin,4564.0,231.0,42.423611111111114,77.95
2020-04-21,Wisconsin,4691.0,243.0,35.81527777777777,79.1
2020-04-22,Wisconsin,4915.0,247.0,40.94305555555556,78.76
2020-04-23,Wisconsin,5125.0,257.0,39.86944444444444,81.63
2020-04-24,Wisconsin,5431.0,262.0,44.80972222222223,94.46
2020-04-25,Wisconsin,5762.0,266.0,47.81111111111111,88.72
2020-04-26,Wisconsin,5986.0,274.0,50.30972222222223,78.58
2020-04-27,Wisconsin,6164.0,281.0,50.294444444444444,78.33
2020-04-28,Wisconsin,6389.0,300.0,47.85277777777778,80.57
2020-04-29,Wisconsin,6621.0,308.0,46.71388888888889,80.2
2020-04-30,Wisconsin,6973.0,316.0,50.56944444444444,92.98
2020-05-01,Wisconsin,7439.0,327.0,52.875,111.97
2020-05-02,Wisconsin,7785.0,334.0,61.920833333333334,106.62
2020-05-03,Wisconsin,8089.0,339.0,53.912499999999994,88.96
2020-05-04,Wisconsin,8362.0,340.0,43.84583333333333,90.82
2020-05-05,Wisconsin,8696.0,353.0,44.705555555555556,91.73
2020-05-06,Wisconsin,9052.0,362.0,51.36527777777778,99.34
2020-05-07,Wisconsin,9369.0,374.0,47.43472222222223,104.03
2020-05-08,Wisconsin,9750.0,384.0,35.455555555555556,116.3
2020-05-09,Wisconsin,10099.0,398.0,43.11388888888889,115.01
2020-05-10,Wisconsin,10379.0,400.0,39.266666666666666,76.81
2020-05-11,Wisconsin,10581.0,409.0,41.44166666666667,86.95666666666666
2020-05-12,Wisconsin,10781.0,418.0,43.224999999999994,97.10333333333334
2020-05-13,Wisconsin,11071.0,421.0,49.326388888888886,107.25
2020-05-14,Wisconsin,11449.0,434.0,55.662499999999994,109.07
2020-05-15,Wisconsin,12037.0,445.0,58.19722222222222,141.15
2020-05-16,Wisconsin,12551.0,453.0,55.98888888888889,129.02
2020-05-17,Wisconsin,12754.0,453.0,50.38611111111111,90.09
2020-05-18,Wisconsin,12912.0,459.0,51.68472222222223,108.98
2020-05-19,Wisconsin,13200.0,467.0,55.56111111111111,117.39
2020-05-20,Wisconsin,13779.0,481.0,61.8763888888889,129.77
2020-05-21,Wisconsin,14172.0,487.0,61.34722222222222,137.29
2020-05-22,Wisconsin,14768.0,496.0,61.90555555555555,160.76
2020-05-23,Wisconsin,15196.0,507.0,62.94444444444444,138.19
2020-05-24,Wisconsin,15573.0,510.0,68.01805555555556,130.07
2020-05-25,Wisconsin,15857.0,514.0,71.4,123.31
2020-05-26,Wisconsin,16141.0,517.0,72.59583333333333,135.34
2020-05-27,Wisconsin,16786.0,539.0,72.42916666666666,136.96
2020-05-28,Wisconsin,17476.0,550.0,65.23055555555555,132.88
2020-05-29,Wisconsin,18050.0,569.0,57.45277777777778,167.77
2020-05-30,Wisconsin,18515.0,588.0,55.55972222222223,158.86
2020-05-31,Wisconsin,18684.0,594.0,56.59027777777778,131.54
2020-06-01,Wisconsin,18825.0,597.0,64.81805555555555,135.92
2020-06-02,Wisconsin,19223.0,610.0,74.64027777777778,144.91
2020-06-03,Wisconsin,19896.0,618.0,70.91666666666667,145.9
2020-06-04,Wisconsin,20359.0,627.0,70.09305555555555,155.82
2020-06-05,Wisconsin,20723.0,634.0,69.41805555555555,176.97
2020-06-06,Wisconsin,20997.0,646.0,63.919444444444444,175.65
2020-06-07,Wisconsin,21246.0,648.0,63.830555555555556,145.88
2020-06-08,Wisconsin,21463.0,650.0,74.50694444444444,154.32
2020-06-09,Wisconsin,21738.0,662.0,71.30000000000001,141.16
2020-06-10,Wisconsin,24091.0,679.0,64.3125,145.9
2020-06-11,Wisconsin,24411.0,691.0,63.111111111111114,166.59
2020-06-12,Wisconsin,24733.0,698.0,58.53611111111112,194.9
2020-06-13,Wisconsin,25026.0,700.0,55.70972222222222,185.99
2020-06-14,Wisconsin,25307.0,702.0,58.60972222222222,157.14
2020-06-15,Wisconsin,25530.0,703.0,62.99583333333333,157.14
2020-06-16,Wisconsin,25829.0,710.0,69.61388888888888,157.14
2020-06-17,Wisconsin,26167.0,719.0,71.72638888888889,157.14
2020-06-18,Wisconsin,26611.0,725.0,72.61111111111111,157.14
2020-06-19,Wisconsin,26913.0,736.0,71.44861111111112,157.14
2020-06-20,Wisconsin,27314.0,751.0,66.58888888888889,157.14
2020-06-21,Wisconsin,27598.0,751.0,68.72777777777777,157.14
2020-06-22,Wisconsin,27849.0,751.0,65.05694444444445,157.14
2020-06-23,Wisconsin,28187.0,758.0,62.5,157.14
2020-06-24,Wisconsin,28652.0,769.0,62.78888888888889,157.14
2020-06-25,Wisconsin,29204.0,775.0,67.73888888888888,157.14
2020-06-26,Wisconsin,29718.0,775.0,70.20972222222223,157.14
2020-06-27,Wisconsin,30235.0,786.0,73.17361111111111,157.14
2020-06-28,Wisconsin,30716.0,786.0,73.27916666666667,157.14
2020-06-29,Wisconsin,31103.0,786.0,72.59305555555555,157.14
2020-06-30,Wisconsin,31723.0,793.0,77.15416666666667,157.14
